profile,status,error,target_quant_req,draft_quant_req,target_quant_resolved,draft_quant_resolved,target_dtype,draft_dtype,target_load_s,draft_load_s,base_wall_s,spec_wall_s,mean_speedup_baseline_over_spec,mean_alpha,mean_verify_steps,slower_samples,n_samples,spec_share_draft,spec_share_verify,spec_share_other,net_extra_vs_baseline_s,mean_draft_elapsed_s,mean_verify_elapsed_s,mean_spec_latency_s,mean_baseline_latency_s,mean_timing_remainder_s
fp16_target_fp16_draft,ok,,fp16,fp16,fp16,fp16,torch.float16,torch.float16,2.6036170999868773,0.6447717999981251,3.0256641999876592,3.7289166999980807,0.8498339601859264,0.48202,4.9,9,10,0.6835880022637237,0.29053520899021745,0.025876788746058726,0.7068000000000001,0.25365899999999997,0.10780889999999999,0.37107,0.30039000000000005,0.0
int8_target_fp16_draft,ok,,int8,fp16,int8,fp16,torch.bfloat16,torch.float16,5.493550700019114,0.6277002000133507,18.339505599986296,10.91241039999295,1.726831912903036,0.48980999999999997,4.7,0,10,0.22955576776515743,0.7598499637305223,0.0105942685043202,-7.4286,0.2500023,0.8275298,1.08907,1.8319299999999998,0.0
