sample_idx,baseline_latency_s,spec_latency_s,draft_elapsed_s,verify_elapsed_s,other_elapsed_s,draft_share,verify_share,other_share
1,0.513,0.3028,0.177045,0.093284,0.032471,0.5846928665785998,0.3080713342140026,0.10723579920739762
2,0.2725,0.4314,0.248481,0.169882,0.013036999999999993,0.5759874826147428,0.39379230412610106,0.03022021325915622
3,0.2693,0.371,0.23337,0.128165,0.009465000000000001,0.6290296495956873,0.34545822102425877,0.025512129380053913
4,0.272,0.4792,0.25071,0.212331,0.016159000000000034,0.5231844741235392,0.4430947412353923,0.03372078464106852
5,0.2708,0.3766,0.235907,0.13029,0.010402999999999996,0.6264126394052045,0.34596388741370154,0.02762347318109399
