sample_idx,baseline_latency_s,spec_latency_s,draft_elapsed_s,verify_elapsed_s,other_elapsed_s,draft_share,verify_share,other_share
1,0.3186,0.2838,0.183161,0.090535,0.010104000000000002,0.6453875968992248,0.3190098661028894,0.03560253699788584
2,0.275,0.4251,0.257805,0.15065,0.016644999999999965,0.6064573041637262,0.35438720301105625,0.03915549282521752
3,0.281,0.3867,0.242565,0.130637,0.013497999999999982,0.6272692009309543,0.3378251874838376,0.03490561158520813
4,0.2744,0.4298,0.258471,0.152464,0.01886500000000002,0.6013750581665891,0.3547324336900884,0.043892508143322524
5,0.2756,0.3663,0.243435,0.109841,0.013024000000000008,0.6645782145782145,0.29986622986622985,0.035555555555555576
