sample_idx,baseline_latency_s,spec_latency_s,draft_elapsed_s,verify_elapsed_s,other_elapsed_s,draft_share,verify_share,other_share
1,1.683,0.8667,0.178807,0.678776,0.009117000000000042,0.20630783431406483,0.7831729548863505,0.010519210799584679
2,1.8438,1.6383,0.248432,1.369961,0.01990700000000012,0.15164011475309772,0.836208875053409,0.012151010193493328
3,2.1231,1.1977,0.239356,0.949531,0.00881299999999996,0.19984637221340903,0.7927953577690574,0.007358270017533573
4,1.7184,1.5946,0.238908,1.337176,0.018515999999999977,0.14982315314185377,0.838565157406246,0.011611689451900149
5,1.8361,1.3327,0.237261,1.081956,0.013483000000000134,0.1780303143993397,0.8118526299992496,0.01011705560141077
