sample_id,task,draft,draft_config_label,k,regime,seed,latency_s,ttft_ms,tpot_ms,num_tokens,tokens_per_sec,total_proposed,total_accepted,n_verify_steps,alpha,B_eff,stopped_eos,output_text,gpu_stream_pipeline,gpu_stable_step_shapes,gpu_graph_capture
gsm8k_2,gsm8k,0.6B,0.5B,4,stochastic,42,12.2195,169.23,47.26,256,20.95,535,123,134,0.2299,0.92,False," 

Okay, let's see.>

Okay, let's see. 

Okay, let's think>
Okay, let's think>
Okay, let's think>
Okay, let's think>
Okay, let's think>
Okay, let's see the value of house value of the house's profit > 

Okay, let's think>
Okay, let's think>
Okay, let's try to calculate the value >
Okay, let's think>
Okay, let's think>
Okay, let's try to find the profit>

Okay, let's think>
Okay, let's see the number > 

Okay, let's think through the steps.

Let me think>
Okay, let's think>
Okay, let's try to calculate the profit. 

Okay, let's think through the steps >. 

To determine the profit made 4500>
Okay, let's think through the value of house value >
Okay, let's think > 

Okay, let's think through the process >
Okay, let's think through the process here > 

Let me try to find the profit. 

Okay, let's think through the process > 

Okay, let's think through the steps >

Okay, let's see the profit >

Okay, let's see the problem again",False,True,captured
gsm8k_11,gsm8k,0.6B,0.5B,4,stochastic,42,11.3133,109.16,43.94,256,22.63,497,131,125,0.2636,1.05,False," 

Okay, let's see.>

To calculate the total cost step-by>

To calculate the total cost step-by>
Okay, let's see the total cost in numbers >
To calculate the total cost of the total cost of the total cost of the total cost in numbers >
To calculate the total cost of the total cost in the total cost in the total cost is the total cost in numbers only the total cost is the total cost of the total cost is the total cost of the total cost is the total cost of the total cost is the total cost of the total cost is the total cost of the total cost of the total cost is the total cost of the total cost is the total cost of the total cost.>

To calculate the total cost of the total cost is the total cost.>

To find the total cost by step-by>

To find the total cost, let's calculate the total cost in the total cost in the box >
To find the total cost by step>
Okay, let's see the total cost in numbers only the total cost is $68*>
Okay, let's compute the total cost in the box >
To find the total cost, let's calculate the total cost of don'the total cost in numbers >

To calculate the total cost of the",False,True,captured
gsm8k_15,gsm8k,0.6B,0.5B,4,stochastic,42,10.5935,109.34,41.11,256,24.17,465,140,117,0.3011,1.2,False," Assume that the price of is the item is the items is the same as a jewelry is $5,000 is the same as the item is the item is $5,000 and the value is the same as per item is the same as the item is not purchasing the goods is not purchasing the jewelry is the items is $5,000 is $5,000 is the same as the purchase is the same as the price of the goods is the same as the items is not buying the items is the items is fixed assets is the same as the initial purchase is the same as the original is the same as the price of the item is the same as the items is the item is the same as the jewelry is $5,0 is the same as the price of the item is the same for the item is the same as the item is the same as the item is the same as the jewelry is $5, the item is the jewelry is $5,0 is the same as the price of the items is not buying the jewelry is $5,000 is the same as the purchase is the same as the items is the same as the items is the same as the item is the same as the item is the",False,True,captured
gsm8k_21,gsm8k,0.6B,0.5B,4,stochastic,42,9.7929,108.94,37.98,256,26.14,429,149,108,0.3473,1.38,False," Let's solve this problem step by step, step by step, step by step, step by step, using the information given. 

First, we need to find out how many steps:

Okay, let's try to find the same as a step by step, step by step, step by step, and see if Samantha is  step by step, step by step, step by step, and see if we have to find the problem step by step, step by step, using the information given. 

First, we need to find out how old step by step, and see step by step, step by step, step by step, step by step, step by step, using the information given. First, we need to find the same as the user step by step, breaking it step by step, step by step, using the information given. First, we need to find the same way. First, we need to find out how old step by step, and make sure to be breaking it step by step, and see step by step, and find the current age of Raymond and see step by step. 

First, we need to find out how many years ago. Raymond was born 6 years before we have to be breaking it step by step, step",False,True,captured
gsm8k_22,gsm8k,0.6B,0.5B,4,stochastic,42,12.2448,109.61,47.59,256,20.91,539,121,136,0.2245,0.89,False," 

Let me think>
Okay, let's see. 

Let me think>
Okay, let's think>
Okay, let's think>
Okay, let's think>
Okay, let's think>
Okay, let's see the number >
To determine the number >
Okay, let's think>
Okay, let's think>
Okay, let's see the number of DVDs sold > 
Okay, let's see solution > 

Okay, let's think>
Okay, let's think step-by-step-replace answer here put your answer here >
Okay, let's see the number of DVDs sold by the number >
To determine the total number of DVDs sold >
To determine the total number of DVDs sold > 

Okay, let's 22>
Okay, let's see the number >
To determine the total number of DVDs sold>

To determine the total number of DVDs sold > 

Okay, let's>
Okay, let's see below




Final Answer: <number>
Okay, let's see the number >
To determine the total number of DVDs sold > 

Let me think through the number >
Okay, let's think>
Okay, let's think step by step-by>
Okay, let's think step by step-by>
Okay, let's see the number",False,True,captured
gsm8k_32,gsm8k,0.6B,0.5B,4,stochastic,42,10.4963,108.71,40.74,256,24.39,462,139,117,0.3009,1.19,False," 

Okay, let's see.5>
Okay, let's calculate the number >
Okay, let's see, let's>

Okay, let's calculate the total hours per week >
Okay, let's see the answer here put your answer here put your answer here > 

Okay, let's see the answer here put your answer here > 

Okay, let's see the answer here >
Okay, let's see the number >
Okay, let's see the number of hours per week >

Okay, let's see the answer here >
Okay, let's see below > 

Okay, let's the problem solution > 

Okay, let's see the answer here > 

Okay, let's see. 

Okay, let's

Okay, let's see the answer here >
Okay, let's see the answer here >
Okay, let's see the answer here >.
Okay, let's see the total hours per week >
Okay, let's see below >
Okay, let's see the number >
Okay, let's see the answer here >
Okay, let's final answer here >
Okay, let's see below > 

Okay, let's see.5>
Okay, let's see below >
Okay, let's see the number >
Okay, let's see the number >
",False,True,captured
gsm8k_34,gsm8k,0.6B,0.5B,4,stochastic,42,11.5619,111.17,44.9,256,22.14,509,129,128,0.2534,1.01,False," 

Okay, let's see the number > 

Okay, let's think>
Okay, let's think>
Okay, let's see the number >
Okay, let's think>
Okay, let's try to answer >

Okay, let's see solution here >

Okay, let's see the number >
Okay, let's try to solve this is 26550>
Okay, let's try to find the number >
Okay, let's try to solve this is a number >
Okay, let's try to solve this is a math >
Okay, let's try to find the answer here >

Okay, let's see, let's

Let's number > 

Okay, let's see the number >
Okay, let's try to solve this is a number >

To solve this problem, we need to find out how many jewels does not yet determined by

Okay, let's see the number > 

Okay, let's answer >

To solve this is 2 less than 4650>

Okay, let's try to find the answer here >

To solve step-by-step-replace answer >
Okay, let's try to find the answer here >

To solve this is 465>
Okay, let's try to find the answer here >

Okay,",False,True,captured
gsm8k_35,gsm8k,0.6B,0.5B,4,stochastic,42,12.8777,109.41,50.07,256,19.88,569,113,143,0.1986,0.79,False," 

Okay, let's see.>

Okay, let's see, 5>
Okay, let's see below >
To determine the total points scored 6>
Okay, let's see the total points >
To determine the total points by the total points>
Okay, let's see the total points >
To determine the total points Mike plays ping pong for 4>
Okay, let's see the total points >
To determine the total points Mike scored 56>
Okay, let'score>
Okay, let's see the total points >
To determine the total number >
To determine the total number >
To determine the total number >
To determine the total number of the problem solution > 

Okay, let's see below > 

Let me think>
Okay, let's see the total points > 

To determine the total points Mike's>
Okay, let's see below >
To determine the total number >
To determine the total number >
To solve this step-by- 5
Okay, let's see the total points >
To determine the total number >
To solve this step by the total points > 

To determine the total number >
To solve this problem solution here put your answer here >
To determine the total number >
To solve this problem, let's solve the total points >",False,True,captured
gsm8k_44,gsm8k,0.6B,0.5B,4,stochastic,42,12.3279,114.31,47.9,256,20.77,543,120,137,0.221,0.88,False," 

Okay, let's see.>

Okay, let's think>
Okay, let's think>
Okay, let's see the number >
Okay, let's think>
Okay, let's see the answer here >
Okay, let's think>
Okay, let's think>
Okay, let's see below

Let's profit >

Okay, let's think>
Okay, let's think>
Okay, let's see the number > 

Okay, let's profit calculation >
Okay, let's see below > 

Okay, let's think through the answer > 

Okay, let's see the number >
Okay, let's see the answer here >
Okay, let's see the number >
Okay, let's see the answer here >
Okay, let's see below >
Okay, let's see below > 

Okay, let's see the number >
Okay, let's see the number > 
Okay, let's see below>
Okay, let's see below>
Okay, let's profit>
Okay, let's see the number >
Okay, let's see the number >
Okay, let's profit>
Okay, let's see the number >
Okay, let's see below

To determine the number >
Okay, let's see the answer here >
Okay, let's see the number",False,True,captured
gsm8k_48,gsm8k,0.6B,0.5B,4,stochastic,42,11.0297,109.32,42.82,256,23.21,486,134,122,0.2757,1.1,False," What is the length of the wire in feet of each piece of each piece of each piece of each piece in feet of each piece of wire left overhang?

Wait, the question is the wire that each piece of wire in feet of each piece in feet of each piece?

Wait, the question seems to the wire in feet of each piece? (the question is not used wire that each piece?

Wait, the wire left over wire used wire used wire left over wire that piece of wire left over wire that piece of wire after the wire that piece of wire left over wire? (this wire in feet of each piece?

Wait, the question seems to the nearest inch of each piece of wire?

Wait, the question seems to the nearest inch of the wire not used wire used wire?

Wait, the wire left over wire?

Wait, the question is cut?

Wait, the question seems to the nearest inch of the wire that piece of wire after the wire not used?

Wait, the question seems to the nearest inch?

Wait, the wire left over?

Wait, the question seems to the nearest inch?

Wait, the question is not used wire?

Wait, the question seems to the nearest inch?

Wait, the question seems to the nearest tenth piece of wire left over wire",False,True,captured
gsm8k_49,gsm8k,0.6B,0.5B,4,stochastic,42,11.3386,109.09,44.04,256,22.58,500,132,125,0.264,1.06,False," 

Okay, let's see. Let's

Okay, let's think>
Okay, let's calculate the total number of units>
Okay, let's think>
Okay, let's calculate the total number of units>
Okay, let's think step-by>
Okay, let's calculate the total number of units>
Okay, let's see the number >
Okay, let's calculate step-by-step explanation > 

Okay, let's see the total number of unoccupied units.
Okay, let's see the number >
Okay, let's calculate step-by-step explanation here >
Okay, let's see the number >
Okay, let's see the total number of unoccupied units>
Okay, let's see the number >
Okay, let's see the total number of unoccupied_units>
Okay, let's see below

Let me think>
Okay, let's see the number > 

Okay, let's see the number of unoccupied units>
Okay, let's see below>
Okay, let's see below

Okay, let's> 

Okay, let's
Okay, let's see below

Okay, let's see the total number of unoccupied units > 

Okay, let's>
Okay, let's see the total number of unoccupied_units>
Okay, let's",False,True,captured
gsm8k_55,gsm8k,0.6B,0.5B,4,stochastic,42,12.1369,109.32,47.17,256,21.09,535,122,135,0.228,0.9,False," 

Okay, let's see.>

Okay, let's see, 14>
Okay, let's see the number >. 

Let me think>
Okay, let's see below >

To determine the number of bags Jean can be careful calculation here >
Okay, let's see the number > 

Okay, let's see the number > 

Let me think>
Okay, let's see the thought>
Okay, let's see the thought>
Okay, let's see, let's see the steps here > 

To determine the number of lollipops>
Okay, let's see the number > 

Okay, let's> 

Okay, let's see.>

Okay, let's see below >
Okay, let's see below >

Okay, let's> 

Okay, let's>
Okay, let's see the number > 
Okay, let's see the number of bags>
Okay, let's see below >
Okay, let's see below >
Okay, let's see the number of bags Jean has to be careful calculation here >.
Okay, let's see the number of bags>
Okay, let's see the number of bags Jean has to be a number > 

Okay, let's

Okay, let's see the number of bags Jean has to",False,True,captured
gsm8k_56,gsm8k,0.6B,0.5B,4,stochastic,42,10.3283,109.07,40.08,256,24.79,453,143,114,0.3157,1.25,False," Also, what is the Also, what is the? (The problem asking price of the total cost of each time it is the total cost of the total cost for the total cost for the total cost of  total cost for 20. total cost for the  total cost for  total cost for 42 divided by 3rd cost of each movie ticket and the total cost for  total cost for 5. total cost for 50 total cost for 3rd term for the total cost for 5th total cost for 3 times he can he can go to the movies? (total cost for 2 times he can go to the movies ticket and popcorn cost of the total cost for 42 divided by 7? I don't know what is the total cost for the  total cost for 4 times he can go to the total cost for 10th total cost for 10 total cost for 5 times he can go to the movies and the total cost for 7? Also, what is the total cost for  total cost for 5 times he can go to the total cost for 5. total cost for 7?

Wait, the total cost for the 3. total cost for 42",False,True,captured
gsm8k_57,gsm8k,0.6B,0.5B,4,stochastic,42,12.0436,108.58,46.8,256,21.26,531,124,133,0.2335,0.93,False," 

Okay, let's see.>

Okay, let's>

Okay, let's think>
Okay, let's think>
Okay, let's think>
Okay, let's think>
Okay, let's see below > 

Okay, let's think>
Okay, let's think step-by- 10>
Okay, let's think>
Okay, let's see below

Okay, let's see below > 

Okay, let's think step-by>
Okay, let's see below >

To determine the maximum number of boxes>

Okay, let's think>
Okay, let's see below >
Okay, let's see below >

Okay, let's answer here >

To determine the maximum number of boxes>

Okay, let's see below > 

To determine the maximum number of the number >
Okay, let's see below >
Okay, let's see below > 

Okay, let's number >

To determine the maximum number of the number >
Okay, let's see below >

To determine the maximum number of boxes>
Okay, let's see below >
Okay, let's see below

Let me solve this step by step, 2222>
Okay, let's think>
Okay, let's see below > 

Okay, let's number >

To determine the maximum",False,True,captured
gsm8k_59,gsm8k,0.6B,0.5B,4,stochastic,42,12.3846,109.11,48.14,256,20.67,545,120,137,0.2202,0.88,False," 

To find the total number of raspberries>
To find the total number of the numbers >
To solve the problem step-by> 

Okay, let's see the number >
To find the total number >
To find the total number >
To solve this is 13838670> 

To find the total number >
To solve this is a number >
To solve this step-by- 19779700 + 67 + 67967797728767677>
To find the total number of the clusters and then the total number >
To solve this problem solution > 

Okay, let's> 

Okay, let's see.>

To find the total number of the clusters and then the total number of raspberries>
To solve the number > 

Okay, let's see below >
To find the total number >
To solve this problem solution > 

To find the total number of the total number >
To solve this problem, let's see the total number of raspberries>
To find the total number > 

To find the total number of the total number of the total number > 

Let me calculate the total number of raspberries>
To find the total number >
To solve",False,True,captured
gsm8k_62,gsm8k,0.6B,0.5B,4,stochastic,42,12.8748,108.89,50.06,256,19.88,568,115,142,0.2025,0.81,False," 

Final Answer: < 

Let me

Final Answer>
Okay, let's see.>
Okay, let me think>
Okay, let me think>
Okay, let me think>
Okay, let me think>
Okay, let's see the number >
To determine the value >
To determine the pension amount > 

Okay, let me think>
Okay, let me>
Okay, let's annual pension amount > 
Okay, let me to be 250.>

Okay, let's

Final Answer: <

Okay, let'something>
Okay, let's
Okay, let's value. 2500>

Okay, let'something>
Okay, let's value >
Okay, let's>

Okay, let'something>
Okay, let's 25000>
Okay, let's see solution > 

Final Answer: <

Final Answer>
Okay, let's annual pension amount >
To determine the correct number >
To determine the correct number here >
Okay, let's see the value of the pension is 2500.>

Okay, let's pension amount >
Okay, let's see the number > 

To determine Marcy's annual pension after 30.>

Okay, let's value >
Okay, let's",False,True,captured
gsm8k_66,gsm8k,0.6B,0.5B,4,stochastic,42,11.039,109.45,42.86,256,23.19,483,135,122,0.2795,1.11,False," 

Okay, let's see.>

Okay, let's see below >
Okay, let's think>
Okay, let's see the total number of people >
Okay, let's think>
Okay, let's see below >

To determine the total number of people>
Okay, let's think>
Okay, let's think>
Okay, let's see below >

Okay, let's see below > 

Okay, let's think>
Okay, let's see the total number of people is the number >
Okay, let's think step-by-20>
Okay, let's see below > 

Okay, let's 122220>
Okay, let's see the total number of people, let's solve this step by step >

To determine the total number of people>
Okay, let's see the total number of people > 

Okay, let's see the total number of people is the total number >
Okay, let's see below






To determine the total number of people>
Okay, let's see below > 

Okay, let's



To determine the total number of the total number >
Okay, let's see the total number of people > 

Okay, let's>
Okay, let's see the total",False,True,captured
gsm8k_67,gsm8k,0.6B,0.5B,4,stochastic,42,11.9434,110.19,46.4,256,21.43,525,125,132,0.2381,0.95,False," 

Okay, let's see.>

Okay, let's think>
Okay, let's think>
Okay, let's calculate the number of gems>
Okay, let's calculate the number of gems>
Okay, let's see the number > 

Okay, let's think>
Okay, let's calculate the total number of gems >
To solve step-by> 

Okay, let's see the number >
To solve step by step and then put your answer >
To solve this is the number > 

Okay, let's think>
Okay, let's calculate the total number of gems > 

Okay, let's>

To solve this problem, we need to find the total number of gems >
To solve step by step >

To find the total number of gems > 

Let me solve the number >
To find the total number of the number > 

Okay, let's>
Okay, let's see the number of gems>
Okay, let's calculate the total number of gems >
To find the total number of the number of the number >
To solve step by step >

To find the total number of the number of gems>
Okay, let's see the number of gems>
Okay, let's see the number of gems>
Okay, let's number >
To solve this problem, we need",False,True,captured
gsm8k_68,gsm8k,0.6B,0.5B,4,stochastic,42,10.9397,109.18,42.47,256,23.4,481,136,121,0.2827,1.12,False," 

Okay, let's see the number > 

Okay, let's think>
Okay, let's think>
Okay, let's think>
Okay, let's think>
Okay, let's think>
Okay, let's see solution here >
Okay, let's think>
Okay, let's see the number >
Okay, let's see solution here >
To solve this problem, we need to find the number of teachers > 

To solve the number > 

Okay, let's> 

Okay, let's>
Okay, let's see solution here >
Okay, let's think>
Okay, let's see the number of teachers > 

Okay, let's see the number > 

Okay, let's

Okay, let's see the number of teachers > 

Okay, let's

Okay, let's see solution > 

Let me think>
Okay, let's think>
Okay, let's see solution >
Okay, let's see solution > 

Okay, let's

Okay, let's see the number of teachers >.
Okay, let's think>
Okay, let's think>
Okay, let's see the number of teachers >
Okay, let's see the number of teachers >

Okay, let's see the number of teachers > 

To solve the number >
Okay,",False,True,captured
gsm8k_69,gsm8k,0.6B,0.5B,4,stochastic,42,13.3934,109.58,52.09,256,19.11,591,107,149,0.181,0.72,False," 

Okay, let's see.>

To determine the number >
To determine the initial amount of money > 

Okay, let's see the number >
To determine the initial amount of the amount > 
Let me think through the answer >

To determine the amount > 

Okay, let me think>
Okay, let me think>
Okay, let me think. So, let me think>
Okay, let me think>
Okay, let's see the answer >
To determine the initial amount of money > 

Okay, let me think > 

Okay, let me think. So, let me think through the number >
To determine how much money did not yet to be careful calculation > 

Okay, let's starting amount > 

Okay, let me think step-by> 

Okay, let's see below




To determine how much money did not provide answer > 

Okay, let me think about 20> 

Okay, let'st>
Okay, let's money started with $750> 

To determine the amount > 

Okay, let's starting amount > 

Okay, let's money > 

Okay, let's starting amount > 

Okay, let's start amount >.

Okay, let's starting amount > 

Okay, let'something>
",False,True,captured
gsm8k_73,gsm8k,0.6B,0.5B,4,stochastic,42,13.0124,108.36,50.6,256,19.67,570,112,144,0.1965,0.78,False," 

Final Answer: < 

Okay, let's see. 

Okay, let me solve step-by-the number > 

Final Answer>
Okay, let's see.>

To determine the correct answer here >
To determine the total amount >

To determine the total cost of the total amount > 

Okay, let's see the answer here put your answer here put your answer here >. 

Okay, let's>

To determine the total cost of the correct answer >
To determine how much will be sure to include the answer here >
To determine the total cost of the total amount, including the interest>
Okay, let's see.>

To determine the total cost first calculate the total cost of the answer >
To determine how much will Shiela will be careful calculation here >
To determine the total cost of the correct answer here >

Okay, let's see below > 

Let me think>
Okay, let me.>

To determine the total cost of the total amount.>

To determine the total cost of the correct answer here >
To determine how much will sheila>

To determine the total cost of the total amount > 

Let me solve the correct answer here >
To determine the total cost of the answer >
To solve the problem step by step-by-4655775",False,True,captured
gsm8k_78,gsm8k,0.6B,0.5B,4,stochastic,42,12.7474,108.79,49.56,256,20.08,560,116,140,0.2071,0.83,False," What is the final answer?
Let me think about the total cost?
Okay, let's see. 

Okay, let me?

Okay, let me?
Okay, let me?

Let me figure?

Let me think.

Okay, let me?

Let me think. (just the total cost?
Okay, let me?
Okay, let's see. 

Step 1: ?
Answer: <number?

Okay, let me?

Okay, let's see the difference in dollars?

Okay, let me?

Let me think. So, the better price?

Okay, let's see the total cost for 18?
Let me know?

To be? (in dollars?

Okay, let's number?

Okay, let's number?

To what is the total cost?
Okay, let's see above?

Let me try to find the total cost for each time?

Wait, the question is asking for the difference in dollars?

Okay, let's value?
Let me think. What is the final answer?

Okay, let me know?

Okay, let's value?

Okay, let me know?

Let me think. (This is a. What is the final answer?

Okay, let me know?

Okay, let's value?

To solve this problem?

Okay, let's see",False,True,captured
gsm8k_90,gsm8k,0.6B,0.5B,4,stochastic,42,9.5086,109.15,36.86,256,26.92,416,151,105,0.363,1.44,False,"  Also, what is the Also, what is the Also, what is the total weight of the total weight of the potato salad per capita?

Wait, the question?  total weight of the potato salad per person's total weight of the number of pounds of the total weight of the potato salad's value of the number of pounds of potato salad's total weight of the potato salad per person?

Wait, the total weight of the potato salad in the total weight of the potato salad per person?

Wait, the total weight of the potato salad's total weight of the potato salad per person?

Answer: <number of the total weight of the potato salad per person?

Wait, the total weight of the potato salad's total weight of the potato salad per person?

Okay, let meaus?

Wait, I donut of the number of pounds of potato salad's total weight of the total weight of the potato salad's total weight of the potato salad's total weight of the potato salad per person?

Let me check digit in the question?  total weight of the potato salad's total weight of the total weight of the potato salad per person?

Wait, the question seems like a) total weight of the potato salad's total weight of the potato salad per person?

Wait, that he",False,True,captured
gsm8k_97,gsm8k,0.6B,0.5B,4,stochastic,42,11.7059,109.07,45.48,256,21.87,517,127,130,0.2456,0.98,False," 

Okay, let's see the number >
Okay, let's think>
Okay, let's think>
Okay, let's think>
Okay, let's think>
Okay, let's think>
Okay, let's see the number >
Okay, let's think>
Okay, let's see the number >
Okay, let's see the number >
Okay, let's see the number >
Okay, let's answer>
Okay, let's think step-by-step reasoning steps here >
Okay, let's think>
Okay, let's think step-by>
Okay, let's see the number of tomatoes used is 6>
Okay, let's see the number >
Okay, let's see the number of tomatoes used >

To determine the number of tomatoes Freda>
Okay, let's see the number >
Okay, let's see below >
Okay, let's see the number of tomatoes used 48>
Okay, let's see below
Okay, let's see below > 

Okay, let's think step-by>
Okay, let's see the number of tomatoes used >
Okay, let's see the number of tomatoes used 6>
Okay, let's see the number of tomatoes used > 

Okay, let's see the number >
Okay, let's see below
Okay,",False,True,captured
gsm8k_100,gsm8k,0.6B,0.5B,4,stochastic,42,12.0918,108.55,46.99,256,21.17,530,123,134,0.2321,0.92,False," 

Okay, let's see the number >

Okay, let's>
Okay, let's see below >
Okay, let's see the steps here put your answer here put your answer here > 

Let me think through the number >

Okay, let's see the number >
Okay, let's see below
Okay, let's try to find the answer here put final answer here > 

Okay, let's calculate the total number of doorbell rings>
Okay, let's think>
Okay, let's think>
Okay, let's try to calculate it's>
Okay, let's think>
Okay, let's try to figure out of the number >

Okay, let's see the number >

To solve the number >

Okay, let's see below

Let's>

Okay, let's try to solve step by step >

Okay, let's see, let's calculate the number of doorbell rings>
Okay, let's try to solve the total number of doorbell_rings>
Okay, let's try to figure out the number of doorbell rings>
Okay, let's try to calculate step-by> 

Okay, let's answer here put your answer here >

Okay, let's try to find the total number of doorbell rings >

To solve the number >

To solve the",False,True,captured
gsm8k_107,gsm8k,0.6B,0.5B,4,stochastic,42,10.7392,108.76,41.69,256,23.84,470,138,118,0.2936,1.17,False," 

Okay, let's see.>

Okay, let's think>
Okay, let's think>
Okay, let's think>
Okay, let's see below >
Okay, let's think>
Okay, let's try to find the number >
Okay, let's think>
Okay, let's try to find the answer here >
Okay, let's think>
Okay, let's try to find the answer here >
Okay, let's see the number > 
Okay, let's try to figure out the number >
Okay, let's try to solve this step by step >

To determine the number of 30>
Okay, let's see the number >
Okay, let's try to figure out the total number >
Okay, let's try to find the answer >
Okay, let's try to solve this step by step, 2>
Okay, let's try to find the answer here >

To determine the number of 30. 

Okay, let's see the number >
Okay, let's try to find the answer here >

To determine the total number of 3>
Okay, let's try to find the answer >
To determine the answer >
To determine how many 30-minute episodes> 

Okay, let's

Okay, let's try to figure",False,True,captured
gsm8k_112,gsm8k,0.6B,0.5B,4,stochastic,42,11.3424,108.66,44.05,256,22.57,499,132,125,0.2645,1.06,False," 

Okay, let's see the number > 

Okay, let's think>
Okay, let's think>
Okay, let's think>
Okay, let's think>
Okay, let's think>
Okay, let's see the number >
Okay, let's think>
Okay, let's think>
Okay, let's> 

Okay, let's see the number > 

Okay, let's>
Okay, let's see the number >
To determine the number of cleanings >

To determine the number of cleanings>
Okay, let's see the number > 

Okay, let's

Okay, let's see the number of the number > 

Okay, let's

To determine the number of lessons per day > 

To determine how many times>
Okay, let's see the number of cleanings >. 

Final Answer>
Okay, let's see the number of cleanings per day.
Okay, let's see the number of cleanings per day.>

Okay, let's see the number >. 

Final Answer>
Okay, let's see the number of cleanings per day.
Okay, let's see the number of cleanings>
Okay, let's see the number of cleanings per day.
Let's>

Okay, let's see the number of clean",False,True,captured
gsm8k_113,gsm8k,0.6B,0.5B,4,stochastic,42,12.0009,110.32,46.63,256,21.33,530,123,133,0.2321,0.92,False," Also, what is the? (2nd of the total number of flowers that is the total number of flowers that is 5th fraction of the flowers per day growth rate of the numbers of the total number of flowers that the average number of flowers that is the total number of the number of flowers that Ryan's value of the total number of flowers he has planted seeds he planted?

Wait, the total number of flowers if he plants 3rd of 14thir average number of flowers that Ryan's total number of flowers that Ryan's age of the baby's 15?

Wait, I think I need for the total number of flowers that he planted seeds he used number of flowers that he has 20 total number of flowers that is the total number of flowers that he has if he has the total number of flowers that Ryan's probability that Ryan's age of the person's number of flowers that 10 total number of flowers that Ryan's age of the flower count of the number of flowers that Ryan's total number of flowers that Ryan's total number of flowers if he plants that he is the area of a) total number of flowers if 2nd of the problem asking for the total number of flowers he total number of flowers that Ryan's total",False,True,captured
gsm8k_121,gsm8k,0.6B,0.5B,4,stochastic,42,11.7565,109.11,45.68,256,21.78,518,126,131,0.2432,0.96,False," 

Okay, let's see.>

Okay, let's think>
Okay, let's think>
Okay, let's think>
Okay, let's think>
Okay, let's think>
Okay, let's see the total number > 
Okay, let's think>
Okay, let's see the total number >
Okay, let's think>
Okay, let's see the total number of fruits they have a number >
Okay, let's see the total number of fruits >
Okay, let's see the total number >
Okay, let's think>
Okay, let's see below >

Okay, let's see the total number of fruits >

To solve this problem, we need to find the total number of fruits >

Okay, let's think>
Okay, let's see below >

Okay, let's see the total number of fruits >
Okay, let's see below >

Okay, let's>

To solve step-by> 

Okay, let's see below >

Okay, let's>
Okay, let's see the total number > 

Okay, let's> 

Okay, let's>

To solve step by step >

To solve this is this is 493783>
Okay, let's see the total number of fruits >
Okay, let'something>
Okay",False,True,captured
gsm8k_125,gsm8k,0.6B,0.5B,4,stochastic,42,8.7786,109.1,34.0,256,29.16,382,161,96,0.4215,1.68,False," Let's solve this problem step by step, step by step, step by step, step by step, using the information given. 

Okay, let's see. 

Okay, let's go step by step, step by step, step by step, step by step, step by step, step by step, step by step, using a step by step, step by step, using the information given. 

Okay, let's go step by step, step by step, step by step, using the information given. 

Okay, let's break it step by step, step by step, step by step, step by step, using a step at your step by step, step by step, using the information given. 

Okay, let's see if the problem step by step, step by step, using the information given.

Okay, let's break it step by step, step by step, using a step at your own step by step, using a step at your own pace.

Okay, let's break it down step by step, step by step, using a step at a step by step, step by step, step by step, using a step at a step at the problem step by step, step by step, step by step, using the information",False,True,captured
gsm8k_126,gsm8k,0.6B,0.5B,4,stochastic,42,10.7883,109.49,41.88,256,23.73,473,138,119,0.2918,1.16,False," 

Okay, let's see.>

Okay, let's'920>

To determine the total number of saus> 

Okay, let's see below
Okay, let's see the total number of sausages>
Okay, let's think>
Okay, let's see below >
To determine the total number of sausages
Okay, let's think>
Okay, let's think>
Okay, let's see the total number of sausages>
Okay, let's think>
Okay, let's see the total number of sausages>
Okay, let's see the total number of saus>
Okay, let's see the total number of saus>
Okay, let's see the total number of saus>
Okay, let's see the total number of sausages>
Okay, let's see the total number of saus>
Okay, let's see below >
To determine the total number of the total number of saus>
Okay, let's see below >
Okay, let'solution>
Okay, let's see the number >
To determine the total number of sausages>
Okay, let's see below
Okay, let's see the number >
To determine the total number of the total number of sausages>
Okay",False,True,captured
gsm8k_132,gsm8k,0.6B,0.5B,4,stochastic,42,13.1571,109.2,51.17,256,19.46,580,112,145,0.1931,0.77,False," 

Okay, let's see.>

Okay, let's think>
Okay, let's think>
Okay, let's see the total tickets>
Okay, let's see the total tickets used tickets>
Okay, let's think>
Okay, let's think>
Okay, let's see the total tickets used by both of the total tickets>
Okay, let's see the total tickets used by both of them used tickets>
Okay, let's see the total number >
To determine the total number of rides >
To determine the total number > 

Okay, let's see the total tickets>
Okay, let's think>
Okay, let's think>
Okay, let's see the total tickets>
Okay, let's think step-by> 

Okay, let's think>
Okay, let's see the total number > 

To determine the total number >
To determine the total number of the total tickets used >
To determine the total number >
To determine the total number >
To determine the total number > 

To determine the total number of the total number > 

To determine the total number > 

Let me think>
Okay, let's see the total number of tickets>
Okay, let's see the total tickets>
Okay, let's see the total number of tickets>
Okay, let's",False,True,captured
gsm8k_134,gsm8k,0.6B,0.5B,4,stochastic,42,13.304,108.79,51.75,256,19.24,587,110,147,0.1874,0.75,False," 

Okay, let's see.>

To determine the calculation steps go through the answer here put your answer here >
To calculate the total cost per year.>

To calculate the total cost for the calculation here put the total amount in a number >
To calculate the total cost for 60>
Okay, let's see.>
Okay, let's see the calculation steps >. 

To determine the total cost for a number >
To determine the total cost for the question number >
To determine the total cost for the number >
To determine the total cost for a number >
To determine the total cost for the calculation is 4 car washes> 

Okay, let's see the total amount in a year, let's see the total cost > 

Okay, let's see below > 

To determine the total cost for the year >.>

To calculate the total amount in a year, Tom gets 4 car washes per year. So, 484840>
Okay, let's see.>

To determine the total cost for the first calculate the calculation here >
To determine the total cost for the question, 600>
Okay, let's see the total cost for a number >
To determine the total cost for the calculation steps here > 

",False,True,captured
gsm8k_143,gsm8k,0.6B,0.5B,4,stochastic,42,14.082,109.21,54.8,256,18.18,623,100,156,0.1605,0.64,False,"  total cost?

Let me check amount?
Answer?

Okay, let's see if the total cost?

Okay, let me amount?

Okay, let me?

Let me check amount?

Okay, let me?

Okay, let me?

Okay, let's total cost of the total cost of the total cost?

Wait, the question?

Okay, let me check amount?
Answer?

Okay, let's total cost?

Wait, I mean of the total cost?

Okay, let's total cost?

Okay, let me check amount?

Let me think. amount?
Answer?
Answer?
Answer?

Let me try to pay?

Okay, let me total cost?
Answer?

Okay, let's total cost?

Okay, let me check amount he paid amount that John paid?

Okay, let me?

Okay, let me check my mistake in total cost?

Okay, let me check amount?

To be?
Answer: total?

Okay, let me check that John paid?

Let me check amount?

Let me check the total cost?

Okay, let me see the total cost?

Wait, the question?  total cost?

Okay, let me see the total cost?

Okay, let me think. total cost?

Okay, let me check.

Okay, let me think...?

Okay, let",False,True,captured
gsm8k_153,gsm8k,0.6B,0.5B,4,stochastic,42,11.6326,108.97,45.19,256,22.01,511,129,128,0.2524,1.01,False," Please write the answer as \boxed{}.

Okay, let's try to show.

Let me try to think
Okay, let me, and put in the number, \boxed{}.

Let me try to do not a number.

Okay, let's try to find the number in the format: \boxed{}.

Let me.

Okay, let's try to solve it is, for example: \boxed{}.

To solve this problem, we did the number.

Okay, let's try to think
Answer: <number>.

Let me try to figure.

Let me try to be careful with a number.

Let me try to solve the number.

Let me try.

Okay, let's try to be careful with a number in the format: \boxed{}.

Let me try to figure: \boxed{}.

Let me try to figure.

Let me try to find the number of the number.

Let me try to show your final answer: \boxed{}.

Let me try to figure out of the form: \boxed{}.

Let me try to figure.

Let me try to explain in the number.

Let me try to be careful with a box.

To solve this problem, we do not a sentence with a number, for example: \boxed{}.

Let me",False,True,captured
gsm8k_160,gsm8k,0.6B,0.5B,4,stochastic,42,13.3991,109.37,52.12,256,19.11,593,108,149,0.1821,0.72,False," 

Let me solve this step-by>
Okay, let's see. 

Okay, let's> 

Let me solve the depth on Wednesday. 

To solve this step-by>
Okay, let's see the number >.>

To solve the number > 

Okay, let's think>
Okay, let's think>
Okay, let's see the number > 

To solve this is the answer >
To solve this problem answer >
To determine the depth on Wednesday > 

Let me try to find the answer here > 

To solve this problem solution here >.>

To determine the depth on Wednesday step-by-step explanation > 

Okay, let's>

Okay, let's see the correct answer >
To solve this problem, 1274852>
Okay, let's water depth on Wednesday is 147>
Okay, let's see the steps here >.
Let me solve this step by step, let's think>
Okay, let's think>
Okay, let's see the number > 

Let me try to find the answer here >

To solve this problem solution here >
To solve the number >.
Okay, let's see the number >.
Final Answer>
Okay, let's see the steps above the answer here >
To determine the depth of the",False,True,captured
gsm8k_172,gsm8k,0.6B,0.5B,4,stochastic,42,11.7871,108.83,45.8,256,21.72,520,127,130,0.2442,0.98,False," 

Final Answer: < 

Okay, let's try to be sure > 

Final Answer>
Okay, let's try to find the answer > 

Okay, let's try to figure out the ages of the four birds > 

Let me solve this is the total age of the four birds are the total age of the four birds age of Sally Two + + 10>
Okay, let's think>
Okay, let's see the total age of the four birds. 

Okay, let's age of the total age of the four birds is the total age of Sally Two's age is the total age of the four birds age of Sally Two + + 24448>
Okay, let's age of Sally Two + > 

Okay, let's try to figure out the total age of the four birds is the total age of the four birds>

Okay, let's try to figure out the answer here >
Okay, let's try to solve this is 18>
Okay, let's think>
Okay, let's see below

Okay, let's try to solve this step by the total age of the four birds age of Sally Two times > 

Okay, let's age is 324>
Okay, let's try to solve this step",False,True,captured
gsm8k_176,gsm8k,0.6B,0.5B,4,stochastic,42,11.0525,108.54,42.92,256,23.16,485,134,122,0.2763,1.1,False," The answer is 3 The answer is 3. But wait, that is wrong. Let me think carefully explain the answer is wrong. The answer is  The answer is  The answer is 3. Which is the answer is correct? Let me think. (this is the answer is correct? Wait, that is not  The answer is 3 The answer is 3 The answer is 3. (this is a. The answer is  The answer is 3. Which is it is not  The answer is 3. Which is the correct answer? Wait, but I need to find the answer in the box.

Let me think. The answer is  The answer is 3 The answer is 3

Wait, that is wrong. The answer is 3. Which is the correct? Let me check the answer is correct? Let me check the answer is  The answer is 3. The answer is 3. Which is it?

Wait, but I need to show your answer is  The answer is 3 The answer is 3 The answer is 3. (but why?

Wait, but I need to check the steps:  The answer is 3. Which is the correct answer is incorrect. Let me explain the",False,True,captured
gsm8k_177,gsm8k,0.6B,0.5B,4,stochastic,42,13.2042,108.86,51.35,256,19.39,582,110,146,0.189,0.75,False," 

Okay, let's see the number >

Okay, let's think>
Okay, let's see below >
Okay, let's think>
Okay, let's see below >
Okay, let's see the answer >

To determine the number >

Okay, let's think>
Okay, let's think>
Okay, let's see below >
To determine the remaining amount >
To determine the remaining amount after each step of the answer >

Okay, let's think>
Okay, let's see below >
Okay, let's think>
Okay, let's see the answer here >
Okay, let's see the answer here >

To determine the amount > 

Okay, let's>
Okay, let's think step-by> 

To determine the amount > 

Let me solve the answer >
To determine the amount spent on rent is the answer >

Okay, let's see below




Let me solve step-by>
Okay, let's see the correct answer >
Okay, let's see the answer >

Okay, let's see the step-by-step calculation > 

Okay, let's see below > 

Okay, let's final answer >
Okay, let's see the answer below



To determine how much money will be careful calculation here >
Okay, let's see the steps",False,True,captured
gsm8k_179,gsm8k,0.6B,0.5B,4,stochastic,42,9.755,108.73,37.83,256,26.24,426,149,108,0.3498,1.38,False," Let's solve this problem step by step: 

First, we need to find the step by breaking it down step by step. 

First, we need to find the total amount earned in steps. 

Step 1: Determine how much he earned each step by step. First, step by breaking it step by step. First, step by breaking it down step by step, step by step: 

Step 1: 

Step 1: Determine how much he earned each step by step. First, step by step by breaking it down step by step by step: 

First, we need to find the total amount earned in steps. First, we need to find the problem step by step: 

First, we need to find the total amount earned in the first week and see how much did step by step: 

First, we need to find the total earnings for each step by breaking it down step by step by step. First, we need to find the total earnings for each week by breaking it down into steps. 

First, we need to find the total earnings =  step by step: 

First, we need to find the total earnings = 1. 

First, we need to find the total amount earned in the first week and see if it",False,True,captured
gsm8k_185,gsm8k,0.6B,0.5B,4,stochastic,42,12.2017,108.83,47.42,256,20.98,537,122,135,0.2272,0.9,False," 

Okay, let's see.>

To solve this problem, we need to find the total apples >
To solve the total apples>
Okay, let's see the total apples >
To solve the problem step by step-by>
Okay, let's see the total apples picked apples>
Okay, let's see solution here put your answer here put your answer here > 

Okay, let's see the total apples >
To solve the problem step by step-by> 

Okay, let's see the total apples >
To solve this is 40>
Okay, let's see the number >
To solve this problem solution here put the number >
To solve this problem, let's solve the number >
To solve this problem, we need to find the total apples >
To solve the number >
To solve the problem step by step-by>
Okay, let's see the steps go here put your answer here > 

Okay, let's>
Okay, let's see the solution here >
To solve this problem, we need to find the total apples > 

To solve this problem, we need to find the total number of apples they both picked apples>
Okay, let's see the total apples >
To solve this problem, we need to find the total apples >
To solve this problem, we need",False,True,captured
gsm8k_187,gsm8k,0.6B,0.5B,4,stochastic,42,13.252,110.41,51.54,256,19.32,583,109,147,0.187,0.74,False," 

Final Answer: < 

Okay, let's see. 

Okay, let me think about 111121112121121212>
Okay, let me to be careful calculation here put the amount > 

Okay, let me think>
Okay, let me > 

Okay, let's see the amount > 

Okay, let me think>
Okay, let me think>
Okay, let me the amount Mandy should be careful solution > 

Okay, let me the total amount > 

Okay, let's>
Okay, let me think step-by> 

Okay, let's see the amount >. 

Final Answer>
Okay, let me think this is 1121212>
Okay, let's

To determine the amount Mandy should pay 11212>
Okay, let's see the amount > 

Okay, let's






To determine the total amount > 

Final Answer>
Okay, let's

To determine the total amount Mandy should give the amount > 

Okay, let's

Okay, let's 112.>

To determine the total amount Mandy needs to be careful solution >. 

Final Answer: < < <",False,True,captured
gsm8k_188,gsm8k,0.6B,0.5B,4,stochastic,42,11.2808,109.16,43.81,256,22.69,497,132,125,0.2656,1.06,False," 

Okay, let's try to be careful with the number >
Okay, let me think>
Okay, let me think>
Okay, let me

Let me think>
Okay, let me think>
Okay, let's try to find the number of bags sold bags>
Okay, let me think>
Okay, let me > 

Okay, let's try to find the number of bags sold bags>

To determine the number of bags >
To determine the number of bags sold bags>

To determine the number of bags sold bags>
Okay, let me

Okay, let's try to find the number of bags sold bags>
Okay, let's try to find the answer here >

To determine the number of bags sold bags > 

To determine the number of bags sold bags>

To determine the number of bags>
Okay, let's>

To determine the number of bags sold bags>
Okay, let's try to find the number of bags sold bags>
Okay, let's try to solve the number >

To determine the number of bags sold bags>
Okay, let's> 

To determine the number of bags>
Okay, let's try to find the answer here >
Okay, let's>

Okay, let's try to find the number >
To determine the number of bags sold bags",False,True,captured
gsm8k_190,gsm8k,0.6B,0.5B,4,stochastic,42,11.6247,109.5,45.16,256,22.02,510,128,129,0.251,0.99,False," 

Okay, let's see.>

Okay, let's see. 18450>

Okay, let's see the number > 

Okay, let's think>
Okay, let's see, let's see the number > 

Okay, let's see the number >
Okay, let's see below >
Okay, let's see the solution > 
Okay, let's see the number > 

Okay, let's> 

Okay, let's>
Okay, let's see the number of the number >
Okay, let's see the number of peaches John collects peaches>
Okay, let's think>
Okay, let's see, let's see the number > 

Let me think>
Okay, let's see the answer here put your answer here put answer > 
Okay, let's see below > 

Okay, let's think through the number >
Okay, let's see the number of peaches John collects peaches>
Okay, let's see below
Okay, let's see below

Okay, let's> 

Okay, let's
Okay, let's see the number >
Okay, let's see the solution > 

Okay, let's>
Okay, let's see the number > 

Let me think through the steps.>

Okay,",False,True,captured
gsm8k_192,gsm8k,0.6B,0.5B,4,stochastic,42,12.3924,108.88,48.17,256,20.66,544,120,137,0.2206,0.88,False,"  What is the



Okay, let's see.  What is the



Okay, let's see the answer: 

Okay, let me, What is the  What is the




Okay, let me

Okay, let me: 

Okay, let me: 

Okay, let's answer?

Okay, let's see the answer is it's answer:
Okay, let's see the answer: 

Okay, let's answer: 

Okay, let's see the answer: 

Okay, let's see the question again: Tom plants 10 trees. 

Okay, let me know that is it's answer:
Okay, let's answer in the answer: 

Okay, let's answer?

Okay, let's answer: 

Okay, let's answer is it's answer?

Okay, let's answer is it  What is the



Okay, let's answer is  What is the

Okay, let's

Okay, let's answer is it 5

Okay, let's see,  What is the

Okay, let's answer.

Okay, let's see the answer: 

Okay, let's

Okay, let's see, the question is: 

Okay,",False,True,captured
gsm8k_202,gsm8k,0.6B,0.5B,4,stochastic,42,13.724,109.95,53.39,256,18.65,602,106,151,0.1761,0.7,False," 

Okay, let's see.>

Okay, let's see, let's see solution here > 

Okay, let's see the number > 

To determine the answer here put your answer here >
To determine the total barrels of wine per year.

Okay, let's see the answer here >
To determine the total barrels of wine > 
Okay, let's see solution here >
To determine the total barrels of wine > 

To determine the total barrels >
To determine how many barrels of wine does the number > 

Let me think>
Okay, let's see the number > 

Okay, let's see the number > 

Okay, let's see the number > 

Let me solve this step by step and then the answer here >
To determine the total number > 

Okay, let's see the calculation here >
To determine how many barrels of wine does not yet to be careful calculation here >
To determine how many barrels of wine does not yet calculated number > 

Okay, let's farm produces 10 acres * 10>
Okay, let's see the calculation steps here >.
To determine how many barrels of wine does not yet determined by the way to be careful with the correct answer here >
To determine how many barrels of wine does not sure to write the answer",False,True,captured
gsm8k_207,gsm8k,0.6B,0.5B,4,stochastic,42,12.2854,110.15,47.75,256,20.84,544,120,136,0.2206,0.88,False," 

Okay, let's see. Let's weight in grams > 

Okay, let's think>
Okay, let's see the number >
Okay, let's think>
Okay, let's see below >

Okay, let's think>
Okay, let's think>
Okay, let's see below >
Okay, let's see below > 
Okay, let's see the total weight in grams. 

To determine the total weight of the number > 

Okay, let's think>
Okay, let's see below >

Okay, let's>
Okay, let's see the total weight in grams > 

Okay, let's see the number >
Okay, let's see the number >
Okay, let's see the total weight of the bag of candy weight in grams >
Okay, let's see below >
Okay, let's see the answer in grams>
Okay, let's see the number > 

Okay, let's see below >
Okay, let's see below >
Okay, let's bag of candy weighs 4620>
Okay, let's see below
Okay, let's see the total weight in grams, let's think>
Okay, let's see the total weight in grams> 

Okay, let's weight of the problem solution > 

Okay, let's",False,True,captured
gsm8k_212,gsm8k,0.6B,0.5B,4,stochastic,42,13.5648,109.28,52.77,256,18.87,596,108,149,0.1812,0.72,False," (Remember to include the) the start and the unit for the park's starting point when you have to walk around the entire perimeter of the park in your answer in your answer in your answer in your answer.) 

Wait, that the park'st the unit for the answer in your answer in the 1) (Remember to include the beginning and end of the park'st the park's entrance fee... wait time for the park.)? Maybe it's a.)... wait time for the entire perimeter of the park in your answer in your answer in the full perimeter of the park.) Please include the correct units for the answer.)

Okay, let's see the unit of the park'st the park's) the units for the answer, but it's a rectangle, but don't forgetfully) 1/ the unit of time for the park's start and end point of the park each time you need to go back and the correct units in your answer in your answer in your answer is the perimeter of the park in your answer in the return to the starting point in your answer.)

Okay, let mea. perimeter of the park in your answer is the correct units in your answer.)

Okay, let mea) the unit of the return to the starting point",False,True,captured
gsm8k_214,gsm8k,0.6B,0.5B,4,stochastic,42,11.3458,108.88,44.07,256,22.56,500,131,125,0.262,1.05,False," 

Okay, let's try to be sure, 12480> 

Okay, let'small pool now let's think>
Okay, let's answer >

Okay, let's think>
Okay, let's try to find the number >
Okay, let's try to think>
Okay, let's try to find the answer >
Okay, let's try to solve step-by-10>
Okay, let's answer >

To solve this problem, we need to find the answer > 

Okay, let's try to find the answer here > 

Okay, let's try to find the answer here > 

Okay, let's try to be sure to be sure. Let's solve step by step and then your answer here > 

Okay, let's try to be sure to be filled in number >
Okay, let's try to think>
Okay, let's try to find the answer here > 

Okay, let's try to find the answer here > 

Let me try to solve the number > 

Okay, let's try to find the answer step-by> 

Okay, let's

Let me try to figure out of the number >
Okay, let's try to find the answer by the number >
Okay, let's try to find the answer step",False,True,captured
gsm8k_220,gsm8k,0.6B,0.5B,4,stochastic,42,11.1129,109.04,43.15,256,23.04,488,134,122,0.2746,1.1,False," 

Okay, let's see.>

To determine the number >
To determine the total time spent playing these games > 

Okay, let's see the total time in minutes>
Okay, let's see the number > 

Okay, let's calculate the total time in minutes>
Okay, let's calculate the total time spent on the weekend > 

Okay, let's calculate the total time spent in minutes>
Okay, let's see the total time spent playing these games. 

To determine the total time spent on the weekend.

To determine the total time spent playing these games is the total time in minutes>
Okay, let's see the number > 

Okay, let's time is 10>

To determine the total time spent on the weekend.>

To determine the total time spent on the weekend.

Okay, let's see the total time spent playing these games> 

Okay, let's total time spent in minutes > 

Okay, let's see below >

To determine the total time Carmen spent a number > 

Okay, let's time spent playing these games > 

Okay, let's time spent playing these games is 650>

To determine the total time Carmen spent a number >
To determine the total time Carmen spent a number >

To determine the total time Carmen",False,True,captured
gsm8k_222,gsm8k,0.6B,0.5B,4,stochastic,42,11.6229,109.02,45.15,256,22.03,512,127,129,0.248,0.98,False," 

Okay, let's see.>

To solve step-by- Let's see.>

To solve the total number of flowers > 

Okay, let's see solution here >
Okay, let's see the number > 

Okay, let's see solution here >
Okay, let's see the total number of flowers >
Okay, let's see the number >
Okay, let's see the thought > 

To solve step-by- 12250>
Okay, let's see the steps below > 

Okay, let's see the number > 

Okay, let's> 

To determine the total number of flowers>
Okay, let's see.> 

To determine the total number of flowers>
Okay, let's see the steps >

To solve the total number of flowers >
Okay, let's see the solution here >
Okay, let's see the solution here >
Okay, let's see, let's see solution here >
Okay, let's see solution steps here >.
Okay, let's see the thought > 
Okay, let's see the steps here > 

Let me solve the total number of flowers >
Okay, let's see, let's see the total number of flowers>
Okay, let's see solution > 
Okay, let's see the steps >

",False,True,captured
gsm8k_231,gsm8k,0.6B,0.5B,4,stochastic,42,12.5498,108.48,48.79,256,20.4,553,117,139,0.2116,0.84,False," What is the answer?
 What is the answer?
?
Let me.

First, find the answer
Step 1: Determine the answer
Step 1. 

Step 1. To solve the answer
Step 1: 

On Monday, Robert collects 20 shells.
Okay, let's see the answer
Let me think
Step 1: Determine the total shells.
.
Okay, let's see the answer
Step 1: Determine the answer by the answer
Let me try to the answer is the answer is the answer is the answer?

Okay, let's see the answer
Step 1: 

Step 1: Determine the answer by the problem: 

Okay, let's break down, you must be careful, and
Let me think. 

Let me think
Step 1: Determine the answer by the way to the answer
Let me think. So, first, we need to make sure to
Let me think. So, the answer
Let me think about the problem, and the answer
Step 1: Determine the total shells.
.
.
.
.

First, let's break down, and the answer is:

First, find the answer to the question
Step 1: Determine the answer to the question:",False,True,captured
gsm8k_235,gsm8k,0.6B,0.5B,4,stochastic,42,12.1653,109.56,47.28,256,21.04,536,123,134,0.2295,0.92,False,"  Please write the answer as a number in the number only the number.
Answer: <number>.
Okay, let's see.  \boxed{}.
Okay, let's see.  \boxed{}.

To calculate (number) and put in a number only, for example: \boxed{number.
Okay, let's see the number only the number in the format: \boxed{number}

Okay, let's think step-by (number.

Okay, let's think
Okay, let's think
Total pizzas, and put \boxed{}.

To solve this is, and then put the final answer: \boxed{number}
Okay, let's think
Answer: <number>.
To solve this problem with a number.
Okay, let's think step-by steps and put in the format: \boxed{number}
Okay, let's think
Okay, let's think
Okay, let's see the number only the number of the number.
Okay, let's think step-by, for example: \boxed{}.
Okay, let's think step-by-step explanation and then put the final answer: <number>.
Okay, let's think step-by-step explanation and then the number.
Answer: <number>.
Okay, let's think
Okay, let's",False,True,captured
gsm8k_237,gsm8k,0.6B,0.5B,4,stochastic,42,12.2024,109.51,47.42,256,20.98,537,122,135,0.2272,0.9,False," 

Okay, let's see.>

Okay, let's see. 

Okay, let's see the total amount > 

Okay, let's see the amount > 

Okay, let's see the answer here put your answer here put your answer here > 

Okay, let's see the sum of money after the answer here put your answer here > 

Okay, let's see the total amount after a number > 

Okay, let's>

Okay, let's see solution >
Okay, let's see the problem again. 

Okay, let's see the answer here >
Okay, let's see the sum of money after a number > 

Okay, let's see the answer here >
Okay, let's see the number > 

Okay, let's> 

Okay, let's

Okay, let's see the number > 

Okay, let's answer here put the answer >
Okay, let's see solution here >
Okay, let's see solution > 

Let me think>
Okay, let's see the number > 

Let me think. 

Okay, let's see the answer here >
Okay, let's>
Okay, let's see the sum of money after a number > 

Okay, let's see the solution here >
Okay, let's see the answer here",False,True,captured
gsm8k_238,gsm8k,0.6B,0.5B,4,stochastic,42,13.2253,108.28,51.44,256,19.36,580,111,145,0.1914,0.77,False," 

Okay, let's see.>

Okay, let's think>
Okay, let's see the sum of ages of the three girls > 

To solve this problem, we need to find the sum of ages > 

Okay, let's think>
Okay, let's think>
Okay, let's see the sum of ages of the three girls is 8210>
Okay, let's see the sum of ages of the three girls > 

Let me think>
Okay, let's think>
Okay, let's see the steps here put your answer here put your answer here > 

Okay, let's see solution > 

To determine the answer here >
To determine the ages of the three girls, 74848684848>

Okay, let's see solution here put final answer >
To solve the sum of ages of the three girls sum of ages of the three girls is 248666>
Okay, let's see solution > 

To solve this is 788>
Okay, let's age of Mary is two years younger than the sum of ages >

To determine the ages of the three girls>
Okay, let's see. 

Let me try to be careful calculation steps here > 

Let me try",False,True,captured
gsm8k_241,gsm8k,0.6B,0.5B,4,stochastic,42,12.4386,109.18,48.35,256,20.58,545,120,137,0.2202,0.88,False," 

Final Answer: < 

Okay, let's see the number > 

Okay, let's

Okay, let's think > 

Okay, let's think >.>

Okay, let's think>
Okay, let's think>
Okay, let's see the number >
Okay, let's think step by step-by-the number >
Okay, let's think > 

Okay, let's think>
Okay, let's see the number >.

Okay, let's see below






Okay, let's think>
Okay, let's think step by step-by-the-end>

Okay, let's think step by step-by-the-end-10>
Okay, let's see the number of the number > 

Okay, let's see the number of books>
Okay, let's see below

Let me think>
Okay, let's think>
Okay, let's see the number of books they collectively read by the number of books they will be careful calculation here > 

Okay, let's think step-by-the number >
Okay, let's think step by the number of the number >.

Let me think through the number > 

Okay, let's think step by step-by the number of the number of the number of the number of books>
Okay,",False,True,captured
gsm8k_243,gsm8k,0.6B,0.5B,4,stochastic,42,11.3956,109.79,44.26,256,22.46,499,132,125,0.2645,1.06,False," 

Answer: <number>
Answer: 

: 

: 

: 

Step   Let me. Answer:  Jason has a. Let me think
Okay, let's see. Let's

Answer: <number>
Okay, let's see the problem. To solve the answer: 

Okay, let me with the correct answer: 

: 

: 

: 

Okay, let's see the answer: 

: 

: 

Let me think. Let me. 

To solve this problem, we need to calculate the total minutes in the problem, let me. Let me. I need to calculate the answer: 

: 

Step 1: 

: 

: 

: 

: 

Step 1: 

Step 1. So, let me. So, the answer: 

: 

: 

: 

Let me think
Okay, let me to
Okay, let's see the answer: 

: 

: 

To solve this problem step     Jason has a total minutes.
.
.
.
.
.
.
.
.
.
.
.
.
.
.
.
.
.
.
.
.
.
.
.
.
.
.
.
.
.
.
.
.
.
.
.
.
.
.
.
.
.
.
.
.
.
.
.
.
.
.
",False,True,captured
gsm8k_259,gsm8k,0.6B,0.5B,4,stochastic,42,10.9214,109.37,42.4,256,23.44,480,137,120,0.2854,1.14,False," 

Okay, let's try to be careful with the number >
Okay, let's try to find the number of fruits >

Okay, let's think>
Okay, let's think>
Okay, let's think>
Okay, let's try to solve this step by step >

Okay, let's see the number >
Okay, let's think>
Okay, let's try to find the answer here > 

Okay, let's try to solve the number >
Okay, let's try to find the number of fruits>
Okay, let's think>
Okay, let's try to find the answer here >
Okay, let's try to find the answer step-by>
Okay, let's try to solve the problem step-by-step>
Okay, let's try to find the answer step-by>
Okay, let's try to find the answer step-by- 17488>
Okay, let's try to find the answer step-by-step-by> 

Final Answer>
Okay, let's try to figure out the answer here >.

Okay, let's try to solve this is the number >
Okay, let's

Let me solve this step by step, 12140>
Okay, let's

Okay, let's try to think>
Okay, let's",False,True,captured
gsm8k_261,gsm8k,0.6B,0.5B,4,stochastic,42,12.6997,108.68,49.38,256,20.16,558,115,141,0.2061,0.82,False," 

Okay, let's see.>

To find the answer here >
To find the value > 

Okay, let's think>
Okay, let's think>
Okay, let's think>
Okay, let's think>
Okay, let's think>
Okay, let's think>
Okay, let's see the number >
To find the total dollar amount in dollars>
Okay, let's think>
Okay, let's think > 

Let me think>
Okay, let's think>
Okay, let's think > 

To solve this problem, we need to find two thirds of 9,300>
Okay, let's think>
Okay, let's see below > 

To solve the value >
To find the total dollar amount in dollars>
Okay, let's see below >

To find the total dollar amount>

To solve the total dollar amount in dollars>
Okay, let's see below >

To solve the problem step by step-by- 15620.>

To solve step-by>

To solve this is the value > 

Okay, let's>

To find the total dollar amount in dollars>
Okay, let's see below > 

Okay, let's see the number >
To find the total dollar amount in dollars>
Okay, let's>

To solve",False,True,captured
gsm8k_263,gsm8k,0.6B,0.5B,4,stochastic,42,10.6908,109.35,41.5,256,23.95,466,138,118,0.2961,1.17,False," 

Okay, let's see the number > 

Okay, let's think>
Okay, let's think>
Okay, let's think>
Okay, let's think>
Okay, let's think>
Okay, let's see below >

To solve this problem, we need to find the answer >
Okay, let's think>
Okay, let's see below > 

Okay, let's see the number >
Okay, let's see the number > 

Okay, let's see below > 

Okay, let's think>
Okay, let's see the steps below >

Okay, let's see the thought > 

Okay, let's think>
Okay, let's see below > 

Final Answer>
Okay, let's see below > 

Okay, let's think>
Okay, let's see below > 

Okay, let's think step-by>
Okay, let's see below >
Okay, let's see the solution >
Okay, let's see below >
Okay, let's see the solution >

Let me solve this step by step >

To solve this problem, we need to find the difference >
Okay, let's see the steps above the number > 

Okay, let's think step-by> 

Okay, let's

Let me solve this step by step and then the number",False,True,captured
gsm8k_269,gsm8k,0.6B,0.5B,4,stochastic,42,11.95,109.49,46.43,256,21.42,526,124,132,0.2357,0.94,False,"  <number>
Okay, let's see. <number>
Okay, let me

Step 1: Determine the number is the number is the number of blue golf balls:  <number>
Okay, let me

Let me think through the number is the answer:  <number>
Okay, let me:  <number>
Okay, let's number is the answer.  Please reason:  <number>
Okay, let me think:
Okay, let me: 8
Okay, let me think:
Okay, let me think:
Okay, let's number is  <number>
Okay, let me think:
Okay, let's answer: 8

Step 1: The juggler can juggle  <number

Step 1
Okay, let me.

Okay, let me
Okay, let's answer: 8

Step 1: Determine the number of blue golf balls: 8
Okay, let's answer is the number of blue golf balls: 8

Step 1: Determine the number of blue golf balls: 8

Let me solve:

Okay, let me

The juggler can juggle  <number>
Okay, let me think:
Okay, let me think:
Okay, let's answer is",False,True,captured
gsm8k_272,gsm8k,0.6B,0.5B,4,stochastic,42,11.5216,108.85,44.76,256,22.22,507,130,127,0.2564,1.02,False," 

To determine the total change>
Okay, let's see.>

To determine the total cost of the problem solution >
To determine how much change does the cashier give back? 

Final Answer>
Okay, let's see. 

Okay, let's calculate the total cost of the problem solution >
To determine the total cost of the money >

To determine how much change does the cashier gives back.>

To determine how much change does the cashier give back? 

To determine how much change does the cashier gives back.
Okay, let's see the answer >
To determine the total cost of the answer here put your answer here >

To determine how much change does the cashier give back? 

To determine how much change does the cashier gives back. 

To determine how much change does the cashier gives back 20 - 4.20.>

To determine how much change the correct answer >
To determine how much change does the cashier gives back. 

To determine how much change the change in the amount of change > 

Let me solve the amount > 

Okay, let's see below >
To determine the total cost of the correct amount > 

To determine how much change does the cashier gives back.
To determine how much change does the cashier gives back 6.00",False,True,captured
gsm8k_275,gsm8k,0.6B,0.5B,4,stochastic,42,11.4348,109.2,44.41,256,22.39,502,130,127,0.259,1.02,False," 

Okay, let's see the number >

Okay, let's think>
Okay, let's see the number >
Okay, let's think>
Okay, let's think>
Okay, let's see the number >
Okay, let's try to find the number >
Okay, let's see the number >

Okay, let's try to find the number of lines Sean has to memorize a number >
Okay, let's think>
Okay, let's think>
Okay, let's try to compute the number >
Okay, let's see, let's see the steps here >
Okay, let's think>
Okay, let's think>
Okay, let's lines>
Okay, let's think>
Okay, let's think step-by>

To determine the number of lines Sean has to memorize a number >
Okay, let's try to solve step by step >

Okay, let's see the number >
Okay, let's try to compute the total number >
Okay, let's try to find the total number >
Okay, let's try to figure out the number of lines>
Okay, let's try to find the total number >
Okay, let's try to find the total number of lines>
Okay, let's try to solve the number >
Okay, let's lines>
Okay",False,True,captured
gsm8k_277,gsm8k,0.6B,0.5B,4,stochastic,42,11.4822,108.46,44.6,256,22.3,506,128,128,0.253,1.0,False," 1 minute to convert your answer should convert to hours.]
Okay, let's see.  [If needed, 1 minute = 0.1 minute = 15 minutes can use 60 minutes = 10. 1 hour = 60 minutes = 12.5 minutes = 0.5 minutes can use the answer can use 1 minute to hour = 0.60. 1 hour = 60 minutes = 10.5 minutes = 0.660 minutes can use 15 minutes = 0.660 minutes can use 15 minutes can use 15 minutes = 1 minute to convert to hours.]
Okay, let me, 1 minute = 0.60 minutes can use the answer must convert your answer should be sure to convert minutes can use the answer should be converted to hours.]
Okay, let me for your answer should convert to hours.]

Okay, let me to convert minutes can use 1 minute = 0.660 minutes = 10 minutes can use 15 minutes = 1/], 1 hour = 60 minutes can use 15 minutes = 1/treat the",False,True,captured
gsm8k_280,gsm8k,0.6B,0.5B,4,stochastic,42,12.742,108.86,49.54,256,20.09,562,114,142,0.2028,0.8,False," 

Okay, let's see.>

To determine the total amount in dollars>
Okay, let's see the total cost in dollars>
Okay, let's see solution here put your answer here put your answer here >

To find the total cost of the problem solution here put the total cost of the problem solution here >
To find the total amount in dollars > 

To find the total amount Peter's>
Okay, let's see the total cost >

To determine the total cost of the money >.>
Okay, let's see the total cost in dollars>
Okay, let's see the total cost in dollars, let's see the total cost of popsicles > 

Let me calculate the total cost in dollars > 

Let me calculate the total cost of popsicles > 

To find the total amount in dollars >.
Okay, let's see the total cost in dollars > 

Let me calculate the total cost of popsicles > 

Let me calculate the total cost in dollars > 

Okay, let's see, first calculate the total cost in dollars > 

To find the total amount in dollars >

To find the total amount Peter purchased 1.>

To find the total amount Peter's total payment amount in dollars >

To determine the total cost of the steps go through the total cost",False,True,captured
gsm8k_289,gsm8k,0.6B,0.5B,4,stochastic,42,13.8956,108.74,54.07,256,18.42,613,103,154,0.168,0.67,False," 

Okay, let's see.>

Okay, let me think>
Okay, let me think>
Okay, let me think>
Okay, let me think>
Okay, let me think>
Okay, let's see the time in the slow lane took 480 > 

Okay, let me

Okay, let me think>
Okay, let me think>
Okay, let's see the time in minutes >
Okay, let me calculate the time in minutes > 

Okay, let'st>
Okay, let me think>
Okay, let me think step-by-6480>
Okay, let me think > 

Okay, let me think>
Okay, let'speed of the slow_lane> 

Okay, let me think step-by-1648>
Okay, let's> 

To solve the time in the slow lane took 16>
Okay, let me think step-by-step calculation steps here put your answer here >
Okay, let'speed of the slow lane car in the time in minutes >

Okay, let'speed of the slow_lane>
Okay, let'slow>
Okay, let'speed'48>

Okay, let's>

Okay, let's the time in hours>
Okay, let's

Okay, let's

",False,True,captured
gsm8k_296,gsm8k,0.6B,0.5B,4,stochastic,42,12.7305,108.37,49.5,256,20.11,561,115,141,0.205,0.82,False," (Assume that each (Assume that each meal consumes the rice bag of the rice bag of rice bag is 30 kg of the rice is a meal consumes the rice is a day has 7 day consists of 1 kg of the rice is consumed rice bag of the rice is a meal.)

Okay, let's see. (Assume that each (Assume that each meal is 3 meals is 30 kg bag of rice is a 0.2 kg of the rice is consumed rice bag is a full day has 2. (Assume that each meal consumes the rice is consumed rice bag is a meal.)

Okay, let's rice bag is a meal is 2 kg of the rice is consumed only eats the rice is consumed rice bag is not more than 2 kg of the 2 kg of the 1 kg of rice bag of rice bag of the rice is consumed rice is a 1 kg of rice is 1. (Assume that each (Assume that each meal is a day has 2 kg of rice bag of rice is consumed only eats the same number is 30 kg of rice bag of rice bag of rice bag of rice is consumed rice is notional is a meal is 3 meals is",False,True,captured
gsm8k_297,gsm8k,0.6B,0.5B,4,stochastic,42,11.3093,110.22,43.92,256,22.64,497,131,125,0.2636,1.05,False," To solve this, you will have to, first calculate the total number of crates. First, find the total number of crates.

First, calculate the total number the total the total the total the total number of crates he needs to calculate the total number the total number of crates he sold on Monday and then calculate the total number the total number of crates.

Okay, let's see how many steps: 1) calculate the total number of course of course through the problem solve the total number of crates he had to calculate the total number the total number the total number of crates sold and then subtract.

First, find the total number of crates sold on the total the total number of crates.

Okay, let me?

First, calculate the total number of crates that the total the total number of crates he was he total the total number of crates he the total number the total number of crates he has to calculate the total he was he was he had to calculate the total number the total number the total number of crates he was he able to compute the total number of crates he was he closed days when he was closed, you will have to calculate the total the total number of crates he was he off from the total the total number of crates. What is the total number of crates that",False,True,captured
gsm8k_298,gsm8k,0.6B,0.5B,4,stochastic,42,13.7035,108.86,53.31,256,18.68,605,105,152,0.1736,0.69,False," 

Okay, let's see the desk cost of the desk cost of the desk cost of the desk. Let'solution>
Okay, let's see the desk cost Carmen's cost >
Okay, let's think>
Okay, let's think>
Okay, let's think>
Okay, let's think>
Okay, let's see the number >
Okay, let's try to solve this step-by->
Okay, let's think>
Okay, let's think through the process >
To determine the desk cost of the desk cost of the desk cost > 

Okay, let's think>
Okay, let's think step by step-by-step-express for the answer >.>

Okay, let's think>
Okay, let's try to think through the process > 

Okay, let's think step-by>
Okay, let's think through the process > 

Let me think>
Okay, let's think step by step-by-step reasoning steps here >
To determine the total cost >
To determine the total cost of the desk is not enough information to be careful steps >

Okay, let's think step-by>
Okay, let's try to think step-by-20>
Okay, let's try to solve the desk cost Carmen'solution>
Okay, let's try to think of the",False,True,captured
gsm8k_303,gsm8k,0.6B,0.5B,4,stochastic,42,6.9974,109.25,27.01,256,36.58,304,181,76,0.5954,2.38,False," 

Answer: <number>
Answer: <number>
 <number
Okay, let's try to solve this problem, let me. To solve this step  Answer: <number>
Okay, let me
Okay, let me. 

Okay, let me.
.
.
.
.
.
.
.
.
.
.
.
.
.
.
.
.
.
.
.
.
.
.
.
.
.
.
.
.
.
.
.
.
.
.
.
.
.
.
.
.
.
.
.
.
.
.
.
.
.
.
.
.
.
.
.
.
.
.
.
.
.
.
.
.
.
.
.
.
.
.
.
.
.
.
.
.
.
.
.
.
.
.
.
.
.
.
.
.
.
.
.
.
.
.
.
.
.
.
.
.
.
.
.
.
.
.
.
.
.
.
.
.
.
.
.
.
.
.
.
.
.
.
.
.
.
.
.
.
.
.
.
.
.
.
.
.
.
.
.
.
.
.
.
.
.
.
.
.
.
.
.
.
.
.
.
.
.
.
.
.
.
.
.
.
.
.
.
.
.
.
.
.
.
.
.
.
.
.
.
.
.
.
.
.
.
.
.
.
.
.
.
.
.
.
.
.
.
.
.
.
.
.
.
",False,True,captured
gsm8k_314,gsm8k,0.6B,0.5B,4,stochastic,42,13.181,109.41,51.26,256,19.42,581,110,146,0.1893,0.75,False," 

Okay, let's see the number > 

Let me solve step-by>

To solve this step-by-step explanation > 

Let me try to figure out how many players are on the defense_players>
Okay, let me think>
Okay, let me think>
Okay, let me think>
Okay, let's see the number > 

Okay, let me think>
Okay, let me think>
Okay, let's>
Okay, let's see the number >
Okay, let's>

Okay, let me think>
Okay, let's see below
Okay, let'st>
Okay, let's> 

Okay, let's>
Okay, let's

Let me think>
Okay, let's see below >

Okay, let's

Okay, let's





Okay, let's see the number >
To solve the number >
Okay, let's see the number >
To solve step-by>

Okay, let's see below > 

Okay, let'solution>
Okay, let's see the number of the number > 

To solve this is the number >
Okay, let'something>
Okay, let's>

Okay, let's> 215>
Okay, let'st>
Okay, let's see the number of players on the number",False,True,captured
gsm8k_325,gsm8k,0.6B,0.5B,4,stochastic,42,11.1418,109.0,43.27,256,22.98,491,134,123,0.2729,1.09,False," 

Okay, let's see the total amount of money > 

Okay, let's see the total amount in numbers >
Okay, let's see the total amount > 

Okay, let's see the steps here >
Okay, let's think>
Okay, let's think>
Okay, let's see the total amount > 

Okay, let's think>
Okay, let's think>
Okay, let's see the total amount of the total amount in numbers only the total amount of the total amount of the total amount of the company pays to all the programmers per month.
Okay, let's see the total amount of the total amount of money > 

Okay, let's>
Okay, let's see the total amount of money the total amount of money the total amount of money >

Okay, let's see the total amount of money the total amount of money the total amount of money the total amount of money the total amount in numbers > 

Okay, let's answer here put your answer here put final answer here >
Okay, let's see the total amount > 

Okay, let's> 

Okay, let'solution>
Okay, let's see the total amount of money the total amount of money the total amount of money > 

Okay, let'salary>

Okay, let",False,True,captured
gsm8k_328,gsm8k,0.6B,0.5B,4,stochastic,42,9.3803,109.45,36.36,256,27.29,411,153,104,0.3723,1.47,False," 

Answer: 

Okay, the problem again. The problem. The problem. The problem. The problem. The phone is the problem. The phone is the problem again. The problem. The phone is the problem again. The problem. The phone is currently the problem. The phone is currently the problem again. The problem says the problem. The phone is the problem again. The problem says the phone is at 60. The problem. The problem. The phone is at 60. The problem says the phone is at  the problem again. The problem says the phone is at  the problem again. The phone is at 60. The problem is the problem. The problem. The phone is currently the problem again. The problem says the phone is at  the problem again. The phone is at 60% is the problem. So the problem. The problem. The phone is currently the problem again. The problem says the phone is at  the problem again. The phone is at 60. The problem says the phone is at  the problem again. The problem is the problem. So the problem is the problem again. The problem says the phone is at  the problem again. The phone is at 60. The",False,True,captured
gsm8k_342,gsm8k,0.6B,0.5B,4,stochastic,42,13.0476,108.85,50.74,256,19.62,576,113,144,0.1962,0.78,False," 

Okay, let's see.>

Okay, let's answer here >
Okay, let's see the number > 

Okay, let's

Let me solve step-by-step>
Okay, let's think>
Okay, let's see the number > 

Okay, let's see the total number of outfits >

Okay, let's see solution > 

Okay, let's see solution here >.
Okay, let's see the steps here put your answer here >
Okay, let's see solution here >
Okay, let's see the number > 

Okay, let's see the total number of outfits >

To determine the total number of baby outfits > 

Let me solve the total number > 

Let me solve the problem step by step-by-step>

To determine the total number of baby outfits > 
Okay, let's think>
Okay, let's see solution > 

Let me solve step-by-step>
Okay, let's see the number > 

Okay, let's>
Okay, let's see the total number of outfits >
Okay, let's see.>

Okay, let's see the total number of baby outfits.>

To determine the total number of baby outfits>

To determine the total number of baby outfits. 4575757>
Okay, let's",False,True,captured
gsm8k_346,gsm8k,0.6B,0.5B,4,stochastic,42,13.4058,109.96,52.14,256,19.1,592,109,148,0.1841,0.74,False," 

Let me think... 

Okay, let's see, so the total cookies per week. 

Okay, let me think
Okay, let me think
Okay, let me think
Okay, let's see, the total cookies per week. 

Okay, let me think
Okay, let me think
Okay, let's see, 

Okay, let me think
Okay, let's see, the problem step 1. 

Okay, let me think
Okay, let me think
Okay, let me start by the total number of cookies in the problem. 

Okay, let me think...Okay, let me think
Okay, let me think
Okay, let's see, 

Okay, let's

Okay, let's see, so, 

Okay, let me think...Okay, let's see, the total cookies per week. 

So, Jenny buys 1 bag of the total cookies per week. 

Okay, let me think...Okay, let me think...Okay, let's first, I need to find out how many cookies does the problem. 

Okay, let me think...Okay, let me think
Okay, let's first, 
Okay, let'st
Okay, let'st. 

Okay, let",False,True,captured
gsm8k_347,gsm8k,0.6B,0.5B,4,stochastic,42,13.5763,109.05,52.81,256,18.86,599,106,151,0.177,0.7,False," 

Okay, let's see.>

To determine the correct answer here put answer here put your answer here put answer here >
Okay, let me think. Okay, let me think>
Okay, let me think>
Okay, let me think>
Okay, let me think>
Okay, let me think>
Okay, let'something>
Okay, let me think>
Okay, let's see the answer >
Okay, let me think>
Okay, let me think. So, let me think>
Okay, let me think step-by> 

Okay, let me think>
Okay, let'something>
Okay, let's>

To determine the total cost after calculation steps >
Okay, let's see solution > 

Final Answer>
Okay, let'solution>
Okay, let'solution>
Okay, let's see the total cost after calculation steps here put answer here >
Okay, let'solution>
Okay, let's see the amount > 

Okay, let's>
Okay, let's>
Okay, let's see the total cost after calculation here put the amount >
Okay, let's

Final Answer: < 424242>
Okay, let'solution>
Okay, let'solution>
Okay, let's see solution >
Okay, let's see the answer",False,True,captured
gsm8k_356,gsm8k,0.6B,0.5B,4,stochastic,42,11.8412,109.36,46.01,256,21.62,522,125,132,0.2395,0.95,False," 

Okay, let's see.>

Okay, let's see, let's>
Okay, let's see below >
Okay, let's see below >
Okay, let's see below >
Okay, let's see below >

Okay, let's see the number >
Okay, let's see below

Let me solve step-by>
Okay, let's see the answer > 
Okay, let's see the correct answer here >
Okay, let's see below
Okay, let's see the thought>
Okay, let's see the steps below > 

Okay, let's see the number >
Okay, let's see.>
Okay, let's see the steps above the number >
Okay, let's see below >

Okay, let's see the solution > 

Okay, let's

Let me solve step-by-step explanation here >
Okay, let's see the answer here >
Okay, let's see the solution > 

Okay, let's see below > 

Okay, let'solution>
Okay, let's see the steps > 
Okay, let's see the steps here >.
Okay, let's see the steps >
Okay, let's see the steps >

Okay, let's see below > 

Okay, let's left>

Okay, let's see below

Let me",False,True,captured
gsm8k_364,gsm8k,0.6B,0.5B,4,stochastic,42,10.519,109.32,40.82,256,24.34,461,141,116,0.3059,1.22,False," 

Let me think... 

Okay, so the total number of fourth-grab = 96 - First, I need to find the total number of fourth-grab = 

Okay, so, the total number of fourth-graders at Small Tree School has 96 fourth-graders are  The total number of fourth-graders at Small Tree School has 96 fourth-graders. 43 girls are  Okay, let me think...Okay, so the total number of fourth-graders at Small Tree School has 96 fourth-graders. So, the total number of the total number of boys at Small Tree School. 

Okay, so the problem is the total number of fourth-graders at Small Tree School. 

Okay, so the problem is the total number of fourth-graders at Small Tree School has 96 fourth-grab = 

Okay, so the total number of fourth-graders at the total number of fourth-graders at the total number of fourth-grab

Okay, let me think
Okay, so the problem is the total number of fourth-grabscrap is not sure, the total number of fourth-graders at the total number of fourth-graders at the school has 96 fourth-graders at Small Tree School",False,True,captured
gsm8k_367,gsm8k,0.6B,0.5B,4,stochastic,42,10.9072,108.68,42.35,256,23.47,479,137,120,0.286,1.14,False," 

Okay, let's try to be careful with the number >
Okay, let'something>
Okay, let's think>
Okay, let's think>
Okay, let's think>
Okay, let's think>
Okay, let's try to solve this step by step >

To solve this problem, we need to find the number of people kicked out of the number >
Okay, let's think>
Okay, let's think>
Okay, let's try to figure out of the problem.>

Okay, let's think>
Okay, let's think>
Okay, let's try to solve this is the number > 

Okay, let's try to figure out the number > 

Okay, let's think>
Okay, let's try to solve this is a number >
Okay, let's try to solve this is the number of people kicked out of the number of the number of the number of people kicked out for other number >
Okay, let's try to solve this step by the number >
Okay, let's try to find the answer here > 

Okay, let's> 

Okay, let's>

Okay, let's try to find the answer here >

Okay, let's try to solve this is a number >

Okay, let's think step-by>
Okay, let",False,True,captured
gsm8k_368,gsm8k,0.6B,0.5B,4,stochastic,42,9.536,109.13,36.97,256,26.85,420,151,105,0.3595,1.44,False," 

Wait, what if there is a mistake in the problem, it's not a typo? Let me check the problem again is a mistake in the problem? Wait, what? Let me think again, there was a mistake in the problem is a mistake in the question is a mistake in the problem, what? Wait, what? Wait, what? Wait, the problem is a different interpretations of a mistake in the problem is a mistake in the problem is a mistake in the problem is a mistake in the problem is a mistake in the problem is a mistake in the problem is a mistake in the problem is a mistake in the problem is a mistake in the problem is a mistake in the problem is a mistake in the problem is a mistake in the problem is a mistake in the problem is a mistake in the problem is a mistake in the problem is a mistake in the problem is a mistake in the problem is a mistake in the problem is a mistake in the problem is a mistake in the problem is a mistake in the problem is a mistake in the problem is a mistake in the problem is a mistake in the problem is a mistake in the problem is a mistake in the problem is a mistake in the problem is not just was a mistake in the problem, what? Wait, the",False,True,captured
gsm8k_371,gsm8k,0.6B,0.5B,4,stochastic,42,11.8266,108.64,45.95,256,21.65,521,126,131,0.2418,0.96,False," Please write the answer as a number.
Answer: <number>.

Okay, let's see the number only the number.

Okay, let's think
Okay, let's think
Okay, let's think
Okay, let's see the number.

Okay, let's think
Okay, let's see the number.

Okay, let's see the number in the format: \boxed{}.

Okay, let's see the number.

Let me think
Okay, let's think
Okay, let's see the number in the box.

To solve this problem, we did in the number.
Okay, let's think
Okay, let's see the number, ""X.

To solve this problem, we have to be careful with the numbers only the number in the following: \boxed{}.

Okay, and put in the format: \boxed{}.

To solve this problem, ""X"" where the number of the number.

Okay, let's see the number in the format: \boxed{}.

To solve this problem, we do not a number.

Let me think about the number.
Okay, let's see the number only the number in the box.
Okay, let's see the number.

Okay, let's think
Okay, let's think
Okay,",False,True,captured
gsm8k_374,gsm8k,0.6B,0.5B,4,stochastic,42,13.7847,108.63,53.63,256,18.57,608,104,152,0.1711,0.68,False," 

Okay, let's see.>

Okay, let's see, 250> 

Final Answer>
Okay, let's see the total milk collected milk collected milk collected milk> 

Okay, let's think>
Okay, let's think>
Okay, let's see the total milk collected milk collected every day. 

Okay, let's see the total milk>
Okay, let's see the total milk >
To determine the sum of 25>
Okay, let's see the reasoning here put the sum of milk>
Okay, let's see, 25>
Okay, let's see, Mary has to be careful calculation here >
Okay, let's see the total milk > 

Okay, let's answer here put your answer here >
Final Answer: <

First, calculate the total milk>
Okay, let's see the total milk >
Final Answer>
Okay, let's see the total milk >
To solve this problem, we need to calculate the total milk >. 25>
Okay, let's see below




Final Answer>
Okay, let's see the number >. 

Final Answer>
Okay, let's see the sum of the total milk >.
Final Answer: <

Final Answer>
Okay, let's see",False,True,captured
gsm8k_382,gsm8k,0.6B,0.5B,4,stochastic,42,11.6245,109.82,45.16,256,22.02,513,127,129,0.2476,0.98,False," 

Okay, let's see.>

Okay, let's see, let's total number > 

Okay, let's think>
Okay, let's think>
Okay, let's think>
Okay, let's think>
Okay, let's see the total number of pesos > 

Okay, let's see the total number of pesos >

Okay, let's see solution > 

Okay, let's see solution here >

To solve this problem, we need to find the total number of pesos >

Okay, let's think>
Okay, let's think>
Okay, let's>
Okay, let's see the total number of pesos > 

Okay, let's see the total number of pesos >

Okay, let's see the total number of pesos >
Okay, let's see the total number of pesos > 

Okay, let's total number of pesos > 

Let me try to solve the total number of pesos > 

To solve the total number of pesos > 

Okay, let's see the total number of pesos >
Okay, let's see the total number of pesos >
Okay, let's see the total number of pesos they have together is the total number > 

Let me try to be careful calculation here >
Okay, let's see the total number of pesos >
Okay, let",False,True,captured
gsm8k_383,gsm8k,0.6B,0.5B,4,stochastic,42,11.9107,108.84,46.28,256,21.49,523,124,132,0.2371,0.94,False," (Remember to include the) cost of the cost of the supplies in your answer in your answer in your answer is a cost of the cost of the supplies cost of the cost of the supplies as well as the cost of the supplies cost of the cost of the supplies cost of the supplies cost of the supplies cost of the supplies cost in your answer should be included in your answer must be sure to include the cost of the cost of the cost of the supplies cost of the supplies cost of the supplies cost in your answer.)

Okay, let's see the cost of the supplies in your answer must be included in your answer must be included the cost of the supplies.)

Okay, let's see the cost of the supplies as well as the profit from the cost of the supplies in your answer.)

Okay, let meager of the cost of the supplies in your answer.)

Okay, let's see the cost of the supplies in your profit, but you are the cost of the supplies.)

Okay, let me, profit = in your answer is a profit from the problem says ""overhead of the cost of the supplies cost of the supplies.)

Okay, let's see the cost of the supplies, sorry, that the cost of the supplies in your answer.)

Okay, let's see the cost",False,True,captured
gsm8k_387,gsm8k,0.6B,0.5B,4,stochastic,42,12.662,109.24,49.23,256,20.22,558,115,141,0.2061,0.82,False," 

Let me calculate the total cost in dollars>
Okay, let's see. 

Final Answer>
Okay, let's see. 2246*>
Okay, let's see the total cost in the total cost > 

Okay, let's calculate the sum of the problem solution here put your answer here put answer here >
To find the total cost by step-by-step reasoning steps here put your answer here >
To find the total cost, let's calculate the total cost in dollars, let's calculate the total cost in dollars, let's calculate the total cost in dollars >
To find the total cost, 346> 

Okay, let's 1846*>
Okay, let's 18 + 34> 

To solve step by step calculation steps >

Okay, let's calculate the total cost in dollars>
Okay, let's see below >
To find the total cost, let's calculate the total cost in the total cost in the total cost in the sum of the total cost in the problem solution > 

Okay, let's cost > 

To find the total cost, let's calculate the total cost of 6 erasers and pencils and 246> 

Final Answer>
Okay, let's see below

",False,True,captured
gsm8k_395,gsm8k,0.6B,0.5B,4,stochastic,42,12.2387,108.95,47.57,256,20.92,538,120,136,0.223,0.88,False,"  <number>
Okay, let's see. Let's answer:  <number>
Okay, let me

Let's Answer:  <number>
Okay, let me

Let's answer:  <number>
Okay, let me

Let's  <number>
Okay, let's answer: 1  <number>

Okay, let me think:  <number>

Let's answer is the answer: 2  <number>
Okay, let me think through the problem.

Okay, let me
Okay, let's see what? <number>
Okay, let's see the answer: 3

Let's answer: 2  <number>
Okay, the answer is 20

Let's answer is 1: 3

Okay, let's Answer: 2 <number>
Okay, let's answer is the number of the answer: 1  <number>
Okay, let's  <number>
Okay, let's Answer: 1 <number>
Final Answer: 19

Let's Answer: 2 <number>
Okay, let's Answer: 19

Okay, let's answer: 3

Final Answer:  <number>
Okay, let me think:
Okay, let me have:",False,True,captured
gsm8k_400,gsm8k,0.6B,0.5B,4,stochastic,42,11.8414,108.9,46.01,256,21.62,522,125,132,0.2395,0.95,False," 

Okay, let's see.>

Okay, let's see, 48*>
Okay, let's see the number >
Okay, let's see solution here put your answer here put your answer here > 

Okay, let's see the answer here put your answer here > 

Okay, let's see below >

Okay, let's see below > 

Okay, let's'38* 48>
Okay, let's see the number >
Okay, let's see below
Okay, let's see below > 

Okay, let's 48>
Okay, let's see the number >
Okay, let's see the number here >
Okay, let's see the answer here >
Okay, let's see the number >
Okay, let's see the number >
Okay, let's see below

Okay, let's

Let me solve step-by>
Okay, let's see the number >
Okay, let's see the number of the total calories > 

Okay, let's> 

Okay, let's
Okay, let's see the number of calories John drinks 48>
Okay, let's see the answer here >
Okay, let's see the number >
Okay, let's 48>
Okay, let's see the total calories",False,True,captured
gsm8k_402,gsm8k,0.6B,0.5B,4,stochastic,42,9.8266,108.45,38.11,256,26.05,430,148,108,0.3442,1.37,False," 

First, we need to figure out how much. First, we need to figure out how much flour and first figure out how many steps. First, let's figure out the problem step through the first figure out how much flour and see. First, figure out how much flour and milk needed to start by step through the problem step through the problem step by step through the problem step through the problem step by step. First, we need to figure out how much flour and see. The normal recipe is the problem step through the problem step by step. First, we need to figure out how much flour and milk needed for the first figure out how much flour and milk needed for a start by figuring out how much flour and figure out how much flour and milk needed for a step through the problem step by step through the problem step by step. First, I need to figure out how much flour and see. Mark is making a quadruple batch of brownies. First, figure out how much flour and the problem step through this step through the problem step by step through the problem step by step through the problem step by step through the problem step by step by step. First, let's break this step through the problem step by step through the problem step by step by step by",False,True,captured
gsm8k_405,gsm8k,0.6B,0.5B,4,stochastic,42,11.9136,108.6,46.29,256,21.49,525,124,132,0.2362,0.94,False," 

Okay, let's see.>

Okay, let's think>
Okay, let's think>
Okay, let's think>
Okay, let's think>
Okay, let's think>
Okay, let's see the answer here >
Okay, let's think>
Okay, let's think>
Okay, let's see the answer here put your answer >
Okay, let's see the total cost of the total cost of the total cost of meat and cheese for the answer here put final answer >
Okay, let's see the total cost of meat and cheese cost of the cost of meat and cheese >

Okay, let's see the answer here >
Okay, let's see the total cost in the cost of meat and cheese > 

Okay, let's see the steps >
Okay, let's think through the process > 

Okay, let's think>
Okay, let's see the cost of meat and cheese for the total cost >
Okay, let's see below
Okay, let's see the total cost of meat and cheese total cost >
Okay, let's see the answer here > 

Okay, let's see the number > 

Okay, let's
Okay, let's see the answer here >
Okay, let's see the answer here >
Okay, let's see the",False,True,captured
gsm8k_410,gsm8k,0.6B,0.5B,4,stochastic,42,7.8823,110.16,30.48,256,32.48,343,171,86,0.4985,1.99,False," 

Answer: <number>
Answer: 

Okay, let's see. 

Okay, let's see the answer: 

Okay, let me. Answer: 1. 

Let me solve the answer: 

: 

: 

: 

: 

: 

: 

: 

Let me think
Okay, let's see the answer: 

: 

: 

: 

Okay, let me think
Okay, let me. So, let me.
.
.
.
.
.
.
.
.
.
.
.
.
.
.
.
.
.
.
.
.
.
.
.
.
.
.
.
.
.
.
.
.
.
.
.
.
.
.
.
.
.
.
.
.
.
.
.
.
.
.
.
.
.
.
.
.
.
.
.
.
.
.
.
.
.
.
.
.
.
.
.
.
.
.
.
.
.
.
.
.
.
.
.
.
.
.
.
.
.
.
.
.
.
.
.
.
.
.
.
.
.
.
.
.
.
.
.
.
.
.
.
.
.
.
.
.
.
.
.
.
.
.
.
.
.
.
.
.
.
.
.
.
.
.
.
.
.
.
.
.
.
.
.
.
.
.
.
.
.
.
.
.
.
.
.
.
.
.
.
.
.
.
.
.
",False,True,captured
gsm8k_413,gsm8k,0.6B,0.5B,4,stochastic,42,12.0531,108.89,46.84,256,21.24,526,123,133,0.2338,0.92,False," 

Final Answer: < 

Okay, let's try to be careful here >
Okay, let's think>
Okay, let's think>
Okay, let's think>
Okay, let's think>
Okay, let's think>
Okay, let's try to solve this step by the number >
To solve the number >
To solve this is not enough information not enough information is not enough information > 

Okay, let's think > 

Wait, let's answer >
To solve the number >
Okay, let's think > 

Okay, let's think > 

Okay, let's try to be careful here, but wait, I need to calculate the number of candles that both smell like wet dog and then put answer > 

Okay, let's try to find the answer > 0>
Okay, let's try to figure out of the candles>
Okay, let's think step-by-step-10>
Okay, let's think > 

Okay, let's try to think step-by-100>
Step-by-100>
Okay, let's try to think again, maybe 0>
Okay, let's try to find the answer here >
Okay, let's try to think > 

Okay, let's try to solve this step by 0>
",False,True,captured
gsm8k_423,gsm8k,0.6B,0.5B,4,stochastic,42,13.5696,110.0,52.78,256,18.87,597,107,150,0.1792,0.71,False," 

Okay, let's try to solve this problem, the problem is the problem is this is the problem is the problem is the question is the problem is this is this is a lot of things are there are there are two different way to go step by step.

Okay, let's try to figure out of the problem step by step by step.

Okay, let me think step by step.

Okay, let me think step by step.

Okay, let me think carefully. 

Okay, let me think step by step.

Okay, let me. Okay, let me think step by step.

Okay, let me think step by step.

Okay, let me. 

Okay, let's try to figure out the total cost of the jeans is the problem is the problem is about the problem. The problem is this is the question is the question is asking for the problem is the question is asking how much more do jogger jeans cost of the problem says that's

Okay, let's first, the problem is the problem is about the problem says that the problem says that the problem is about the problem is the question is asking for the problem, the problem is asking how much more do jogger jeans cost of the problem says that the problem is the problem is asking for the",False,True,captured
gsm8k_427,gsm8k,0.6B,0.5B,4,stochastic,42,10.037,108.88,38.93,256,25.51,440,147,110,0.3341,1.34,False," Let's solve this step by step by step.

Okay, let's see. So, let's problem.

Okay, let's problem.

Okay, let's see. Let's problem. 

Step 1: Let's solve this problem.

Okay, let's see. Step 1: Let x be step by step.

Let's problem. 

Okay, let's see step by step.

Let's problem.

Let's problem.

Okay, let's see step by step.

Okay, let's see step by step.

Let's problem.

Okay, let's problem.

Let's problem. 

Okay, let's see step by step.

Okay, step by step.

Let's problem.
Okay, let's see step by step.

Okay, let's see step by step.

Let's problem.

Okay, let's problem.
Okay, let's see step by step.

Okay, let's see step by step.

Okay, let's see. Let's see step by step.

Let's problem.

Okay, let's problem.

Okay, let's problem.
Okay, let's try to solve this problem.
Okay, let's try to figure it step by step.

Let's problem.

Let's problem. 

Okay, let's problem.
Okay, let's",False,True,captured
gsm8k_428,gsm8k,0.6B,0.5B,4,stochastic,42,11.2758,108.93,43.79,256,22.7,496,133,124,0.2681,1.07,False," 

Okay, let's try to be careful with the number >
Okay, let's think>
Okay, let's think>
Okay, let's think>
Okay, let's think>
Okay, let's try to think>
Okay, let's think>
Okay, let's try to solve this step-by-124>
Okay, let's think>
Okay, let's think>
Okay, let's try to think step-by>
Okay, let's try to figure out the total number of guests who did not get a second hotdogs>
Okay, let's think>
Okay, let's think>
Okay, let's try to figure out the total number of the number > 

Okay, let's>
Okay, let's think step-by> 

Okay, let's try to think step by step-by>

Okay, let's try to find the answer >
To solve this step-by>
Okay, let's think step by step-by>
Okay, let's try to find the answer >

Okay, 12>
Okay, let's try to find the answer > 

Let me try to be careful with the correct answer here > 

To solve this problem, we need to calculate the number of guests who did not get a second hotdogs>
Okay, let's",False,True,captured
gsm8k_434,gsm8k,0.6B,0.5B,4,stochastic,42,9.6986,108.73,37.61,256,26.4,426,149,107,0.3498,1.39,False," Let's solve this step by step by step.

Okay, let's see. So, step by step.

Okay, let's solve this step by step. 

First, let's solve this problem step by step.

Okay, let's solve this problem step by step, step by step by step.

First, let's solve this step by step.

Okay, let's see step by step.

First, let's solve this problem step by step.

First, we need to make sure to step by step.

Okay, let's see step by step.

First, let's solve this problem. 

Okay, let's see step by step.

First, we go step by step.

First, let's solve this problem step by step.

First, we have step by step.

First, we need to find out how much money did. First, let's solve this problem step by step, step by step.

First, let's find out how much money George's problem.

First, we go step by step.

Okay, let's see step by step.

First, let's convert the total amount of money George spent on step by step.

First, we have to step by step.

First, we go step by step.

Okay, let's see. 

Okay",False,True,captured
gsm8k_439,gsm8k,0.6B,0.5B,4,stochastic,42,10.8727,109.68,42.21,256,23.55,477,137,120,0.2872,1.14,False," (Remember to include the) time it takes to drive to the time it takes to drive time it takes to drive time it takes to drive time it takes to drive to the 5 minutes) drive time from the apartment to the theater.)

Okay, let's see the 5 minutes earlier drive time it takes for the time it takes to drive to the 5 minutes earlier part of the drive time from the apartment to theater drive time to the theater.) time it takes to drive to the 5 minutes earlier Bernadette's drive time it takes to drive to the theater, and the 5 minutes earlier Bernadette's drive time from the problem'st total time it takes to drive time it takes to drive to the time it takes to drive time to the theater drive time to account for the drive time from her own driving time it takes her drive time to the theater in your answer with the answer with the answer in your answer with the answer.)

Okay, let'ste time it takes to drive to get to the theater first part of the drive time to get to the theater first part about the drive from the drive time from the apartment to the theater.) drive time from her 5 minutes earlier Bernadette's drive time from the apartment to theater drive time to",False,True,captured
gsm8k_442,gsm8k,0.6B,0.5B,4,stochastic,42,12.5284,108.28,48.71,256,20.43,553,117,139,0.2116,0.84,False," 

Okay, let's see.>

Okay, let's think>
Okay, let's think>
Okay, let's think>
Okay, let's see below

Okay, let's think>
Okay, let's see the house temperature > 

Okay, let's think>
Okay, let's think>
Okay, let's see the house temperature > 

Okay, let's see the thought>
Okay, let's think>
Okay, let's see the house's temperature > 

Okay, let's house temperature > 

Okay, let's think step-by-25555555>
Okay, let's see the number >
Okay, let's see the final temperature > 

Okay, let's temperature >.
Okay, let's see below >
Okay, let's see the number > 

Okay, let's house temperature after calculation here >
Okay, let's see the number >
Okay, let's see below >
Okay, let's temperature >.
Okay, let's see the answer here >

Okay, let's see the number >.
Okay, let's temperature > 

Okay, let's see the correct answer here >

To determine the temperature > 

Okay, let's temperature >
Okay, let's see the final temperature > 

Okay, let's temperature",False,True,captured
gsm8k_454,gsm8k,0.6B,0.5B,4,stochastic,42,13.1186,109.59,51.02,256,19.51,580,111,145,0.1914,0.77,False," 

Okay, let's see.>

To solve this step-by>
Okay, let's see.>

To solve this problem solution > 

Okay, let's see the total apples>
Okay, let's calculate the total number > 

Let me think through the number > 

Okay, let's calculate the total number >
To solve the total apples>
Okay, let's see the total apples > 

To determine the total number >
To determine the total number of apples>
Okay, let's calculate the total number > 

Okay, let's calculate the total number of apples> 

To solve the problem step by step-by>
Okay, let's see, 48484>
Okay, let's see the total apples >
To solve this step-by-step reasoning steps >

To solve the problem step by the total apples >
To solve this is 4 apples per day, so in the number >
To solve this problem solution here put answer > 

To determine the total number of apples>
Okay, let's see the total number of apples they eat 12484>
Okay, let's see the number >
To solve this problem, let's calculate the number >
To determine the total number of apples>
Okay, let's see the total number of apples they",False,True,captured
gsm8k_455,gsm8k,0.6B,0.5B,4,stochastic,42,12.7009,109.21,49.38,256,20.16,560,117,140,0.2089,0.84,False," 

Okay, let's see.>

To determine the volume of one hundred>
Okay, let's see the number >
Okay, let's think>
Okay, let's calculate the volume of the soil cost in the cost in the box >

To determine the volume of one hundred and then the answer here >

To determine the volume of each bed is not sure to be filled in dollars>
Okay, let's calculate the total cost in the box >
Okay, let's see the cost in dollars >
Okay, let's see the cost in dollars >
Okay, let's calculate the total cost in the box > 

Okay, let's see below >

To determine the volume of one number >
Okay, let's think>
Okay, let's see the number >
Okay, let's think>
Okay, let's see the number here >
Okay, let's see below > 

Okay, let's cost in dollars >
Okay, let's see the total cost in dollars>
Okay, let's see the total cost of the soil required cost in dollars >
Okay, let's see the total cost of the potting soil cost is 3600>
Okay, let's see the number >
Okay, let's see the number >

To determine the cost of the total cost in dollars",False,True,captured
gsm8k_463,gsm8k,0.6B,0.5B,4,stochastic,42,11.4167,110.11,44.34,256,22.42,501,131,126,0.2615,1.04,False," The amount she ordered is ordering is $1 is ordering is ordering is ordering is $2. Wait, that is ordering is $10. So, the amount for the pizza, and the delivery.

Wait, that is, and $15. Wait, that is, the amount.

Wait, that is 1/5 of the cost of the pizza.

Wait, that doesn't make sense. Wait, that is ordering is $1.

Wait, that seems to be a slice of pizza. Wait, that is, the total amount is ordering is $1. Wait, that seems to be a typo. Let me check.

Wait, the question is ordering is $1.

Wait, the question?

Wait, that is, the cost. Wait, that is $15. Wait, that is 5. So, but the delivery is ordering is $1?

Wait, the amount for the pizza. Wait, that is, so the total.

Wait, the amount she ordered is $1. So, but that's worth of pizza. Wait, that is ordering is $1. 

Wait, the amount she ordered is $1. What is the total.

Wait, the question is $15. So, and the delivery.

Wait,",False,True,captured
gsm8k_464,gsm8k,0.6B,0.5B,4,stochastic,42,11.3689,109.8,44.15,256,22.52,501,131,126,0.2615,1.04,False," To find the answer, you need to track Finley's final place value of the final answer the initial position is to find the net change the problem solving the problem solving the problem, we need to track Finley's final answer the problem solving steps must be able to track Finley's final position starts at 1, then we need to track Finley's final position is to find the answer, you need to track Finley, we need to track Finley's the key steps are you need to track Finley's position from the initial position is to find the answer the problem is to track Finley's place the problem solving steps are you able to track Finley's first determine the net change in the problem solving the problem is to track Finley's position starts at 1, we need to track Finley's place the problem can you need to track Finley's first, you need to track Finley, you need to track Finley's final position is to find the answer, you need to track Finley's starting from the start at each time the problem is to track Finley's first track Finley's final answer must track Finley's position is to find the answer, to find the number the problem can you figure out the initial position",False,True,captured
gsm8k_473,gsm8k,0.6B,0.5B,4,stochastic,42,11.4298,108.44,44.4,256,22.4,504,130,127,0.2579,1.02,False," (Assume that the 2 2 6-inch remoras are 6-inch-longer is negligible length of the shark is negligible length of the remoras are 2 6-inch remoras are 2 6-inch remoras are 10-foot and the 6-inch remoras are notches are attached remoras are 2 6-inch remoras are 10-foot shark's are 12 6-inch remoras are 0.5-inch long remoras are 10-foot shark's length of the shark is 10-foot and the 6-inch remoras are 6-inch is negligible length of the shark's body length of the shark is negligible length of the shark's body length of the shark is negligible length of the shark's length of the shark is negligible length of the shark's the 6-inch remoras are 10. (Assume that the shark's length is the 2 2 6-inch remoras are 10-foot and inch is negligible.)

To beak is negligible length of the shark's body length of the shark's length is 10-foot and inch is 2 6-inch remoras are 0. (Assume that the 2 6-inch",False,True,captured
gsm8k_474,gsm8k,0.6B,0.5B,4,stochastic,42,10.4203,108.94,40.44,256,24.57,458,141,116,0.3079,1.22,False," Let's solve this step by step by step.

Step 1: Determine the fraction problem together. So, if step by step.

Step 1. Step 1. So, the problem together.

Step 1: 

Step 1. We know that three-fourths.

Okay, let's see. First, we need to find the problem together. So, the problem.

Okay, let's problem.

Okay, let's solve this problem together. 

Step 1: Let the problem step by step.

We know that three-fourths.

Step 1: Determine the fraction problem. So, the problem step by step.

We know that three-fourths.

Okay, let's see step by step.

First, we need to solve this step by step.

Okay, let's see step by step.

First, we need to find the total number by step. First, we can be step by step.

We are step by step.

First, we know that three-fourths of the problem together.

Okay, let's solve this step by step.

Okay, let's see step by step.

First, we know that three-fourths of the students who is step by step:

Okay, let's see step by step.

First, we can be step",False,True,captured
gsm8k_479,gsm8k,0.6B,0.5B,4,stochastic,42,12.5177,109.22,48.66,256,20.45,552,119,138,0.2156,0.86,False," 

Okay, let's see.>

Okay, let's think>
Okay, let's think>
Okay, let's calculate the total cost >
Okay, let's calculate the total cost >
Okay, let's calculate the total cost of the hotel cost of the total cost of the cost of plane tickets cost of plane tickets cost of the hotel price of the cost of plane tickets cost of plane tickets cost of plane tickets cost $18500>
Okay, let's see the total cost >

Okay, let's calculate the total cost >

Okay, let's think>
Okay, let's calculate the total cost of the number >
Okay, let's think>
Okay, let's see the problem.>
Okay, let's calculate the total cost of the hotel cost of the hotel cost of the hotel cost > 

Okay, let's think>
Okay, let's see the total cost >
Okay, let's calculate the total cost >
Okay, let's see the total cost >
Okay, let's see the total cost of the trip cost of plane tickets +5000>
Okay, let's see the total cost > 

Okay, let's

Let me think>
Okay, let's think>
Okay, let's see the total cost >

Okay, let's",False,True,captured
gsm8k_480,gsm8k,0.6B,0.5B,4,stochastic,42,12.4319,109.01,48.32,256,20.59,547,119,138,0.2176,0.86,False," 

Okay, let's see.>

Okay, let's see. 

Okay, let's see the number >
Okay, let's see the number >
Okay, let's see below >
Okay, let's see below >

To solve this problem, we need to find the number >
Okay, let's see the number >
Okay, let's see below







To solve this problem, we need to find the total number of tubes of paint tubes of paint tubes of the number >
Okay, let's see below > 

Let me try to calculate the number >
Okay, let's see the number >
Okay, let's see below > 

Okay, let's see the number > 

Okay, let's see the number of tubes of the number > 

Let me try to solve step-by>

To solve step-by-15>
Okay, let's see the number >
Okay, let's see below >
Okay, let's see below >.
Let me think>
Okay, let's see the number of tubes of paint tubes of paint tubes of the number of tubes of paint tubes of paint tubes of paint tubes>
Okay, let's see the number of tubes of paint tubes of paint tubes of paint>
Okay, let's see below >",False,True,captured
gsm8k_489,gsm8k,0.6B,0.5B,4,stochastic,42,9.304,109.11,36.06,256,27.52,407,155,102,0.3808,1.52,False," 

To find the average of the average temperature > 

Okay, let's see.>

To find the average highest temperature >
To find the average highest temperature of Southlandia's>

To find the average highest temperature of Southlandia's average temperature >
To find the average highest temperature >

To find the average highest temperature of Southlandia's>

To find the average highest temperature > 

Wait, I need to calculate the average of -12.>

To find the average highest temperature of Southlandia'something>
To find the average highest temperature of Southlandia>
To find the average highest temperature of Southlandia>
To find the average highest temperature of Southland>

To find the average highest temperature > 

Okay, let's average temperature > 

Okay, let's see the average temperature >
To find the average highest temperature of Southlandia>
To find the average highest temperature of Southland>
To find the average highest temperature of Southlandia>
To find the average highest temperature of Southland>

To find the average highest temperature of Southlandia>
To find the average highest temperature of Southland>
To find the average highest temperature of Southland>
To find the average highest temperature of Southlandia>
To find the average temperature >
To find the average",False,True,captured
gsm8k_491,gsm8k,0.6B,0.5B,4,stochastic,42,12.7563,109.04,49.6,256,20.07,562,116,141,0.2064,0.82,False," 

Okay, let's see.>

To determine the number of eggs that won't be able to place your answer > 

Okay, let me think through the number >
Okay, let me think>
Okay, let me think>
Okay, let me think through the number >
Okay, let me think>
Okay, let me think through the process > 

To determine the number of eggs that won't be able to place your answer here >
Okay, let me think through the process > 

Okay, let me think>
Okay, let me think. 

To determine the number of eggs that won't be able to place your answer here >
Okay, let's

To determine the total eggs>
Okay, let me think this is 164>
Okay, let's





Okay, let's

To determine the total eggs - 16>
Okay, let's>
Okay, let me think. So, the total eggs - 64 - 64 - 64 - 64 - 

Okay, let's

To determine the total eggs - (64 - 64 - 64 - 164 - (64 - 64 - 16>
Okay, let me think",False,True,captured
gsm8k_492,gsm8k,0.6B,0.5B,4,stochastic,42,14.4592,108.93,56.28,256,17.7,633,98,159,0.1548,0.62,False," 

Okay, let's see.>

Okay, let me think>
Okay, let me think>
Okay, let me think>
Okay, let me think>
Okay, let me think>
Okay, let me think about 32444444>
Okay, let me think>
Okay, let me think about 324>
Okay, let'something>
Okay, let's see the total cost >
To determine the total cost of the total cost of the total cost >
To determine the total cost step-by-step>
Okay, let me to be careful with the correct answer here >
To determine the total cost step-by-step explanation > 

Let me think>
Okay, let me think>
Okay, let me think step-by- 324>
Okay, let me think step by the total cost >
To determine the total cost step by the total cost >
To determine how much does not a number >
To determine how much does she spend in the total cost >
To determine how much does she spend in dollars>
Okay, let'sp>
Okay, let me think step by step-by>
Okay, let's>

To determine the total cost step-by-step calculation >
To determine how much does she spend in the total cost is this is the total",False,True,captured
gsm8k_498,gsm8k,0.6B,0.5B,4,stochastic,42,11.3462,109.15,44.07,256,22.56,500,132,125,0.264,1.06,False," 

Okay, let's see.>

Okay, let's see. 

Okay, let's think>
Okay, let's see the number > 

Okay, let's think>
Okay, let's see below >

Okay, let's see below >

To solve this problem, we need to find the number >
Okay, let's see the number > 

Okay, let's see the number >
Okay, let's see the number >
Okay, let's see the number of pies>
Okay, let's see the number of pies>
Okay, let's see below >

Okay, let's>
Okay, let's see the number > 

Okay, let's> 

To solve step-by>
Okay, let's see the number of pies>
Okay, let's see below > 

Okay, let's

Let me solve the number >
Okay, let's see the number of pies>
Okay, let's see below > 

Okay, let's>
Okay, let's see the number of pies they can make 150>
Okay, let's>
Okay, let's see the number of pies they can be filled in the number >
Okay, let's see the number of pies they can make 10>

Okay, let's see the number of pies they",False,True,captured
gsm8k_510,gsm8k,0.6B,0.5B,4,stochastic,42,10.9763,109.49,42.61,256,23.32,481,135,121,0.2807,1.12,False," (Remember to round to the number of the number of decimal places as needed. the number of decimal places as needed.)

Okay, let's see. the number of the number of decimal places as required decimal places. (Remember to round to the nearest whole number.)

Okay, let's see the number of decimal places as needed.)

Okay, let's see if necessary decimal places) the number of decimal places as needed decimal places.))

Okay, let's say, the number of decimal places as required decimal places.)

Wait, the user's nearest whole number. (Remember to round to the nearest whole number.)

Okay, let's say, the nearest whole number.)

Okay, let's say, 2 decimal places. (Remember to round to) the nearest whole number. the number of days. (Remember to round to) the nearest whole number.)

Okay, let's see the number of decimal places as needed. (Remember to round to) the nearest whole number.)

Wait, the user's nearest whole number) the nearest whole number.)

Wait, the question) the number of days, the number of days.)
Okay, let's see if needed decimal places, the number of days.)

Wait, the question: the number of days. Assume that the time of the nearest",False,True,captured
gsm8k_512,gsm8k,0.6B,0.5B,4,stochastic,42,13.2217,109.94,51.42,256,19.36,582,111,146,0.1907,0.76,False," 

Okay, let's see.>

To determine the number >
To determine the total distance in the number >
To determine the total distance in the correct answer here >
To determine how many milliliters of water will be careful calculation here >
To determine how many milliliters of water.>

To determine the total distance first calculate the number you need to drink 1248484840>
Okay, let's see the number >
To determine the total distance first.>

To determine the total distance first calculate the total > 

Okay, let's see the number >
To solve this step-by>
Okay, let's see the answer here >
To determine how many milliliters of water will be careful with the number >
To determine how many milliliters>
Okay, let's see the number >
To solve the number >
To determine how many milliliters of water will be careful with the units >
To solve this is 60 * * 120>
Okay, let's see the number >
To solve this step-by-step calculation > 

To determine the total distance first.>

To determine how many milliliters of water.>

Okay, let'solution>
Okay, let's think>
Okay, let's calculate the total",False,True,captured
gsm8k_522,gsm8k,0.6B,0.5B,4,stochastic,42,11.0805,108.43,43.03,256,23.1,485,134,122,0.2763,1.1,False," 

Okay, let's see.>

Okay, let's think>
Okay, let's think>
Okay, let's think>
Okay, let's think>
Okay, let's see below >
Okay, let's see the number >
Okay, let's see below >

Okay, let's think>
Okay, let's see below >

Okay, let's see below > 

Okay, let'stbd4460>
Okay, let's see below > 

Okay, let's think>
Okay, let's think>
Okay, let's see below >

Okay, let'stbd>
Okay, let's see below >
Okay, let's see the sum of all the number >
Okay, let's see the number >
Okay, let's see below
Okay, let's see the total quarts>
Okay, let's see below >

Okay, let'stbd>
Okay, let's see below >

Okay, let'stbd>
Okay, let's think>
Okay, let's see below >
Okay, let's see below > 

Okay, let'stbd>
Okay, let's think > 

Okay, let'stbd>
Okay, let's think step-by> 

Okay, let's answer here > 

Okay, let'st",False,True,captured
gsm8k_524,gsm8k,0.6B,0.5B,4,stochastic,42,12.1833,108.78,47.35,256,21.01,537,121,135,0.2253,0.9,False," 

Okay, let's see.>

To determine the number of rows of the number >
To determine the number of rows for the number > 

Okay, let's think>
Okay, let's think>
Okay, let's think>
Okay, let's think>
Okay, let's think>
Okay, let's think > 

Okay, let's think>
Okay, let's think through the number > 
Okay, let's think>
Okay, let's see the number >
To determine the number of rows for the number of the number > 

Okay, let's think through the process > 

Okay, let's think > 

To determine the number of rows for the number of rows>
Okay, let's think through the problem solution >

To determine the number of rows for the number of rows for the number >
To determine how many rows of the number of the number of rows for the answer here >
To determine how many rows of flowers rows>
Okay, let's see below >
To determine the number of rows for the number of rows of flowers rows >
To determine how many rows of flowers will be careful steps here > 
Okay, let's see below > 

To determine how many rows of flowers will be careful here >

To determine how many rows of flowers will be",False,True,captured
gsm8k_525,gsm8k,0.6B,0.5B,4,stochastic,42,9.2613,109.0,35.89,256,27.64,406,154,102,0.3793,1.51,False," To find the number of batches, divide the total number of cups of raisins used, divide the total amount of raisins used in the batches of batches, divide the total amount of raisins in the problem, divide the total number of batches, divide the total number of cups of raisins per batch, you need to divide the total number of cups of raisins per the batches, divide the total amount of raisins she needs to be sure, divide the total amount of raisins she can be found, divide the total amount of raisins she can be found, you need to divide the total batches, divide the batches, divide the total amount of raisins per batch, divide the total amount of raisins per batch, divide the total amount of batches, divide the total number of batches of batches, divide the total number of batches, divide the total number of cups of raisins per batch, divide the total batches, divide the total number of batches of batches, divide the total number of batches of batches of batches, divide the total amount of raisins per batch, you need to divide the total batches, divide the total batches, divide the total number of batches of oatmeal cookie batches, you need to divide the total batches, divide the total amount of rais",False,True,captured
gsm8k_526,gsm8k,0.6B,0.5B,4,stochastic,42,12.4902,109.14,48.55,256,20.5,551,119,138,0.216,0.86,False," 

Okay, let's see.>

Okay, let's see.>

Okay, let's think>
Okay, let's think>
Okay, let's think>
Okay, let's see below > 

Okay, let's calculate the difference in numbers >
To find the difference in numbers >
Okay, let's calculate the difference in numbers >

To find the difference in Ada's weekly electric bill before and after difference in the blank >
To find the difference in Ada's weekly electric bill before, 373737. 

Final Answer>
Okay, let's see the difference in numbers > 

Okay, let's see below > 

To find the difference in numbers > 

Okay, let's>
Okay, let's calculate the difference in cost difference in numbers >

Okay, let's see the difference in cost difference in the number >
To determine the difference in numbers >

To find the difference in numbers, no answer >
To find the difference in Ada's weekly electric bill before > 

To determine the difference in cost difference >
Okay, let's see the number >
To find the difference in Ada's weekly electric bill before and after difference in numbers, no answer yet to be sure you need to calculate the difference in the difference in the difference in numbers > 

Okay,",False,True,captured
gsm8k_528,gsm8k,0.6B,0.5B,4,stochastic,42,12.41,109.03,48.24,256,20.63,547,120,137,0.2194,0.88,False," 

Okay, let's try to find the total number of sofas and chairs and then put final answer here >

Okay, let's think>
Okay, let's think>
Okay, let's think>
Okay, let's try to calculate the total number of sofas and chairs and chairs and chairs and chairs and chairs. 

Okay, let's think>
Okay, let's calculate the total number of sofas and chairs and chairs and chairs and then the total number >
Okay, let's think>
Okay, let's think>
Okay, let's try to calculate the total number >

To solve this problem, we need to find the total number >

Okay, let's try to find the total number of sofas and chairs and chairs that is the total number >
Okay, let's think>
Okay, let's calculate the total number of sofas and chairs and then your answer here >

Okay, let's try to solve step by step > 

Okay, let's think>
Okay, let's think step-by-148880>
Okay, let's try to find the total number of sofas and chairs >

Okay, let's try to find the total number of sofas and chairs and sofas and then put your answer here >
Okay, let's try to find the total number of",False,True,captured
gsm8k_531,gsm8k,0.6B,0.5B,4,stochastic,42,11.6072,108.85,45.09,256,22.06,511,129,128,0.2524,1.01,False," 

Let me solve this step-by>
Okay, let's see. 

Okay, let's see, let'solution>
Okay, let's think>
Okay, let's see below >
Okay, let's see the number > 

Okay, let's think>
Okay, let's see below >

Okay, let's see below > 

Okay, let's>
Okay, let's see the number >
To solve this problem, we need to calculate the number of passengers after second stop>
Okay, let's see below >

Okay, let's see the thought process > 

Okay, let's see the problem again, let's>
Okay, let's think>
Okay, let's see the number >
Okay, let's see below >

Okay, let's see the number >
Okay, let's see below >

Let me solve this step by step and then put your answer here >

Okay, let's see below >

Okay, let's>
Okay, let's see below > 

Okay, let's>

Okay, let's see below >
Okay, let's see the number of the number >
Okay, let's

Let me solve this step by the number of passengers after the number > 

Okay, let's
Okay, let's see the number you need to put",False,True,captured
gsm8k_535,gsm8k,0.6B,0.5B,4,stochastic,42,11.8088,109.33,45.88,256,21.68,521,125,131,0.2399,0.95,False," 

Okay, let's see the number > 

Okay, let'something>
Okay, let's think>
Okay, let's think>
Okay, let's think>
Okay, let's think>
Okay, let's try to solve step-by>
Okay, let's think>
Okay, let's think>
Okay, let's see below > 

Okay, let's see the number >
Okay, let's see the number >
Okay, let's try to think>
Okay, let's think>
Okay, let's see the number >
Okay, let's try to think>
Okay, let's>
Okay, let's try to find the answer >

To solve this problem, we need to find out how many candies does not enough information not enough information not enough information

Okay, let's see below

Okay, let's see below > 

Okay, let's>
Okay, let's try to think>
Okay, let's

Okay, let's see below >
To solve this problem, we need to find out of the number >
Okay, let's try to find the answer > 

To solve the problem step-by-step-express the number >
Okay, let's try to solve the number >
Okay, let's try to find the answer >

To solve this step",False,True,captured
gsm8k_536,gsm8k,0.6B,0.5B,4,stochastic,42,11.8646,108.3,46.1,256,21.58,525,124,132,0.2362,0.94,False," 

Okay, let's see.>

Okay, let's see. 

Okay, let's age of the correct answer here put the correct answer here >
Okay, let's see below
Okay, let's see below > 
Let me solve the answer here put the answer here >.
Let me solve the answer here put your answer here >
Okay, let's see below > 
Let me think>
Okay, let's see below >

To solve this problem, we need to find Anne is the answer here put the answer here > 

Okay, let's see below >
Okay, let's see below
Okay, let's see below >

To solve this problem, we need to find Anne's age is the answer here. 

Final Answer>
Okay, let's see below >
Okay, let's see below >. Let's age of Anne is 18>
Okay, let's see below >
Okay, let's see below >

To solve this problem, we need to find Anne's age is the answer.
Let me solve the problem step by step-by- 18>
Okay, let's see below >
Okay, let's age is the correct answer here put the answer >
To solve this problem, we need to find Anne's age is 14",False,True,captured
gsm8k_537,gsm8k,0.6B,0.5B,4,stochastic,42,13.4172,108.61,52.19,256,19.08,582,111,146,0.1907,0.76,False," 

Let's>

Okay, let's see.>

Okay, let's think>
Okay, let's think>
Okay, let's think>
Okay, let's calculate the total thickness in numbers >

To find the total thickness of the four books is the total thickness of four_books_thickness>
Okay, let's calculate the total thickness in numbers >
To find the total thickness of the four books is 187749>
Okay, let's see the total thickness in numbers >

Okay, let's calculate the total thickness in the total thickness in numbers only the total thickness in the total thickness of the four books is the total thickness of the four_books_thickness>
Okay, let's think step-by-step- 

Let's>

To find the total thickness of the total thickness in the total thickness in numbers only > 

Okay, let's see the total thickness in the total thickness in the total thickness in numbers, let's calculate the total thickness in the total thickness of the four_books_thickness>
Okay, let's calculate the total thickness of the four_books_thickness>
Okay, let's calculate the total thickness in the total thickness of the total thickness in numbers, no >
To find the total thickness of the four books is the total thickness of the four_books_thickness>
Okay,",False,True,captured
gsm8k_540,gsm8k,0.6B,0.5B,4,stochastic,42,11.7306,109.92,45.57,256,21.82,515,126,130,0.2447,0.97,False," 

Okay, let's try to be careful with the answer here >
Okay, let's try to find the number > 

Okay, let's think>
Okay, let's think>
Okay, let's think>
Okay, let's think>
Okay, let's try to solve step-by- 

Let me think>
Okay, let's think>
Okay, let's try to solve step by step-by- 

Okay, let's think>
Okay, let's think>
Okay, let's try to find the answer here > 

Okay, let's think>
Okay, let's think>
Okay, let'something>
Okay, let's try to solve this is not yet to be sure to be careful with the correct answer >

Okay, let's try to find the final answer >
Okay, let's try to find the answer here >
Okay, let's try to solve the number > 

Okay, let'solution>
Okay, let's try to find the answer > 

Let me try to solve this step by the number > 

Okay, let's think>
Okay, let's think step by step-by-148480>
Okay, let's try to find the answer > 

Okay, let's

Let me try to solve this is the",False,True,captured
gsm8k_544,gsm8k,0.6B,0.5B,4,stochastic,42,12.3501,108.71,48.01,256,20.73,545,120,137,0.2202,0.88,False," 

Okay, let's see. 

Let me think about 40>
Okay, let me think >
Okay, let me think >
Okay, let me think > 

Okay, let me think >
Okay, let me think step by step-by-step-replace answer >
Okay, let me think this is 40>
Okay, let me think this through the answer > 

Okay, let me think step-by>
Okay, let's




To solve this problem, we need to find out how much does not sure. Let's



Okay, let's

Okay, let's

Okay, let's

Okay, let's

Let me think step by step-by>
Okay, let me think this is 4 times the number > 
Okay, let's

Okay, let's

Okay, let's

Okay, let's






To solve this problem, we need to find out of the solution > 

Okay, let's

Let me think through the answer >
Okay, let's see the amount > 

To solve step-by- 40>
Okay, let's 40>
Okay, let'something>

Okay, let's



Okay, let's

",False,True,captured
gsm8k_547,gsm8k,0.6B,0.5B,4,stochastic,42,11.7133,108.95,45.51,256,21.86,516,127,130,0.2461,0.98,False," (Note: The first round is Ali calls are not counted in the first round is Ali calls are made by Ali's call is Ali's call is Ali's call is considered round is Ali calls are the first round is Ali's first round is Ali calls are made by Ali is Ali calls are made by Ali, second round is the first round is Ali calls is Ali's first round is Ali calling round is Ali's call is round is Ali, the first round is Ali calls are made by Ali, second round is the first round is Ali calling round is Ali calling round is the first round is Ali calling round is the one is Ali calls is Ali's call is not a call is Ali calls are made by Ali is Ali, the initial call is the first round, the first round is Ali calls is Ali calls are made by Ali's first round is Ali calls is Ali's call is round 3 families notified family is Ali's call is the first round.)

Okay, let's see the first round is Ali's call is Ali calls are made by Ali, second round is the second round is the first round is Ali calling round is Ali's call is the first round is Ali, the first round is Ali's round is Ali calls are made by Ali's call is",False,True,captured
gsm8k_562,gsm8k,0.6B,0.5B,4,stochastic,42,9.9458,108.8,38.58,256,25.74,437,147,110,0.3364,1.34,False," Also, what is the angle between the sun's height of the angle between the sun's height?

Wait, the problem is the angle between the sun and what is the angle between the sun's angle between the sun and what is the angle between the angle between the sun's height of the angle between the sun's angle between the sun and the height of the pyramid? Please, please, angle between the sun and the total height of the pyramid? (total angle between the sun and the pyramid's total height of the pyramid if the total height of the pyramid? total height of the pyramid?

Wait, the angle between the sun and the angle between the sun and the pyramid's angle between the sun and the pyramid's angle between the sun and the angle between the sun and the total angle between the sun and the angle between the sun and the angle between the sun and the total angle from the ground to the sun's angle between the sun and the pyramid's angle of the angle between the sun and the total height of the pyramid if the angle between the sun and the angle between the sun and the pyramid's height of the pyramid?

To be clear, the question that angle between the sun and the total angle between the sun and the angle between the sun and the angle between the",False,True,captured
gsm8k_571,gsm8k,0.6B,0.5B,4,stochastic,42,13.4016,109.2,52.13,256,19.1,591,109,148,0.1844,0.74,False," 

Okay, let's see. Let's cost so far, let's calculate the total cost is the total cost of spaying cost of the total cost so far, let's calculate the total cost >
Okay, let's calculate the total cost >
Okay, let's calculate the total cost >
Okay, let's calculate the total cost step by

Let me calculate the total cost >
Okay, let's see the total cost >
Okay, let's calculate the total cost >
Okay, let's calculate the total cost step by 4200>

Okay, let's see the total cost is 200 + 200>
Okay, let's see the total cost is this is the number >
Okay, let's see below >
Okay, let's see the steps > 

Okay, let's see the total cost is not sure, let's>
Okay, let's see the problem solution >
Okay, let's see the steps above steps here put your answer >
Okay, let's see, let's see the problem again, let's cost of the total cost >
Okay, let's see solution >
Okay, let's see solution > 

Okay, let's cost of the problem solution >
Okay, let's see the total cost > 

Okay,",False,True,captured
gsm8k_576,gsm8k,0.6B,0.5B,4,stochastic,42,9.1359,109.73,35.4,256,28.02,400,156,100,0.39,1.56,False," 

Okay, I need to figure out the problem. So Michael wants to figure out the total cost for this problem here. Michael is replacing the carpet in this problem here. Michael is replacing the carpet in this problem step by step. So Michael is replacing the carpet in this problem step by step. So Michael is replacing the carpet in this problem step by step. So Michael is replacing the carpet in this problem step by step. So Michael wants to find out. So Michael is replacing the carpet in this problem step by step by step by step. So Michael is replacing the carpet replacement. So Michael is replacing the carpet in this problem step by step. So Michael wants to find out the total cost for this problem step by step. So Michael is replacing the carpet in this problem step by step. So Michael is the problem here. Michael is replacing the carpet in this problem step by step by step. So Michael is replacing the carpet in this problem step by step by step. So Michael is replacing the carpet in this problem step by step. So Michael wants to figure out the total cost for this problem. So Michael is replacing the carpet in this problem here. Michael is replacing the carpet in this problem step by step. So Michael wants to figure out the total cost for",False,True,captured
gsm8k_578,gsm8k,0.6B,0.5B,4,stochastic,42,12.663,108.58,49.23,256,20.22,559,116,140,0.2075,0.83,False," 

Okay, let's try to be careful with the answer >
Okay, let's try to find the answer >

Okay, let me think>
Okay, let me think>
Okay, let me think>
Okay, let me think>
Okay, let's try to find the number >
Okay, let me think>
Okay, let me think>
Okay, let's value >

To solve this step-by-2080>

Okay, let's try to find the value >

Okay, let's try to find the value of the number train?

Okay, let me think>
Okay, let me think>
Okay, let's try to find the value of the problem solution > 

Okay, let's try to find the final value >
Okay, let me think>
Okay, let'solution>
Okay, let's value >
Okay, let'solution>
Let me try to solve this is not sure> 

Okay, let's value >
Okay, let'something>
Okay, let's try to solve this is the number >

To solve this problem, we need to find the value >
Okay, let's try to calculate the final value >
Okay, let's>
Okay, let's try to find the value of the number train?

Let me think through the problem step",False,True,captured
gsm8k_580,gsm8k,0.6B,0.5B,4,stochastic,42,10.8883,108.61,42.27,256,23.51,478,135,121,0.2824,1.12,False," 

Okay, let's see.>

Okay, let's see, 

Okay, let's see below >

Okay, let's see the correct temperature > 

Okay, let's see the correct temperature >

Okay, let's see. 

Okay, let's see the correct_temperature>
Okay, let's see below >
Okay, let's see, 4370>
Okay, let's see solution >
Okay, let's see the correct temperature >

Okay, let's see the temperature > 
Okay, let's see, so 450 > 
Okay, let's see, so the temperature >
Okay, let's see the correct temperature >

To solve this problem, we need to find the temperature > 

Okay, let's see.>

Okay, let's see below

Okay, let's see the correct temperature >

Okay, let's solve the correct temperature >
Okay, let's see the number > 

Okay, let's answer here >
Okay, let's see below
Okay, let's see below>
Okay, let's see below

Okay, let's oven temperature >
Okay, let's see the correct temperature >
Okay, let's see solution >
Okay, let's see the correct temperature >.
Okay, let's see solution > 

",False,True,captured
gsm8k_581,gsm8k,0.6B,0.5B,4,stochastic,42,12.4091,108.81,48.24,256,20.63,549,119,138,0.2168,0.86,False," 

Okay, let's see.>

To determine the number >
To determine the total time in minutes > 

Okay, let's calculate the total time in the total time in the total time in minutes>
Okay, let's see the number > 

Okay, let's think > 

Okay, let's see the answer here put your answer here > 

To find the total time Max will take 11955555>
Okay, let's think>
Okay, let's see the thought > 

Okay, let's calculate the total time in the number >
To determine the total time in numbers >

To determine the total time in minutes>
Okay, let's calculate the total time in minutes>

To determine the total time in the number >.
Okay, let's see the number > 

To determine the total time in minutes>
Okay, let's see the number >.
To determine the total time Max needs to be careful calculation >
To find the total time in the total time in numbers >
To find the total time Max will take 1195>
Okay, let's see the number of the number >. 

To find the total time Max needs to be filled number >.
To determine the total time Max will take 1155",False,True,captured
gsm8k_583,gsm8k,0.6B,0.5B,4,stochastic,42,10.3897,109.96,40.31,256,24.64,457,142,115,0.3107,1.23,False," 

Okay, let's see the total number of utensils > 

Okay, let's see below >
Okay, let's see the steps >
Okay, let's think>
Okay, let's see below >
Okay, let's see the total number of utensils >
Okay, let's see the total number of utensils > 

Okay, let's see below > 

Okay, let's think>
Okay, let's see the total number of utensils > 

To solve this problem, we need to find the total number of utensils>
Okay, let's think>
Okay, let's see the thought process > 

Okay, let's see the total number of utensils > 

Okay, let's total number of utensils>
Okay, let's see below >
Okay, let's try to solve the total number of utensils >
Okay, let's think>
Okay, let's see, let's see below > 

Okay, let's think > 

Let me think>
Okay, let's think>
Okay, let's try to find the total number of utensils>
Okay, let's think>
Okay, let's try to find the total number of the total number of utensils >
Okay, let's try to find the total number of utensils",False,True,captured
gsm8k_585,gsm8k,0.6B,0.5B,4,stochastic,42,11.8055,109.04,45.87,256,21.68,521,126,131,0.2418,0.96,False," 

Okay, let's see.>

Okay, let's think>
Okay, let's think>
Okay, let's think>
Okay, let's think>
Okay, let's think>
Okay, let's see the answer >

Okay, let's think>
Okay, let's think>
Okay, let's see below >

Okay, let's see below > 

Okay, let's>
Okay, let's see the amount >
Okay, let's see below >

To solve this problem, we need to calculate the difference in money earned between the answer >
To solve this step-by>
Okay, let's see the number >

To solve this problem solution >

To solve this problem, we need to calculate the total difference in the amount >
Okay, let's see the amount of the number >

Okay, let's

Let me think>
Okay, let's see below > 

Let me think>
Okay, let's see the number of hours John earned more money > 

Okay, let'something>
Okay, let's see the number >

To solve this problem, we need to calculate the amount > 

Okay, let's>
Okay, let's see the answer here >

To solve this problem, we need to calculate the total amount > 

Okay, let's

Okay,",False,True,captured
gsm8k_586,gsm8k,0.6B,0.5B,4,stochastic,42,13.7098,109.19,53.34,256,18.67,603,104,152,0.1725,0.68,False," 

Okay, let's see.>

To determine the number >
To determine the total_water>
Okay, let's see the number >
To determine the total calories burned > 

Okay, let's see the number >
To determine how many ml>
Okay, let's see below > 

Okay, let's think>
Okay, let's think>
Okay, let's see the number >
To determine how many ml of water does not yet to be careful calculation here put the final answer here >
To determine the total calories burned by step-by> 

To determine the total calories burned first calculate the total calories burned first calculate the answer here >
To determine how many ml of water does not sure > 

Okay, let's total water needed water needed in the number >
To determine how many ml of water does not yet to be determined by the way to be careful calculation here >
To determine how many ml of water needed_water_volume in numbers here >
To determine how many ml of water does not sure to be filled in number > 

Okay, let'solution>
Okay, let's see the number >
To determine how many ml of water does not yet determined by the total_water_amount>
Okay, let's see the number > 

To determine how many ml of water needed in the number",False,True,captured
gsm8k_587,gsm8k,0.6B,0.5B,4,stochastic,42,11.2921,108.75,43.86,256,22.67,495,132,125,0.2667,1.06,False," 

Okay, let's try to be careful with the number >
Okay, let's think>
Okay, let's think>
Okay, let's think>
Okay, let's think>
Okay, let's try to find the number of green jelly beans>
Okay, let's think>
Okay, let's try to find the number >
Okay, let's think>
Okay, let's think>
Okay, let's try to think>
Okay, let's>

Okay, let's try to find the number of green and the number >
Okay, let's try to compute the number of green jelly beans>
Okay, let's think step-by-10>

Okay, let's try to be sure > 

Let me try to solve this step by step, let's think>
Okay, let's think>
Okay, let's try to solve this step-by>

Okay, let's try to find the number of green and then answer >

Okay, let's try to find the number of green andred>
Okay, let's try to compute the number of green and then you need to calculate the number of blue_j>

Okay, let's try to find the number of green_j>

To solve this step-by>
Okay, let's try to solve this step by 1",False,True,captured
gsm8k_588,gsm8k,0.6B,0.5B,4,stochastic,42,12.4126,109.34,48.25,256,20.62,546,120,137,0.2198,0.88,False," 

Okay, let's see.>

To find the average of three_measurement>
Okay, let me think>
Okay, let me >.>

To find the average of the average > 

Okay, let meh32827255352948285>
Okay, let's see the average >
To find the average of the average > 

Okay, let me think>
Okay, let me >
To find the average of the average >.>

To find the average of the three measurements.>

To find the average of the three measurements is the average >
To find the average of the average > 

Okay, let's>

To find the average of the average > 

To find the average of the average > 

To find the average of the three measurements is not sure > 

To find the average of the average >
To find the average of the average > 

Okay, let me think>
Okay, let me >
To find the average of the average >
To find the average of the three measurements. 

Okay, let's> 

Okay, let me >.>

To find the average of the average >
To find the average of the average >
To find the average of the average >
To find the average of the three",False,True,captured
gsm8k_591,gsm8k,0.6B,0.5B,4,stochastic,42,11.2867,109.4,43.83,256,22.68,495,133,124,0.2687,1.07,False," 

Okay, let's see.>

Okay, let's think>
Okay, let's think>
Okay, let's see the answer here >
To determine the Mastiff's weight is the weight of Mastiff's weight of the Mastiff's weight is the final answer >
Okay, let's see the Mastiff's weight is 1112135550>
Okay, let's see the Mastiff's weight is 44 times the Mastiff's weight is 440>
Okay, let's think>
Okay, let's see the thought process > 

Okay, let's see the Mastiff's weight > 

To determine the weight of Mastiff's weight of the Dachshund's weight is the answer > 

Okay, let's see the Mastiff's weight > 

Okay, let's see the Mastiff's weight > 

Okay, let's weight is 13526620>
Okay, let's see below the line>
Okay, let's see below >
To determine the weight of Mastiff in pounds> 

Okay, let's weight is 10>
Okay, let's weight is 1166666660>
Okay, let's weight is ",False,True,captured
gsm8k_599,gsm8k,0.6B,0.5B,4,stochastic,42,12.1334,108.97,47.15,256,21.1,534,123,134,0.2303,0.92,False," Also, check if the Also, check if the is a total number of legs is a total of the total number of legs is a total of 20% of dogs have a bird canary is a typo in the store has 3 birds are any of the pets are any of the pets are any chickens are any chickens are in the store have a total number of legs is a total of 5 dogs have any of the number of legs is a typo in the question is a bird can fly swansw answer is a total of 25 dogs have any other animals have any of the number of legs is even number of the number of legs is even number of birds are any of the pets are amphibians have any chickens are any chickens are in the store. Also, check if the answer is even number of legs is a total of 4 cats are any chickens are in the store have more than 30 birds are all the legs count of the number of legs is a number of legs count of birds are any chickens are in the store have any of the total number of legs is even number of birds are all the animals have any other animals in the store have any birds are any chickens are in the store has 10 birds are all the animals",False,True,captured
gsm8k_608,gsm8k,0.6B,0.5B,4,stochastic,42,11.3963,108.57,44.27,256,22.46,502,130,127,0.259,1.02,False," 

Okay, let's see.>

Okay, let's think>
Okay, let's think>
Okay, let's see the answer >
Okay, let's think>
Okay, let's think>
Okay, let's see the answer >

Okay, let's see the answer > 

Okay, let's see below >
Okay, let's think>
Okay, let's see the answer > 

Okay, let's money left >

Okay, let's see the answer here >

Okay, let's see below >

Okay, let's see the amount > 

Okay, let's see the answer here >
Okay, let's see the answer here >
Okay, let's see below>
Okay, let's see the answer here >
Okay, 10>
Okay, let's see the number > 

Okay, let's left

Okay, let's see below
Okay, let's see the amount > 

Okay, let's left>
Okay, let's see solution > 

Okay, let'solution>
Okay, let's remaining money >
Okay, let's see the number >
Okay, let's see solution >
Okay, let's see the answer here >

Okay, let's see the answer here >
Okay, let's think>
Okay, let's see below > 

",False,True,captured
gsm8k_612,gsm8k,0.6B,0.5B,4,stochastic,42,11.3472,109.41,44.07,256,22.56,499,132,125,0.2645,1.06,False,"  (Remember to convert pounds) to ounces.)
Answer:
Okay, let's see.  to ounces.)

Okay, let's see the first.)

Okay, let's go ounces.)
Answer: <number to ounces.  to ounces.)

Okay, let's see the ounces.)

Okay, let's see the problem to ounces.)

Okay, let's go ounces.)
Answer:
Okay, let's see the ounces.)
Answer: Let's see the ounces.)

Okay, let's go with the correct to ounces. 1 to ounces. 1 to ounces.)

Okay, let's go through ounces.)
Answer:
Okay, let's see, not to ounces.))

Okay, let's see the to ounces.)

Okay, let's say to ounces.)

Okay, let's say, not to ounces, not to ounces, ounces. 1 pound to ounces.)

Okay, let's go with ounces.)

Okay, let's see the problem to ounces.)

Okay, let's say,  to ounces.)

Okay, let's see the problem says  to ounces.)

Okay, let's see the problem.)

Okay, let's see the ounces.)

Okay, let's see the answer to ounces.)

Okay, let's say, 1 pound to ounces.)

Okay, let's go with",False,True,captured
gsm8k_615,gsm8k,0.6B,0.5B,4,stochastic,42,11.7491,108.8,45.65,256,21.79,517,126,130,0.2437,0.97,False," 

Let me calculate the total amount in the total amount spent>
Okay, let's see. 

Let me calculate the total amount spent by step-by-step calculation >
Okay, let's calculate the total amount spent by the total amount in the total amount spent by the total amount spent > 

Okay, let's see the total amount spent >

Okay, let's calculate the total amount spent > 

Okay, let's calculate the total amount spent by step calculation steps here put your answer here >
Okay, let's calculate the total amount spent by step 2525. 

Okay, let's calculate the total amount spent by step by step calculation >

Okay, let's see the total amount spent >
Okay, let's see the thought>
Okay, let's calculate the total amount spent by step calculation here >
Okay, let's see the total amount spent >
Okay, let's calculate the total amount spent by the total amount spent by the way too many dollars >
Okay, let's see the total amount spent by the way, let's calculate the total amount spent > 
Okay, let's see the total amount spent by the way, I need to calculate the total amount spent >.>
Okay, let's see the total amount spent >
Okay, let's see the",False,True,captured
gsm8k_616,gsm8k,0.6B,0.5B,4,stochastic,42,13.4122,109.15,52.17,256,19.09,590,107,149,0.1814,0.72,False," 

Let me think >
Okay, let's see. 

Okay, let's think >
To determine the height of the beanstalk height in height in height in>
Okay, let's think >
Okay, let's think>
Okay, let's see the number > 

Okay, let's see below >
Okay, let's see below > 
Okay, let's see the number > 

Okay, let's see the number > 

Okay, let's see the number of the number >.>

To determine the height of the beanstalk after 2222240>
Okay, let's see the number >.
Let me think through the problem step by step-by>
Okay, let's see below

Let me think through the steps > 

Okay, let's see the number >. 
Okay, let's see the thought > 

Okay, let's think step by step-by>
Okay, let's see below > 

Okay, let's>
Okay, let's see the number of the problem solution here put your answer > 

Okay, let's see below >

To determine the height of the beanstalk height in inches>
Okay, let's see the answer here >
Okay, let's see the number of the beanstalk height in height in>",False,True,captured
gsm8k_618,gsm8k,0.6B,0.5B,4,stochastic,42,12.4508,108.89,48.4,256,20.56,549,119,138,0.2168,0.86,False," 

Okay, let's see the number > 

Okay, let's think>
Okay, let's think>
Okay, let's solve step-by-step explanation > 

Okay, let's think>
Okay, let's think>
Okay, let's think>
Okay, let's solve step by step and then your answer >

Okay, let's think>
Okay, let's think>
Okay, let's see solution steps >

To solve the problem step-by-step- 366666>
Okay, let's think>
Okay, let's think>
Okay, let's

Okay, let's think>
Okay, let's think step-by>

To solve step-by>
Okay, let's see the number >
Okay, let's see the number > 

Okay, let'st>
Okay, let's see the number of the number >
Okay, let's see solution > 

Okay, let'step-by-step>

Okay, let's see the number of students in the number >
Okay, let's see solution steps here >
Okay, let's see the number of students >
Okay, let's see the number of students > 

Okay, let's

To solve this is the number >
Okay, let's see solution > 

Okay, let's>
Okay,",False,True,captured
gsm8k_622,gsm8k,0.6B,0.5B,4,stochastic,42,12.4547,108.45,48.42,256,20.55,548,120,137,0.219,0.88,False,"  <number>
Okay, let's see the answer:  <number>
Okay, let's break this down step:  <number:  <number>
Okay, let's see the answer: 1 <number>
Okay, let's break down.

Okay, let's see
Okay, let's break down

Okay, let's see the answer: 10

Okay, let's see, let's see the problem again.  <number>
Okay, let's see.  <number>
Okay, let's see the answer: 10

Okay, let's see the answer: 12 <number>
Okay, let's see if the answer: 11:  <number>
Okay, let's see the answer is 2 <number>
Okay, let's break down:

Okay, let's break down:

Okay, let's break down:

Okay, let's see the answer: 2 <number>
Okay, let's see. So, let's break down:

Okay, let's see, let's see if you have to be sure, let's break down.

Okay, let's see the answer: 1: 10

Okay, let's  <number>
Okay, let's",False,True,captured
gsm8k_623,gsm8k,0.6B,0.5B,4,stochastic,42,9.8016,109.07,38.01,256,26.12,430,149,108,0.3465,1.38,False," 

Let me try to solve this problem. So, if I need to figure this problem step by step:

Okay, so the problem step by step. 

Okay, so step by working step by step.

Okay, so step by breaking it down. 

First, I think the problem step by step. 

First, I need to find out how old Charmaine's problem step by step. 

First, we know that Charmaine's problem step by step:

Okay, so step by step:

Okay, so step by step:

First, step by step:

Okay, so step by step:

Okay, so the problem step by step:

First, step by step:

First, I think step by step:

Okay, step by step.

Okay, so the problem step by step:

Okay, so the problem step by step. 

Okay, so the problem step by step:

Okay, so the problem says that in the problem. 

Okay, so the problem step by step. 

Okay, so the problem step by step:

Okay, so the problem step by step:

Okay, step by step:

Okay, step by step:

First, I think step by step:
Okay, so the problem step by step. So, if I need to find out how",False,True,captured
gsm8k_628,gsm8k,0.6B,0.5B,4,stochastic,42,10.6901,108.4,41.5,256,23.95,469,138,118,0.2942,1.17,False," 

Okay, let's see.>

Okay, let's see, 

Okay, let's see below >

Okay, let's see the number >
Okay, let's see below >
Okay, let's see the number >
Okay, let's see the number >
Okay, let's see the number of the number >
Okay, let's see the number of years>
Okay, let's see the number of years > 
Okay, let's see the number of years >
Okay, let's see the number of years >

Okay, let's see the number >
Okay, let's see the number of years >
Okay, let's see the number of years >
Okay, let's see the number of years >
Okay, let's see the number of years >. 

Okay, let's see the number >
Okay, let's see the number of years >

To determine the number of years > 

Okay, let's see below

Okay, let's see the number >
Okay, let's see the number of years needed number > 

To determine the number of years needed number >
Okay, let's see the number of years needed > 

Okay, let's height in the number >.
Okay, let's see the number of years >
Okay, let's see the",False,True,captured
gsm8k_631,gsm8k,0.6B,0.5B,4,stochastic,42,12.9098,108.56,50.2,256,19.83,569,113,143,0.1986,0.79,False," 

Okay, let's see.>

Okay, let's think>
Okay, let's think>
Okay, let's calculate the total price for all three jewels_total_price>
Okay, let's think>
Okay, let's calculate the total price > 

Okay, let's think>
Okay, let's calculate the total price in dollars>
Okay, let's calculate the total price in dollars > 

To find the total price for the total price of the total price >
Okay, let's see the total price of all three jewels > 

Let me think>
Okay, let's think>
Okay, let's think>
Okay, let's see the total price for all three jewels price of gold jewel price of the total price of all three jewels > 

Let me solve the total price for the total price in the total price for the total price for the total price for the total price for the total price of all three jewels > 

Let me solve the total price in the box >

Okay, let's see the total price > 

Let me try to think>
Okay, let's think>
Okay, let's see the total price of all three jewels is $68000>

Okay, let's total price of the total price for all three jewels_total_price>
",False,True,captured
gsm8k_640,gsm8k,0.6B,0.5B,4,stochastic,42,12.7272,108.15,49.49,256,20.11,560,116,141,0.2071,0.82,False," 

Let me calculate the total cost of the total cost in dollars>

Okay, let's see.>

To determine the cost of truck cost of the total cost of the truck.>

Okay, let's calculate the total cost of the problem solution >

Okay, let's calculate the total cost in dollars>
Okay, let's see below > 

Okay, let's see the thought>
Okay, let's think>
Okay, let's see the problem through the total cost of the truck's total cost is the total cost of truck cost of the problem solution > 

Okay, let's cost of the truck > 

Okay, let's see below>
Okay, let's think>
Okay, let's see the steps >

Okay, let's calculate the total cost in dollars> 

Okay, let's see the total cost in dollars>
Okay, let's think>
Okay, let's see the solution here >
To determine the cost of truck cost of truck price in dollars> 

To determine the cost of truck cost in dollars> 
Okay, let's see the steps > 

Okay, let's calculate the total cost of the truck in dollars> 

Let me calculate the total cost of the truck >

To determine the cost of truck cost in dollars >

To determine the cost of",False,True,captured
gsm8k_651,gsm8k,0.6B,0.5B,4,stochastic,42,11.2344,108.74,43.63,256,22.79,495,131,125,0.2646,1.05,False," 

Okay, let's see the number >

Okay, let's think>
Okay, let's think>
Okay, let's see the number >
Okay, let's see the number >
Okay, let's see the number >

To solve this problem, we need to find the total amount in the number >
Okay, let's see the number >

Okay, let's see the problem again

Let me think>
Okay, let's think>
Okay, let's try to think>
Okay, let's think>
Okay, let's try to compute the number >
Okay, let's think>
Okay, let's try to compute the total amount in the number >

To solve this problem, we need to find the number >
Okay, let's try to solve this is this is not yet to be sure >
Okay, let's try to find the total amount she made in two months.>

Okay, let's see the number >

Okay, let's see the number >
Okay, let's try to compute the total amount she made in two months is not yet determined amount >
Okay, let's try to find the total amount she made in two months.
Okay, let's try to find the total amount she made in two months is the number >

To solve this step-by>
",False,True,captured
gsm8k_655,gsm8k,0.6B,0.5B,4,stochastic,42,12.1919,109.11,47.38,256,21.0,538,122,135,0.2268,0.9,False," 

To determine the answer step-by>
Okay, let's see.>

To solve this problem, we need to find out how many pages does she has to be careful steps > 

Okay, let's see. 10>
Okay, let's see, 10>

To solve step-by- 10>

To solve this problem, we need to find out of the paper pages>
Okay, let's see the number > 

Okay, let's see the number > 

To solve the number > 

Okay, let's see the number of the number > 

Okay, let's>
Okay, let's see below >
To determine the number > 
Okay, let's see the number > 

Okay, let's see below >
To determine the number > 

Okay, let's>
Okay, let's see the number of pages left>
Okay, let's see the number of pages left to be careful solution > 

Final Answer>
Okay, let's see the number of pages left to be careful with the number > 

Okay, let's> 

To determine the number of pages left_pages>
Okay, let's see the number of pages left >

To determine how many pages does she have left to write the number > 

Final Answer>
Okay,",False,True,captured
gsm8k_658,gsm8k,0.6B,0.5B,4,stochastic,42,10.8692,108.75,42.2,256,23.55,479,136,121,0.2839,1.12,False," 

Okay, let's see the number > 

Okay, let's think>
Okay, let's think>
Okay, let's see the number >
Okay, let's think>
Okay, let's see the answer >

Okay, let's see the answer here >
Okay, let's see below >
Okay, let's see the thought process > 

Okay, let's think>
Okay, let's see the number >
Okay, let's try to think>
Okay, let's think>
Okay, let's try to find the answer here > 

Okay, let's think>
Okay, let's think>
Okay, let's try to find the answer step-by->
Okay, let's try to find the answer step-by> 

Okay, let's see the number > 

Okay, let's
Okay, let's try to find the answer step-by> 90>
Okay, let's try to find the answer here >
Okay, let's try to find the answer step-by>
Okay, let's try to think>
Okay, let's try to find the answer here >
Okay, let's try to solve the problem step by step-by-step>

Okay, let's try to find the answer step-by-150>
Let me think>
Okay",False,True,captured
gsm8k_661,gsm8k,0.6B,0.5B,4,stochastic,42,12.5128,109.33,48.64,256,20.46,549,118,138,0.2149,0.86,False," 

Okay, let's see.>

Okay, let's see the total cost >
Okay, let's see the total cost >
Okay, let's calculate the total cost >
Okay, let's calculate the total cost >
Okay, let's see the answer here put your answer here put your answer here > 

Okay, let's see the total cost >

Okay, let's see the total cost in numbers >
Okay, let's see the total cost in the total cost >
Okay, let's see the total cost in numbers >

Okay, let's see the total cost >
Okay, let's see the total cost of the coffee and the donut cost of the total cost of the total cost >

Okay, let's see the total cost >
Okay, let's see below
Okay, let's see below > 

Let me think>
Okay, let's see below the answer>
Okay, let's see below >
Okay, let's see below > 

Okay, let's see the total cost in the total cost in the total cost of the problem solution here put your answer here > 

Okay, let's cost of the problem solution here > 

Okay, let'something>
Okay, let's see the total cost is the total cost > 

Okay, let's cost",False,True,captured
gsm8k_672,gsm8k,0.6B,0.5B,4,stochastic,42,12.2284,109.17,47.53,256,20.93,540,120,136,0.2222,0.88,False," Wait, no, the question is the total days are thirty days are thirty days are not the next three days were not the next three days, the question is not the problem says that's a month is a month is not the problem says she has a month of thirty days are thirty days are three days after the first thirty days are 30 days are not three days are thirty days are not 30 days is a month has a month is a month has been a month has to the question is the next three days were neutral days are thirty days are thirty days. Wait, no, the question is not the next three days, the question is a month has thirty days. Wait, no, the question is the month is a month has thirty days. Wait, no, the question is asking is the question is a month has been asked is not the next three days, the problem says ""month is a month has thirty days. Let me re is not the next three days are 30 days are 30 days were 30 days is a problem says that the next three days are past thirty days are thirty days. So the problem says ""month is thirty days are thirty days. Wait, no, the question is not about the past thirty",False,True,captured
gsm8k_673,gsm8k,0.6B,0.5B,4,stochastic,42,10.6409,108.93,41.3,256,24.06,469,138,118,0.2942,1.17,False," Let's solve this step by step.

Let's equation.

Let's equation. Let's solve this problem.

Let's start by defining variables. Let's let's equation. Let's solve this step by step.

First, let's translate the problem into an equation.
Step 1: Let's equation.

Let's equation.

Let's start by defining the problem step by step, by step.

Let's denote the problem.
Step 1: Let's equation.

Let x = step by step.

Let's equation.

Let's denote the number of books Sally has  by step by step.

Let's equation.

Let x = number of books Sally has to step by step, by step.

Let's denote the problem.

Let's start step by step.

Okay, let's see step by step.

Okay, let's solve this step by step.

Let's equation.

Let's equation.

Let's denote the problem together. 

Step 1: Translate the sentence by step by step.

First, let's solve this problem.

Let's denote the problem.

Okay, let's see step by step.

Let's equation.

Let x be step by step, by step, by step.

Let's equation.
Step 1: Let's equation.

Let x be step",False,True,captured
gsm8k_677,gsm8k,0.6B,0.5B,4,stochastic,42,11.386,108.92,44.22,256,22.48,501,131,126,0.2615,1.04,False," 

Okay, let's see.>

Okay, let's see, 246156666>
Okay, let's see the number >
Okay, let's see the number >
Okay, let's see the explanation > 

Okay, let's see below >
Okay, let's see the solution > 

Okay, let's see below >
Okay, let's see the calculation here > 

Okay, let's see the problem statement >
Okay, let's see the steps here > 

Final Answer>
Okay, let's see the steps above steps > 

Okay, let's see, 28>
Okay, let's see below >

To determine the number of signatures they need to collect 166>
Okay, let's see the thought > 

To determine the total needed signatures>
Okay, let's see below > 

Okay, let's>
Okay, let's see the steps above>
Okay, let's see the explanation > 

Okay, let's>
Okay, let's see the thought > 

Okay, let's>
Okay, let's see the problem answer >
Okay, let's see below > 

To determine the total needed > 

Okay, let's>
Okay, let's> 

Okay, let's>
Okay,",False,True,captured
gsm8k_678,gsm8k,0.6B,0.5B,4,stochastic,42,11.7749,109.66,45.75,256,21.74,520,126,130,0.2423,0.97,False," 

Let me think>
Okay, let's see. 

Okay, let's think>
Okay, let's think>
Okay, let's think>
Okay, let's think>
Okay, let's think>
Okay, let's think>
Okay, let's see the number >
To solve this problem, we need to find out how much does not yet to be careful calculation > 

Okay, let's think>
Okay, let's think>
Okay, let's see the number here >
To solve this problem, we need to find out the number >
Okay, let's think>
Okay, let's see the number >
Okay, let's see the number here > 

Okay, let's>
Okay, let's think > 

Let me think>
Okay, let's think>
Okay, let's see the correct answer >
To solve this problem, we need to find out the solution here put your answer here >
Okay, let's see the number >
To solve this problem, we need to find out how much does not make sure you need to calculate the correct answer >
To solve this problem, we need to find out how much does not have to think>
Okay, let's see the number > 

Okay, let's 60>
Okay, let's see",False,True,captured
gsm8k_681,gsm8k,0.6B,0.5B,4,stochastic,42,10.6538,108.73,41.35,256,24.03,467,139,118,0.2976,1.18,False," 

Okay, let's try to be sure, 10>
Okay, let's try to solve this step-by>
Okay, let's try to solve this step by step and then put your answer here >

Okay, let's try to solve the total number of cookies >

To solve the total number of cookies > 

Okay, let's try to solve the total number of cookies > 

Okay, let's try to solve this step by the total number >
Okay, let's try to find the total number of cookies >

Okay, let's try to solve the total number of cookies > 

Let me try to find the total number of cookies > 

Okay, let's try to solve this step by the total number of the total number >
Okay, let's try to solve the total number of cookies > 

Okay, let's try to solve this is the total number of cookies > 

Okay, let's total number of cookies > 

Let me try to be sure to be sure to be sure to be sure to put your answer here >
Okay, let's try to find the total number of cookies>
Okay, let's try to solve this step by 393435>

Okay, let's try to find the total number of cookies>
Okay",False,True,captured
gsm8k_687,gsm8k,0.6B,0.5B,4,stochastic,42,11.959,109.04,46.47,256,21.41,527,124,132,0.2353,0.94,False," 

Answer: <number>
Answer: 

Okay, let's try to
Okay, let me think
Okay, let me, I need to find the answer: 

Okay, let me to
Okay, let me
Okay, let's try to figure out of the twins are you have to solve this problem step 1. Let me think
Okay, let me

Let me think
Okay, let me
Okay, let me

Answer: <number>
Answer: 

: 

: 

: 

: 

Let me think. So, I need to find the age of the problem. Let me think
Okay, let me think
Okay, let's
Okay, let's

Let's

To solve this problem, we have to find the age of the answer: 

: 

: 

Let's

To solve this problem, we have to find the age of one of the twins and then

Okay, let's age of the answer: 

: 

: 

Okay, let's

Let's

Let's

Let's

Let's

Let me think. 

Okay, let's
Okay, let's

Let's
Okay, let's try to figure out of the twins and triplets. Let me think.",False,True,captured
gsm8k_705,gsm8k,0.6B,0.5B,4,stochastic,42,11.5127,107.65,44.73,256,22.24,507,130,127,0.2564,1.02,False," 

Okay, let's see.>

Okay, let's see, 200>
Okay, let'ss>

Okay, let's see the answer here > 

Okay, let's see the answer here put your answer > 

Okay, let's see below >
Okay, let's see below > 

Okay, let's think>
Okay, let's think step by step-by-step>
Okay, let's think>
Okay, let's see the answer here >
Okay, let's see, the answer here >
Okay, let's think>
Okay, let's see, the answer here >
Okay, let's see below > 

Okay, let's see the answer > 

Okay, let's see the number > 

Okay, let's see, the answer here >
Okay, let's see below >
Okay, let's see the answer here >.
Okay, let's see the answer here >
Okay, let's see below >
Okay, let's see below >
Okay, let's see below >
Okay, let's see below >
Okay, let's> 

Okay, let'sturtles>
Okay, let's see the answer here > 

To determine the answer here >
Okay, let's see below
Okay, let's see the answer here >",False,True,captured
gsm8k_706,gsm8k,0.6B,0.5B,4,stochastic,42,13.2997,108.76,51.73,256,19.25,587,110,147,0.1874,0.75,False," 

Okay, let's see.>

Okay, let me think>
Okay, let me think>
Okay, let me think>
Okay, let me think>
Okay, let me think through the answer here >
Okay, let me think>
Okay, let me think step-by- 212121>
Okay, let me think>
Okay, let'something>
Okay, let me think this is the number >
Okay, let me think step-by>
Okay, let me think this is a number > 

Let me think>
Okay, let me think>
Okay, let's> 

Okay, let's>

Okay, let me think step-by- 30.>
Okay, let'solution>
Okay, let's>

Okay, let's>
Okay, let'solution>
Okay, let'solution>
Okay, let's>

Okay, let's>

Okay, let's total hours >

Okay, let's> 1212>
Okay, let's>
Okay, let's see below >

Okay, let's> 

Okay, let's>

Okay, let's>

Okay, let's> 6>
Okay, let's see the number >
Okay, let's> 30 >

Okay, let's>

Okay, let",False,True,captured
gsm8k_709,gsm8k,0.6B,0.5B,4,stochastic,42,11.1635,109.21,43.35,256,22.93,492,133,123,0.2703,1.08,False," 

Okay, let's see.>

Okay, let's think>
Okay, let's think>
Okay, let's see the number >
Okay, let's think>
Okay, let's see below >

Okay, let's see below >

To solve this problem, we need to find the total quarts>
Okay, let's think>
Okay, let's see below > 

Okay, let's see the total quarts made in 60>
Okay, let's see the total quarts >
Okay, let's see the total quarts made in 480>
Okay, let's see below
Okay, let's see below > 

Okay, let's> 

Okay, let's see below

Okay, let's see the total quarts made in the total quarts>
Okay, let's see the number >
Okay, let's see below

Okay, let's>

Okay, let's see the number > 

Let me think>
Okay, let's see the total quarts made in 48 hours >

To solve the number >
Okay, let's see the total quarts made in total quarts>
Okay, let's> 

Okay, let's>
Okay, let's see the total quarts made in 48 hours",False,True,captured
gsm8k_721,gsm8k,0.6B,0.5B,4,stochastic,42,11.8723,109.33,46.13,256,21.56,521,125,131,0.2399,0.95,False," 

Okay, let's see the number > 

Okay, let's think>
To determine the total number of taps>
To determine the total number of taps>
To determine the total taps>
To determine the combined total number of times that's feet taps >

To determine the total number of taps>
To determine the combined total number of taps >

To determine the total number of taps>
To determine the combined total number > 

Okay, let's see the combined total number of taps >

To determine the combined total taps>
To determine the combined total taps >

To determine the combined total number >
To determine the combined total number of taps >

Okay, let's see the number > 

To determine the combined total number of times>
To determine the combined total number >
To determine the combined total number >
To solve this step-by>
To determine the total number of taps >

To determine the combined total number of taps >

To determine the combined total number >
To determine the combined total number of taps >

Okay, let's see the number of the number >
To solve this step by the number of taps>
To determine the total number >
To solve the problem step-by-16558550>
To determine the total taps>
To solve this is 1650>
",False,True,captured
gsm8k_726,gsm8k,0.6B,0.5B,4,stochastic,42,11.4468,108.77,44.46,256,22.36,503,131,126,0.2604,1.04,False," 

Okay, let's see.>

Okay, let's think>
Okay, let's think>
Okay, let's see the number >
Okay, let's think>
Okay, let's see below >

Okay, let's think>
Okay, let's think>
Okay, let's try to figure out the answer >
Okay, let's think>
Okay, let's see the number >
Okay, let's try to figure out the number >

Okay, let's think>
Okay, let's see the answer >
Okay, let's try to find the answer here >

Okay, let's see the number >

Okay, let's see the steps >

Okay, let's see the problem is not yet to be sure >

Okay, let's try to solve the problem step by step-by-130>
Okay, let's see below >

Okay, let's try to find the answer here >
Okay, let's try to find the answer here >
Okay, let's see.>

Okay, let's try to find the answer here >
Okay, let's try to figure out the answer here >

Okay, let's see the steps and so > 

Okay, let's try to think step-by>
Okay, let's try to solve this step-by>
Okay, let",False,True,captured
gsm8k_730,gsm8k,0.6B,0.5B,4,stochastic,42,12.3043,109.57,47.82,256,20.81,542,119,137,0.2196,0.87,False,"  Please write the answer in

Okay, let's see.  a box.

Okay, let's see. 25. 24 pieces of gum percents.

To solve steps.

Okay, let's think step by step.

Step 1: Calculate the total number of pieces of gum, and put your own words, and put your own words.

Okay, let's think
Okay, let's think
Okay, let's think
Okay, let's see the form of a box.

Okay, let's think
Answer: <number> the form of a number form of the form of a fraction form of a fraction form of a fraction form of a fraction, and the answer is a box.

Okay, let's think step by step.
Okay, let's think
Okay, let's see the form of a fraction form of a number only the form of a fraction form of a fraction.
Okay, let's see the form of a fraction, and put your own words.
Okay, let's think step by step, as a box.

Okay, let's a box.

Okay, let's see the form of a fraction.

To be sure you have to the form of a number only the form of a fraction, but do notations",False,True,captured
gsm8k_731,gsm8k,0.6B,0.5B,4,stochastic,42,12.4535,109.52,48.41,256,20.56,549,118,138,0.2149,0.86,False,"  Please write the answer as Please write the answer as Please write the answer as a number only the number only the number of the number only the number in the format: <number> 

Okay, let's see. (number.

Okay, let's see the number only the number of the form: <number> 120.
Okay, let me, and put the final answer in the box.

Okay, let me.

Okay, let me write the number.

To solve the number only the number in the format: <number.

Okay, let's see the number.
Okay, let me as a number only the number of the form \boxed{}.

Okay, let me as a number only.

Okay, let's see the number.
Okay, let me with a number only the number of the form \boxed{}.

Okay, let'show many boxes of the number only the number in the format: <number>.
Okay, let me as a number, for example: <number>.
Okay, let's a number in the format: <number.

Okay, let me as a number in the format: <number.

To solve this is, and put the final answer: <number>.
Okay, let's see the number.

Okay, let me",False,True,captured
gsm8k_738,gsm8k,0.6B,0.5B,4,stochastic,42,12.0137,108.78,46.69,256,21.31,529,123,133,0.2325,0.92,False," 

Okay, let's see the number > 

Okay, let's think>
Okay, let's think>
Okay, let's see the number >
Okay, let's see below >
Okay, let's see the number >.
Okay, let's see the number >
To solve this problem, we need to find the number of books Clara has 4>
Okay, let's think>
Okay, let's think>
Okay, let's think>
Okay, let's think>
Okay, let's see the number >.
Okay, let's think>
Okay, let's see the number >
Okay, let's see the number >.
Okay, let's think step-by-20>
Okay, let's think step-by>
Okay, let's think step by step-by-step-express the number >
Okay, let's see below
Okay, let's see the number >
Okay, let's see the number of the number > 

Okay, let's see below > 

Let me think>
Okay, let's think>
Okay, let's see below >
To solve this problem, we need to find the difference >

To solve this step-by>
Okay, let's see below >.
Let me think>
Okay, let's see the number of books Clara has ",False,True,captured
gsm8k_745,gsm8k,0.6B,0.5B,4,stochastic,42,12.3034,108.94,47.82,256,20.81,543,120,137,0.221,0.88,False," 

Okay, let's see the profit amount of the profit in the box >

Okay, let's think>
Okay, let's think>
Okay, let's think>
Okay, let's think>
Okay, let's think>
Okay, let's think>
Okay, let's see below

Okay, let's think>
Okay, let's think>
Okay, let's see the profit >
Okay, let's see the profit he made a number >
Okay, let's see the answer >
Okay, let's see the profit amount of the problem solution > 

Okay, let's see the correct answer here >
Okay, let's think > 

Okay, let's think>
Okay, let's see the correct answer >

Okay, let's see the profit >
Okay, let's see the number >
Okay, let's see the number >
Okay, let's see the number here >
Okay, let's see the profit > 

Okay, let's think>
Okay, let's see the profit is $30000>
Okay, let's see the answer here >
Okay, let's see the profit in the box > 

Okay, let's profit >
Okay, let's see the number >
Okay, let's profit >
Okay, let's see the answer",False,True,captured
gsm8k_749,gsm8k,0.6B,0.5B,4,stochastic,42,13.1709,108.59,51.22,256,19.44,580,112,145,0.1931,0.77,False," 

Okay, let's see.>

Okay, let me think>
Okay, let me think>
Okay, let me think>
Okay, let me think>
Okay, let's see the number >
Okay, let me think>
Okay, let me think about 6>
Okay, let me think. 

Okay, let me think>
Okay, let me think this is the number >
To solve this problem, we need to find out how many more groups are needed groups>
Okay, let me think this is the answer > 

Final Answer: <number> > 

To solve this problem, we need to find how many more groups are needed groups>
Okay, let'something>
Okay, let's>

Okay, let me think this is the number >
To solve the number > 

Wait, let me think this is the number >
Okay, let me think this is the answer >.
Final Answer: <

Final Answer>
Okay, let's








To solve this is there are 6>
Okay, let me think about 0>
Okay, let'something>
Okay, let's>
Okay, let's



Final Answer>
Okay, let'st>
Okay, let's>
Okay, let's",False,True,captured
gsm8k_750,gsm8k,0.6B,0.5B,4,stochastic,42,11.2777,109.12,43.8,256,22.7,498,131,125,0.2631,1.05,False," 

Okay, let's see.>

To determine the number >
To determine the total number of chairs>
Okay, let's see the number >
To determine the total number of chairs>
Okay, let's calculate the total number of chairs >

To determine the total number of chairs>
Okay, let's see the number >
To determine the total number of chairs>

To determine the total number of chairs>
Okay, let's think>
Okay, let's think>
Okay, let's think>
Okay, let's see the total number of chairs >

Okay, let's calculate the total number of chairs rented out of the number >
To determine the total number of chairs>
Okay, let's see the total number of chairs that's>
Okay, let's think > 

Let me think>
Okay, let's think>
Okay, let's see below >
To determine the total number of chairs>

To determine the total number >
To determine the total number of chairs>
Okay, let's see below >
Okay, let's see below >

To determine the total number of chairs.
To determine the total number of chairs>

To determine the total number >
To determine the total number of chairs rented chairs>
Okay, let's see the number >
To determine the total number of chairs rented chairs >",False,True,captured
gsm8k_751,gsm8k,0.6B,0.5B,4,stochastic,42,12.1462,109.42,47.2,256,21.08,533,123,134,0.2308,0.92,False," 

Okay, let's see the number > 

Okay, let's think>
Okay, let's think>
Okay, let's see the number >
Okay, let's think>
Okay, let's think>
Okay, let's see below





Okay, let's see below >
Okay, let's think>
Okay, let's think>
Okay, let's see the number >.
Okay, let's see the number of the number >
Okay, let's see the number of bananas>
Okay, let's see the number of bananas Gunther had 5362943>
Okay, let's see the number of bananas Gunther had 48 -  52>
Okay, let's see the number of bananas Gunther>
Okay, let's see below >
Okay, let's see below



Final Answer>
Okay, let's see the number of bananas Gunther>
Okay, let's see the number of bananas Gunther>
Okay, let's



Let me solve the number >
To determine the number of bananas Gunther>
Okay, let's see the number > 

Okay, let's see the number >.
Okay, let's see the number of bananas Gunther>
Okay,",False,True,captured
gsm8k_756,gsm8k,0.6B,0.5B,4,stochastic,42,12.2724,108.36,47.7,256,20.86,541,120,136,0.2218,0.88,False," 

Let me think>
Okay, let's see. 

Okay, let me think>
Okay, let me think>
Okay, let me think this is 222222>
Okay, let me think>
Okay, let's see the number >
To solve this problem, we need to find the number of votes in favor > 

Okay, let me think through the number > 

Okay, let me think>
Okay, let me think through the process > 

Okay, let me think this is 22. 22 > 

Okay, let me think this through the number > 

To solve this step-by> 

To solve this step-by-step explanation > 

Okay, let's> 

To solve this problem, 22>
Okay, let me think this through step-by-step explanation here put your answer here >
Okay, let me think > 

Okay, let me think through the process > 

Let me think through the process > 

Okay, let me think step-by- 22>
Okay, let me think step-by> 

Okay, let's>

To solve this problem, we need to find the number > 

To solve this step-by-step reasoning here >
To solve this problem, we need to find the number >",False,True,captured
gsm8k_770,gsm8k,0.6B,0.5B,4,stochastic,42,10.4045,108.98,40.37,256,24.6,455,143,114,0.3143,1.25,False," 

Okay, let's see.>

Okay, let's see. 

Okay, let's think>
Okay, let's think>
Okay, let's see the number > 

Okay, let's think>
Okay, let's think>
Okay, let's see the number >.>

Okay, let's see the number of vanilla scents> 

Okay, let's think>
Okay, let's think>
Okay, let's see the number of vanilla scents> 

Okay, let's>
Okay, let's see the number of vanilla scents>
Okay, let's see below >

Okay, let's see below > 

Okay, let's 5> 

Okay, let's

Okay, let's see the number of vanilla scents> 

Okay, let's sales of vanilla scents sold vanilla scents>
Okay, let's see below > 

Okay, let's

Okay, let's see the number of vanilla scents>
Okay, let's

To determine the number of vanilla scents sold -10>
Okay, let's see below > 

Okay, let's think step-by the number > 

Okay, let's> 

Okay, let's
Okay, let's see the number of vanilla scents>
Okay, let",False,True,captured
gsm8k_771,gsm8k,0.6B,0.5B,4,stochastic,42,13.4949,108.58,52.5,256,18.97,595,107,150,0.1798,0.71,False," 

Okay, let's see.>

Okay, let me think>
Okay, let me solve this step-by>
Okay, let me think>
Okay, let me think>
Okay, let me think>
Okay, let me think>
Okay, let me think this is 12>
Okay, let me think>
Okay, let me think about 10>

Okay, let me think>
Okay, let's>

Okay, let me think step-by>
Okay, let me to be sure > 

To determine the value >
Okay, let me think>
Okay, let's see below >

To determine the amount > 

Okay, let'something>
Okay, let's>

Okay, let's answer >

Okay, let's value >
Okay, let's>
Okay, let'solution>
Okay, let'solution>
Okay, let's see the answer >

To determine the amount > 

Okay, let's>

Okay, let's>
Okay, let's see below >
Okay, let'solution>
Okay, let's> 

Okay, let's>
Okay, let's see below >

Okay, let's>
Okay, let's>

Okay, let's value >
Okay, let's see the number >
Okay, let's>

Okay, let's>

Okay",False,True,captured
gsm8k_772,gsm8k,0.6B,0.5B,4,stochastic,42,13.0522,108.71,50.76,256,19.61,574,113,144,0.1969,0.78,False," 

Okay, let's see.>

Okay, let's think>
Okay, let's think>
Okay, let's see the percentage >
To determine the percentage of her weekend spent playing soccer.

Okay, let's see the percentage >
To determine the total time > 

Okay, let's see below >
To determine the percentage of her weekend_time>
Okay, let's see the percentage >
To determine the total time > 

To determine the percentage of her weekend does not yet to be careful calculation > 

Okay, let'soccer>

Okay, let's see the percentage >
To determine the percentage of her weekend. 

To determine the percentage of her weekend time > 

Okay, let'soccer>

Okay, let's see the percentage >
To solve this step-by>

Okay, let's see the percentage >
To solve this problem answer >

To determine the total time >.>

Okay, let's see below >
To determine the percentage of her weekend is the percentage >
To determine the total time > 

Okay, let's percentage >
To determine the percentage of her weekend is the answer > 

Okay, let'soccer_percentage>
Okay, let's see the percentage of her weekend, 33333.>

Okay, let's see below > 

To determine the",False,True,captured
gsm8k_773,gsm8k,0.6B,0.5B,4,stochastic,42,12.3132,109.25,47.86,256,20.79,544,120,136,0.2206,0.88,False," 

Let me solve this step-by>
Okay, let's see. 

Okay, let's think>
Okay, let's think>
Okay, let's think>
Okay, let's think>
Okay, let's think>
Okay, let's think>
Okay, let's think step-by-step thinking process here > 

Okay, let's think>
Okay, let's think>
Okay, let's think step-by>
Okay, let's think step by step-by-20>
Okay, let's think step by step-by>
Okay, let's think step by step by step by step-by-step>
Okay, let's see the number > 

Okay, let's think>
Okay, let's think step-by>
Okay, let's think step by step-by-step-by-step-express the number > 

Okay, let's think step by step-by-step explanation > 

Okay, let's think step by step-by>
Okay, let's see below > 

Let me solve step-by-step>

To solve step-by-step explanation here put your answer here put your answer here > 

Let me solve this step by the number > 

Okay, let's think>
Okay, let's think step by step-by-step reasoning steps > 

Okay, let's think step by step",False,True,captured
gsm8k_783,gsm8k,0.6B,0.5B,4,stochastic,42,10.6289,108.77,41.26,256,24.09,466,139,117,0.2983,1.19,False," 

Okay, let's try to be careful thinking>
Okay, let's think>
Okay, let's think>
Okay, let's try to solve this step-by>
Okay, let's think>
Okay, let's try to solve the number > 
Okay, let's try to find the number of white fish Bob had 6>
Okay, let's try to find the number of white fish > 

Okay, let's try to solve the number >
Okay, let's try to find the number of white fish Bob bought 6>
Okay, let's try to solve this is the number > 

Okay, let's try to find the number of white fish>
Okay, let's try to find the answer >
Okay, let's try to solve this step by step, let's think step-by>
Okay, let's try to solve this step by the number > 
Okay, let's try to solve the problem step-by>

Okay, let's try to figure out the number >
Okay, let's try to find the number of white fish>
Okay, let's try to solve this step by the number of the number >
Okay, let's try to solve this step by the number of white fish Bob had 3>
Okay, let's try to find",False,True,captured
gsm8k_784,gsm8k,0.6B,0.5B,4,stochastic,42,11.7802,109.54,45.77,256,21.73,520,126,130,0.2423,0.97,False, (Assume that he (Assume that he drives the same amount of gas tank is driving to work and his car consumes 1 gallon of gas is driving to and his car uses the car uses the car consumes 1 gallon of gas tank is going to work and his car is not using the car consumes 1 gallon of the gas tank is full tanks up to 10 gallons of gas is not only drives to work and back and his car's driving to and his car uses  drives to work and back and forth and his car's fuel efficiency is the car consumes 1 gallon of the car uses 10 goes to work and comes back from home and his car consumes 1 uses the car consumes 1 gallon of gas is driving to work and back and forth to work 10 is driving to work and his car is driving to work and back and forth for the car consumes 1 gallon of gas tank is full at work 5 miles) drives 100 drives the car consumes 1 gallon of gas tank is full at the car consumes 1 gallon of the car uses the car is going to work and coming and his car consumes 1 gallon is going to work and coming back and forth between the car consumes 1 gallon of gas,False,True,captured
gsm8k_792,gsm8k,0.6B,0.5B,4,stochastic,42,13.5101,109.33,52.55,256,18.95,596,107,149,0.1795,0.72,False," 

Okay, let's see.25.25>
Okay, let's calculate the answer > 

Okay, let's calculate the total amount of money made in a 30.25>
Okay, let's see the calculation here put your answer > 

Okay, let's see the answer here >
To determine the number >
To determine the total money made in a 37.5.50.25>
Okay, let's see solution >.25>
Okay, let's see the steps above is the number >
To determine the total money made in dollars>
Okay, let's see the calculation steps here >. 

Okay, let's calculate step-by>

Okay, let's see.5.25>
Okay, let's see solution >. To find out the number >
To determine the total amount in dollars>
Okay, let's see the number >
To determine how much money does not a number >
To determine how much money does he make sure to be careful calculation here >
Okay, let's see the total money >
To determine the total amount in dollars, so, 37.5>
Okay, let's see the answer here put answer here put your answer here >
To determine how much money does he make",False,True,captured
gsm8k_796,gsm8k,0.6B,0.5B,4,stochastic,42,12.4603,108.98,48.44,256,20.55,549,118,138,0.2149,0.86,False," 

Okay, let's see.>

Okay, let's see, 360>
Okay, let's see the number >
Okay, let's see the total amount of money in numbers here put the answer here put your answer >
Okay, let's see the total amount in numbers >

Okay, let's see the total amount in numbers only the total amount of money in numbers, 48484840>
Okay, let's see, let's see the answer here >

Okay, let's see the total amount in numbers > 

Okay, let's see.>

To calculate the total amount of the total amount of money in the total amount in numbers > 

Okay, let'salary> 

Okay, let's calculate the number >
Okay, let's see, the company's>
Okay, let's see the total amount of money in numbers > 

Okay, let's see, the total amount in numbers only the total amount of money the total amount of money in dollars>
Okay, let's see the number >
Okay, let's see the total amount of money the total amount in numbers only the number > 

Okay, let's salary per month, 164848400>
Okay, let's see the",False,True,captured
gsm8k_804,gsm8k,0.6B,0.5B,4,stochastic,42,12.5074,109.29,48.62,256,20.47,551,119,138,0.216,0.86,False," 

Okay, let's see.>

Okay, let's think>
Okay, let's think>
Okay, let's think>
Okay, let's think>
Okay, let's think>
Okay, let's see the answer >

Okay, let's think>
Okay, let's think>
Okay, let's see below >

Okay, let's see below > 
Okay, let's see the number >
Okay, let's see the distance in the answer >

To determine the number >
Okay, let's think about 60>
Okay, let's see the number > 

Okay, let's>

Okay, let's see the answer here >

To determine the distance in the problem number >.>

Okay, let's think > 

Okay, let's think about this is 60>
Okay, let's see the answer >
Okay, let's see below >
Okay, let's see below > 

Okay, let'speed of the problem number >
Okay, let's see the number >
Okay, let's see the number >
Okay, let's see the number >
Okay, let'speed of the first car's> 

To determine the distance between the number >
Okay, let's see the answer here >
Okay, let's see the number > 

Okay",False,True,captured
gsm8k_807,gsm8k,0.6B,0.5B,4,stochastic,42,11.9503,109.04,46.44,256,21.42,526,124,133,0.2357,0.93,False," 

Okay, let's see the number > 

Okay, let's think>
Okay, let's think>
Okay, let's think>
Okay, let's think>
Okay, let's think>
Okay, let's see the number >
Okay, let's think>
Okay, let's see below >
Okay, let's think>
Okay, let's think>
Okay, let's see the number >
Okay, let's see the number of the number >
Okay, let's see the number of inches>
Okay, let's see the number of inches the number > 

Okay, let's think>
Okay, let's see the number of inches the mosaic length in>
Okay, let's see the number of inches the mosaic length in>
Okay, let's






To determine the number >
Okay, let's see the number of inches the mosaic length in>
Okay, let's answer here >
Okay, let's think through the steps >

Okay, let's think>
Okay, let's see below




Final Answer>
Okay, let's see the number of inches > 
Okay, let's see the number >
Okay, let's see below

Okay, let's see below >

Okay, let's see below > 

",False,True,captured
gsm8k_811,gsm8k,0.6B,0.5B,4,stochastic,42,11.1595,110.28,43.33,256,22.94,489,134,123,0.274,1.09,False," To solve this, you will have to, first find the total number of branches, first figure out how many branches, first find the total number of branches, you will have to... you will have to...

1. Find outsmartly, you will have to find the total the total the total amount of money he has to find the total amount he has to climb up the total the total amount he has to climb 1. First, find out how many branches he climbed in the total amount he made a) 

1. Find out how many branches he climbed in the total amount he made and you will have to... (1. First, find out how many steps. First, find out how many steps: 1) first find the total amount of money he made a) find the total number the total amount he has to find the total number the steps: 1. Find outsmartly use the information to find the total number of course of course of course, you will have to... do the total amount of money he made a table the total amount he has to first find outsmartly figure out how many branches he has to first find out how many branches, first, you will have to figure outsmartly figure out the total amount he made",False,True,captured
gsm8k_812,gsm8k,0.6B,0.5B,4,stochastic,42,11.3295,109.76,44.0,256,22.6,498,131,126,0.2631,1.04,False," 

Okay, let's see. Let's

Okay, let's think>
Okay, let's think>
Okay, let's think>
Okay, let's think>
Okay, let's think>
Okay, let's see the number >
Okay, let's see the number > 

Okay, let's see below >
Okay, let's think>
Okay, let's think>
Okay, let's see the total number >
Okay, let's see the total number of petals in the vase. Let's solve the number > 

Okay, let's think>
Okay, let's see the number > 

Okay, let's

Okay, let's>
Okay, let's see the number >
Okay, let's see the total number of petals in the vase. Let's solve this is the total number > 

Okay, let's>

To determine the total number of petals>
Okay, let's see the total number of petals in the vase.

Okay, let's think>
Okay, let's see the number >
Okay, let's see the number > 

Okay, let's think step-by>
Okay, let's see the number >
Okay, let's see the total petals>
Okay, let's see the number >.
Okay, let's see the number >
Okay",False,True,captured
gsm8k_818,gsm8k,0.6B,0.5B,4,stochastic,42,11.294,109.12,43.86,256,22.67,497,132,125,0.2656,1.06,False," 

Okay, let's try to be careful with the number >
Okay, let's try to find the number > 

Okay, let's try to solve step-by>
Okay, let's think>
Okay, let's think>
Okay, let's try to find the number of cars Joe remains with 10>
Okay, let's think>
Okay, let's see the number > 

Okay, let's think>
Okay, let's think>
Okay, let's try to solve step-by-step-replace answer here >

Okay, let's think>
Okay, let's see the number > 

Okay, let's>
Okay, let's think>
Okay, let's try to calculate >

Okay, let's see the number >
Okay, let's try to find the answer >
Okay, let's try to calculate step by step-by>
Okay, let's think>
Okay, let's

Okay, let's try to find the answer here > 

Okay, let's cars>
Okay, let's try to find the answer step-by-step solution here >
Okay, let's try to find the answer step-by-step explanation here >
Okay, let's try to solve this is the number of cars Joe remains with 100>
Okay, let's try to",False,True,captured
gsm8k_828,gsm8k,0.6B,0.5B,4,stochastic,42,13.3685,109.24,52.0,256,19.15,590,108,148,0.1831,0.73,False," 

Let me think>
Okay, let's see. 

Okay, let's think>
Okay, let's see the answer > 

Let me solve the correct answer here >
Okay, let's see the answer here put your answer > 

Okay, let's see the answer >
Okay, let's see solution >
Okay, let's see the calculation steps >

To determine the amount of money left

Okay, let's see the answer >
Okay, let's see the steps here put your answer here > 

Okay, let's money left

Let me think step by step-by-step reasoning steps > 

Let me think step by step-by-step calculation steps >. 

Final Answer>
Okay, let's see the answer >
To determine the number > 

Step-by>
Okay, let's see the amount > 

Let me solve step-by-step>
Okay, let's see the correct answer >
Okay, let's see solution > 

Okay, let's see the steps here >
Okay, let's see the answer here put your answer here > 

Okay, let's see the answer here put your answer here >
To determine how much money does not sure, let's solve step by step >

To determine the solution here >
Okay, let's see the answer here > 

Okay",False,True,captured
gsm8k_844,gsm8k,0.6B,0.5B,4,stochastic,42,12.0286,108.35,46.75,256,21.28,532,122,134,0.2293,0.91,False," 

Okay, let's try to solve this problem, 

Okay, let's try to write down the information given in the problem is there are there are two people, Peter has to solve the problem is the problem says Peter has twice as per the problem is the problem is the problem is the problem is the problem is about the problem says Peter has twice as many socks does the problem is there are we need to find the total number of socks and dishes and then, Jack has to solve this step by step. 

First, let's first, first, I need to find the problem says Peter has twice as per the question says Peter has twice as many socks does the problem say Jack has to solve this problem says Peter has twice as many dishes and then, let's step by step. 

Okay, let's try to break down to solve this step by step. 

Okay, let's first, first, I need to find the problem is there are some steps to solve this problem says Peter has twice as many dishes and then write down to solve the problem step by step.

Okay, let's try to understand the problem. So, let's first, let's first, 

Okay, let's try to break the problem is the problem is the problem is the",False,True,captured
gsm8k_845,gsm8k,0.6B,0.5B,4,stochastic,42,10.1339,108.57,39.31,256,25.26,445,144,112,0.3236,1.29,False," Please write your answer in Please write your answer in the box.

Okay, let's see. Please write your answer in Please write your answer in the box.

Okay, let's box.

Okay, let's box.

Okay, let's think step-by using the format: \boxed{}.

Okay, let's think
Okay, let's think
Okay, let's think
Okay, let's think
Okay, let's see the box.

Okay, let's think
Okay, let's see the box.

Okay, let's box.

Okay, let's box.

Okay, let's box.

Okay, let's think
Okay, let's see the box.

Okay, let's think
Okay, let's see the box. Please write your answer in Please write your answer in Please write your answer in Please write your answer in the box.

To write your own words, and put your own words, the box.

Okay, let's think step-by using the format: \boxed{}.

Okay, let's think step by using the box.

Okay, let's box.

Okay, let's box.

Okay, let's box.

Okay, let's box.

Okay, let's box.

Okay, let's box.

Okay, let's box",False,True,captured
gsm8k_846,gsm8k,0.6B,0.5B,4,stochastic,42,11.4814,109.16,44.6,256,22.3,505,130,127,0.2574,1.02,False," 

Okay, let's see.>

Okay, let's think>
Okay, let's think>
Okay, let's think>
Okay, let's think>
Okay, let's think>
Okay, let's see solution > 

Let me solve the number >
Okay, let's think>
Okay, let's see the number > 

Okay, let's think>
Okay, let's see below > 

Okay, let's see solution > 

Okay, let'something>
Okay, let's see below > 

Okay, let's think>
Okay, let's think through the process > 

Okay, let's think>
Okay, let's see the number > 

Let me think through the number >
Okay, let's think through the process >

Okay, let's see the number of the number >.
Okay, let's see below
Okay, let's see the number of groups >
Okay, let's see the number of groups >
Okay, let's see below >
Okay, let's see below >

Okay, let's see below > 

Okay, let's>
Okay, let's see the number of groups that is 12 >
Okay, let's

Okay, let's think through the process here >.>

Okay, let's see below > 

",False,True,captured
gsm8k_847,gsm8k,0.6B,0.5B,4,stochastic,42,12.6082,108.53,49.02,256,20.3,556,117,139,0.2104,0.84,False," 

Okay, let's see.>

Okay, let me think>
Okay, let me think>
Okay, let me think>
Okay, let me think>
Okay, let me think through the total amount >

Okay, let me think>
Okay, let me think>
Okay, let's value > 

Okay, let me think>
Okay, let's>
Okay, let's>
Okay, let's see below >

Okay, let me think>
Okay, let me think this is not sure to be filled in dollars>
Okay, let's>

Okay, let's

Okay, let'something>
Okay, let's final answer here >

Okay, let'something>
Okay, let's

Okay, let's total amount after 345750>
Okay, let'solution>
Okay, let's see below >
Okay, let'something>
Okay, let's>

Okay, let'solution>
Okay, let's> 

Okay, let'solution>
Okay, let's see the total amount after 3642750>
Okay, let's total amount in dollars>

Okay, let's> 

Okay, let's final answer >
Okay, let'something>
Okay, let's total amount in dollars >
Okay, let's",False,True,captured
gsm8k_848,gsm8k,0.6B,0.5B,4,stochastic,42,12.2268,109.22,47.52,256,20.94,539,122,135,0.2263,0.9,False," 

Okay, let's see the number > 

Okay, let's think>
Okay, let's think>
Okay, let's think>
Okay, let's think>
Okay, let's think>
Okay, let's see below >

To solve this problem, we need to find the number of floral shirts with no collars > 

Okay, let's think>
Okay, let's think>
Okay, let's see the number >
Okay, let's try to find the number >
Okay, let's think>
Okay, let's think>
Okay, let's think step-by>

Okay, let's see the number >
To solve this step-by>
Okay, let's see the number > 

Okay, let's see the number > 

Let me think>
Okay, let's think step-by-step>
Okay, let's think>
Okay, let's see the number of floral shirts with no buttons -10>
Okay, let's see below > 

Let me solve the number >.
Let me think through the number > 

Okay, let's think>
Okay, let's see the number of floral shirts with no buttons -10>
Okay, let's think step-by>
Okay, let's see the number of floral shirts with no buttons>
Okay, let",False,True,captured
gsm8k_851,gsm8k,0.6B,0.5B,4,stochastic,42,13.7162,108.74,53.36,256,18.66,607,104,153,0.1713,0.68,False," 

Okay, let's see.>

To determine the answer >
To determine the answer here >
To determine the average cost per pair of shoes per pair_price>
Okay, let's see the answer here >
To determine the average cost per pair of shoes per pair.>

To determine the total cost per pair_price>
Okay, let's see the number >
To determine the total cost per pair of the calculation here >

Okay, let's see the answer here >
To determine the total cost per pair >
To determine the total cost per pair of shoes cost per pair >
To determine the total cost per pair >
To determine how much does not available to be careful calculation steps here > 
Okay, let's see below >
To determine how much does he pay on average, 139999>
Okay, let's see the solution > 

To determine how much does he pay on average, let's see below

Okay, let's see the solution >
To determine how much does he pay for each pair of shoes. 

Okay, let's see the number >
To solve this step-by>
Okay, let's see the answer here >
To solve this step by making sure to be careful with the answer >
To determine how much does he pay on average, 1",False,True,captured
gsm8k_852,gsm8k,0.6B,0.5B,4,stochastic,42,12.5996,109.11,48.98,256,20.32,557,117,140,0.2101,0.84,False," 

Okay, let's see.>

Okay, let's see, 

Final Answer>
Okay, let's see the total cost in the blank >
To solve this problem, we need to calculate the total cost > 

Okay, let's see the total cost >

Okay, let's see the number >
Okay, let's see the thinking process >

To solve this problem, we need to calculate the total cost >
Okay, let's see the total cost >

To solve the total cost >
Okay, let's see the problem again, the total cost in the blank.

To solve this is the total cost >
To solve this step-by>
Okay, let's see the total cost in total cost of the total cost > 

Okay, let's> 

To solve this problem, 579999>
Okay, let's see the total cost >
Okay, let's think>
Okay, let's think>
Okay, let's see the total cost in the correct answer here >
To solve this problem, we need to calculate the total cost >
To solve this step-by-step calculation here > 

Okay, let's 699>
Okay, let's see the total cost is 25*>
Okay, let's see the number >
To solve this",False,True,captured
gsm8k_856,gsm8k,0.6B,0.5B,4,stochastic,42,11.0022,108.94,42.72,256,23.27,484,135,121,0.2789,1.12,False," Also, what is the total number of glue sticks that the total number of glue sticks that he total number of glue sticks that total number of glue sticks that will be the total number of glue sticks per-pack of the total number of glue stick? [total number of glue stick left over?

Wait, the total number of glue sticks that the total number of glue sticks per-pack cost of the number of glue stick? (total number of glue sticks per-pack of the number of packs per-student cost of the total number of glue stick?

Wait, the total number of glue sticks that the total number of glue stick total number of glue sticks that the total number of glue stick left over?

Wait, the question is asking for?

Wait, the question is the total number of glue sticks per student's total number of glue sticks that the total number of glue stick to total number of glue sticks that the total number of glue sticks per-stick stick?

Wait, the total number of glue sticks that he total number of glue sticks per-stick? (total number of glue stick that is the total number of glue stick’s total number of glue stick per student's total number of glue sticks per-student’s total number of glue stick?

Wait, the total number of glue sticks that",False,True,captured
gsm8k_863,gsm8k,0.6B,0.5B,4,stochastic,42,10.1758,109.16,39.48,256,25.16,448,145,112,0.3237,1.29,False," 

Okay, let's see.>

Okay, let's think>
Okay, let's total number > 

Okay, let's>
Okay, let's see the total number of coins >

Okay, let's see the total number of coins >

Okay, let's see the total number of coins >
Okay, let's see the total number of coins >
Okay, let's think step-by- 

Okay, let's see the total number of coins >
Okay, let's see the total number of coins >
Okay, let's see the total number of coins >
Okay, let's total number >
Okay, let's see the total number of coins Gretchen has 142160>
Okay, let's see the total number of coins >

To solve this problem, we need to find the total number of coins >
Okay, let's see below >

Okay, let's see the total number of coins Gretchen has 140>
Okay, let's see below >

To solve this step-by>
Okay, let's see the total number of coins >

Okay, let's see the total number of coins >
Okay, let's see below > 

Okay, let's> 

Okay, let's>

To solve this problem, we need to find the",False,True,captured
gsm8k_868,gsm8k,0.6B,0.5B,4,stochastic,42,11.4436,108.42,44.45,256,22.37,504,130,126,0.2579,1.03,False," 

Okay, let's see.>

Okay, let's see.>

Okay, let's think>
Okay, let's think>
Okay, let's see the amount in dollars>
Okay, let's think>
Okay, let's think>
Okay, let's see the number >
Okay, let's see the number you need to calculate the answer here >
Okay, let's see below >
Okay, let's see the answer here >
Okay, let's see the answer here >
Okay, let's see the number >
Okay, let's see below >

Okay, let's see the total cost in the answer > 

Okay, let's see the number >
Okay, let's see the number >
Okay, let's see the answer here > 

Okay, let's
Okay, let's the solution > 

Okay, let's

Okay, let's>

Okay, let's see the number >
Okay, let's see below >
Okay, let's see the correct answer here >
Okay, let's see the correct answer here >
Okay, let's see the answer >
Okay, let's see the number >
Okay, let's see the number >
Okay, let's cost in the answer here >
Okay, let's see the number >
Okay, let's see",False,True,captured
gsm8k_869,gsm8k,0.6B,0.5B,4,stochastic,42,12.4038,108.59,48.22,256,20.64,549,118,138,0.2149,0.86,False," 

Okay, let's see.>

Okay, let's see, 60>

To determine the calculation steps > 

Let me solve the amount > 
Okay, let's see the amount > 

Okay, let's see the change >
Okay, let's see below >

To determine the total change in the change in change in the box >
Okay, let's see, let's see the step-by>

Okay, let's see, 400>
Okay, let's see the amount of change > 

Okay, let's see, the seller gives back $1000>
Okay, let's see, the seller gives back in the amount > 

To determine the change in dollars>
Okay, let's see the amount > 

To determine the total change in dollars >
To determine the change > 

Final Answer>
Okay, let's see below > 

Okay, let'solution>
Okay, let's see, the seller gives back $1000>
Okay, let's see the change is $10>

Okay, let's see. 

Final Answer: <

To determine the total change > 

Okay, let's>

To determine the change >
Okay, let's see the amount >
To determine the change in dollars >

To",False,True,captured
gsm8k_871,gsm8k,0.6B,0.5B,4,stochastic,42,12.3516,109.59,48.01,256,20.73,546,119,137,0.2179,0.87,False," Please write your answer in

Okay, let's see. the form of a box.

Step 1: Calculate the total number of pieces, the form of a box.

Okay, let's think
Okay, let's think
Okay, let's see the form of a number format: \boxed{}.

Okay, let's think
Okay, let's think
Okay, let's see the form of a box.

To be careful, step by step.

Okay, let's think
Okay, let's see the form of a box.

Okay, let's see the form of a number only the form of a number only numerical form of the form of a number format: \boxed{}.

To write your language with a box.

To the form of a number form of the form of a box.

Okay, let's number format: \boxed{}.

Okay, let's simplest form.

To solve this format: \boxed{}.

To the box.

Okay, let's think
Okay, let's see the form of a number format, in the form of a number format: \boxed{}.

To be written form of the form of a box.

To be careful with a box.

To be written form of a box.

Okay, let's think",False,True,captured
gsm8k_874,gsm8k,0.6B,0.5B,4,stochastic,42,12.3973,108.89,48.19,256,20.65,547,119,138,0.2176,0.86,False," 

To determine the rate per hour. 

Okay, let's see. 

Okay, let me think through the number >
To determine the rate per hour first calculate the solution here > 

Okay, let me think>
Okay, let me think>
Okay, let me think>
Okay, let me think step-by-step explanation here > 

Okay, let me think about this is 444444>
Okay, let me think this is 44>
Okay, let me think step-by-step>
Okay, let me think this is a number > 

Okay, let's>
Okay, let's>
Okay, let'solved>

To determine the rate per hour first find the solution > 

Let me think through the steps.>

To determine the rate per hour first find the answer >
To determine how much would be sure >
To determine how much would she earn after 12 hours, let's solve step-by>

To determine the rate per hour first calculate the rate > 

Okay, let's>

To determine how much would she earn after 12 hours, let's solve the answer >
To determine how much would she earn after 12 hours >

To determine how much would she earn after 12 hours, let's solve step-by",False,True,captured
gsm8k_875,gsm8k,0.6B,0.5B,4,stochastic,42,12.4364,108.25,48.35,256,20.58,548,120,137,0.219,0.88,False," 

Okay, let's see.>

Okay, let's see, 28>
Okay, let's see the number >
Okay, let's see the correct answer here >
Okay, let's see the answer here put your answer >
Okay, let's see the correct answer here put your answer here >

Okay, let's see the number >
Okay, let's see the steps > 

To solve this problem, we need to find the number of marbles Paul has 45628>

To solve step-by-step>
Okay, let's think>
Okay, let's see the correct answer here >

To solve this problem, we need to find the total marbles after calculation steps here put your answer here > 

Let me solve the correct answer here >
Okay, let's see solution >
Okay, let's see solution > 
Okay, let's see the number > 

Okay, let's see solution here >
Okay, let's see the steps >
Okay, let's see the steps here > 
Okay, let's see the steps here > 

Okay, let's see. 

To solve step-by-step-1810>

Okay, let's see the number >
Okay, let's see the number of the number > 

Okay, let",False,True,captured
gsm8k_886,gsm8k,0.6B,0.5B,4,stochastic,42,12.2136,109.15,47.47,256,20.96,538,120,136,0.223,0.88,False," 

Okay, let's try to solve the number >
Okay, let's see, let's> 

Okay, let's see the number >
Okay, let's see the number >
Okay, let's see below >

To solve this problem, we need to find out how many pairs can you have to be careful thinking>
Okay, let's see the number > 

Okay, let's see the reasoning steps here >
Okay, let's see below >
Okay, let's try to figure out of the number >
Okay, let's see the number >
Okay, let's 50 microphones>
Okay, let's see below > 

Okay, let's see the thought process > 

Let me think>
Okay, let's see the steps >
Okay, let's see the solution >

Okay, let's try to solve step-by>
Okay, let's try to solve this step by the number >
Okay, let's see the steps here >
Okay, let's try to solve this step by the number of the number >
Okay, let's try to figure out the number of microphones>
Okay, let's try to find the number of pairs he was able to arrange on the number >
Okay, let's try to find the number of pairs, 25",False,True,captured
gsm8k_887,gsm8k,0.6B,0.5B,4,stochastic,42,10.9596,109.13,42.55,256,23.36,483,135,122,0.2795,1.11,False," 

Let me solve this step-by>
Okay, let's see. 

Okay, let's think>
Okay, let's see the total number of birds >

To solve the total number of birds > 

Okay, let's see solution here >

Okay, let's see the total number of birds >

Okay, let's see the total number of birds >

To solve this problem, we need to calculate the total number of birds > 

Okay, let's think>
Okay, let's think>
Okay, let's think>
Okay, let's see the total number of birds > 

To determine the total number of birds>
Okay, let's see the total number of birds > 

To determine the total number of birds>
Okay, let's see.>

To solve this problem, we need to calculate the total number of birds>
Okay, let's see the total number of birds >
Okay, let's see solution here >
Okay, let's see solution here >

To solve this problem, we need to calculate the total number of birds>
Okay, let's see the total number of birds Jerry counts 36 + 1 + 2/number>
Okay, let's total number > 

To determine the total number of birds>
Okay, let's see the total",False,True,captured
gsm8k_888,gsm8k,0.6B,0.5B,4,stochastic,42,11.4413,108.69,44.44,256,22.38,506,129,127,0.2549,1.02,False," 

Okay, let's see.>

Okay, let's think>
Okay, let's think>
Okay, let's see the number >
Okay, let's see solution > 

Okay, let's see solution > 

Let me solve the number >
Okay, let's think>
Okay, let's think>
Okay, let's see the number >
Okay, let's see the problem again, let's think>
Okay, let's see the number >
Okay, let's see solution >
Okay, let's see the steps below > 

Okay, let's see solution > 

Okay, let'st>
Okay, let's see the steps below > 

Let me solve step-by>
Okay, let's see the steps below > 

Okay, let's

Let me solve step-by>

Okay, let's think step-by>
Okay, let's see the solution > 

To solve the problem step-by-step>
Okay, let's see the solution here >
Okay, let's see the steps above > 

Let me solve the problem step-by>

Okay, let's see the steps below > 

Okay, let's see solution >
Okay, let's see the steps above>
Okay, let's see solution here >

Okay, let's see solution > 

Let me solve",False,True,captured
gsm8k_889,gsm8k,0.6B,0.5B,4,stochastic,42,10.3846,109.62,40.29,256,24.65,457,141,115,0.3085,1.23,False," 

Let me solve this problem. 

Okay, let's see. 

Okay, let me step by breaking it step by step. 

First, I need to calculate the problem step by step:

Okay, let me step by step.

Okay, let me step by step. 

Okay, let me step by step. 

First, I need to find the problem step by step. 

First, I need to calculate the total number of petals for orchids have  step by step:

Okay, let me step by step. 

First, I need to find out step by step:

Okay, let me think step by step.

Okay, let me step by step:

Okay, let me step by step. 

First, I need to find out step by step.

First, I need to find out step by step.

Okay, let's step by step.

First, I need to find out how I need to find the problem step by step.

First, I need to find out how I need to find out step by step. 

Okay, let's steps:

First, I need to find out step by step. 

First, I need to find out how I need to find out step by step, step by step. 

Okay, let's steps",False,True,captured
gsm8k_892,gsm8k,0.6B,0.5B,4,stochastic,42,10.4137,109.96,40.41,256,24.58,457,142,115,0.3107,1.23,False," Also, what is the...? (The second question? [price of the total cost of the salad price of the price of the carrot's total cost of the carrots' total cost for the cost of the salad's total cost of her total cost of the carrots' price of the price of the carrot's total cost for the price of the carrot's price of the carrot's price of the carrot's price per day cost of the salad price of the carrot's price if the total cost of her total cost of her total cost for the total cost of a total cost of the salad and yogurt's total cost for the one missing number of the total cost for the total cost of her total cost for the total cost of  total cost of a) total cost for the total cost of her total cost for  price of the carrot's price in total cost of her total cost for  price of the carrot's price per day cost of the salad's price of the carrot's price per unit price of the carrot's price per day?

Wait, there is the total cost of the total cost of the carrots' total cost for  total cost of the carrots' price of the carrot's price in cents per day cost of the salad?

Wait, the problem is in total cost of",False,True,captured
gsm8k_894,gsm8k,0.6B,0.5B,4,stochastic,42,11.1442,108.89,43.28,256,22.97,491,132,124,0.2688,1.06,False," 

Okay, let's try to be careful with the answer >
Okay, let's try to find the amount made from lemonade sales is the final answer >
Okay, let's try to solve the amount > 

Okay, let me to be sure >

Okay, let's try to find the answer >
Okay, let's try to find the answer >

Okay, let's try to find the answer >
Okay, let's try to solve the problem step by step-by>

Okay, let me
Okay, let me >

Okay, let's try to solve this is the answer >

Okay, let's try to figure out of the answer >
Okay, let's try to find the answer step-by>
Okay, let me, say the answer >

Okay, let's>

Okay, let's try to think step by step-by>
Okay, let's try to find the answer step-by>
Okay, let's answer >

Okay, let's answer>
Okay, let's try to find the answer step-by>
Okay, let's>
Okay, let's try to solve this step-by>
Okay, let's> 

Okay, let's

Let me try to find the answer here > 

Let me think>
Okay, let's try to find the answer step-by>
",False,True,captured
gsm8k_896,gsm8k,0.6B,0.5B,4,stochastic,42,10.7377,109.46,41.68,256,23.84,474,137,119,0.289,1.15,False," 

Answer: 
Step Answer: Calculate the total hours per rental hours per month = 10 times: Calculate the total hours he makes 1: 1: Calculate the total hours per rental hours per month = 1: Calculate the total hours he rents: 10 times: Calculate the total hours John rents: 1: 1: 1
Step 
Step 1: Calculate the total hours per rental: 10: Calculate the total hours he rents his total hours rented hours per rental hours per month = 1: Calculate the total hours John rents: 10: John rents his car out 1: 1. He earns 1: Calculate the total hours rented for each time: 1: Calculate the total hours he rents his total rental hours per month = 1: 1. 1: Calculate the total hours he makes 1: Find the total hours rented hours per month = 1: Calculate the total hours he rents his total earnings: John rents: Calculate the total hours rented: Calculate the total hours he makes 1: Find the total hours rented = 10: Calculate the total hours he rents the total number of hours he rents his total hours rented hours per month = 1:",False,True,captured
gsm8k_898,gsm8k,0.6B,0.5B,4,stochastic,42,11.8426,108.14,46.02,256,21.62,522,125,132,0.2395,0.95,False," 

Okay, let's see.>

Okay, let's think>
Okay, let's think>
Okay, let's think>
Okay, let's think>
Okay, let's think>
Okay, let's see the total distance >

Okay, let's think>
Okay, let's think step-by>
Okay, let's think>
Okay, let's think>
Okay, let's think step-by>
Okay, let's see the total distance >

Okay, let's think>
Okay, let's think step by step-by>
Okay, let's see the total distance they rowed a number >
Okay, let's think>
Okay, let's see the total distance the total distance > 

Okay, let's see the total distance > 

Okay, let's

Let me think>
Okay, let's think step-by> 

Okay, let's think step-by>
Okay, let's see the total distance they rowedits>
Okay, let's see the total distance the total distance >.>

Okay, let's see the total distance they roweddy>
Okay, let's see the total distance is the total distance > 
Okay, let's see the total distance is 1200>
Okay, let's think step-by-step reasoning steps > 

",False,True,captured
gsm8k_901,gsm8k,0.6B,0.5B,4,stochastic,42,11.9123,108.81,46.29,256,21.49,523,125,132,0.239,0.95,False," 

Okay, let's see the number > 

Okay, let's think>
Okay, let's think>
Okay, let's think>
Okay, let's think>
Okay, let's think>
Okay, let's see below >

To solve this problem, we need to determine how many times>
Okay, let's think>
Okay, let's see below > 

Okay, let's see the number > 

Okay, let's

Let me try to figure out of the soup >
Okay, let's think>
Okay, let's see the steps >

Okay, let's think>
Okay, let's try to find the number > 

Okay, let's>
Okay, let's think step-by> 

Okay, let's> 

Let me try to be able to have to be able to have to be determined by the way>
Okay, let's try to find the answer > 

Okay, let's>
Okay, let's try to solve the problem step-by>

Okay, let's try to find the answer here >.
Okay, let's try to find the answer here >

Okay, let's try to solve the problem step by the number >
Okay, let's try to solve this is not enough to be careful steps >

Okay, let's

Okay",False,True,captured
gsm8k_906,gsm8k,0.6B,0.5B,4,stochastic,42,11.2651,109.45,43.75,256,22.73,496,132,124,0.2661,1.06,False," 

Okay, let's see.>

Okay, let's see.>

Okay, let's think>
Okay, let's see the number > 

Okay, let's think>
Okay, let's see below >

Okay, let's see below >

Okay, let's see the number >
Okay, let's see the answer >

Okay, let's see below > 

Let me solve this step by step and > 

To solve the problem step-by-step- 15>
Okay, let's think>
Okay, let's think>
Okay, let's see the number >
Okay, let's see below >

Okay, let's

Okay, let'something>
Okay, let's see below >

Okay, let's

Okay, let'something>
Okay, let'something>
Okay, let's see below

Okay, let's see the number >
Okay, let's see below
Okay, let's see the number of the number >
Okay, let'sh36>
Okay, let's see solution > 

Let me solve the number >
Okay, let's see below > 

Okay, let's

Okay, let's
Okay, let's see the number of red and blue shoeboxes>
Okay, let's see below

Okay, let's",False,True,captured
gsm8k_910,gsm8k,0.6B,0.5B,4,stochastic,42,9.2161,108.67,35.72,256,27.78,403,154,102,0.3821,1.51,False," Step 1. First, we know that Farmer Brown's farm is 200 acres is 200 acres. First, we need to find the farm is 1. First, we need to find the total acres. First, find the size of Farmer Brown's farm is 200 acres.

Step 1. First, we need to find the total acres. So, Farmer Brown's farm is 200 acres is 200. First, we need to find the size of Farmer Smith's farm is 200 acres is 1. First, we need to find the size of Farmer Brown's farm is 200 acres.

First, we need to find the size of Farmer Smith's farm is 200 acres is Farmer Brown's farm is 200. First, find the size of Farmer Brown's farm is 200 acres is 200 acres. First, find the size of Farmer Brown's farm is 1. First, find the size of Farmer Brown's farm is 200 acres is 200. First, find the size of Farmer Brown's farm is 1. First, find the farm is 200 acres.

First",False,True,captured
gsm8k_914,gsm8k,0.6B,0.5B,4,stochastic,42,11.5715,108.56,44.95,256,22.12,511,128,129,0.2505,0.99,False," Step 10

First, we can't

First, find out how many miles per day, Step 1. First, find out how many miles per day is needed.

Okay, let's see explanation.
Okay, let's see the total miles per day, Step 1: First, calculate the total miles driven in 1. First, calculate the total miles driven in a. First, calculate the total miles driven in a. 

First, calculate the total miles driven in a. First, calculate the total miles driven in a month is needed. So, first, 1. First, calculate the total miles driven is needed. Please provide the total miles driven is needed. Please reason step 10
Okay, let's see above the total miles driven is needed.

Okay, let's see explanation
Okay, let's see explanation: First, calculate the total miles driven in a. First, find out how many miles per day is needed.
Okay, let's see the total miles driven in a month is needed.
Okay, let's see above

Okay, let's see, Step 1: Determine the total miles driven in a 100 miles per day, Step 1: Determine the total miles driven in the total miles",False,True,captured
gsm8k_921,gsm8k,0.6B,0.5B,4,stochastic,42,13.6831,108.91,53.23,256,18.71,606,103,153,0.17,0.67,False," 

Okay, let's see.>

Okay, let's think>
Okay, let's think>
Okay, let's think>
Okay, let's think>
Okay, let's think>
Okay, let's see the number >
To determine the answer here >
To determine the number >
To determine the answer step by step-by- 

Okay, let's think>
Okay, let's think>
Okay, let's see the steps here >
To determine the number of slices per day.

Okay, let's think>
Okay, let's see the number > 

Okay, let's think>
Okay, let's think > 

Let me think>
Okay, let's think>
Okay, let's see the problem and then write the answer here >
To determine the number > 

Let me think this is 12>
Okay, let's see below > 

Let me think>
Okay, let's think step-by- 

Okay, let's see the number > 

Let me try to find the answer here >
To determine the answer step-by- 12>
Okay, let's

Okay, let's think > 

Okay, let's steps >
To determine how many days will be careful solution here >
To determine the answer step by step-by-step-replace answer >
",False,True,captured
gsm8k_923,gsm8k,0.6B,0.5B,4,stochastic,42,8.7396,108.69,33.85,256,29.29,382,159,97,0.4162,1.64,False," Let's solve this problem. 

First, we need to find the problem step by step, step by step, and make sure we understand the problem step by breaking it down step by step, step by step, and make sure to find out step by step, step by step, and see if we can find the number by breaking it down step by step, step by step, step by step.

Okay, let's try to figure out step by step, step by step, step by step, step by step, step by step, step by step, step by step, carefully. 

First, we need to find out how many cups of mint tea and see if we have to be careful and think step by step, step by step, and see step by step, step by step, step by step, and figure step by step, step by step, step by step, step by step, step by step, and think step by step, step by step, carefully. 

Okay, let's see step by step, step by step, step by step, step by step, step by step, step by step, step by step, and see if we can find the problem step by step.

First, we have 27 cups. 

First",False,True,captured
gsm8k_926,gsm8k,0.6B,0.5B,4,stochastic,42,11.3731,109.89,44.17,256,22.51,500,132,125,0.264,1.06,False," 

Okay, let's try to be sure, 22>
Okay, let's think>
Okay, let's think>
Okay, let's think>
Okay, let's think>
Okay, let's try to figure out the number > 

Okay, let's think>
Okay, let's think>
Okay, let's try to figure out how many movies can he can he can he can see 10>
Okay, let's think>
Okay, let's think step-by>
Okay, let's think step-by>
Okay, let's try to figure out how much money_spaced> 

Okay, let's> 

To solve this problem, we need to calculate the number of movies he can he see if he wants to make sure he gets a number >.>

Okay, let's try to think and he can he can see 5 movies>
Okay, let's try to find the number of movies he can he see if he wants to go to the number > 
Okay, let's try to find the answer >
Okay, let's try to figure out the number > 

To solve this problem, we need to calculate how many movies can he can see 2>
Okay, let's try to find the answer here > 

Okay, let",False,True,captured
gsm8k_932,gsm8k,0.6B,0.5B,4,stochastic,42,11.8402,109.2,46.0,256,21.62,521,125,131,0.2399,0.95,False," 

Okay, let's see.>

Okay, let's see the number >
Okay, let's think>
Okay, let's think>
Okay, let's think>
Okay, let's think>
Okay, let's think>
Okay, let's think>
Okay, let's think step-by>
Okay, let's think>
Okay, let's see below > 

Okay, let's think>
Okay, let's think>
Okay, let's see the number >
Okay, let's think>
Okay, let's see below >

Okay, let's see the number > 

Okay, let's think>
Okay, let's see the number of the total number >
Okay, let's see the total number of balloons the total number >
Okay, let's see the number > 
Okay, let's see below >
Okay, let's see the number >
Okay, let's see the total number of balloons >

To solve this problem, we need to calculate the total number of balloons >
Okay, let's think>
Okay, let's think>
Okay, let's see below >
Okay, let's see the number of total number >
Okay, let's see the number > 

Okay, let's
Okay, let's see the number >
Okay, let's see below",False,True,captured
gsm8k_942,gsm8k,0.6B,0.5B,4,stochastic,42,12.6823,108.65,49.31,256,20.19,559,115,141,0.2057,0.82,False," 

Okay, let's see.>

To determine the correct answer here put your answer here >
To determine the total charge is the total charge >
To determine the total charge step-by>

To determine the total charge step-by>

To determine the total charge for the job.
Okay, let's see the total charge > 

Final Answer>
To determine the total charge for the total charge > 

Okay, let's charge>
To determine the total charge by the answer >
To determine the total charge for the total charge >. 

Final Answer>
To determine the total charge for the problem solution > 

Okay, let's cost >.>

To determine the total charge>
To determine the total charge for the question number >
To solve step by step, then the number >
To solve this is this is the amount in the number >
To determine the total charge for the problem solution here >
To determine the total charge step-by- 18735360>
To determine the total charge for the question number > 

Okay, let's>
To solve step by step, 1230>
To solve this step-by-step explanation here put your answer here > 

To determine the total charge for the job.>

To determine the total charge by the way to be",False,True,captured
gsm8k_943,gsm8k,0.6B,0.5B,4,stochastic,42,10.4621,109.23,40.6,256,24.47,459,141,116,0.3072,1.22,False," (Remember to round to the nearest cent.)

Okay, let's see. cents.)

Okay, let's say, the nearest cent)

Okay, let's see if necessary decimal places as needed decimal places. (Remember to round to the nearest cent.)

Okay, let's see if necessary decimal places) the nearest cent.)

Okay, let's say 2 decimal places as needed.)

Okay, let's see if necessary decimal places)

Okay, let's see if necessary)
Okay, let's see if necessary.)

Okay, let's see if necessary.)

Okay, let's see if necessary. cents.)

Okay, let's say, the nearest cent)

Okay, let's see if necessary.)

Okay, let's see if necessary)

Okay, let's see if necessary, the nearest cent.)

Okay, let's see if necessary.)

Okay, let's say, the nearest cent.)

Okay, let's see if necessary)

Okay, let's see if necessary.)

Okay, let's say, 2 decimal places)
Okay, let's see if necessary)

Okay, let's see if necessary. the nearest cent.)

Okay, let's see. the nearest cent.)

Okay, let's say, the nearest cent.)

Okay, the nearest cent.)

Okay, let's say 2",False,True,captured
gsm8k_944,gsm8k,0.6B,0.5B,4,stochastic,42,12.111,109.6,47.06,256,21.14,533,122,134,0.2289,0.91,False," 

To determine the total earnings > 

Okay, let's see.>

To determine the total earnings from the total amount in numbers here >
To determine the total earnings from the total earnings > 

Okay, let's see below >

To determine the total earnings from each.>

To determine how much will be careful calculation here >
To determine how much will she will be careful calculation here >
To determine how much will she earn??
Okay, let's see the total amount in numbers >

To determine the total earnings from the total earnings in numbers only number >

Okay, let's see the number >

To determine how much will she earn? 

Okay, let's>
Okay, let's calculate the total amount in the total amount in the total amount in numbers only number >
To determine how much will she earn? 

Okay, let's total amount in dollars>
Okay, let's see below




To determine how much will she earn??
Okay, let's see the total amount in the total amount in dollars>

To determine how much will she earn> 

Okay, let's money > 

Okay, let's total amount in dollars >

To determine how much will she earn?>

To determine how much will she earn? >

To determine how much Jen's",False,True,captured
gsm8k_945,gsm8k,0.6B,0.5B,4,stochastic,42,11.4505,121.33,44.43,256,22.36,503,130,127,0.2584,1.02,False," 

Okay, let's see the number >

Okay, let's think>
Okay, let's think>
Okay, let's think>
Okay, let's think>
Okay, let's see the answer here >

Okay, let's see the answer > 

Okay, let's see below >
Okay, let's think>
Okay, let's see the total time in minutes >
Okay, let's try to find the number >

Okay, let's think through the total time in the total time in the problem, 

Okay, let's think>
Okay, let's try to find the total time in minutes>
Okay, let's try to find the answer > 
Okay, let's see the problem solution >

Okay, let's try to solve the problem step-by-1130>
Okay, let's try to find the total time in hours>
Okay, let's try to find the answer>
Okay, let's try to think>
Okay, let's

Okay, let's try to find the answer here > 

Okay, let's think>
Okay, let's see below >
Okay, let's try to calculate the answer here >
Okay, let's try to think>
Okay, let's>

Okay, let's try to figure out the time in minutes",False,True,captured
gsm8k_953,gsm8k,0.6B,0.5B,4,stochastic,42,13.1344,109.81,51.08,256,19.49,576,111,145,0.1927,0.77,False, (Remember: The time (Remember: The time she was sleepwalking occurs only counts only counts only counts as the camera recorded by the camera is not spent sleepwalking is counted only counts only counts as a sleepwalking is not spent on the camera recorded by the camera is the camera starts at which she was not spent on sleepwalking is not spent on sleepwalking occurs in the problem is not counted in the sleepwalking happens to be the camera is counted as sleeping is counted is the camera is on the camera recorded by the camera is the camera starts at 2:15 to sleepwalking is not counted as sleeping is not counted as sleeping is counted only counts only when she was 2:15 to go to the bathroom is from when she was sleepwalking is from when she was asleep is not spent sleepwalking happens during which she spent sleepwalking is not counted as a sleepwalker is not spent on sleepwalking is not spent on sleepwalking occurs is the camera was 2:15: sleepwalking is not counted as measured by the camera is measured by the camera is counted from when she was sleepwalking is measured by the camera is the camera was from when she woke up from when she went on the camera is from when she went to sleepwalking is not spent,False,True,captured
gsm8k_967,gsm8k,0.6B,0.5B,4,stochastic,42,12.7683,108.65,49.65,256,20.05,563,114,142,0.2025,0.8,False," 

Okay, let's see.>

Okay, let's think>
Okay, let's think>
Okay, let's see the total age of all three family members. 

Let me solve step-by>

To solve the total age >

Okay, let's see the total age >

Okay, let's see below >

Okay, let's think>
Okay, let's see the total age of all three >

To solve this problem solution here put the answer here >

To solve the problem step-by>
Okay, let's see the total age > 

Okay, let's see the total age of all three >

Okay, let's see the total age of all three family members. So, let's think>
Okay, let's think>
Okay, let's see the total age of all three numbers >

To find the total age of the total age of the problem solution > 

Let me try to find the total age > 

Okay, let's age is 8 years.

Okay, let's think step-by-10>
Okay, let's think>
Okay, let's see the total age > 

Okay, let's total age of the total age total age >

Okay, let's see the total age of all three numbers >
To find the total age of the total",False,True,captured
gsm8k_969,gsm8k,0.6B,0.5B,4,stochastic,42,12.3372,109.46,47.95,256,20.75,545,120,137,0.2202,0.88,False," 

Okay, let's see.>

Okay, let's see, 90>
Okay, let's see the total cost >. 

Okay, let's see the total amount > 

Okay, let's see the total cost >

Okay, let's see the answer here put answer here put answer here > 

Okay, let's see the total amount >. 

Let me think through the total cost >

Okay, let's see the total cost is the answer here put your answer here >
Okay, let's see the problem again. So, let's see, the total cost > 

Okay, let's see the total cost > 

Okay, let's see the total cost is 900 >
Okay, let's see the total amount > 

Okay, let's

Okay, let's see.>

Okay, let's see the total amount > 

Okay, let's see the total cost is $600>
Okay, let's see below
Okay, let's see the total cost is the total amount >. Let's see the answer here >
Okay, let's see the answer here put your answer here > 

Okay, let's> 

Okay, let's final answer >
Okay, let's see the answer here put your answer",False,True,captured
gsm8k_970,gsm8k,0.6B,0.5B,4,stochastic,42,13.5926,109.61,52.87,256,18.83,600,106,150,0.1767,0.71,False," 

Okay, let's see.>

Okay, let's>
Okay, let's see, let's>
Okay, let's see the combined_players>
Okay, let's answer here put answer here > 

To find the total number of players in both teams combined_players>
Okay, let's see solution > 

Step 1: 27 + 7 + 7140>
Okay, let's see solution here >
To solve the number > 

Let me try to be careful calculation here > 

Okay, let's see solution here put answer here >.
Okay, let's see solution here >
To solve this is 27>
Okay, let's see the number > 

Okay, let's see, let's see the combined_players>
Okay, let's see the number of the combined number > 

Okay, let's see.> 

Okay, let's see solution here >
To find the total number of the sum of both teams combined players>
Okay, let's see the number of the number > 

Okay, let's>

To solve this problem, we need to calculate the total number of players in both teams combined players>
Okay, let's see.> 

Okay, let's see the number > 

Okay, let's see",False,True,captured
gsm8k_974,gsm8k,0.6B,0.5B,4,stochastic,42,13.2739,109.05,51.63,256,19.29,585,110,147,0.188,0.75,False," 

Okay, let's see.>

Okay, let's think>
Okay, let's think>
Okay, let's see the number >
To determine the number >
To determine the total hours>
Okay, let's think>
Okay, let's think>
Okay, let's think>
Okay, let's see below > 

Okay, let's see the number >
To determine the total cost of books >

Okay, let's think>
Okay, let's think>
To determine the total cost of the number >
To determine the total cost of the number >
Okay, let's>

To determine the total cost of the problem solution > 

Okay, let's see the number > 

Let me solve this step by step and then write the answer >
To determine the total cost of the number >
To determine how many hours does not enough>
Okay, let's see below

Let me solve this step by step, 12123>
Okay, let's see the number > 

Let me think>
Okay, let's see the number >
To determine how many hours does he needs to work 12>
Okay, let's see the number of the number > 

To determine how many hours does not enough information missing number > 

Okay, let's

Okay,",False,True,captured
gsm8k_978,gsm8k,0.6B,0.5B,4,stochastic,42,13.9189,108.59,54.16,256,18.39,616,102,154,0.1656,0.66,False," 

Okay, let's see.>

Okay, let me think>
Okay, let me think>
Okay, let me think>
Okay, let me think>
Okay, let me think>
Okay, let me think about 1500> 

Okay, let me think>
Okay, let me think about this is 1500>
Okay, let me think step-by>
Okay, let me think. 

Okay, let me think>
Okay, let me think step-by-step reasoning steps >

Okay, let me think>
Okay, let me think this is 1400>
Okay, let's cost of the blue car price of the sum of the blue car's 100 + 1500>
Okay, let me think. So, let me think>
Okay, let's>
Okay, let me think step-by-step reasoning steps here put your answer here >
Okay, let's cost of red car price of the total cost of red car price of the sum of the prices of both cars in dollars>
Okay, let's




Okay, let me think about 100 + 150>
Okay, let me think step by step-by-step-replace answer >
Okay, let's",False,True,captured
gsm8k_981,gsm8k,0.6B,0.5B,4,stochastic,42,11.6393,109.57,45.21,256,21.99,513,127,129,0.2476,0.98,False," 

Let me think>
Okay, let's see.>

Okay, let's think>
Okay, let's think>
Okay, let's see the number >
To determine the number of servings >
To determine the total number >
Okay, let's see the number >
Okay, let's think>
Okay, let's think>
Okay, let's think>
Okay, let's think>
Okay, let's see the number >
Okay, let's see below
Okay, let's think>
Okay, let's think>
Okay, let's see the number of servings >
To determine the total number of servings >
Okay, let's see below > 

Okay, let's think>
Okay, let's see below

Okay, let's>
Okay, let's see the number >
Okay, let's see the answer here >
To determine the total number of servings >
Okay, let's see the number >
To determine the total number of servings >

To determine the total number of the number >
Okay, let's see below >
To determine the total number of servings >
To determine the total number of the number of the number >
Okay, let's see the number > 
Okay, let's answer here>
Okay, let's see the number >
To determine the total number of the",False,True,captured
gsm8k_982,gsm8k,0.6B,0.5B,4,stochastic,42,11.2614,109.28,43.73,256,22.73,496,133,124,0.2681,1.07,False," 

Okay, let's see. Let's

Okay, let's see, let's students>
Okay, let's see the number >
Okay, let's see solution here >
Okay, let's see the number >
Okay, let's think>
Okay, let's think>
Okay, let's think>
Okay, let's see solution > 

Okay, let's think>
Okay, let's think>
Okay, let's see solution >
Okay, let's see the number >
Okay, let's see solution >
Okay, let's see the number of students leaving early_students>
Okay, let's think>
Okay, let's see the number of students leaving early students>
Okay, let's see solution >
To determine the number of students leaving early students>
Okay, let's see the number >
Okay, let's see the number of students leaving early students>
Okay, let's 17>
Okay, let's see the number of students leaving early_students>
Okay, let's see solution here put your answer here >
Okay, let's see the number of students leaving early students>
Okay, let's see solution here >
Okay, let's

Okay, let's see solution >
Okay, let's see the number of students leaving early students>
Okay, let",False,True,captured
gsm8k_983,gsm8k,0.6B,0.5B,4,stochastic,42,9.4439,108.75,36.61,256,27.11,415,153,104,0.3687,1.47,False," 

Okay, let's see. Determine the size of Charlie's shoe size of the problem is to find the average size of the problem is to find the average size of Charlie's shoe size of the problem is to determine the size of Charlie's shoe size is to find the average size of Charlie's shoe size is to find out of the problem says Charlie's Explanation: Charlie's explanation of the problem is to find the average size of the problem says that Charlie's boots are we need to find the average is to find the average size of Charlie's shoe size is five times the size of Sophie's shoe size of Charlie's shoe size of the problem is to determine the size of Charlie's shoe size is to determine the size of Charlie's boots that Charlie's thinking about the problem says that Charlie's boots are we need to find the average is to find out of the problem, determine the size of Charlie's boots is to find out of the information that Charlie's boots are five times the size of Sophie's shoe size of Charlie's shoe size is to determine the size of Charlie's boots is to find out of the problem says that Charlie's boots are you need to find the average size of Charlie's shoe size of the problem is to determine the size of Charlie's shoe size",False,True,captured
gsm8k_989,gsm8k,0.6B,0.5B,4,stochastic,42,8.9692,108.52,34.75,256,28.54,394,158,99,0.401,1.6,False," Emily can peel shrimp at 6 per minute and saut 6 shrimp per minute, and then sauté 6 shrimp per minute, and cook shrimp at a rate of 6 shrimp at a rate of 6 shrimp at a rate of 6 shrimp at a rate of 6 shrimp per minute, and cook shrimp at 6 per minute and cook shrimp at 20. So, to sauté 6 shrimp per minute. She can sauté 6 per minute and cook shrimp at 6 shrimp at a rate of 6 shrimp per minute. Let's see, if she is 6 per minute and cook shrimp at 20 shrimp at a rate of 6 shrimp per minute. So, she can peel shrimp at a rate of 6 per minute and sauté 6 per minute and cook shrimp at a rate of 6 shrimp at a rate of 6 shrimp per minute. She can sauté 6 per minute and sauté 6 per minute and cook shrimp at a rate of 6 shrimp at a rate of 6 per minute and cook shrimp at a rate of 6 shrimp per minute. She can sautéing rate of 6 per minute and sautéing them at ",False,True,captured
gsm8k_990,gsm8k,0.6B,0.5B,4,stochastic,42,11.6004,108.47,45.07,256,22.07,510,128,128,0.251,1.0,False," 

Okay, let's see the number >

Okay, let's think>
Okay, let's think>
Okay, let's think>
Okay, let's see the starting temperature -2>

Okay, let's think>
Okay, let's think>
Okay, let's think>
Okay, let's think>
Okay, let's>

Okay, let's see the number >
Okay, let's think>
Okay, let's think step-by-step>
Okay, let's think>
Okay, let's try to think>
Okay, let's think>
Okay, let's try to think step-by-2>

Okay, let's try to figure out the total change in temperature > 

Final Answer>
Okay, let's try to think again, let's think>
Okay, let's try to think step-by>

Okay, let's try to compute the net change >
To determine the number >

To determine the answer >

Okay, let's try to find the answer >
Okay, let's try to solve the problem step-by-2>

Wait, let's> 

Okay, let's try to find the answer here > 
Okay, let's try to solve the problem step by the number >

Okay, let's

Let me think>
Okay, let's try to find",False,True,captured
gsm8k_998,gsm8k,0.6B,0.5B,4,stochastic,42,11.4265,109.52,44.38,256,22.4,501,130,126,0.2595,1.03,False," 

Okay, let's see the number > 

Okay, let's think>
Okay, let's think>
Okay, let's think>
Okay, let's think>
Okay, let's think>
Okay, let's see solution here >

Okay, let's think>
Okay, let's think>
Okay, let's see solution > 
Okay, let's think>
Okay, let's see solution >
Okay, let's see solution here >
Okay, let's see solution here >

Okay, let's see solution here >

Okay, let's think step-by-step>
Okay, let's think>
Okay, let's see the number >
Okay, let's see the number >
Okay, let's see the number > 

Okay, let's think > 

Okay, let's>

Okay, let's try to find the total number of people in the number >
Okay, let's see solution >
Okay, let's see the number of the number >
Okay, let's see solution > 

Okay, let's
Okay, let's see the number >
Okay, let's see the number of people in the number > 

Okay, let's> 

To solve this problem, we need to find the number of people in the number > 

Okay, let's see solution",False,True,captured
gsm8k_999,gsm8k,0.6B,0.5B,4,stochastic,42,11.238,109.13,43.64,256,22.78,495,133,124,0.2687,1.07,False," (Assume that the watermelon is divided slices are no. watermelon is divided into slices are no other way the watermelon is a watermelon is a watermelon is a whole watermelon is a single slice sizes of the watermelon is divided into slices of the watermelon is no. of the watermelon is divided slices are no other way around the watermelon is divided slices are all the slices are no. of slices are all the slices are no other slices are all the slices are of the watermelon is divided into slices of equal slices are all the slices are of the watermelon is a watermelon is divided slices are no other way around. watermelon is divided into equal slices are all the same size of the watermelon is 4 kids are no. of slices are no other way around, watermelon is divided into equal slices are all the same size of the watermelon is no. of slices is no. of slices is divided slices are all the slices are all the slices are all the slices are of the watermelon is divided slices are no. of slices is a watermelon is a watermelon is divided slices are all the same size of the watermelon is divided into slices are no. of slices is divided into equal slices are no. of slices",False,True,captured
gsm8k_1004,gsm8k,0.6B,0.5B,4,stochastic,42,10.021,108.67,38.87,256,25.55,439,145,111,0.3303,1.31,False," Let's solve this problem step by step, step by step.

Okay, let's see. 

First, we need to find the same as a step by first by first. We are there are the same way step by step.

Okay, let's see step by step.

Okay, let's see step by step, step by step, step by step, step by step, step by step, step by step, step by step, using the steps below.

Okay, let's see if we need to find the number of chocolate bars. 

Okay, let's see step by step, step by step, using equations.

Okay, let's see if the same as a step at your step by step, step by step, step by step, step by step, step by step, using the information step by step. 

First, we need to find the same as before we need to find the difference between the number step by step, step by step, using equations. 

First, we need to find the difference between the number of chocolate bars in each box. 

First, we need to find the difference between the number of chocolate bars. 

First, we need to find the difference between the number of chocolate bars.

Okay, let's see if we",False,True,captured
gsm8k_1005,gsm8k,0.6B,0.5B,4,stochastic,42,10.3705,108.88,40.24,256,24.69,457,142,115,0.3107,1.23,False," 

Okay, let's see.>

Okay, let's think>
Okay, let's think>
Okay, let's think>
Okay, let's see the number >
Okay, let's think>
Okay, let's think>
Okay, let's see the number >

Okay, let's think>
Okay, let's think>
Okay, let's think>
Okay, let's think step-by>
Okay, let's think>
Okay, let's see the number >
Okay, let's see the number of porcupines>
Okay, let's think>
Okay, let's think step-by>
Okay, let's see the number of porcupines>

Okay, let's see the number >
Okay, let's see the number of porcupines>
Okay, let's see the number of porcup>

Okay, let's see the number of porcupines>
Okay, let's see the number of porcup>

Okay, let's see the number of porcupines>
Okay, let's>
Okay, let's see the number of porcupines>
Okay, let's see the number of porcup>
Okay, let's see the number of porcupines>

Okay, let's see the number of porcupines>

Okay, let's try to",False,True,captured
gsm8k_1007,gsm8k,0.6B,0.5B,4,stochastic,42,11.707,109.17,45.48,256,21.87,516,127,130,0.2461,0.98,False," 

Okay, let's see.>

Okay, let's see, 

Okay, let's> 

Let me solve step-by>
Okay, let's see below > 

Okay, let's see the number > 

Okay, let's see the number >
Okay, let's see below >

Okay, let's see below > 

Okay, let's>
Okay, let's see the number > 

Okay, let's>

Okay, let's see the steps here >
Okay, let's see the thought process > 

Okay, let's see below > 

Okay, let's see the number > 

Okay, let's think>
Okay, let's see the number > 

Okay, let's> 

Okay, let's

Okay, let's see the steps below >
Okay, let's see the solution here >
Okay, let's see the solution here >
Okay, let's see the steps above the number >.
Okay, let's see the solution > 

Let me solve the number >
Okay, let's see the steps below > 

Okay, let's think>
Okay, let's see the thought > 

Okay, let's see, 29 + 5 = 9 + 5 = 9 + 5375>
Okay",False,True,captured
gsm8k_1014,gsm8k,0.6B,0.5B,4,stochastic,42,10.3184,109.29,40.04,256,24.81,452,144,113,0.3186,1.27,False," Also, what is the total cost of the fruits he can he total cost of the total cost of the plums total cost of the plums he total cost including tax total cost of the total cost of the fruits total cost including tax total cost of all the total cost of all total cost of the total cost of the fruits he total cost of the total cost of all tax rate of the total amount of the total cost of all tax rate?

Wait, the total cost of all total cost of the total cost of the fruits total cost, total cost of the fruits' total cost of all the fruits total cost of all the total cost of all the total cost of the total cost of the fruits he total cost of the fruits he can he total amount of money left over all total cost of the fruits he can he buy?
Wait, that he total cost of the fruits he total cost of the fruits he total cost of the fruits total cost of all total cost of all total cost of the fruits total cost including tax total cost of the total cost of all the total cost of the fruits he total cost of all tax rate?

Wait, the question? total cost of the total cost of all total cost of the fruits he total cost including tax total cost of the total cost of all",False,True,captured
gsm8k_1024,gsm8k,0.6B,0.5B,4,stochastic,42,14.1153,109.42,54.93,256,18.14,625,99,157,0.1584,0.63,False," 

Let me calculate the number > 

Let me think>
Okay, let's see. 

Let me calculate the total earnings from the number >
To determine the total amount >
To determine the total money left




Final Answer>
Okay, let's see the calculation here >
Okay, let's calculate the number >
Okay, let's see solution >
To determine the total money from cookies sold 1580>

To determine the total earnings from the cookies > 

Okay, let's see the number > 

Okay, let's calculate the total earnings from cookies, let's see, let's calculate the total money left

Let me calculate the total earnings from cookies and cupcakes and then the correct answer >

Let me solve step by step >

To determine the total earnings from cookies and cupcakes. 

Let me think through the steps here >

To determine the total earnings from cookies sold 80 cookies sold 24260>

To determine how much money does not sure to be careful calculation >
To determine the total earnings from the cookies: 80*>
Okay, let's see the total money left

Okay, let's calculate step by step-by-step>

To determine the total earnings from cookies and cupcakes sold 240>

To solve",False,True,captured
gsm8k_1026,gsm8k,0.6B,0.5B,4,stochastic,42,12.5184,108.33,48.67,256,20.45,553,118,139,0.2134,0.85,False," 

Okay, let's see.>

To determine the number >
To determine the total ore>
Okay, let's see the number > 

To determine the number > 

Okay, let's see the number > 

Okay, let's think>
Okay, let's think>
Okay, let's see the number >.
Okay, let's see the number >
To determine the total ore mined ore>
Okay, let's think>
Okay, let's think>
Okay, let's see the thought process > 

Okay, let's think>
Okay, let's think>
Okay, let's see the problem again, let's think>
Okay, let's see the thinking > 

To determine the answer here > 

Okay, let's see the number >
To determine how many pounds of ore can be sure, 10840>
Okay, let's see the steps here >.
Okay, let's see the thought>
Okay, let's think > 

To determine the correct answer here >
To determine how many pounds of ore > 

To determine how many pounds of ore can be sure to be sure you need to calculate the total ore_pounds>
Okay, let's see the steps here. Let's see the number > 

Okay, let's> 

Okay",False,True,captured
gsm8k_1049,gsm8k,0.6B,0.5B,4,stochastic,42,9.8001,109.24,38.0,256,26.12,431,149,108,0.3457,1.38,False," Let's solve this step by step.

Step 1: Find the number of English books.

Step 1 by step by step by step by step. First, we need to find out how?
Okay, let's see. First, find the number of English books: 

Step 1: Find the number of English books.

Step 1: 

Step 1: Find the number of English books.

Step 1: Find the number of English books.

Step 1: Find the number of English books: 

First, we go step by step.

Step 1: Find the problem.
Step 1: Find the number of English books.

Step 1: Find the number of English books. First, find the problem.
Step 1: Find the number of English books: step by step. First, find the number of English books. First, we need to find the problem together.

Step 1: Find the number of English books. First, we need to find the problem step by step.

First, find the problem.

Step 1: step by step, step by step.

First, find the number of step by step, step by step.

First, find the number of step by step.

First, we go step by step",False,True,captured
gsm8k_1054,gsm8k,0.6B,0.5B,4,stochastic,42,13.877,108.56,53.99,256,18.45,613,102,154,0.1664,0.66,False," 

Okay, let's see.>

To determine the total cost in the box >
To determine the number > 

Okay, let me to be careful, let me to be careful with the number > 

Final Answer>
Okay, let me the number >
To determine the number >
To determine the cost > 

Final Answer>
Okay, let me the total cost in numbers >
To determine the cost of the cost in the total cost in numbers > 

Okay, let me 24848480>
Okay, let's>
Okay, let's cost in numbers, let's cost in dollars>

To determine the total cost in dollars >
To determine the cost in dollars >

Okay, the total cost is calculated cost in numbers >

To determine the cost in dollars >
To determine the cost of the problem solution here put your answer here write the cost in dollars >
To determine the cost of the problem is the cost in dollars >
To determine the cost of the cost in dollars >
To determine the cost of renovate my calculation here > 

Okay, let's cost > 

Okay, let's cost in dollars>
Okay, let's cost > 

Okay, let's cost in the cost in the cost in numbers only the cost in dollars to be careful calculation here >",False,True,captured
gsm8k_1056,gsm8k,0.6B,0.5B,4,stochastic,42,11.1407,109.58,43.26,256,22.98,490,134,123,0.2735,1.09,False," (Assume that each (Assume that each week is a year has 2 twin bed is a year has 52 twin bed is a separate bed is a separate load is a separate load and every week he does all of the sheets are washed load of laundry takes 1 year has 2 beds are washed load is a year has 52 weeks is a separate load, every week is a separate bed is a separate load.)

Okay, let's see-throughout of the beds are washed load takes 1 hour of the laundry machine is a year has 52 weeks is a separate load. 2 twin sets of the sheets are washed in a year has 52 weeks is a separate load. 2 twin bed is a separate bed is a separate bed is a separate bed is a separate bed is a separate load. 2 twin sets of sheets is a separate load. 2 twin sets of sheets at least one of the beds are washed in a year is a separate load.)

Okay, let's laundry load of the beds are washed in a year is a separate load. 2 twin sets of sheets at least one of the beds are used sheet is a separate load. 1 twin bed is a separate bed is a separate bed is a",False,True,captured
gsm8k_1068,gsm8k,0.6B,0.5B,4,stochastic,42,12.4242,109.16,48.29,256,20.61,548,120,137,0.219,0.88,False," 

Okay, let's see the number > 

Okay, let me think>
Okay, let me think>
Okay, let me, let me >
Okay, let's try to think>
Okay, let meow>
Okay, let's see the number >
Okay, let me

Okay, let's see the number >
Okay, let's try to figure out of the number >
Okay, let me think>
Okay, let me to be sure > 

Okay, let's see the number > 

Okay, let'something>
Okay, let's try to find the answer here >

Okay, let's see the number >
Okay, let's

Okay, let's see the steps here >
Okay, let meh2148>
Okay, let's try to solve this step by step and then 156>
Okay, let's>
Okay, let's> 

Okay, let's

Okay, let'something>
Okay, let's

Okay, let's

Okay, let's try to figure out the answer here > 

Okay, let's
Okay, let's try to solve this step by the number >
Okay, let's try to find the answer here >

Okay, let's>
Okay, let's
Okay, let's",False,True,captured
gsm8k_1069,gsm8k,0.6B,0.5B,4,stochastic,42,11.1763,108.75,43.4,256,22.91,491,134,123,0.2729,1.09,False," 

Okay, let's see the total number of tons>
Okay, let's think>
Okay, let's think>
Okay, let's think>
Okay, let's think>
Okay, let's think>
Okay, let's see the total number of tons>
Okay, let's think>
Okay, let's think>
Okay, let's see the total number of tons of the total number > 

Okay, let's see the total number of tons of fertiliser delivered_fertiliser_ton>
Okay, let's think>
Okay, let's think>
Okay, let's think through the process > 

To solve this problem, we need to calculate the total number of tons>
Okay, let's think>
Okay, let's see the total number of tons of the trucks had 20 trucks, let's think step-by>

Okay, let's think step by step-by>
Okay, let's think through the process > 

Okay, let's see the steps >
Okay, let's see the thought process > 

Okay, let's think>
Okay, let's try to calculate step by step-by>

Okay, let's try to find the total number of tons>
Okay, let's try to think>
Okay, let's try to think>
Okay,",False,True,captured
gsm8k_1070,gsm8k,0.6B,0.5B,4,stochastic,42,12.3972,109.58,48.19,256,20.65,545,119,137,0.2183,0.87,False," 

Okay, let's see.>

Okay, let's think>
Okay, let's think>
Okay, let's think>
Okay, let's think>
Okay, let's think>
Okay, let's see the cost of the correct answer >
Okay, let's think>
Okay, let's think>
Okay, let's see below > 

Okay, let's think>
Okay, let's think>
Okay, let's see the correct answer >
Okay, let's see the correct answer >
Okay, let's see the cost of 1248>
Okay, let's see the answer here > 

Okay, let's>
Okay, let's see the cost of 6 pounds of the answer here >
Okay, let's see the cost of 6 pounds of the cost of the correct answer here >
Okay, let's see below >
Okay, let's see the cost > 

Okay, let's>
Okay, let's cost of the cost of 6 pounds of the correct answer here >
Okay, let's cost of 6 pounds of butter needed amount in the cost of 124>
Okay, let's see the correct answer >
Okay, let's see below >

To determine the cost of the cost > 

Okay, let's>
",False,True,captured
gsm8k_1071,gsm8k,0.6B,0.5B,4,stochastic,42,11.7795,109.63,45.76,256,21.73,517,127,130,0.2456,0.98,False," 

Okay, let's see.>

Okay, let's see. 

Okay, let's think>
Okay, let's think>
Okay, let's think>
Okay, let's see below > 

Okay, let's calculate the total cost in the cost in the correct number >
Okay, let's calculate the total cost in the box >

Okay, let's see the cost in the box >
Okay, let's think>
Okay, let's see the total cost in the box >

To determine the total cost of the problem answer here >

To determine the total cost of the cost in the box > 

Okay, let's cost of the problem number >
Okay, let's see the cost in dollars >

Okay, let's see the cost in dollars >

Okay, let's see below >
Okay, let's see the total cost in dollars >

To determine the total cost of the cost in dollars>
Okay, let's see the cost in dollars >
Okay, let's see below > 

Okay, let's think > 

Okay, let's think>
Okay, let's see the total cost is there is the total cost > 
Okay, let's see the cost in dollars >

To determine the total cost of the theater_fee>

Okay, let's see below > 

",False,True,captured
gsm8k_1072,gsm8k,0.6B,0.5B,4,stochastic,42,11.6974,108.31,45.45,256,21.89,516,127,129,0.2461,0.98,False," 

Okay, let's see.>

Okay, let's think>
Okay, let's think>
Okay, let's see the answer >
Okay, let's think>
Okay, let's see below >

Okay, let's see the sum of the answer > 

Final Answer: <

Okay, let's see below >

Okay, let's see the explanation > 

Okay, let's>
Okay, let's see the total amount > 

Let me think>
Okay, let's think>
Okay, let's see the thought process > 

Okay, let's see the steps here > 

Okay, let's see below

Okay, let's see the problem solution > 

Okay, let's see, 1200> 

Okay, let's

Let me solve this step by step and > 

Let me think through the total amount > 

Okay, let's see, let's see below
Okay, let's see below > 

Final Answer: <number>
Okay, let's see below > 

Okay, let's see, so the total amount > 

Okay, let's think > 

Okay, let's

Let me think through the problem step-by> 

Okay, let's see, 120>
Okay, let's see",False,True,captured
gsm8k_1075,gsm8k,0.6B,0.5B,4,stochastic,42,13.728,109.53,53.41,256,18.65,608,105,152,0.1727,0.69,False," 

Okay, let's try to think>
Okay, let me think>
Okay, let me think>
Okay, let me think>
Okay, let me think>
Okay, let's try to figure out of the number >
Okay, let me think>
Okay, let me think>
Okay, let me think through the number >
Okay, let me think>
Okay, let's try to think>
Okay, let me think>
Okay, let me think through the number > 

Okay, let me think>
Okay, let me think>
Okay, let'something>
Okay, let's>

Okay, let me think>
Okay, let me think>
Okay, let's try to figure out of the change in the number >
Okay, let's try to solve the problem step by step-by>

Okay, let me think>
Okay, let me think through the problem step-by>
Okay, let's> 

Okay, let's>
Okay, let's number > 

Okay, let'sh250>
Okay, let's solution >

Okay, let's

Final Answer>
Okay, let's change in the box >

Okay, let's

Okay, let's try to figure out the total number > 

Okay, let's the number >
Okay, let's",False,True,captured
gsm8k_1082,gsm8k,0.6B,0.5B,4,stochastic,42,10.7226,109.39,41.62,256,23.87,471,137,119,0.2909,1.15,False,"  How long did it take him to get back home?

Wait, in total?

Wait, the question is not including the trip?

Wait, the question is a total?

Wait, the question is a total?

Wait, the question.  him to go back home?

Wait, the question seems like to get back home?

Wait, the total to get back home?

Wait, the entire trip?

Wait, the question: to get back home?

Wait, the total?

Wait, the question is a total?

Wait, that he to get back home?

Wait, that he to get back home?

Wait, the total to get back home?

Okay, let's see the total to get back home?

Wait, the question is repeated?

Wait, the entire trip to get back home?

Wait, the question is asking for the problem.  him to get back home?

Wait, the question is repeated?

Wait, the question is he to get back home?

Wait, the question is asking for the store to walk back home?

Wait, the entire trip?

Wait, the total?

Wait, the question is a total?

Wait, the question is asking for the first to get back home?

Wait, the entire trip?

Wait, the question is a total to",False,True,captured
gsm8k_1089,gsm8k,0.6B,0.5B,4,stochastic,42,11.8089,109.45,45.88,256,21.68,521,126,131,0.2418,0.96,False," (Remember to include the first bounce that the first bounce that the first bounce that occurs on the first bounce that the first bounce is the first bounce when calculating the first bounce.)

Okay, let's see the first bounce that the first bounce when calculating the answer in your first bounce that it's the second floor from the first bounce that the first bounce is the first bounce, the first bounce that it's first bounce.) 

Okay, let's first bounce that the first bounce is the first bounce that the first bounce is the first bounce that the first bounce.)

Okay, let's see the first bounce that the first bounce and the first bounce when calculating the answer.)

Okay, let's see the first bounce that the first bounce is the first bounce, the first bounce, the first bounce and the first bounce.)
Okay, let's see the first bounce that it's the second floor and the first bounce. first bounce that he first bounce that the first bounce.)
Okay, let's see the first bounce that occurs when calculating the answer in your first bounce and the first bounce.)

Okay, let's see the first bounce that the first bounce is the first bounce that occurs on the first bounce, the first bounce, first bounce in your first bounce and the first bounce.)

Okay, let's",False,True,captured
gsm8k_1091,gsm8k,0.6B,0.5B,4,stochastic,42,11.57,109.03,44.94,256,22.13,509,128,128,0.2515,1.0,False," What is the total amount?

Wait, the question is asking for?

Wait, the question is the orchard earned?

Wait, the orchard earned?

Wait, the orchard earned?

Okay, let's see?

Wait, I have to be?

Wait, the question is asking for?

Wait, the question is earned?

Okay, let's value of money earned?

Okay, let me? What is the total amount?

Wait, the question is asking for? 

Wait, I have to be?

Wait, the question? What is the total amount?

Wait, that the orchard earned?

Okay, in dollars?

Okay, let me?

Wait, the question? What is the total amount of money earned?

Okay, let me?
Answer: <number>?

Wait, that the orchard earned?

Let me? What is the total amount?

Wait, the question is not including the cost of the apples sold?

Okay, let me see if the orchard earned?

Wait, the question?

Okay, let me check?

Wait, the question is it earned?

Okay, let me check the orchard earned by which the orchard earned?

Let me check?

Wait, the question?

Wait, the question is asking for?

Wait, the question is the",False,True,captured
gsm8k_1102,gsm8k,0.6B,0.5B,4,stochastic,42,12.2964,109.39,47.79,256,20.82,543,121,136,0.2228,0.89,False," 

Okay, let's see.>

Okay, let's see.>

Okay, let's see the new balance > 

Okay, let's calculate the new balance > 

Okay, let's calculate the new balance > 

Okay, let's calculate the new balance is the new balance > 

Okay, let's see the new balance > 

Okay, let's see below. 

Let me think>
Okay, let's see the new balance > 

To determine the new balance step-by-275956425598.>

Okay, let's see the new balance >
Okay, let's see the new balance > 

Okay, let's calculate the new balance > 

Okay, let's calculate the new balance is this is the new balance >. 

Okay, let's new balance is the new balance > 

To determine the new balance step-by>
Okay, let's see below >
Okay, let's see below
Okay, let's see the new balance > 

Okay, let's credit card balance > 

Okay, let's new balance is the new balance is the new balance is the new balance is the new balance on her credit card. 

Let me think>
Okay, let's see the new balance > 

Okay,",False,True,captured
gsm8k_1107,gsm8k,0.6B,0.5B,4,stochastic,42,12.5372,109.64,48.74,256,20.42,553,118,139,0.2134,0.85,False," The school has 1000 students10.
Okay, let's see. 

Okay, let me think. So, and 1000 students.
Okay, let me check.

Okay, let me.

Let me think. So, the total.
Okay, let me.
Okay, let me.

Okay, let me.
Okay, let's see, and 1000 students.

Okay, let me.

Okay, let me?

Wait, the question: 1000 students.

Okay, let me check the school.

Okay, let me check the answer: 40% of total.

Okay, let me check the school. (the school has 100.

Let me think. 

Okay, let me.
Okay, let me.

Okay, let me check.

Okay, let's school.
Okay, let'school.
Okay, let's total.
Okay, let me check the answer.

Okay, and 40% of which is 1000 students.
Okay, let me think that are in total.

Okay, let me check.

Okay, let me check.

Okay, let's total.
Okay, let's total.

Wait, the school has 1000 students.

",False,True,captured
gsm8k_1108,gsm8k,0.6B,0.5B,4,stochastic,42,13.7189,109.68,53.37,256,18.66,606,104,153,0.1716,0.68,False," 

Let me calculate the total amount after calculation here write the answer here >

To determine the total amount after calculation > 

Okay, let's see. 

Let me calculate the total cost of the problem solution > 

Let me think through the process steps here put your answer here >
To determine the total cost of the question number > 

Okay, let's see below




To determine the total cost of pots price >
To determine how much did not sure > 

Let me calculate the total cost of pots_price>
Okay, let's see the total amount > 

Let me calculate the total cost of pots_price>
Okay, let's see the total amount > 

Let me try to solve the total amount >
To determine the total cost of pots_price>
Okay, let's see below > 

Let me think>
Okay, let's see below

Let me calculate the total cost of pots_price>
Okay, let's see the solution here >
To determine how much did she spent at the gardening shop. 

Okay, let's see the correct answer >
To determine the total cost of the problem.

To determine how much did not sure yet to be careful calculation steps >
To determine how much did she spend? 

Okay, let's see the total cost of the",False,True,captured
gsm8k_1110,gsm8k,0.6B,0.5B,4,stochastic,42,11.4397,108.75,44.43,256,22.38,504,130,126,0.2579,1.03,False," 

Okay, let's see.>

Okay, let's think>
Okay, let's think>
Okay, let's think>
Okay, let's think>
Okay, let's think>
Okay, let's see the number >
Okay, let's think>
Okay, let's see the number > 

Okay, let's think>
Okay, let's think>
Okay, let's see the number >
Okay, let's see the number of the number >
Okay, let's see the number of miles per day>
Okay, let's think>
Okay, let's see the number of miles per day > 

Okay, let's

Okay, let's think > 

Okay, let's think > 

Okay, let's think step-by>
Okay, let's think > 

Okay, let's>

Okay, let's see the number you need to compute the number >
Okay, let's see the number of miles per day >

To determine the number of miles per day
Okay, let's think>
Okay, let's think > 

Let me think>
Okay, let's think>
Okay, let's see the number you need to calculate the total miles per day>
Okay, let's see the number of miles per day >

To determine the number of miles per",False,True,captured
gsm8k_1115,gsm8k,0.6B,0.5B,4,stochastic,42,11.9309,109.07,46.36,256,21.46,525,124,132,0.2362,0.94,False," 

Okay, let's see.>

Okay, let's see, let's>
Okay, let's see below >
Okay, let's see below

Okay, let's see the answer here >

Okay, let's see below >

To determine the answer >
Okay, let's see below >

Okay, let's see below > 

Okay, let's cost of the value >
Okay, let's see the answer >

Okay, let's see below >
Okay, let's see below >
Okay, let's see the answer here >

Okay, let's see below >

Okay, let's

Okay, let's see the cost of each book > 

Okay, let's see the answer >
Okay, let's see the answer here >
Okay, let's see below

Okay, let's see the cost of each book > 

Let me think>
Okay, let's see below >. 

Okay, let's see below
Okay, let's see below the value >
Okay, let's see below >
Okay, let's cost of the answer >

Okay, let's see below >

Okay, let's cost of each book >

Okay, let's see the value >

Okay, let's see below

Okay, let's see below > 

Let me think about ",False,True,captured
gsm8k_1122,gsm8k,0.6B,0.5B,4,stochastic,42,10.8375,108.59,42.07,256,23.62,476,137,119,0.2878,1.15,False," 

Okay, let's try to be careful here > 

Okay, let's think>
Okay, let's think>
Okay, let's think>
Okay, let's think>
Okay, let's think>
Okay, let's try to solve the number >
Okay, let's think>
Okay, let's think>
Okay, let's try to find the number >
Okay, let's try to find the answer >
Okay, let's think>
Okay, let's try to figure out the answer here >
Okay, let's try to find the answer here >
Okay, let's try to figure out of the number >
Okay, let's think>
Okay, let's try to find the answer > 

Okay, let's try to find the number here >
To solve the answer > 

Okay, let's think step by step-by the number >
Okay, let's think>
Okay, let's try to find the answer here >

Okay, let's try to find the answer here >

Okay, let's try to find the answer here > 

Let me think>
Okay, let's think>
Okay, let's try to find the answer here >
Okay, let's try to think step-by-the correct answer here >

Okay, 6>
Okay, let's try",False,True,captured
gsm8k_1128,gsm8k,0.6B,0.5B,4,stochastic,42,13.3087,109.19,51.76,256,19.24,589,108,148,0.1834,0.73,False," 

Okay, let's see the number > 

Okay, let me think>
Okay, let me think>
Okay, let me think>
Okay, let me think>
Okay, let me think>
Okay, let me think>
Okay, let's see below >

Okay, let me think>
Okay, let me think>
Okay, let's age of the answer here put final answer >
To solve this problem, we need to find the answer >

To solve the answer here > 

Let me try to think step by step-by-step-replace answer >

To solve the answer >

Okay, let's see the correct answer here >
Okay, let's see below




To solve this problem, we need to find the current age of Vince >

To solve this problem, let's solve this is not available options > 
Okay, let's age of Vince is not a number >
Okay, let's age of Vince now>
Okay, let's age of Vince now >

To solve this problem, we need to find the correct answer >
To solve this problem, we need to find Vince is not enough information to be careful calculation here >

To solve this problem, we need to find Vince's age of Vince now >
Okay, let's age of Vince now >

To",False,True,captured
gsm8k_1129,gsm8k,0.6B,0.5B,4,stochastic,42,12.9835,108.88,50.49,256,19.72,572,114,143,0.1993,0.8,False," 

Okay, let's try to be sure>
Okay, let me think>
Okay, let me think>
Okay, let me think>
Okay, let me think>
Okay, let me think>
Okay, let me think>
Okay, let's try to solve this step by 24>
Okay, let me think>
Okay, let me>
Okay, let'something>
Okay, let's try to figure out of the problem.>

Okay, let me think>
Okay, let me

Let me solve this step by step and >

Okay, let me think>
Okay, let's try to think>
Okay, let's>

Okay, let's try to think step by step-by-step-express the number > 
Okay, let me think>
Okay, let's>

Okay, let's

Okay, let's try to solve this step by the number >
Okay, let me think this is not applicable number >
To solve this problem, we need to find how many more eggs did not sure >
Okay, let's> 

Okay, let's

Let me try to solve this step by the number >
Okay, let's>

Okay, let's




Okay, let's> 

To solve this problem, we need to find how",False,True,captured
gsm8k_1132,gsm8k,0.6B,0.5B,4,stochastic,42,12.1784,108.86,47.33,256,21.02,539,122,135,0.2263,0.9,False," 

Okay, let's see the total amount of money they all together>
Okay, let's see the total amount > 

Okay, let's see the total amount > 

Okay, let's see solution >
Okay, let's see the total amount > 

Let me try to find the total amount of the total amount > 

Okay, let's see the total amount > 

Okay, let's see the problem and then your answer >
Okay, let's see the detailed steps here >

To solve this problem, we need to find the total amount of money they all have together is 15000 + 50000>
Okay, let's see. 
Okay, let's see the total amount of money they all together, let's see the total amount > 
Okay, let's see the total amount >
To solve this step-by>
Okay, let's see the total amount of money they all have together is $255555550>
Okay, let's
Okay, let's see the total amount >
To solve this problem solution >
To solve this step-by-step solution here > 

Okay, let's salary of Valerie's salary of the total amount of money > 

Okay, let's total amount of money",False,True,captured
gsm8k_1135,gsm8k,0.6B,0.5B,4,stochastic,42,12.0704,108.88,46.91,256,21.21,532,123,133,0.2312,0.92,False," 

Let me solve this step-by- 340>
Okay, let's see the total number of blue birds > 

Okay, let's see the total number of blue birds >
Okay, let's think>
Okay, let's see the total number of blue birds > 

Okay, let's think>
Okay, let's see the thinking process > 

Okay, let's see below > 

Okay, let's see the thought>
Okay, let's think>
Okay, let's see the total number of blue birds >
Okay, let's see the sum of all birds>
Okay, let's see the total number > 

To solve this problem, we need to calculate the total number of blue birds >

Let me solve step-by- 31740>
Okay, let's see the total number of blue birds >
Okay, let's see the total number of blue birds > 

Let me solve this step by step calculation here put your answer here >
To solve step-by>
Okay, let's see the total number of blue birds >
Okay, let's think step-by-step->
Okay, let's see the total number of blue birds > 

Let me solve step-by-step calculation here >
Okay, let's see the total number of blue birds",False,True,captured
gsm8k_1141,gsm8k,0.6B,0.5B,4,stochastic,42,11.8383,108.94,46.0,256,21.62,521,125,131,0.2399,0.95,False," Also, check if the total number of the total number of eggs are any of the total number of eggs is there is a total number of eggs is there any of the eggs are 20000. 200 eggs are any of the numbers are 30-day is a total number of eggs is a total of the number of eggs is the total number of eggs is a total of 30.8th total number of eggs is a total of 100 eggs are 100 eggs are more than 100 eggs are needed eggs are 200 eggs can beak the total number of eggs is a total of 20.5000000. (total number of eggs is less than or the total number of eggs is 1200 eggs are more than 100. (total eggs are any of the numbers are wrong answer is correct answer is a total of 1800 is a total of 200 eggs are any other way the total number of eggs is 12nd of the total number of eggs is a total of 30-day is a number of eggs is 25 egg carton the total number of eggs is a",False,True,captured
gsm8k_1143,gsm8k,0.6B,0.5B,4,stochastic,42,7.6942,108.52,29.75,256,33.27,335,173,84,0.5164,2.06,False, A. 50 A. 50 B. 60 B. 6 B. 6 B. 60 B. 60 C. 30 B. 60 C. 30 B. 60 A. 5 B. 6 B. 60 C. 30 B. 60 B. 60 C. 30 B. 6 B.  B. 60 C. 30 B. 60 C. 30 B. 60 C. 30 B. 60 A. 30 B. 6 B. 60 C. 30 B. 6 B. 60 B. 60 C. 30 B.  B. 60 B. 60 B. 60 B. 60 C. 30 B. 6 B. 60 A. 5 B. 60 B. 60 C. 30 B. 6 B. 60 B. 60 A. 30 B.  B. 60 C. 30 B.,False,True,captured
gsm8k_1147,gsm8k,0.6B,0.5B,4,stochastic,42,11.7635,108.49,45.71,256,21.76,519,127,130,0.2447,0.98,False," 

Okay, let's see.>

Okay, let's think>
Okay, let's think>
Okay, let's think>
Okay, let's think>
Okay, let's see the number >
Okay, let's think>
Okay, let's see the number >
Okay, let's see the number of days needed for the number >
Okay, let's think>
Okay, let's think>
Okay, let's see the number of days needed_days>
Okay, let's see the number of days needed to be sure to put your answer here >

Okay, let's see the number > 

Okay, let's see the number >
Okay, let's see the number of days it will be sure, let's think step-by> 

Okay, let's see the number > 

Okay, let's> 

Okay, let's see below





Okay, let's see the number >
Okay, let's see below >
Okay, let's see below

Okay, let'solution>
Okay, let's see the number of days needed to be sure to put your final answer here >
Okay, let's see the number of days it takes 1340>
Okay, let's see the number of days needed_days>
Okay, let",False,True,captured
gsm8k_1148,gsm8k,0.6B,0.5B,4,stochastic,42,13.2626,109.3,51.58,256,19.3,587,110,147,0.1874,0.75,False," 

Okay, let's see.>

Okay, let me think>
Okay, let me think>
Okay, let me think>
Okay, let me think>
Okay, let's see the number >
Okay, let me think>
Okay, let me think about 9>
Okay, let me think. Let's see the number > 
Okay, let me think>
Okay, let's see the number >
Okay, let's

To determine the number of eggs each child receives 9>
Okay, let me think this is the number >
Okay, let's

Okay, let me think this is a number > 

Final Answer>
Okay, let me think step-by-step explanation >
Okay, let me think through the number >
Okay, let's>
Okay, let's




Okay, let's see the number >
Okay, let's> 

Okay, let's

Final Answer: <number>
Okay, let's> 

Okay, let's>
Okay, let's see the number of the number > 
Okay, let's> 9 >

Okay, let's

Okay, let's see the number of eggs each child receives 9 >

To determine the number of eggs each child receives 9 >

Okay, let's

Okay,",False,True,captured
gsm8k_1150,gsm8k,0.6B,0.5B,4,stochastic,42,12.6321,108.47,49.11,256,20.27,555,118,139,0.2126,0.85,False," 

Let me solve this step-by>
Okay, let's see. 

Final Answer>
Okay, let's see. 

Let me solve this step by step>
Okay, let's see the correct answer here put your answer here put your answer here > 

Okay, let's see the correct answer here >
Okay, let's see solution here put your answer here >.
Okay, let's see the number >
Okay, let's see the number >
Okay, let's see the correct answer here >
Okay, let's see solution here >
Okay, let's see the thought process > 

Okay, let's see the number >
Okay, let's see the steps and the correct answer here >
Okay, let's see the steps below >
To determine the number of roses Patricia has 151515>
Okay, let's see the step by step explanation here >
To determine the answer here put your answer here >
To determine how many roses did not sure to be careful steps > 

Let me solve the answer >
To determine the correct answer here put the answer here >
To determine how many roses did not sure yet to be careful with the number >
To determine how many roses did she had 15 > 

Okay, let'solution>
Okay, let",False,True,captured
gsm8k_1154,gsm8k,0.6B,0.5B,4,stochastic,42,9.6605,109.29,37.46,256,26.5,424,150,106,0.3538,1.42,False," Let's solve this step by step.

Step 1: Determine how?

Okay, let's solve this step by step.

Step 1. First, we need to find the problem together.

Step 1. First, we need to find the problem.

Step 1. Determine the number of the problem.

Okay, let's solve this step by step.

Step 1. Find the problem.

Step 1. He eats 4 carrots each step.

Step 1. First, find the problem.

Step 1. Determine the number by step.

Okay, let's see step.

Step 1: 

Step 1. So, the problem is about.

Step 1: 

Step 1: 

Step 1: Determine how?

Okay, let's see step.

Step 1: Determine how?

Well, a week.

Step 1: 

Step 1: 

Step 1: 

Step 1: 

First, let's solve this step by step.

Okay, let's see step.

Step 1: Determine how?

Well, first. First, we need to find the problem.

Step 1: Determine how?

Well, first, step.

Okay, let's solve this step by step.

Step 1:",False,True,captured
gsm8k_1157,gsm8k,0.6B,0.5B,4,stochastic,42,10.9869,109.07,42.66,256,23.3,484,135,121,0.2789,1.12,False," 

Okay, let's see the number > 

Okay, let's think>
Okay, let's think>
Okay, let's think>
Okay, let's think>
Okay, let's think>
Okay, let's see below >

To determine the answer >
Okay, let's see below >
Okay, let's see below
Okay, let's see the answer here >
Okay, let's think>
Okay, let's see below
Okay, let's see below

Okay, let's see below >
Okay, let's see the answer here >
Okay, let's see the answer here >
Okay, let's think>
Okay, let's see the answer here >
Let me think>
Okay, let's see the answer here >
Okay, let's think step-by-2. 

Final Answer>
Okay, let's see below

Okay, let's try to find the answer here >
Okay, let's see below

Okay, let's cane length in feet>
Okay, let's see below > 

Okay, let's cane length in feet >

To determine the answer here >
Okay, let's cane length in feet >

Okay, let's see below
Okay, let's see the answer here >
Okay, let's cane length > 

Okay, let's",False,True,captured
gsm8k_1163,gsm8k,0.6B,0.5B,4,stochastic,42,12.3697,108.76,48.08,256,20.7,546,118,138,0.2161,0.86,False," 

Okay, let's see.>

Okay, let's think>
Okay, let's think>
Okay, let's think>
Okay, let's see the number >
To determine the number here >
To determine the number of face masks>
Okay, let's think>
Okay, let's think>
Okay, let's think>
Okay, let's see the number >
To determine the number of face masks>
Okay, let's think>
Okay, let's see the number >
To determine how many face masks does not yet to be filled in number > 

Let me think>
Okay, let's think>
Okay, let's think>
Okay, let's solution>
Okay, let's think > 

Let me think>
Okay, let's see the number > 
Okay, let's think step-by> 

Okay, let's think>
Okay, let's think step by step-by>
Okay, let's see the answer here >
Okay, let's

Okay, let's see the number >
To solve this step-by- 6>
Okay, let's see the answer here >
To determine the number of face masks>
Okay, let's see the number > 

To determine how many face masks does not sure > 

Okay, let's




",False,True,captured
gsm8k_1167,gsm8k,0.6B,0.5B,4,stochastic,42,12.1252,108.62,47.12,256,21.11,534,123,134,0.2303,0.92,False," 

Okay, let's see.>

Okay, let's>

Okay, let's see, let'solution>
Okay, let's see below >
Okay, let's see the answer here put answer >
Okay, let's see the number >
Okay, let's see the thinking process > 

Final Answer>
Okay, let's see the answer here >
To solve this problem, we need to calculate the number > 

Okay, let's see, 160>
Okay, let's see, Jack startsolving the problem step-by-step-express the number > 

To solve this problem, we need to calculate the value >
To solve step-by-step-express in the answer here put your answer here >
Okay, let's see below >
Okay, let's

Okay, let's see the number >
To solve this problem, we need to calculate the amount > 

Okay, let's

To solve this problem, 160>
Okay, let's see the answer here put your answer here >
Okay, let's see the answer here >
To solve this problem, we need to calculate the value of 122220>
Okay, let's see the solution > 

Final Answer: < <

To solve this problem, we need to",False,True,captured
gsm8k_1172,gsm8k,0.6B,0.5B,4,stochastic,42,11.4299,108.68,44.4,256,22.4,504,130,126,0.2579,1.03,False," 

Okay, let's see.>

Okay, let's think>
Okay, let's think>
Okay, let's think>
Okay, let's think>
Okay, let's see the number >
Okay, let's think>
Okay, let's see the steps to be careful calculation here >
Okay, let's think>
Okay, let's think>
Okay, let's see the steps below
Okay, let's see the total number of clouds counted on Monday, let's think>
Okay, let's think>
Okay, let's see the total number of clouds counted across all numbers here >
Okay, let's see the total number of clouds counted on Monday is 3. 

Okay, let's see the number > 

Okay, let's see the total number of clouds counted on Monday is 393+>
Okay, let's think through Friday'sum>
Okay, let's think step by step-by>
Okay, let's see the number here >
Okay, let's see the number here >
Okay, let's think>
Okay, let's see the total number of clouds >
Okay, let's see the total number of clouds counted in the sky>
Okay, let's see the number > 

Okay, let's
Okay, let's see",False,True,captured
gsm8k_1176,gsm8k,0.6B,0.5B,4,stochastic,42,11.3663,109.61,44.14,256,22.52,500,132,125,0.264,1.06,False," 

Okay, let's try to be careful with the number >
Okay, let's try to work out of the number >
Okay, let's think>
Okay, let's think>
Okay, let's think>
Okay, let's think>
Okay, let's try to find the number of days the number > 10>
Okay, let's think>
Okay, let's think through the number > 
Okay, let's think>
Okay, let's try to figure out the answer here >
Okay, let's think>
Okay, let's try to figure out the answer > 

Okay, let's try to find the number of days the teacher has to recycle the chalk length of the number >
To solve this problem, we need to determine the number of days the number >
Okay, let's try again. 

Okay, let's think>
Okay, let's think through the problem step by step-by-the number >
Okay, let's think>
Okay, let's final answer >
Okay, let's think>
Okay, let's try to figure out the answer >
Okay, let's try to write your answer here >
To solve this problem, we need to determine how many days does not sure, 2 >
To solve the number >
Okay, let's",False,True,captured
gsm8k_1179,gsm8k,0.6B,0.5B,4,stochastic,42,10.861,108.82,42.17,256,23.57,480,136,120,0.2833,1.13,False," (Remember to round to the nearest whole number if necessary decimal places as needed.)

Okay, let's see. the nearest whole number.)

Okay, let's say, the nearest whole number.)
Okay, let's say, the nearest whole number percent.)

Okay, let's see if necessary decimal places.)

Okay, let's see if necessary decimal places.)

First, the nearest whole number.)

Okay, let's say, 1 decimal places)

Okay, let's see if necessary.)

Okay, let's say, 1 decimal place value to the nearest whole number.)

Wait, the nearest whole number)
Okay, let's say, 1 decimal place value to the nearest whole number with the nearest whole number percent with the nearest whole number)

Okay, let's say, 1 decimal place.)

Okay, let's see if necessary.)

Okay, let's see if necessary.)

Okay, let's say 1 decimal place.)

Okay, let's say, 1 decimal place of the nearest whole number.)

Okay, let's see if necessary decimal places.)

Okay, the nearest whole number.)

Okay, let's see if necessary.)

Okay, let's see if necessary.)

Okay, let's say, the nearest whole number.)
Okay, let's see if necessary.)

Okay, let",False,True,captured
gsm8k_1184,gsm8k,0.6B,0.5B,4,stochastic,42,12.4678,108.79,48.47,256,20.53,550,119,138,0.2164,0.86,False," 

To calculate the total cost of the problem solution here put your answer here put the cost > 

Final Answer: < 

To determine the total cost of the cost of the problem solution > 

Okay, let's see. 

To find the total cost of the cost of the calculation >
To calculate the answer here put the cost of the cost of the cost > 

To find the total cost of the cost of the coal_order_cost>
To calculate the total cost of the cost of the price in the problem, 1518*>

To calculate the total cost of the cost of the 18*>
To calculate the total cost > 

Okay, let's cost of the cost of the cost of the coal. The total cost in numbers >

To calculate the total cost of the coal_order_cost>
To determine the number >
To find the cost of order cost of the total cost of 18*850*>
To determine the number >
To determine the number of the total cost for the cost of coal cost of the cost > 

Okay, let's cost of coal_cost>
To determine the number > 

Okay, let's calculate the total cost of the coal, 18*>
To calculate the total cost is 850",False,True,captured
gsm8k_1188,gsm8k,0.6B,0.5B,4,stochastic,42,11.6704,108.57,45.34,256,21.94,515,127,130,0.2466,0.98,False," 

Okay, let's see.>

Okay, let's think>
Okay, let's think>
Okay, let's see the answer here >
Okay, let's think>
Okay, let's think>
Okay, let's see the answer here put your answer >
Okay, let's think>
Okay, let's think step-by- 142142>
Okay, let's see solution here put your answer here >

To determine the answer >

Okay, let's think>
Okay, let's think>
Okay, let's see the answer here >

To determine the age of Jim >

Okay, let's see the answer here >

To determine Jim's age is the answer here >

Okay, let's think step-by>

Okay, let's see the answer >
Okay, let's see the answer >
Okay, let's see solution > 

Okay, let's see the answer here >
Okay, let's see solution here >
Okay, let's see the answer here >
Okay, let's see the answer here >
Okay, let's see the answer here >
Okay, 14>
Okay, let's see the answer here >
Okay, let's see the answer here >
Okay, let's think>
Okay, let's see the correct answer here put your",False,True,captured
gsm8k_1191,gsm8k,0.6B,0.5B,4,stochastic,42,12.945,108.37,50.34,256,19.78,572,114,143,0.1993,0.8,False," 

Okay, let's see.>

Okay, let's see, 140> 

Okay, let's cost >
Okay, let's see solution here >
Okay, let's see the answer here put your answer >
Okay, let's see the total cost in dollars>
Okay, let's see the total cost in words >
Okay, let's see the steps > 

Okay, let's calculate the total cost of the total cost >
Okay, let's calculate the total cost in dollars >

Okay, let's calculate the total cost step-by>
Okay, let's see the cost of the problem solution > 

Let me think through the total cost > 

Okay, let's see the total cost >
Okay, let's see solution > 
Okay, let's see, the total cost > 

Okay, let's see solution here >
Okay, let's see solution here >
Okay, let's see the steps go to be careful calculation > 

Okay, let's cost > 
Okay, let's see solution steps > 

Let me think>
Okay, let's see the problem again.

Let me solve step-by-180>
Okay, let's see solution > 

Okay, let's cost >
Okay, let's see solution steps > 

Okay,",False,True,captured
gsm8k_1193,gsm8k,0.6B,0.5B,4,stochastic,42,13.4858,107.75,52.46,256,18.98,593,108,149,0.1821,0.72,False," 

Let me calculate the total amount of money Jason's earnings can you need to calculate the number > 

Let me calculate the total amount in the blank >
To determine the total amount of money earned 150.>

Okay, let's see.>
Okay, let's calculate the correct answer here put answer here >

To determine the total amount of the total amount > 

To determine the total amount of money earned 10>
Okay, let's see the total amount > 

Okay, let's see the correct answer > 

Okay, let's see the correct amount > 

To determine the total amount earned.>
Okay, let's see the total amount in dollars>
Okay, let's see the solution > 

Okay, let's see below >
To determine how much money did not sure to be careful calculation here put your answer here >
To determine how much money did not yet to be filled in number >
To determine how much money did Jason's> 

Okay, let's see the steps here put your answer here >
To determine the total amount earned by step-by- Let's see, 122212. 

Okay, let's money earned > 

Okay, let's see the thinking>
Okay, let's see.>

Okay,",False,True,captured
gsm8k_1194,gsm8k,0.6B,0.5B,4,stochastic,42,13.2215,109.52,51.42,256,19.36,583,111,146,0.1904,0.76,False," 

Okay, let's see.>

Okay, let's see, 12480>
Okay, let's see the number >
To solve the number >
To solve the number >
To solve this is 120>
Okay, let's see the number >
To solve this problem number >
To solve this problem, let's solve this is this is 1200>
Okay, let's see the number >
To solve this problem, we need to calculate the number of gallons of blood that ten sharks have to be sure. 

Okay, let's see the number >
To solve this step-by-60>
Okay, let's see the number >
To solve this problem solution >
To solve this problem, we need to calculate the total number >
To solve the number >
To determine the correct answer here > 

Okay, let's see the number >
Okay, let's see the solution here put your answer here >
To solve this problem, we need to calculate the total gallons>
Okay, let's see. 

To determine the number >
To solve this problem, we need to calculate the number >
To solve this problem, we need to calculate the total number >
To solve this problem, we need to calculate the number >
To solve this problem",False,True,captured
gsm8k_1198,gsm8k,0.6B,0.5B,4,stochastic,42,10.6916,109.36,41.5,256,23.94,470,139,118,0.2957,1.18,False," 

Okay, let's see.>

Okay, let's think>
Okay, let's think>
Okay, let's see the total number of trees >
Okay, let's think>
Okay, let's think>
Okay, let's see the total number of trees >

Okay, let's see the total number >
Okay, let's see the total number of trees >

Okay, let's see the total number of trees >
Okay, let's see the total number of trees >

To solve this is the total number of trees planted trees. 

Okay, let's think>
Okay, let's think>
Okay, let's see the total number of trees planted trees. 

Let me solve the total number of trees >
Okay, let's think>
Okay, let's think > 

Okay, let's think>
Okay, let's see the total number of trees planted trees in numbers >
Okay, let's see the total number of trees >
Okay, let's see the total number of trees planted trees.
Okay, let's see the total number of trees planted trees.
Let me solve the total number of trees >
Okay, let's see the total number of trees planted trees in numbers >

Okay, let's see the total number of trees planted trees in numbers > 

Okay",False,True,captured
gsm8k_1204,gsm8k,0.6B,0.5B,4,stochastic,42,10.637,108.06,41.29,256,24.07,468,140,117,0.2991,1.2,False," 

Okay, let's see.>

Okay, let's see, 100>
Okay, let's see below >
Okay, let's think>
Okay, let's see below >
Okay, let's see the number >
Okay, let's see the solution > 

Okay, let's think>
Okay, let's think>
Okay, let's see below > 

Okay, let's>
Okay, let's see the number > 

Okay, let's>
Okay, let's see the number >
Okay, let's see the number of the number > 

Okay, let's> 

Okay, let's
Okay, let's see below

Okay, let's>
Okay, let's see the number of shells>
Okay, let's see the number of shells found by step-by-560>
Okay, let's see the number of shells Gogetters shells>
Okay, let's>

Okay, let's see the number of shells Goget the number of shells Gogetters shells>
Okay, let's see the number of shells Goget the number of shells found shells>
Okay, let'sh40>
Okay, let's see the number of shells Gogetters shells > 
Okay, let's see the number of shells Go",False,True,captured
gsm8k_1210,gsm8k,0.6B,0.5B,4,stochastic,42,11.8567,109.19,46.07,256,21.59,516,127,129,0.2461,0.98,False," 

Okay, let's see.>

Okay, let's think>
Okay, let's think>
Okay, let's see the number >
Okay, let's think>
Okay, let's see the steps >

To determine the number of balloons thrown > 

Okay, let's think>
Okay, let's think>
Okay, let's think>
Okay, let's see the number >
Okay, let's think through the number >
Okay, let's think through the process here >
Okay, let's see the number > 

Okay, let's think through the process > 

Okay, let's see the number >.
Okay, let's see the number >
Okay, let's see the number of balloons thrown balloons thrown balloons thrown balloons > 

Okay, let's> 

Okay, let's

Let me solve the number > 
Okay, let's think>
Okay, let's see solution here >
Okay, let's see solution here >
Okay, let's see the number >
Okay, let's see the number of balloons thrown >
Okay, let's see the number of balloons thrown > 

Okay, let's> 

Okay, let's see the number >
Okay, let's see the number of balloons thrown > 

Okay, let's>

Okay, let's see",False,True,captured
gsm8k_1212,gsm8k,0.6B,0.5B,4,stochastic,42,10.725,109.02,41.63,256,23.87,472,138,118,0.2924,1.17,False," 

Okay, let's see.>

Okay, let's see.>

Okay, let's think>
Okay, let's see the combined capacity of both schools > 

Okay, let's think>
Okay, let's see below >

Okay, let's see below >

Okay, let's see the combined capacity of both schools is the combined capacity of both schools > 

Okay, let's see below >

Okay, let's>
Okay, let's try to solve the combined capacity of both schools > 

Okay, let's think>
Okay, let's think>
Okay, let's see below > 

Okay, let's 120 + 120 + 120 = 212457575750>
Okay, let's see.> 

Okay, let's combined capacity of the combined capacity of both schools is the combined capacity of both schools is the combined capacity of both schools > 

Okay, let's try to find the combined capacity of the combined capacity of both schools > 

Okay, let's try to calculate the combined capacity of both schools> 

Okay, let's
Okay, let's see below >
Okay, let's try to find the combined capacity of both schools> 

Okay, let's",False,True,captured
gsm8k_1213,gsm8k,0.6B,0.5B,4,stochastic,42,13.1944,108.37,51.32,256,19.4,582,111,146,0.1907,0.76,False," 

Okay, let's see.>

Okay, let's see.>

Okay, let me think>
Okay, let me think>
Okay, let me

Final Answer>
Okay, let me.>

To determine the number >
To determine the total amount in the twelfth month.>

Okay, let me






To determine the total amount Stephen has to be>
Okay, let me

Okay, let's see the twelfth month payment in the twelfth month payment in the twelfth month.>

Okay, let me

Okay, let me think>
Okay, let me think>
Okay, let's final answer >
Okay, let me think>
Okay, let's try to think>
Okay, let me>

Okay, let's try to solve step by step >

To determine the total amount Stephen needs to be careful steps >
Okay, let's try to solve this is 10>
Okay, let's> 

Okay, let me think step by step-by-step-express number > 

Okay, let me think>
Okay, let's>

To determine the total amount Stephen needs to be replaced by using the problem solution >

To determine the total amount Stephen owes 1552530>
Okay, let's

Okay",False,True,captured
gsm8k_1214,gsm8k,0.6B,0.5B,4,stochastic,42,13.6276,108.41,53.02,256,18.79,603,104,152,0.1725,0.68,False," 

Okay, let's see.>

Okay, let's see, 5>
Okay, let's see the number >
To determine the number >
Okay, let's see the number >
Okay, let's see solution > 

Okay, let's see the number >
To determine the total number of diapers Jordan changes per day.
Okay, let's see the number >
Okay, let's see the number >
Okay, let's see the steps >
To determine the total number of diapers>
Okay, let's see the steps above is the number >
Okay, let's see, let's see the number >
Okay, let's see, Jordan has to be careful calculation here >
Okay, let's see solution >
To determine the total number of diapers>
Okay, let's see, let's see, let's see solution > 

Let me think>
Okay, let's see the number >
To determine the total number of diapers>
Okay, let's see, Jordan has to be filled in number >
Okay, let's see the number >
To determine the total number of the number >
To determine how many diapers does not enough information not enough information > 

Okay, let's see. Let's see the number >
Okay, let's see the number of diapers Jordan's
",False,True,captured
gsm8k_1215,gsm8k,0.6B,0.5B,4,stochastic,42,11.4656,109.65,44.53,256,22.33,505,130,127,0.2574,1.02,False,"  What is the volume of the jar?

Wait, the question?  the jar?

Wait, the question is the jar?

Okay, let's see?

Wait, that jar?

Okay, let's see?

Wait, that jar?

Wait, the question is asking the jar?

Wait, the question?

Wait, the question?  the jar?

First, calculate the volume of the jar?

Okay, let's see the jar?

Wait, the question?

Wait, the question?

Wait, the question is the jar?

To solve this jar?

Wait, the question?

Wait, the question is the jar?

Okay, let's see?

Okay, let's see the jar?

Wait, the question is asking for?

Wait, the question?

Wait, the question is the jar?

Okay, let's see the jar?

Wait, the question?

Wait, the question is the jar?

To calculate the volume of the jar?

First, let's see?

Wait, the question?

Wait, the question?

Wait, the question is the jar?

To find the volume of the jar?

Okay, let's see the jar?

Wait, the question?

Wait, the question is the jar?

Okay, let's see the jar?

Wait, the question?

Wait,",False,True,captured
gsm8k_1224,gsm8k,0.6B,0.5B,4,stochastic,42,11.0272,108.69,42.82,256,23.22,486,135,122,0.2778,1.11,False," Please write your answer in

Okay, let's see. 

Okay, let's think
Okay, let's think
Okay, let's think
Okay, let's think
Okay, let's think
Okay, let's see the form of the form of the form of a box.

Okay, let's think
Okay, let's think
Okay, let's see the form of a box.

Okay, let's think step by step by step.

Okay, let's think
Okay, let's think step by step by step.

Okay, let's think
Okay, let's see the form of a box.

Okay, let's see the form of a number and put your own words.

Okay, let's.
Okay, let's think step by step explanation.
Okay, let's think step by step explanation.
Okay, let's see the form of a mathematical expression form of the form of the form of a number.

Okay, let's.

Okay, let's see the form of a number format: 124 inches.

Let me think
Okay, let's think step by step.

Okay, let's think
Okay, let's see the form of a mathematical expression.

Let me think. Please write your answer in a box",False,True,captured
gsm8k_1234,gsm8k,0.6B,0.5B,4,stochastic,42,12.667,108.68,49.25,256,20.21,559,116,141,0.2075,0.82,False," 

Okay, let's see.>

Okay, let me think>
Okay, let me think>
Okay, let me think>
Okay, let me think>
Okay, let me think>
Okay, let's>

Okay, let me think>
Okay, let me think>
Okay, let's







Okay, let me think>
Okay, let me think>
Okay, let's see below > 

Let me try to write the number > 

Let me try to figure out of the number > 

Let me try to think step-by>
Okay, let me think>
Okay, let's

Okay, let me think step-by- 124>
Okay, let's 12 >

Okay, let's

To solve this problem, we need to find the number of novels Regina has written this year. 

To determine the number >
Okay, let me think this year > 

Final Answer>
Okay, let's>
Okay, let's number > 

Okay, let's number of the number of novels she has written this year is 3 quarters of the number of novels she has written this year is the number of novels Regina has written 12>
Okay, let's



Okay, let's

Okay",False,True,captured
gsm8k_1238,gsm8k,0.6B,0.5B,4,stochastic,42,12.2,109.33,47.41,256,20.98,540,121,135,0.2241,0.9,False," 

Okay, let's see.>

Okay, let's think>
Okay, let's see the answer here >
Okay, let's think>
Okay, let's see below >
Okay, let's see the answer here >
Okay, let's see the total cost of the solution here >
Okay, let's see below > 

Okay, let's see the total cost of the year.
Okay, let's see the total cost per year >
Okay, let's see the steps below >

Okay, let's see below
Okay, let's see the total cost for one year is 48484848>
Okay, let's see the total cost is 10>
Okay, let's see below >. 

Okay, let'sp>
Okay, let's see the number > 

Okay, let's see.>

Okay, let's see below
Okay, let's see below
Okay, let's
Okay, let's see the total cost for one year. Let's see the total cost per week > 

Okay, let's> 

Okay, let's>

Okay, let's see the total cost per year>

Okay, let's see the total cost for one year is 5484>
Okay, let's",False,True,captured
gsm8k_1240,gsm8k,0.6B,0.5B,4,stochastic,42,11.0916,108.71,43.07,256,23.08,487,134,123,0.2752,1.09,False," 

Okay, let's see the number > 

Okay, let's think>
Okay, let's think>
Okay, let's think>
Okay, let's think>
Okay, let's think>
Okay, let's see below >

To solve this problem, we need to find the number of bookcases needed bookcases>
Okay, let's think>
Okay, let's think>
Okay, let's see the number >
Okay, let's see the number of bookcases>
Okay, let's see the number of bookcases needed bookcases>
Okay, let's see below > 
Okay, let's see the number >
Okay, let's see the number of bookcases needed bookcases>
Okay, let's think>
Okay, let's think step-by-step reasoning steps >

Okay, let's think>
Okay, let's see below > 

Let me try to figure out of the bookcases>
Okay, let's think>
Okay, let's see below >
Okay, let's see below >
Okay, let'solution>
Okay, let's see below
Okay, let's see the number of bookcases needed bookcases>
Okay, let's see the number of bookcases needed bookcases>
Okay, let's think>
Okay, let's see the number",False,True,captured
gsm8k_1241,gsm8k,0.6B,0.5B,4,stochastic,42,12.4243,109.2,48.29,256,20.6,547,119,138,0.2176,0.86,False," 

Okay, let's see.>

Okay, let's think>
Okay, let's think>
Okay, let's think>
Okay, let's think>
Okay, let's think>
Okay, let's see solution > 

Final Answer>
Okay, let's think>
Okay, let's think>
Okay, let's see the answer >

To determine the number >
Okay, let's think>
Okay, let's think>
Okay, let's see the profit > 

Okay, let's see solution >

To determine the profit>
Okay, let's see the profit is $1.2>

Okay, let's think>
Okay, let's see the profit is $0.8.>

Okay, let's see the answer >

Okay, let's see the answer >
Okay, let's see solution >

To determine Rose's profit is not sure, let's think>
Okay, let's see solution here >
Okay, let's see solution > 

Okay, let's see the number >
Okay, let's see solution here put answer >
Okay, let's see the answer here >
Okay, let's see the number >

To determine the profit > 

Okay, let's profit is $0. 

Final Answer: <

To determine Rose's profit is 0",False,True,captured
gsm8k_1245,gsm8k,0.6B,0.5B,4,stochastic,42,11.4334,108.57,44.41,256,22.39,503,129,127,0.2565,1.02,False," 

Okay, let's see.>

Okay, let's think>
Okay, let's> 

Okay, let's think>
Okay, let's think>
Okay, let's think>
Okay, let's see below >

Okay, let's see below >
To solve this problem, we need to find the number of blueberry cubes>
Okay, let's think>
Okay, let's see below > 

Okay, let's>
Okay, let's think>
Okay, let's see below

Okay, let's see below >
To solve this problem, we need to find the number >
To solve the number >
Okay, let's see below

Let'str>
Okay, let's see below > 

Okay, let'step-by-step reasoning steps > 

Okay, let's see below

Okay, let's see below >
Okay, let's see below > 

Okay, let'solution>
Okay, let's see below > 

Okay, let'solution>
Okay, let's see below >
Okay, let's see below > 

Okay, let's think>
Okay, let's see below > 

Let me think>
Okay, let's see below >

Okay, let's see below >

To solve this problem, we need to find the number >

To",False,True,captured
gsm8k_1246,gsm8k,0.6B,0.5B,4,stochastic,42,11.912,108.88,46.29,256,21.49,525,124,132,0.2362,0.94,False," 

Okay, let's see.>

To calculate the total number of points>
Okay, let's see the total points>
Okay, let's calculate the total number >
To calculate the total number of the total points>
Okay, let's calculate the total number >
To calculate the total number of the total number >
To calculate the total number of the total number of points Ara has to be filled in number >
To calculate the total number >
To calculate the total number >
To calculate the total number of the total number of points Ara has to be a number >
To calculate the total number >
To calculate the total number of the total number of points>
Okay, let's see the total points>
Okay, let's calculate the total number >
To calculate the total number of the total number of points Ara has to be a number, let's calculate the total points > 

To calculate the total number of the total number of points>
Okay, let's see the total points > 

Let me try to be careful calculation steps here >
To calculate the total number of the total number of points Ara has played 333333670>
Okay, let's see. 

Okay, let's see the total points>
Okay, let's see the total points >",False,True,captured
gsm8k_1251,gsm8k,0.6B,0.5B,4,stochastic,42,13.2128,108.5,51.39,256,19.38,583,110,147,0.1887,0.75,False,"  What is the total time?

Let me check?

Okay, let's see if John spends?

Okay, let me?

Okay, let me?

Okay, let me?  (in minutes?

Okay, let me?

Okay, let me?

Okay, let's see?
Okay, let me to solve the cube takes to solve the cube takes to solve the cube?

Okay, let me?

Okay, let me to solve the cube takes to solve?

Okay, let's square?

Okay, let's average per side?

Wait, the cube takes to solve?

Okay, let me see?  (in minutes?

Okay, let's average per side?

Okay, let's average per side?

First, in minutes?

Okay, let me see?

Okay, let me check?

Okay, let's total time?

Okay, let me see?

Let me know?
Okay, let's cost for John takes to solve the cube?

Let me know?

Okay, let's total time?

Wait, I need to solve the cube takes to complete?

Okay, let's sum of the cube takes to solve the cube takes to solve the Rubik's cube takes to solve the cube takes for John spends on the cube takes to solve the cube?

Okay, let's average per",False,True,captured
gsm8k_1252,gsm8k,0.6B,0.5B,4,stochastic,42,12.0512,109.15,46.83,256,21.24,530,123,134,0.2321,0.92,False," 

Okay, let's see the total number of items > 

Okay, let'something>
Okay, let's see the total number of items >
To solve this problem, we need to find the total number of items >
To solve the total number of items >
Okay, let's see the total number of items >
Okay, let's see the total number of items >
Okay, let's see solution > 

Okay, let's see the explanation > 

To solve this is 90>
Okay, let's try to be careful calculation here put the final answer here >
To solve the total number of items > 

To solve this is 200>
Okay, let's try to be filled in number > 

Okay, let's>

Okay, let's see the total number of items >.
Let me think through the problem step by step-by>
Okay, let's see the total number of items > 

To solve the total number of items >.
Let me solve this is the total number of items >
Okay, let's see the solution here put your answer >
To solve this problem, we need to find the total number of items>
Okay, let's try to be careful with the total number of items >
Okay, let's try to be careful",False,True,captured
gsm8k_1259,gsm8k,0.6B,0.5B,4,stochastic,42,9.0982,109.17,35.25,256,28.14,400,156,100,0.39,1.56,False," (Assume that June has  has  has 1 is 30 has 30 days are 30 days.)
Okay, let's see. has  has 30 days are 30 days are 30 days are 30 days are 30 has 30 days.)

Okay, let's days are 30 days are 30 has 30 days.)

Okay, let's say 1 has 30 days are 30 days are 30 days are 30 days are 30 days are 30 days are 30 days are 30 days are 30 days are 30 days are 30 days are 30 has 30 days.)

Okay, let's see  has 30 days.)

Okay, let's say has 30 days.)

Okay, let's say 30 days)
Okay, let's say 30 days)
Okay, let's say has 30 days.)

Okay, let's see,  has 30 days.)

Okay, let's see  has 30 days are 30 days)
Okay, let's see, 30 days are 30 days",False,True,captured
gsm8k_1261,gsm8k,0.6B,0.5B,4,stochastic,42,13.6922,109.01,53.27,256,18.7,604,105,152,0.1738,0.69,False," 

Okay, let's see.>

Okay, let's calculate the calculation here put final answer here put your answer here put your answer here >
To determine the total cost for the total cost in the calculation here put the total cost in numbers >
To determine the cost of the question number >
To determine how much does not a number >
To determine the cost in numbers >

Okay, let's see solution >

Okay, let's calculate the cost for each type your answer here put your answer here >
To determine the cost for each type your answer here >
To determine how much does she spends on dry-cleaning in numbers > 

Okay, let's calculate the number >
To determine how much does she spend on a number >
To solve step by step > 

To determine the cost for each week>
Okay, let's see the total cost in the total cost of 1350550>
Okay, let's see solution > 

Okay, let's see the number >
To solve the correct answer here put final answer here >
To determine the cost per week, so the total cost is the number >
To solve step by step >

To determine how much does she spend on the total cost in 5 weeks > 

Okay, let's see the total cost > 

",False,True,captured
gsm8k_1273,gsm8k,0.6B,0.5B,4,stochastic,42,9.9892,109.69,38.74,256,25.63,439,147,110,0.3349,1.34,False," 

Step 1: Mazie with the problem by finding the answer with the total marbles is the problem by figuring out how many marbles. Mazie with the total marbles Mazie with the total number of marbles Mazie with the total number of marbles with the total number of marbles Mazie with  with the total number of marbles. Mazie with the total number of marbles Mazie with  by finding the number of marbles Mazie with 2: Mazie with the problem with the total number of marbles Mazie with 52 marbles.  with the total marbles: Mazie with 52: Mazie with 52 marbles.

Step  by determining the number of marbles.  with the total marbles: 52 marbles that Mazie with the problem by finding out with the total number of marbles Mazie with 52 marbles total marbles is the problem by finding the answer by finding out with the total number of the problem by identifying the total number of marbles Mazie with 52: Mazie with 52: Mazie with 52: Mazie with 52 marbles.
Step 2: Mazie with ",False,True,captured
gsm8k_1281,gsm8k,0.6B,0.5B,4,stochastic,42,12.7064,109.0,49.4,256,20.15,560,117,140,0.2089,0.84,False," 

Okay, let's see.>

Okay, let's see, 248>

Okay, let's see the number >
Okay, let's see solution here >
Okay, let's see the answer here put your answer here >
Okay, let's see the solution here >
Okay, let's see solution here >

Okay, let's see the number > 

Okay, let's think>
Okay, let's see solution >

To solve this problem, we need to calculate the number >.>

Okay, let's think>
Okay, let's see solution steps here >

Okay, let's see the number >
Okay, let's see the answer >.>

Okay, let's see the answer here >
Okay, let's see below >
Okay, let's see solution here >

Okay, let's think>
Okay, let's see, let's think>
Okay, let's see below >
Okay, let'solution>
Okay, let's see below
Okay, let's see the answer here >
Okay, let's see solution >

Okay, let's see solution > 

To solve this problem, we need to calculate the total feed left feed left >

To solve step-by-40>
Okay, let's see the solution >.>

Okay, let's",False,True,captured
gsm8k_1288,gsm8k,0.6B,0.5B,4,stochastic,42,12.3927,109.25,48.17,256,20.66,548,120,137,0.219,0.88,False," 

Okay, let's see. Let's

Okay, let's think>
Okay, let's see the number >
Okay, let's think>
Okay, let's see below >
Okay, let's see the number > 

Okay, let's think>
Okay, let's see below >

Okay, let's see the number of time > 

Okay, let's total time in 4 weeks, let's see, let's see the number >
Okay, let's see the total time in minutes>
Okay, let's see, let's see below > 

Okay, let's time > 

Okay, let's>
Okay, let's see the number > 

Okay, let's final answer here put your answer > 

Let me think through the total time in 4 weeks, 1424240>
Okay, let's see below>
Okay, let's see below >
Okay, let's see below > 

Okay, let's see the number >
Okay, let's see the number here put your answer here put your answer here > 

Okay, let's total time in minutes>
Okay, let's see the total time in minutes>
Okay, let's see the total time in minutes >

To determine the number > 

Okay, let",False,True,captured
gsm8k_1293,gsm8k,0.6B,0.5B,4,stochastic,42,13.2652,108.07,51.6,256,19.3,587,110,147,0.1874,0.75,False," 

Okay, let's see.>

To determine the number >
To determine the number > 

Okay, let's see the number >
To determine the number of days, 70>
Okay, let's calculate the answer here put your answer here >
To determine how much money will be careful calculation > 

Let me think>
Okay, let's think>
Okay, let's calculate the total amount in numbers >

To determine the number >
To determine how much money will the number > 

Okay, let's see the number > 

Okay, let's calculate the total amount in numbers >.
To determine the number of days in numbers >

To determine how much money the total amount in dollars>
Okay, let's see the company receives $700>
Okay, let's calculate the company receives 7000>

To determine how much money the amount in the answer >
To determine how much money will be careful calculation here put your answer here >.
Okay, let's see the number > 

Okay, let's>

To determine how much money the company receives 70000>
Okay, let's see the answer > 

Okay, let's calculate the total number > 

To determine how much money will be careful calculation here >
To determine how much",False,True,captured
gsm8k_1299,gsm8k,0.6B,0.5B,4,stochastic,42,13.1268,109.38,51.05,256,19.5,580,111,145,0.1914,0.77,False," 

Okay, let's see.>

Okay, let's think>
Okay, let's see the answer >
To determine the number >
To determine the total > 

Okay, let's see solution >
To determine the total amount >
To determine the total amount spent by step-by> 

To determine the total amount spent on the number >
To determine how many dollars does not enough>
Okay, let's think>
Okay, let's think>
Okay, let's think>
Okay, let's think>
Okay, let's see solution > 

To determine the total amount spent by step-by-step calculation here >
To determine how many dollars does she has left>

To determine the total amount spent, let's see solution >
To determine how many dollars does she have left >

To determine how many dollars does she have to be filled in the correct answer here >
To determine how many dollars does she have to be filled in by the way to be careful calculation steps >
To determine how many dollars does she have to be filled in >

To determine how many dollars does she have to be filled in >

Okay, let's see solution >

To determine how many dollars does she have to be filled in by the number >
To solve the problem step by step-by-step-by>
Okay, let's see",False,True,captured
gsm8k_1301,gsm8k,0.6B,0.5B,4,stochastic,42,11.2332,108.83,43.63,256,22.79,494,131,125,0.2652,1.05,False," 

Okay, let's see.>

Okay, let's see below >
Okay, let's think>
Okay, let's think>
Okay, let's see the number >
Okay, let's think>
Okay, let's think>
Okay, let's see the number > 

Okay, let's see the number >
Okay, let's think>
Okay, let's see below > 

Okay, let's> 

Okay, let's>
Okay, let's see the number of the number > 

Okay, let'something>
Okay, let's see below > 

Okay, let's think>
Okay, let's think>
Okay, let's see below
Okay, let's see below > 

Let me think>
Okay, let's think>
Okay, let's see the number of cookies Randy has 37459656356>
Okay, let's see the number of cookies Randy has 342>
Okay, let's see the number of cookies Randy has 30>
Okay, let's>

Okay, let's see below > 

Let me solve this step by step, let's think>
Okay, let's think>
Okay, let's see the number of cookies Randy has 34 >

To determine the",False,True,captured
gsm8k_1308,gsm8k,0.6B,0.5B,4,stochastic,42,11.6499,109.23,45.26,256,21.97,514,127,129,0.2471,0.98,False," 

Okay, let's see.>

Okay, let's see, 20>
Okay, let'solution>
Okay, let's see below >
Okay, let's see the total number of eggs in both baskets put your answer here put your answer here >
Okay, let's see the number > 

Okay, let's see below > 

Okay, let's see the thought > 

Okay, let's




Okay, let's see the number > 

Final Answer>
Okay, let's see the thought > 

Okay, let's see the reasoning steps here put your answer here > 

Okay, let's>

Okay, let's see the thought > 

To solve this problem, we need to calculate the total number of eggs in both baskets put your answer here >
Okay, let's see the solution here put the number > 

Okay, let's>
Okay, let's see the steps below >

To solve this step-by-step reasoning steps > 

Okay, let's see, let's see the steps below > 

Okay, let's see, the number > 

Let me think>
Okay, let's see the number > 

Okay, let's> 

Okay, let's> 

Final Answer>
Okay, let's see the steps",False,True,captured
mmlu_abstract_algebra_0,mmlu,0.6B,0.5B,4,stochastic,42,1.5714,109.7,47.15,32,20.36,64,17,16,0.2656,1.06,False," The degree of the extension Q(sqrt(2), but I think








Question: Find the degree for the given field extension",False,True,captured
mmlu_abstract_algebra_1,mmlu,0.6B,0.5B,4,stochastic,42,1.8772,110.02,57.01,32,17.05,77,13,20,0.1688,0.65,False, The index of the subgroup <p> in the subgroup <p in the subgroup <p> in the subgroup is the subgroup <p> in S_5,False,True,captured
mmlu_abstract_algebra_2,mmlu,0.6B,0.5B,4,stochastic,42,1.4323,110.35,42.64,32,22.34,57,17,15,0.2982,1.13,False," The correct answer is D. Let me explain. To find the zeros of the polynomial x^5 + 3

Step-by-0, which is ",False,True,captured
mmlu_abstract_algebra_3,mmlu,0.6B,0.5B,4,stochastic,42,1.859,111.05,56.39,32,17.21,76,12,20,0.1579,0.6,False," D

Let me think

Let me think

Let me think. 

Okay, so. So, the answer D
Okay, so. Let's answer",False,True,captured
mmlu_abstract_algebra_4,mmlu,0.6B,0.5B,4,stochastic,42,1.3996,110.29,41.59,32,22.86,55,18,15,0.3273,1.2,False," C

To find the product of f(x) = 4x - 4x

To find the product of the product of f(x) The product",False,True,captured
mmlu_abstract_algebra_5,mmlu,0.6B,0.5B,4,stochastic,42,1.926,110.02,58.58,32,16.62,78,11,21,0.141,0.52,False," C

To determine the truthfully analyze the given statements, we need to analyze the statements  C

C

C. C

The correct the question the",False,True,captured
mmlu_abstract_algebra_6,mmlu,0.6B,0.5B,4,stochastic,42,1.7398,110.4,52.56,32,18.39,70,14,19,0.2,0.74,False," A. Statement 1 is true because both statements  Statement 1 is true because both statements are both statements  Statement 1 is true, but wait,",False,True,captured
mmlu_abstract_algebra_7,mmlu,0.6B,0.5B,4,stochastic,42,2.358,108.82,72.55,32,13.57,98,6,26,0.0612,0.23,False," C

To determine the answer is this through this through this through this step by myself. Okay, so. 

The first statement is the answer is correct answer",False,True,captured
mmlu_abstract_algebra_8,mmlu,0.6B,0.5B,4,stochastic,42,1.6034,109.75,48.18,32,19.96,65,16,17,0.2462,0.94,False, B. So I need to find the degree of the field extensions. So I need to find the degree of course. So I need to find the degree of,False,True,captured
mmlu_abstract_algebra_9,mmlu,0.6B,0.5B,4,stochastic,42,1.8381,109.44,55.76,32,17.41,76,14,19,0.1842,0.74,False," A

To find all the polynomial over the problem step by step:

To find the zeros of the answer is A
Okay, so, the question is to",False,True,captured
mmlu_abstract_algebra_10,mmlu,0.6B,0.5B,4,stochastic,42,1.3969,110.73,41.49,32,22.91,55,18,15,0.3273,1.2,False," A. Statement 1 is true because Statement 1 is true because Statement 1 is true, true

**Explanation: 

Statement 1 is correct.",False,True,captured
mmlu_abstract_algebra_11,mmlu,0.6B,0.5B,4,stochastic,42,2.1286,109.55,65.13,32,15.03,88,9,23,0.1023,0.39,False, C is the relation S is a relation S is symmetric property of the relation S is symmetric because for a relation is a relation S is symmetric because for all elements,False,True,captured
mmlu_abstract_algebra_12,mmlu,0.6B,0.5B,4,stochastic,42,1.3883,109.18,41.26,32,23.05,56,18,14,0.3214,1.29,False, The order of the factor group (Z_11 x Z_1111 group (Z_11 x group (Z_11 x,False,True,captured
mmlu_abstract_algebra_13,mmlu,0.6B,0.5B,4,stochastic,42,1.1283,111.51,32.8,32,28.36,44,21,11,0.4773,1.91,False, To find the factorization To find the factorization To find the factorization of the polynomial $ x^3 of the polynomial $ x^3 + 2,False,True,captured
mmlu_abstract_algebra_14,mmlu,0.6B,0.5B,4,stochastic,42,1.4228,108.58,42.39,32,22.49,57,18,15,0.3158,1.2,False, The maximum possible order for an element of S_n is the element of an element of S_n is the least common multiple (a permutation in S_n is the,False,True,captured
mmlu_abstract_algebra_15,mmlu,0.6B,0.5B,4,stochastic,42,1.461,109.49,43.6,32,21.9,58,16,16,0.2759,1.0,False," A

Let me think

Let me think

Let me think. Okay, so I need to check the statements. The first statement says that the first about",False,True,captured
mmlu_abstract_algebra_16,mmlu,0.6B,0.5B,4,stochastic,42,1.6001,109.37,48.09,32,20.0,65,16,17,0.2462,0.94,False, The inverse of an element x such that the multiplicative group is the multiplicative group is the multiplicative group is the element in the multiplicative group {1,False,True,captured
mmlu_abstract_algebra_17,mmlu,0.6B,0.5B,4,stochastic,42,1.9509,109.83,59.39,32,16.4,80,11,21,0.1375,0.52,False," To compute the product of (2,3) (2,3) and in the elements in the elements in the elements in the elements in the ring elements",False,True,captured
mmlu_abstract_algebra_18,mmlu,0.6B,0.5B,4,stochastic,42,1.6444,108.97,49.53,32,19.46,67,16,17,0.2388,0.94,False," D
Answer: D
Answer: D
Answer: D
D
D
D. D
D
Answer: D
Answer: D
",False,True,captured
mmlu_abstract_algebra_19,mmlu,0.6B,0.5B,4,stochastic,42,1.8938,110.24,57.53,32,16.9,77,13,20,0.1688,0.65,False," A. Statement 1 is true because Statement 1. False, False, Statement 1. Statement 1. Statement 1 is a. False,",False,True,captured
mmlu_abstract_algebra_20,mmlu,0.6B,0.5B,4,stochastic,42,2.0939,109.84,64.0,32,15.28,86,9,23,0.1047,0.39,False," A. False, False, the first, because for Statement 1 is the first, the statement  Explanation: Statement 1 is true
The first,",False,True,captured
mmlu_abstract_algebra_21,mmlu,0.6B,0.5B,4,stochastic,42,1.7259,109.94,52.13,32,18.54,70,15,18,0.2143,0.83,False," A

To find the sum of the given that the problem. So, the problem. So, we need to add the two polynomials in Z_8",False,True,captured
mmlu_abstract_algebra_22,mmlu,0.6B,0.5B,4,stochastic,42,1.5777,110.34,47.33,32,20.28,63,16,17,0.254,0.94,False," B

Let me analyze the statements one by one. 

Okay, so. So, the first statement says that the answer is B. Let me think.",False,True,captured
mmlu_abstract_algebra_23,mmlu,0.6B,0.5B,4,stochastic,42,1.3381,108.56,39.66,32,23.91,53,19,14,0.3585,1.36,False, D. The set of all nth roots of unity are the set of all nth roots of unity are the set of all nth roots of unity. The set of,False,True,captured
mmlu_abstract_algebra_24,mmlu,0.6B,0.5B,4,stochastic,42,1.646,110.36,49.54,32,19.44,66,14,18,0.2121,0.78,False," A. False, False, because every maximal ideal is a. False, False
 True, True, because in a commutative ring R is correct answer",False,True,captured
mmlu_abstract_algebra_25,mmlu,0.6B,0.5B,4,stochastic,42,1.7929,110.85,54.26,32,17.85,73,13,19,0.1781,0.68,False," C

The set of the question is about the set of the set of all n x

The set G is the general properties of groups. So, G",False,True,captured
mmlu_abstract_algebra_26,mmlu,0.6B,0.5B,4,stochastic,42,2.3737,110.21,73.02,32,13.48,99,6,26,0.0606,0.23,False," C

To determine the answer is the answer C
Okay, so. So, so. Okay, so. Okay, so. Okay, so. Okay",False,True,captured
mmlu_abstract_algebra_27,mmlu,0.6B,0.5B,4,stochastic,42,2.1007,110.19,64.21,32,15.23,87,10,22,0.1149,0.45,False," B. So, the Eisenstein's answer is B. The Eisenstein's. The Eisenstein's the Eisenstein's criterion for the Eisenstein's criterion",False,True,captured
mmlu_abstract_algebra_28,mmlu,0.6B,0.5B,4,stochastic,42,2.1794,110.63,66.73,32,14.68,90,9,24,0.1,0.38,False," D. True, True, the first, the first, let me. The first, the first statement  Statement 1 is false, the first, the",False,True,captured
mmlu_abstract_algebra_29,mmlu,0.6B,0.5B,4,stochastic,42,1.5191,110.07,45.45,32,21.06,61,17,16,0.2787,1.06,False," A. Statement 1 is true, true, true, because both statements are true. Statement 1. Both statements are true, true, true

The",False,True,captured
mmlu_abstract_algebra_30,mmlu,0.6B,0.5B,4,stochastic,42,1.8648,111.82,56.55,32,17.16,76,13,20,0.1711,0.65,False," A. False, False, the first, because Statement 1 is about the statement  Statement 1 is true, true, true, true, true,",False,True,captured
mmlu_abstract_algebra_31,mmlu,0.6B,0.5B,4,stochastic,42,1.9713,110.06,60.04,32,16.23,81,12,21,0.1481,0.57,False," B

Answer: B

The given the question, the option B

Answer: B

If the option B

B
Answer:
To B

The",False,True,captured
mmlu_abstract_algebra_32,mmlu,0.6B,0.5B,4,stochastic,42,1.6707,110.64,50.32,32,19.15,68,15,17,0.2206,0.88,False," A. Statement 1 is true because Statement 1. The first, because Statement 1 is true, the first, because both statements are true. Statement",False,True,captured
mmlu_abstract_algebra_33,mmlu,0.6B,0.5B,4,stochastic,42,1.7677,123.52,53.04,32,18.1,71,13,19,0.1831,0.68,False," C

Let me analyze each option.

Okay, so I know that G is abelian group theory. Since G is abelian. So, the answer is",False,True,captured
mmlu_abstract_algebra_34,mmlu,0.6B,0.5B,4,stochastic,42,1.8332,110.03,55.59,32,17.46,75,13,19,0.1733,0.68,False," C

Let me think

Let me think

Okay, let's try to analyze each statement carefully about the answer

Let me think about the first statement.",False,True,captured
mmlu_abstract_algebra_35,mmlu,0.6B,0.5B,4,stochastic,42,1.6652,109.54,50.18,32,19.22,68,15,17,0.2206,0.88,False," B. 4

The degree is B. 4

The degree is B. 4

The degree of the question: B. 4.",False,True,captured
mmlu_abstract_algebra_36,mmlu,0.6B,0.5B,4,stochastic,42,2.4353,109.81,75.01,32,13.14,102,6,27,0.0588,0.22,False," A

To compute the product of the question is the problem step by myself. Okay, so the product of the product of the answer is A

To compute",False,True,captured
mmlu_abstract_algebra_37,mmlu,0.6B,0.5B,4,stochastic,42,2.0888,109.73,63.84,32,15.32,87,10,22,0.1149,0.45,False," D. D. 

Let me think about whether the option D. D. No because the Eisenstein's D. D. 

D

The polynomial $",False,True,captured
mmlu_abstract_algebra_38,mmlu,0.6B,0.5B,4,stochastic,42,1.2113,109.38,35.55,32,26.42,47,19,13,0.4043,1.46,False, B. I need to find the generator for the finite field Z_7. I need to find the generator for the question is asking for the generator for the,False,True,captured
mmlu_abstract_algebra_39,mmlu,0.6B,0.5B,4,stochastic,42,2.032,109.76,62.01,32,15.75,84,10,22,0.119,0.45,False," D. So, the first about the answer is D. Statement 1: 

The first about the two statements:

Okay, so. Okay, so,",False,True,captured
mmlu_abstract_algebra_40,mmlu,0.6B,0.5B,4,stochastic,42,2.1718,109.28,66.53,32,14.73,90,9,24,0.1,0.38,False," C. So, the question is about this through this through this problem step by step.

Okay, so the identity element e be the identity element e be the",False,True,captured
mmlu_abstract_algebra_41,mmlu,0.6B,0.5B,4,stochastic,42,1.6064,109.05,48.3,32,19.92,65,16,17,0.2462,0.94,False," B

The characteristic of the ring $\boxed{B} B

The characteristic of a. The characteristic of the ring $ \boxed{B}.

The",False,True,captured
mmlu_abstract_algebra_42,mmlu,0.6B,0.5B,4,stochastic,42,2.5283,109.65,78.02,32,12.66,106,4,28,0.0377,0.14,False, C be the user check the question  me try to figure out the user see. Let's tackle this problem. So I work through this be the answer this,False,True,captured
mmlu_abstract_algebra_43,mmlu,0.6B,0.5B,4,stochastic,42,2.0015,109.41,61.03,32,15.99,82,10,22,0.122,0.45,False," C. Statement 1 is true

Statement 1 is correct. Statement 1. Statement 1 is correct answer
The first statement is correct answer
",False,True,captured
mmlu_abstract_algebra_44,mmlu,0.6B,0.5B,4,stochastic,42,1.8654,110.07,56.62,32,17.15,76,12,20,0.1579,0.6,False," C. Statement 1 is true because if f is not sure, let me. The statement that the function f is correct. The given that f is correct",False,True,captured
mmlu_abstract_algebra_45,mmlu,0.6B,0.5B,4,stochastic,42,2.4273,109.86,74.76,32,13.18,101,6,26,0.0594,0.23,False," C be the user check the user think about the user. Let's tackle this problem. Let's analyze the two statements be a
Let me try to figure",False,True,captured
mmlu_abstract_algebra_46,mmlu,0.6B,0.5B,4,stochastic,42,1.4493,110.12,43.2,32,22.08,58,18,15,0.3103,1.2,False," A

Let me think

Let me think

Let me think. 

Statement 1: A
Okay, so I need to check the two statements.",False,True,captured
mmlu_abstract_algebra_47,mmlu,0.6B,0.5B,4,stochastic,42,1.789,109.03,54.19,32,17.89,73,14,19,0.1918,0.74,False," The correct answer is D. Let me explain. 3.

Wait, but that Z_3[x]/(3) 3. 

Wait, but",False,True,captured
mmlu_abstract_algebra_48,mmlu,0.6B,0.5B,4,stochastic,42,1.5671,110.25,46.99,32,20.42,63,17,16,0.2698,1.06,False," A. True, True
. False, False, because Statement 1. False, False, because Statement 1. True, True, because Statement ",False,True,captured
mmlu_abstract_algebra_49,mmlu,0.6B,0.5B,4,stochastic,42,1.89,108.22,57.48,32,16.93,78,12,20,0.1538,0.6,False, The maximum possible order for the maximum possible order of the maximum possible order for the maximum possible order for the following the maximum possible order for the following reason: The,False,True,captured
mmlu_abstract_algebra_50,mmlu,0.6B,0.5B,4,stochastic,42,1.7297,109.34,52.27,32,18.5,70,14,19,0.2,0.74,False," D

To determine the truth of some examples. So, the answer is D. So, the answer is D. So, the question again. Okay,",False,True,captured
mmlu_abstract_algebra_51,mmlu,0.6B,0.5B,4,stochastic,42,1.7672,109.42,53.48,32,18.11,72,13,19,0.1806,0.68,False," The correct answer is D. Let me explain. 3.

Wait, but that Z_3[x]/(3) 3

Wait, but wait",False,True,captured
mmlu_abstract_algebra_52,mmlu,0.6B,0.5B,4,stochastic,42,1.3192,109.31,39.03,32,24.26,52,19,14,0.3654,1.36,False," A
Let me think A
Okay, so I need to find the identity element e is the identity element in the group G is the identity element is the",False,True,captured
mmlu_abstract_algebra_53,mmlu,0.6B,0.5B,4,stochastic,42,2.0938,110.15,63.99,32,15.28,86,10,23,0.1163,0.43,False," C

To determine the answer is this through this through this through this step by myself. So, the answer is C. Let me think. 

Okay,",False,True,captured
mmlu_abstract_algebra_54,mmlu,0.6B,0.5B,4,stochastic,42,1.8189,108.87,55.16,32,17.59,74,12,20,0.1622,0.6,False," B

The degree 2
Answer: B

The degree of the field extension $ \text: B

The degree of the field extensions of the question",False,True,captured
mmlu_abstract_algebra_55,mmlu,0.6B,0.5B,4,stochastic,42,1.3615,112.33,40.3,32,23.5,54,18,14,0.3333,1.29,False," A. True, True
. False, False
 True, True, because a free abelian group is torsion-free group is correct. Statement 1",False,True,captured
mmlu_abstract_algebra_56,mmlu,0.6B,0.5B,4,stochastic,42,1.4678,109.52,43.81,32,21.8,59,18,15,0.3051,1.2,False," C. So, the question again. So, the question again. Let me think about this step by step. 

Statement 1: 4x -",False,True,captured
mmlu_abstract_algebra_57,mmlu,0.6B,0.5B,4,stochastic,42,1.4691,108.57,43.89,32,21.78,59,17,16,0.2881,1.06,False, B. I need to find the generator for the finite fields and the question is about finding the generator for the question is to find the generator for the question is,False,True,captured
mmlu_abstract_algebra_58,mmlu,0.6B,0.5B,4,stochastic,42,2.0361,110.64,62.11,32,15.72,84,11,22,0.131,0.5,False," D

To determine the answer is the answer is the answer is D. 

Let me check the answer D
Okay, so. 

Let me think.",False,True,captured
mmlu_abstract_algebra_59,mmlu,0.6B,0.5B,4,stochastic,42,1.5813,109.93,47.46,32,20.24,63,16,16,0.254,1.0,False," A

Let me think

Let me think

Let me think. 

Let me think about the two statements:

Statement 1

Let me think. So",False,True,captured
mmlu_abstract_algebra_60,mmlu,0.6B,0.5B,4,stochastic,42,1.877,110.32,56.99,32,17.05,77,12,20,0.1558,0.6,False," A. Statement 1 is true because Statement 1. True, True, let me. False, False, let's statement 1 is correct. Statement",False,True,captured
mmlu_abstract_algebra_61,mmlu,0.6B,0.5B,4,stochastic,42,1.7287,109.95,52.22,32,18.51,70,14,19,0.2,0.74,False," A

Let me think

Let me think

Let me think. 

Let me think about the first statement. The first about the answer A
Okay,",False,True,captured
mmlu_abstract_algebra_62,mmlu,0.6B,0.5B,4,stochastic,42,1.6522,110.06,49.75,32,19.37,67,15,17,0.2239,0.88,False," C

To determine the truth of Statement 1: 

Statement 1: 

Statement 1: Every quotient ring. Okay, so I need to verify",False,True,captured
mmlu_abstract_algebra_63,mmlu,0.6B,0.5B,4,stochastic,42,1.7937,109.96,54.31,32,17.84,73,13,19,0.1781,0.68,False," A

Let me think

Let me think

Okay, let me think about the options. So, the question is about the given A
Okay, let",False,True,captured
mmlu_abstract_algebra_64,mmlu,0.6B,0.5B,4,stochastic,42,1.4882,109.88,44.46,32,21.5,60,17,15,0.2833,1.13,False," A A A A
Answer: A
Answer: A
Answer: A
Answer:  A A A
Answer: A
Answer: A
",False,True,captured
mmlu_abstract_algebra_65,mmlu,0.6B,0.5B,4,stochastic,42,0.8006,108.5,22.32,32,39.97,29,25,8,0.8621,3.12,False," C
Answer: C C
Answer: C C
Answer: C C
Answer: C C
Answer: C C
Answer: C C
",False,True,captured
mmlu_abstract_algebra_66,mmlu,0.6B,0.5B,4,stochastic,42,1.398,110.72,41.53,32,22.89,55,18,15,0.3273,1.2,False," A. Statement 1 is true because Statement 1 is true because Statement 1 is true, true

**Explanation: 

Statement 1 is correct.",False,True,captured
mmlu_abstract_algebra_67,mmlu,0.6B,0.5B,4,stochastic,42,1.3966,109.62,41.51,32,22.91,56,18,14,0.3214,1.29,False, The correct answer is D The correct answer: H contains the identity element. H contains the identity element. H contains the identity element. H contains the identity element,False,True,captured
mmlu_abstract_algebra_68,mmlu,0.6B,0.5B,4,stochastic,42,1.6437,110.36,49.46,32,19.47,66,15,18,0.2273,0.83,False," A

Let me first about the problem again. So, I need to factor x^4 + 4
Okay, so, the question: So,",False,True,captured
mmlu_abstract_algebra_69,mmlu,0.6B,0.5B,4,stochastic,42,1.7301,110.22,52.25,32,18.5,70,13,19,0.1857,0.68,False," A. Statement 1 is true because Statement 1. True, True, because a. Statement 1 is true because Statement 1 is correct answer
",False,True,captured
mmlu_abstract_algebra_70,mmlu,0.6B,0.5B,4,stochastic,42,1.6783,109.54,50.6,32,19.07,68,15,18,0.2206,0.83,False," C

To find the inverse of a in terms of the inverse of the group operation * is the inverse of a- the inverse of a is the correct answer",False,True,captured
mmlu_abstract_algebra_71,mmlu,0.6B,0.5B,4,stochastic,42,1.6101,110.44,48.38,32,19.87,65,16,17,0.2462,0.94,False, B. So I need to find the degree of the field extensions. So I need to find the degree of course. So I need to find the degree of,False,True,captured
mmlu_abstract_algebra_72,mmlu,0.6B,0.5B,4,stochastic,42,2.1378,109.23,65.44,32,14.97,89,9,23,0.1011,0.39,False," A

To solve the answer is the answer is the question again. Okay, so, I need to find the steps to solve this step by myself. 

",False,True,captured
mmlu_abstract_algebra_73,mmlu,0.6B,0.5B,4,stochastic,42,1.8327,109.62,55.58,32,17.46,76,13,19,0.1711,0.68,False," B

The characteristic of the question the correct the correct the characteristic of the ring $\boxed{B

The characteristic of the ring Z_3 x Z_",False,True,captured
mmlu_abstract_algebra_74,mmlu,0.6B,0.5B,4,stochastic,42,1.831,110.7,55.49,32,17.48,75,13,19,0.1733,0.68,False," A. False, False, the first, because Statement 1: 

Let me analyze the statements  Statement 1: If a. False, False
",False,True,captured
mmlu_abstract_algebra_75,mmlu,0.6B,0.5B,4,stochastic,42,2.13,110.09,65.16,32,15.02,88,9,23,0.1023,0.39,False," C. So, the answer is C
Okay, so. So, the first about the first about the two things through this through this through this step by",False,True,captured
mmlu_abstract_algebra_76,mmlu,0.6B,0.5B,4,stochastic,42,1.8273,109.8,55.4,32,17.51,75,14,19,0.1867,0.74,False," C

Let me analyze the two different. So, the problem step by myself. So, the first statement. 

Statement 1: S_n is non",False,True,captured
mmlu_abstract_algebra_77,mmlu,0.6B,0.5B,4,stochastic,42,1.529,108.97,45.81,32,20.93,62,16,16,0.2581,1.0,False, The characteristic of a ring is the smallest positive integer n is the ring Z x is the ring Z x Z is the smallest positive integer n such that is the,False,True,captured
mmlu_abstract_algebra_78,mmlu,0.6B,0.5B,4,stochastic,42,1.5206,111.81,45.44,32,21.04,61,17,16,0.2787,1.06,False," D

Let me analyze the two statements one by one.

First, I need to check statement 1. For statement 1: Statement 1: For",False,True,captured
mmlu_abstract_algebra_79,mmlu,0.6B,0.5B,4,stochastic,42,1.4589,109.8,43.52,32,21.94,58,17,15,0.2931,1.13,False," A

Let me think

Let me think

Let me think. Okay, so I need to solve this step by step. So, the problem is with",False,True,captured
mmlu_abstract_algebra_80,mmlu,0.6B,0.5B,4,stochastic,42,1.5782,110.17,47.36,32,20.28,64,17,16,0.2656,1.06,False," C

Statement 1: The external direct product of cyclic groups. So, the first about the two statements. 

Statement 1

The external direct product",False,True,captured
mmlu_abstract_algebra_81,mmlu,0.6B,0.5B,4,stochastic,42,1.6465,109.91,49.57,32,19.44,66,15,18,0.2273,0.83,False," A

Let me think

Let me think

Let me think. Okay, so I need to verify each statement. So, the first thing

The first",False,True,captured
mmlu_abstract_algebra_82,mmlu,0.6B,0.5B,4,stochastic,42,1.7699,109.97,53.55,32,18.08,72,14,19,0.1944,0.74,False," A. Statement 1 is true because Statement 1. True, True, because a. Both statements are true. Statement 1. True, True,",False,True,captured
mmlu_abstract_algebra_83,mmlu,0.6B,0.5B,4,stochastic,42,2.0,110.16,60.96,32,16.0,82,10,22,0.122,0.45,False," C

Answer: C

The correct the question the question the question the question, C

Answer: C

Answer: C

Answer: C

C",False,True,captured
mmlu_abstract_algebra_84,mmlu,0.6B,0.5B,4,stochastic,42,1.7583,110.76,53.15,32,18.2,71,14,19,0.1972,0.74,False," C. Statement 1 is true

The given that the given that f: A → The given that for Statement 1 is true because the given that the",False,True,captured
mmlu_abstract_algebra_85,mmlu,0.6B,0.5B,4,stochastic,42,1.8493,110.32,56.1,32,17.3,76,13,19,0.1711,0.68,False, C. Let me try to work through these statements be the user see. Let me think through the statements one by one. Let me try to work through this,False,True,captured
mmlu_abstract_algebra_86,mmlu,0.6B,0.5B,4,stochastic,42,2.469,109.66,76.11,32,12.96,103,6,27,0.0583,0.22,False, A be the user check the user. So I work through this be the group theory. Let me think through this be the first check the user see. So,False,True,captured
mmlu_abstract_algebra_87,mmlu,0.6B,0.5B,4,stochastic,42,1.751,109.64,52.95,32,18.28,71,14,18,0.1972,0.78,False," A

Let me think about this problem. So, the problem. So, the problem is about how to solve this through this is the problem. The function",False,True,captured
mmlu_abstract_algebra_88,mmlu,0.6B,0.5B,4,stochastic,42,1.9275,109.55,58.64,32,16.6,79,11,21,0.1392,0.52,False," A

To compute the product of the question is the problem step by myself. So, the question is (12)(12)(12
Okay",False,True,captured
mmlu_abstract_algebra_89,mmlu,0.6B,0.5B,4,stochastic,42,2.2085,109.43,67.71,32,14.49,92,8,24,0.087,0.33,False, C be the user understand the answer this be the correct me try to figure out the answer step by the user understand the problem. Let's tackle this problem.,False,True,captured
mmlu_abstract_algebra_90,mmlu,0.6B,0.5B,4,stochastic,42,1.7509,111.39,52.89,32,18.28,71,14,19,0.1972,0.74,False," A. False, False, the first statement is the first statement  Statement 1 is a. False, False, False, False, False
Statement ",False,True,captured
mmlu_abstract_algebra_91,mmlu,0.6B,0.5B,4,stochastic,42,1.4801,109.35,44.22,32,21.62,59,17,16,0.2881,1.06,False," B. 2 + 2 + 2 + 4Z, 2 + 4Z, 2 + 2 + 2 + ",False,True,captured
mmlu_abstract_algebra_92,mmlu,0.6B,0.5B,4,stochastic,42,2.0224,110.0,61.69,32,15.82,84,12,21,0.1429,0.57,False," D. So, the question again. So, the question again. Let me think about the answer is the answer is the answer is the answer is D.",False,True,captured
mmlu_abstract_algebra_93,mmlu,0.6B,0.5B,4,stochastic,42,1.4481,109.16,43.19,32,22.1,58,17,15,0.2931,1.13,False, The maximum possible order for an element of S_n is the element in is the element in is the least common multiple of the lengths of cycles in S_n is,False,True,captured
mmlu_abstract_algebra_94,mmlu,0.6B,0.5B,4,stochastic,42,2.0206,109.82,61.64,32,15.84,84,11,21,0.131,0.52,False," D

Statement 1: Q is the answer is D

The first about the first statement. So, so. So, the answer is D. Statement",False,True,captured
mmlu_abstract_algebra_95,mmlu,0.6B,0.5B,4,stochastic,42,1.8078,110.52,54.75,32,17.7,74,13,19,0.1757,0.68,False," A. False, False, the first, 

**Step-by-Step Explanation:

Let me analyze the statements:

Let me analyze the first statement is correct because",False,True,captured
mmlu_abstract_algebra_96,mmlu,0.6B,0.5B,4,stochastic,42,1.8774,109.09,57.04,32,17.05,77,13,20,0.1688,0.65,False," A

Let me think about the polynomial is correct answer is correct answer is A. So the polynomial is x^2 +1. The polynomial x^2",False,True,captured
mmlu_abstract_algebra_97,mmlu,0.6B,0.5B,4,stochastic,42,1.9928,109.38,60.76,32,16.06,82,11,22,0.1341,0.5,False, B. So I need to find the number of elements in the question is that's the question is the question is about this is the answer is the question is,False,True,captured
mmlu_abstract_algebra_98,mmlu,0.6B,0.5B,4,stochastic,42,1.7767,109.31,53.79,32,18.01,73,13,19,0.1781,0.68,False, The order of an element of Z_2) of Z_12 x 2) in Z_12 x) in Z_12),False,True,captured
mmlu_abstract_algebra_99,mmlu,0.6B,0.5B,4,stochastic,42,1.3415,109.62,39.74,32,23.85,53,18,14,0.3396,1.29,False," B

Answer: B

The correct answer is B. B

Answer: B

Answer: B

Answer: B

The correct answer is B

",False,True,captured
mmlu_college_chemistry_0,mmlu,0.6B,0.5B,4,stochastic,42,1.6931,109.32,51.09,32,18.9,68,14,18,0.2059,0.78,False," The rate = k. For a zero-order reaction, r = k. 

A zero-order reactions. r = k. 

Wait, no, wait,",False,True,captured
mmlu_college_chemistry_1,mmlu,0.6B,0.5B,4,stochastic,42,1.3408,110.34,39.69,32,23.87,53,19,14,0.3585,1.36,False," C. 

The correct answer is C. 

The correct answer is C. 

The correct answer is C. 

The correct answer is C. 

The",False,True,captured
mmlu_college_chemistry_2,mmlu,0.6B,0.5B,4,stochastic,42,0.8026,109.09,22.37,32,39.87,29,25,8,0.8621,3.12,False," C
Answer: C C
Answer: C C
Answer: C C
Answer: C C
Answer: C C
Answer: C C
",False,True,captured
mmlu_college_chemistry_3,mmlu,0.6B,0.5B,4,stochastic,42,1.9675,110.8,59.89,32,16.26,81,11,21,0.1358,0.52,False," A

To balance the equation step by step. Okay, so. So, I need to balance this through this through this through this step by step.

Okay",False,True,captured
mmlu_college_chemistry_4,mmlu,0.6B,0.5B,4,stochastic,42,1.6338,109.14,49.18,32,19.59,66,15,18,0.2273,0.83,False," B. The equation ΔH = ΔHess processes.

The equation ΔH = ΔHess's processes. The equation ΔH = the equation. The",False,True,captured
mmlu_college_chemistry_5,mmlu,0.6B,0.5B,4,stochastic,42,1.6072,110.38,48.28,32,19.91,65,16,17,0.2462,0.94,False," A
Answer: A
Answer: A
The correct answer is A. A. 3 lines. A
The correct option A
The correct answer",False,True,captured
mmlu_college_chemistry_6,mmlu,0.6B,0.5B,4,stochastic,42,1.5731,109.37,47.22,32,20.34,63,16,17,0.254,0.94,False, A. Cobalt-60 is the correct answer is the correct answer is the correct answer is the correct answer. Cobalt-60 is the correct,False,True,captured
mmlu_college_chemistry_7,mmlu,0.6B,0.5B,4,stochastic,42,1.3412,109.93,39.72,32,23.86,53,19,14,0.3585,1.36,False, D. Unpaired electrons are necessary for both paramagnetism is the presence of unpaired electrons is the correct answer is the presence of unpaired electrons is the,False,True,captured
mmlu_college_chemistry_8,mmlu,0.6B,0.5B,4,stochastic,42,1.3072,110.15,38.62,32,24.48,52,20,13,0.3846,1.54,False," The correct answer is C. The correct answer is C. 1:6.

The 1H NMR. The ratio of [DMSO]:",False,True,captured
mmlu_college_chemistry_9,mmlu,0.6B,0.5B,4,stochastic,42,1.617,109.93,48.62,32,19.79,65,16,17,0.2462,0.94,False," B. B
Answer: B. B. B
Answer:
Answer: B. T2, unlike T1: B. T2, unlike T",False,True,captured
mmlu_college_chemistry_10,mmlu,0.6B,0.5B,4,stochastic,42,1.7484,109.84,52.86,32,18.3,71,14,19,0.1972,0.74,False," The correct answer is D. 11.30

The chemical shift of the chemical shift of the options: 1111. 1",False,True,captured
mmlu_college_chemistry_11,mmlu,0.6B,0.5B,4,stochastic,42,1.6649,110.69,50.14,32,19.22,68,15,17,0.2206,0.88,False," The correct answer is D. 12.7 s.

Step-by-1295. 12. The correct answer is D. 

",False,True,captured
mmlu_college_chemistry_12,mmlu,0.6B,0.5B,4,stochastic,42,1.7409,109.5,52.62,32,18.38,71,13,19,0.1831,0.68,False, D. So I try to figure out how to approach this. So I think through the problem. I try to figure out how to approach this step through the,False,True,captured
mmlu_college_chemistry_13,mmlu,0.6B,0.5B,4,stochastic,42,1.3843,112.51,41.03,32,23.12,55,18,14,0.3273,1.29,False, B. 1:9. 36:84:36: 36:8:36:8:36:8,False,True,captured
mmlu_college_chemistry_14,mmlu,0.6B,0.5B,4,stochastic,42,1.3009,110.45,38.4,32,24.6,52,20,13,0.3846,1.54,False," C. free radical intermediates is the free radical intermediates is often too low to enable direct detection by EPR

The correct. free radical intermediates is",False,True,captured
mmlu_college_chemistry_15,mmlu,0.6B,0.5B,4,stochastic,42,1.1884,109.74,34.79,32,26.93,46,21,12,0.4565,1.75,False," A
Answer:
The A
Answer:
The magnetic moment (A
Answer:
The magnetic moment (μI) of a
Answer:
The magnetic moment",False,True,captured
mmlu_college_chemistry_16,mmlu,0.6B,0.5B,4,stochastic,42,1.5758,109.6,47.3,32,20.31,64,17,16,0.2656,1.06,False, D. The bending and asymmetric stretching are the bending and asymmetric stretching are the correct because the bending and asymmetric stretching are infrared active in the bending and asymmetric stretching are,False,True,captured
mmlu_college_chemistry_17,mmlu,0.6B,0.5B,4,stochastic,42,1.135,110.64,33.04,32,28.19,43,20,12,0.4651,1.67,False, D. Let me think. Optical isomerism is possible to display optical isomerism when they have at least three different ligands. The correct. Wait,False,True,captured
mmlu_college_chemistry_18,mmlu,0.6B,0.5B,4,stochastic,42,1.4645,109.62,43.71,32,21.85,58,17,16,0.2931,1.06,False, D is D is D is D. Protons and neutrons possess spin angular momentum only. Protons and neutrons possess spin angular momentum only D is D,False,True,captured
mmlu_college_chemistry_19,mmlu,0.6B,0.5B,4,stochastic,42,1.5582,109.96,46.72,32,20.54,62,15,17,0.2419,0.88,False," A A A A
Answer:  A A A
Answer: A A
Answer: A
Answer: A
Answer: A
Answer: ",False,True,captured
mmlu_college_chemistry_20,mmlu,0.6B,0.5B,4,stochastic,42,1.8514,109.18,56.2,32,17.28,76,13,20,0.1711,0.65,False, D. So the user know. The question. So the question. So the question. So the question. So the question is the user know. So the,False,True,captured
mmlu_college_chemistry_21,mmlu,0.6B,0.5B,4,stochastic,42,1.4319,110.86,42.62,32,22.35,57,17,15,0.2982,1.13,False," A. 37Cl have I = 0. The correct answer is A. 

The correct. 35Cl and 35Cl and",False,True,captured
mmlu_college_chemistry_22,mmlu,0.6B,0.5B,4,stochastic,42,1.254,111.53,36.85,32,25.52,49,19,13,0.3878,1.46,False," D. 4.0. 10^−9

Step-by-Step Explanation: 10 × 10^−9. ",False,True,captured
mmlu_college_chemistry_23,mmlu,0.6B,0.5B,4,stochastic,42,1.4616,108.37,43.65,32,21.89,59,18,15,0.3051,1.2,False," The correct answer is D. 2,3-dimethylpentane.

The 13C NMR. 2,3-dimethylbut",False,True,captured
mmlu_college_chemistry_24,mmlu,0.6B,0.5B,4,stochastic,42,1.5738,110.16,47.22,32,20.33,64,16,16,0.25,1.0,False," D. D. D. D. Oxide is D. Oxide is D. Oxide. D. Oxide

Answer: D. Oxide",False,True,captured
mmlu_college_chemistry_25,mmlu,0.6B,0.5B,4,stochastic,42,1.4804,110.08,44.21,32,21.62,59,17,16,0.2881,1.06,False, D. 31P has a spin has a natural abundance is a has a natural abundance of course is a common NMR frequency is 1 has a,False,True,captured
mmlu_college_chemistry_26,mmlu,0.6B,0.5B,4,stochastic,42,1.2856,111.19,37.88,32,24.89,50,19,14,0.38,1.36,False," A

Answer: A

Explanation: The correct answer is the correct answer is A. Raoult’s law states that the partial pressure of the correct answer",False,True,captured
mmlu_college_chemistry_27,mmlu,0.6B,0.5B,4,stochastic,42,1.3895,110.26,41.27,32,23.03,55,18,15,0.3273,1.2,False," D be the chemical shift be the chemical shift when the pH equals the pKa of H2PO4⁻

So, the problem. Let me try to",False,True,captured
mmlu_college_chemistry_28,mmlu,0.6B,0.5B,4,stochastic,42,1.5483,109.98,46.4,32,20.67,62,16,17,0.2581,0.94,False," D

For EDTA titr

For EDTA titr. When EDTA is used to form. The conditional formation constant is affected by buffering at the",False,True,captured
mmlu_college_chemistry_29,mmlu,0.6B,0.5B,4,stochastic,42,1.9624,109.21,59.78,32,16.31,81,11,21,0.1358,0.52,False," C be clear up. So, Henry's Law of the concentration be clear up this problem. So, Henry's Law states the concentration of dissolved CO2 concentration",False,True,captured
mmlu_college_chemistry_30,mmlu,0.6B,0.5B,4,stochastic,42,2.3131,110.08,71.06,32,13.83,96,7,25,0.0729,0.28,False, B. The mean is this through this through this step by myself. The mean is 0.1: The question. The question again. The question again,False,True,captured
mmlu_college_chemistry_31,mmlu,0.6B,0.5B,4,stochastic,42,1.1676,111.95,34.05,32,27.41,45,21,12,0.4667,1.75,False," A
Answer:
A A
Answer:
A
Answer: 500 MHz = 500 MHz = 500 MHz = ",False,True,captured
mmlu_college_chemistry_32,mmlu,0.6B,0.5B,4,stochastic,42,1.7773,110.9,53.75,32,18.01,72,13,19,0.1806,0.68,False, B. Zn is more likely to be oxidized to Zn^0. Let me think. Let's standard reduction potential is more likely to oxidizes,False,True,captured
mmlu_college_chemistry_33,mmlu,0.6B,0.5B,4,stochastic,42,1.9949,109.47,60.82,32,16.04,82,10,22,0.122,0.45,False," D option D option D option D is not a reason why tetramethylsilane (D
Explanation: The reference is not a reference for the reference for",False,True,captured
mmlu_college_chemistry_34,mmlu,0.6B,0.5B,4,stochastic,42,1.789,110.33,54.15,32,17.89,73,13,19,0.1781,0.68,False," A
Answer: A
Answer: A
The g = A
The g value is A. A
The correct answer is A. A
Answer",False,True,captured
mmlu_college_chemistry_35,mmlu,0.6B,0.5B,4,stochastic,42,1.3899,109.37,41.31,32,23.02,55,18,15,0.3273,1.2,False," B

ToToToToToToToToToToToToToToToToToToToToToToToToTo B

The spin angular",False,True,captured
mmlu_college_chemistry_36,mmlu,0.6B,0.5B,4,stochastic,42,1.8269,109.39,55.4,32,17.52,74,12,20,0.1622,0.6,False," A

To A

The magnetic field responsible for the polarization of 1.2. A

To calculate the magnetic field responsible for the question the question the",False,True,captured
mmlu_college_chemistry_37,mmlu,0.6B,0.5B,4,stochastic,42,1.5052,110.02,45.0,32,21.26,60,16,16,0.2667,1.0,False," B. 21.2 Hz is the correct answer.
The linewidth is calculated using the formula linewidth is the linewidth is the linewidth is calculated as 2",False,True,captured
mmlu_college_chemistry_38,mmlu,0.6B,0.5B,4,stochastic,42,1.4301,110.31,42.57,32,22.38,57,18,15,0.3158,1.2,False, C. 5.493. 569 x 10^-33 x 5 x 10^-3 x 1,False,True,captured
mmlu_college_chemistry_39,mmlu,0.6B,0.5B,4,stochastic,42,1.3358,109.39,39.56,32,23.96,53,19,14,0.3585,1.36,False," A
Answer: A
Answer: A. A
Answer: A
The correct answer is A. A. A
Answer: A
The correct",False,True,captured
mmlu_college_chemistry_40,mmlu,0.6B,0.5B,4,stochastic,42,1.9327,110.64,58.78,32,16.56,79,11,21,0.1392,0.52,False," B
Answer:
B B
Answer:
B
Answer: Nuclear binding energies are the statement is the statement is the statement is not correct. The statement is",False,True,captured
mmlu_college_chemistry_41,mmlu,0.6B,0.5B,4,stochastic,42,2.1985,109.56,67.39,32,14.56,92,10,23,0.1087,0.43,False, D be the hyperfine structure. So the user think through the problem. So I start by the user think. So I need to predict the hyperfine value,False,True,captured
mmlu_college_chemistry_42,mmlu,0.6B,0.5B,4,stochastic,42,1.386,108.63,41.2,32,23.09,55,18,15,0.3273,1.2,False," B
Answer:
B B
The strongest base in liquid ammonia is the strongest base in liquid ammonia is a
The strongest base in liquid ammonia is the strongest",False,True,captured
mmlu_college_chemistry_43,mmlu,0.6B,0.5B,4,stochastic,42,1.5791,113.44,47.28,32,20.26,64,16,16,0.25,1.0,False," A
Answer:
A A
Answer: nα = nβeq
Answer: A
Answer: A
Answer:
Answer: A
Answer:",False,True,captured
mmlu_college_chemistry_44,mmlu,0.6B,0.5B,4,stochastic,42,1.6587,109.16,49.99,32,19.29,67,14,18,0.209,0.78,False," A

Answer: A

The Q-factor (A
Answer: A

The Q = 10100
The Q-factor of the correct",False,True,captured
mmlu_college_chemistry_45,mmlu,0.6B,0.5B,4,stochastic,42,2.0048,110.23,61.12,32,15.96,82,10,22,0.122,0.45,False," C

To

The difference in  C

The difference in 13C
Answer: C

The difference in the correct the question the correct the",False,True,captured
mmlu_college_chemistry_46,mmlu,0.6B,0.5B,4,stochastic,42,1.7705,109.73,53.57,32,18.07,71,14,19,0.1972,0.74,False, A. The ionic strength is calculated ionic strength (ionic strength (ionic strength (ionic strength (Ionic strength is calculated using the formula for ionic,False,True,captured
mmlu_college_chemistry_47,mmlu,0.6B,0.5B,4,stochastic,42,1.5183,109.39,45.45,32,21.08,61,16,16,0.2623,1.0,False," A

Answer: D
Answer: D
Answer: D
Answer: D
Answer:  B
Answer: D
Answer: D
Answer",False,True,captured
mmlu_college_chemistry_48,mmlu,0.6B,0.5B,4,stochastic,42,1.3038,109.85,38.51,32,24.54,51,18,14,0.3529,1.29,False, A. Planck's behavior was explained by Planck's quantum theory. Planck's quantum theory. Planck's quantum theory. Planck's temperature dependence,False,True,captured
mmlu_college_chemistry_49,mmlu,0.6B,0.5B,4,stochastic,42,1.9178,110.44,58.3,32,16.69,78,11,21,0.141,0.52,False," D be the initial activity be the initial activity be the initial activity, so the half-life formula. So the problem. So the half-life formula for the initial",False,True,captured
mmlu_college_chemistry_50,mmlu,0.6B,0.5B,4,stochastic,42,1.93,108.88,58.74,32,16.58,80,13,20,0.1625,0.65,False," A

The electron in the  A. 3
Answer:  A. 0
Answer: D
Answer: D
Answer: D
",False,True,captured
mmlu_college_chemistry_51,mmlu,0.6B,0.5B,4,stochastic,42,1.4088,110.05,41.89,32,22.71,56,17,15,0.3036,1.13,False, D. So the question is about which 0.1 M aqueous solutions. So the question is about this is the answer D. NaCl is a,False,True,captured
mmlu_college_chemistry_52,mmlu,0.6B,0.5B,4,stochastic,42,1.6385,113.09,49.21,32,19.53,66,16,17,0.2424,0.94,False," A
Answer:
Answer A
Answer: A
The correct is A. A
Answer:
Answer: A
Answer: A
Answer: A
",False,True,captured
mmlu_college_chemistry_53,mmlu,0.6B,0.5B,4,stochastic,42,1.5488,108.61,46.46,32,20.66,63,17,16,0.2698,1.06,False," A
Answer: The elements with partially filled 4f and the elements with partially filled 4f and the elements with partially filled 4f and ",False,True,captured
mmlu_college_chemistry_54,mmlu,0.6B,0.5B,4,stochastic,42,1.8932,110.76,57.5,32,16.9,78,13,20,0.1667,0.65,False, A value of the hyperfine structure of the radical has a hyperfine structure of the hyperfine structure of the radical is the hyperfine structure of malonic acid,False,True,captured
mmlu_college_chemistry_55,mmlu,0.6B,0.5B,4,stochastic,42,1.3473,110.59,39.89,32,23.75,53,18,14,0.3396,1.29,False," C. divided by the number of photons absorbed

The quantum yield is the number of photons absorbed
divided by the number of the number of photons absorbed

",False,True,captured
mmlu_college_chemistry_56,mmlu,0.6B,0.5B,4,stochastic,42,1.3068,110.55,38.59,32,24.49,52,20,13,0.3846,1.54,False, C. A large deviation of g from ge is expected when λ is large and the g from ge is expected when λ is large deviation of g from ge is,False,True,captured
mmlu_college_chemistry_57,mmlu,0.6B,0.5B,4,stochastic,42,2.1756,109.41,66.65,32,14.71,90,8,24,0.0889,0.33,False, D. So the user. So I think about the magnetic moment of the user know the user know the question. What is the magnetic moment of the user see,False,True,captured
mmlu_college_chemistry_58,mmlu,0.6B,0.5B,4,stochastic,42,1.928,109.28,58.67,32,16.6,80,12,20,0.15,0.6,False," A

The spin-lattice relaxation rate of the correlation time (correct answer is the spin-lattice relaxation rate is a. The spin-lattice relaxation rate is",False,True,captured
mmlu_college_chemistry_59,mmlu,0.6B,0.5B,4,stochastic,42,1.8136,108.35,55.01,32,17.64,74,13,20,0.1757,0.65,False," A

The lattice enthalpy of lattice enthalpy of lattice enthalpy is the correct answer is the lattice enthalpy is a
The lattice",False,True,captured
mmlu_college_chemistry_60,mmlu,0.6B,0.5B,4,stochastic,42,1.3437,109.62,39.81,32,23.81,53,19,14,0.3585,1.36,False," The correct answer is D. CH3I.
The correct answer is D. CH3I. CH3I. CH3I. The correct answer is",False,True,captured
mmlu_college_chemistry_61,mmlu,0.6B,0.5B,4,stochastic,42,1.3038,110.39,38.5,32,24.54,51,20,13,0.3922,1.54,False," A
Answer:
The A
Answer: A

Answer: A

Answer: A
Answer:
The equilibrium polarization of 13. The equilibrium polarization",False,True,captured
mmlu_college_chemistry_62,mmlu,0.6B,0.5B,4,stochastic,42,1.6693,110.05,50.3,32,19.17,68,16,17,0.2353,0.94,False," A

The magnetic moment (μI

The magnetic moment (μI isospin of the nuclide with the correct answer is A. 14",False,True,captured
mmlu_college_chemistry_63,mmlu,0.6B,0.5B,4,stochastic,42,1.3979,110.58,41.53,32,22.89,55,18,15,0.3273,1.2,False," D. I, II, and III

The correct answer is D. I, and III

The correct answer is D. I, II, and III",False,True,captured
mmlu_college_chemistry_64,mmlu,0.6B,0.5B,4,stochastic,42,1.6605,109.54,50.03,32,19.27,67,15,18,0.2239,0.83,False," A

Answer: A
Answer: A
Answer: A
Answer: A. A

The correct answer is A. A. A. A

",False,True,captured
mmlu_college_chemistry_65,mmlu,0.6B,0.5B,4,stochastic,42,1.3448,110.55,39.81,32,23.8,53,18,14,0.3396,1.29,False," D. 

The Heisenberg uncertainty principle states that both can be known exactly. The Heisenberg uncertainty principle states that neither can be known exactly. 

",False,True,captured
mmlu_college_chemistry_66,mmlu,0.6B,0.5B,4,stochastic,42,1.4365,111.31,42.75,32,22.28,57,17,15,0.2982,1.13,False, D. HBr(g) → H(g) + Br(g) → H(g) → H(g) → H(g) → H(g) + H,False,True,captured
mmlu_college_chemistry_67,mmlu,0.6B,0.5B,4,stochastic,42,1.5014,110.06,44.88,32,21.31,60,16,16,0.2667,1.0,False," A
Answer:
The A
Answer: A

The magnetogyric ratio (A

To calculate the magnetogyric ratio (γ (A) magnet",False,True,captured
mmlu_college_chemistry_68,mmlu,0.6B,0.5B,4,stochastic,42,1.2494,108.93,36.79,32,25.61,49,20,13,0.4082,1.54,False," D. D. helium atom.

Answer: D. helium atom. D. helium atom. D. helium atom. D. helium atom
D. helium",False,True,captured
mmlu_college_chemistry_69,mmlu,0.6B,0.5B,4,stochastic,42,1.4458,109.98,43.09,32,22.13,58,18,15,0.3103,1.2,False," The molar heat capacity at constant volume heat capacity at constant volume, because diatomic molecules have 2R. The limiting high-temperature molar heat capacity",False,True,captured
mmlu_college_chemistry_70,mmlu,0.6B,0.5B,4,stochastic,42,2.1759,109.69,66.65,32,14.71,90,8,24,0.0889,0.33,False, D. So the user know. So the question. So the question. So the question. The question. So the question. The question is the user know,False,True,captured
mmlu_college_chemistry_71,mmlu,0.6B,0.5B,4,stochastic,42,1.4295,109.95,42.56,32,22.39,57,18,15,0.3158,1.2,False," D. D. reduced mass

D. reduced mass

The correct. D. D. reduced mass

The correct. The correct answer is D. D",False,True,captured
mmlu_college_chemistry_72,mmlu,0.6B,0.5B,4,stochastic,42,1.9574,108.37,59.65,32,16.35,81,12,21,0.1481,0.57,False," A

The number of allowed energy levels are the correct answer is the correct answer is the correct answer is D
Answer: D
Answer: D
Answer",False,True,captured
mmlu_college_chemistry_73,mmlu,0.6B,0.5B,4,stochastic,42,1.7317,109.7,52.32,32,18.48,71,14,18,0.1972,0.78,False," A. So, the question is about this through this through this question. The question again. So, the question is asking which of the question is about toxic",False,True,captured
mmlu_college_chemistry_74,mmlu,0.6B,0.5B,4,stochastic,42,1.4304,110.03,42.59,32,22.37,57,17,15,0.2982,1.13,False," B
Answer:
The B
Answer: B. B
Answer:
The wavelength of 190 nm wavelength of 190 nm wavelength of",False,True,captured
mmlu_college_chemistry_75,mmlu,0.6B,0.5B,4,stochastic,42,1.8838,111.08,57.19,32,16.99,77,12,20,0.1558,0.6,False," A

Answer: A

The given the question the question: A

Answer: A

The rotational correlation time (A
The rotational correlation time (A",False,True,captured
mmlu_college_chemistry_76,mmlu,0.6B,0.5B,4,stochastic,42,1.9419,111.17,59.05,32,16.48,79,11,21,0.1392,0.52,False," 

The correct answer is CFCs are the key points to determine which method is best suited for the key points to determine the key points to consider the key",False,True,captured
mmlu_college_chemistry_77,mmlu,0.6B,0.5B,4,stochastic,42,1.7336,108.6,52.42,32,18.46,71,15,18,0.2113,0.83,False," A
Answer:
A A
The principal allotro
The solid-state structures of the options are correct
The principal allotroldo
The solid-state",False,True,captured
mmlu_college_chemistry_78,mmlu,0.6B,0.5B,4,stochastic,42,1.7914,110.0,54.24,32,17.86,73,14,19,0.1918,0.74,False, A. When you can becausen because the ratio of the conjugate base. The pH of the pH of the pH of the buffer solution when you,False,True,captured
mmlu_college_chemistry_79,mmlu,0.6B,0.5B,4,stochastic,42,1.7481,109.17,52.87,32,18.31,71,14,19,0.1972,0.74,False," B
Answer:
B B
Answer: H3O+ / H32
Answer: H3O+ / H3
Answer:
Answer:",False,True,captured
mmlu_college_chemistry_80,mmlu,0.6B,0.5B,4,stochastic,42,2.2118,109.67,67.81,32,14.47,92,8,24,0.087,0.33,False, D. The question again. The question again. Paramagnetic quench. The question again. The question is correct answer is correct answer is correct answer is the,False,True,captured
mmlu_college_chemistry_81,mmlu,0.6B,0.5B,4,stochastic,42,2.0765,110.92,63.4,32,15.41,86,11,22,0.1279,0.5,False, B be the magnetic field B be clear up the problem. So I try to figure out the magnetic field B be clear. Let me try to figure out the,False,True,captured
mmlu_college_chemistry_82,mmlu,0.6B,0.5B,4,stochastic,42,1.7411,109.44,52.63,32,18.38,71,15,18,0.2113,0.83,False," A
Answer:
A A
Answer:  A
Answer:  A
Answer:
The amplitude of a free induction decay (The amplitude is given by",False,True,captured
mmlu_college_chemistry_83,mmlu,0.6B,0.5B,4,stochastic,42,1.2129,108.47,35.63,32,26.38,48,21,12,0.4375,1.75,False," D.** D. trigonal pyramidal** D. trigonal pyramidal** D. trigonal pyramidal

** D. trigonal",False,True,captured
mmlu_college_chemistry_84,mmlu,0.6B,0.5B,4,stochastic,42,1.5724,110.61,47.15,32,20.35,63,16,17,0.254,0.94,False, D. Signal averaging is the procedures tend to minimize the influence of the procedures tend to minimize the influence of the procedures that tend to minimize the influence of the procedures,False,True,captured
mmlu_college_chemistry_85,mmlu,0.6B,0.5B,4,stochastic,42,1.5283,113.1,45.65,32,20.94,61,17,16,0.2787,1.06,False," A
Answer:
A A
Answer: Bres for mI = - Bres for mI =  The correct answer is A. Bres for",False,True,captured
mmlu_college_chemistry_86,mmlu,0.6B,0.5B,4,stochastic,42,1.363,110.36,40.41,32,23.48,54,19,14,0.3519,1.36,False," A
Answer: A
Answer: A
The correct answer is A
Answer: A
Answer: A
The correct answer is A. A
",False,True,captured
mmlu_college_chemistry_87,mmlu,0.6B,0.5B,4,stochastic,42,1.3916,108.63,41.39,32,22.99,56,19,14,0.3393,1.36,False, D. is a. is a primary standard. is a primary standard because it is a primary standard for a. is a primary standard because it is a primary,False,True,captured
mmlu_college_chemistry_88,mmlu,0.6B,0.5B,4,stochastic,42,2.2995,109.18,70.65,32,13.92,96,7,25,0.0729,0.28,False," D. So I think. So the user think about this question. So the question. So I think. So the question. So the user think:

So",False,True,captured
mmlu_college_chemistry_89,mmlu,0.6B,0.5B,4,stochastic,42,1.4903,112.17,44.46,32,21.47,60,17,15,0.2833,1.13,False," A

Answer: D
Answer:  A

Answer: D
Answer: D
Answer: D
Answer:  D
Answer: D D",False,True,captured
mmlu_college_chemistry_90,mmlu,0.6B,0.5B,4,stochastic,42,0.8014,109.43,22.32,32,39.93,29,25,8,0.8621,3.12,False," A
Answer: A A
Answer: A A
Answer: A A
Answer: A A
Answer: A A
Answer: A A
",False,True,captured
mmlu_college_chemistry_91,mmlu,0.6B,0.5B,4,stochastic,42,1.7094,122.35,51.2,32,18.72,69,14,18,0.2029,0.78,False," D. The total entropy of the system plus surroundings increases.

The system plus surroundings increases. The system plus surroundings increases. 

The system plus surroundings increases.

The",False,True,captured
mmlu_college_chemistry_92,mmlu,0.6B,0.5B,4,stochastic,42,1.3056,110.19,38.56,32,24.51,52,20,13,0.3846,1.54,False," The correct answer is D. 7 lines. 7 lines.

The EPR spectrum of a rigid nitronyl nitroxides are the number of lines",False,True,captured
mmlu_college_chemistry_93,mmlu,0.6B,0.5B,4,stochastic,42,1.7938,110.17,54.31,32,17.84,73,14,19,0.1918,0.74,False," A. Co

The correct answer is A. Co are metals have the other metals are metals have at least two stable positive oxidation states.  and Co are",False,True,captured
mmlu_college_chemistry_94,mmlu,0.6B,0.5B,4,stochastic,42,1.3248,109.84,39.19,32,24.15,52,19,14,0.3654,1.36,False," B
Answer: B
Answer: B
Answer: B
The R-branch of the question with the correct option B
Answer: B
Answer",False,True,captured
mmlu_college_chemistry_95,mmlu,0.6B,0.5B,4,stochastic,42,1.7597,109.15,53.24,32,18.18,72,14,19,0.1944,0.74,False, D. The question is which atom has the lowest electron affinity is the question is the question is which atom has the question is asking which atom with the question is,False,True,captured
mmlu_college_chemistry_96,mmlu,0.6B,0.5B,4,stochastic,42,1.3325,110.24,39.43,32,24.02,53,18,14,0.3396,1.29,False," C. Among the given ions, Sc3+ has to the 1. Among the given ions, Sc3+ has the smallest radius. The 1",False,True,captured
mmlu_college_chemistry_97,mmlu,0.6B,0.5B,4,stochastic,42,2.27,110.44,69.66,32,14.1,95,9,24,0.0947,0.38,False, D. So the question. So I think through this. So I think. So I think through this. The question. The question. I think through this,False,True,captured
mmlu_college_chemistry_98,mmlu,0.6B,0.5B,4,stochastic,42,2.305,109.5,70.82,32,13.88,96,8,25,0.0833,0.32,False, B. So I think. So I think through this be. So the user think. So the question. So the question: So I need to figure out,False,True,captured
mmlu_college_chemistry_99,mmlu,0.6B,0.5B,4,stochastic,42,1.2687,109.9,37.38,32,25.22,50,19,13,0.38,1.46,False, D. SCl2 is a. SCl2 is a covalent compound is a. SCl2 is a. SCl2 is a co,False,True,captured
mmlu_computer_security_0,mmlu,0.6B,0.5B,4,stochastic,42,1.7818,109.47,53.95,32,17.96,73,14,19,0.1918,0.74,False, C option C option C option is a whitebox fuzzer is a whitebox fuzzer is designed question is the style of fuzzer that is the whitebox,False,True,captured
mmlu_computer_security_1,mmlu,0.6B,0.5B,4,stochastic,42,2.0047,113.31,61.01,32,15.96,83,12,21,0.1446,0.57,False," C. The first, the first, the first, let me. The first, the TLS protects against replay attacks by the first, the TLS protects against replay",False,True,captured
mmlu_computer_security_2,mmlu,0.6B,0.5B,4,stochastic,42,1.5033,111.56,44.9,32,21.29,60,16,16,0.2667,1.0,False," C
Answer:
C C
Answer:
C
Answer: When a client connects to a
Answer: When a client connects to a
Answer:
The",False,True,captured
mmlu_computer_security_3,mmlu,0.6B,0.5B,4,stochastic,42,1.5716,108.59,47.19,32,20.36,64,16,16,0.25,1.0,False," A
Answer: A
Answer: A
A
A
Answer: A
A
Answer: A
Answer: A
Answer: A
",False,True,captured
mmlu_computer_security_4,mmlu,0.6B,0.5B,4,stochastic,42,1.5476,109.64,46.39,32,20.68,63,16,16,0.254,1.0,False," The correct answer is B The correct answer: DaCryptic.

Step-by- DaCryptic is a remote Trojan is DaCryptic is DaCryptic is",False,True,captured
mmlu_computer_security_5,mmlu,0.6B,0.5B,4,stochastic,42,1.7979,110.15,54.44,32,17.8,73,14,19,0.1918,0.74,False," B. Buffer-overrun is a type of vulnerability is a buffer-overrun is a type of vulnerability in a. Buffer-overrun, a buffer-overrun is",False,True,captured
mmlu_computer_security_6,mmlu,0.6B,0.5B,4,stochastic,42,1.5792,113.29,47.29,32,20.26,63,16,17,0.254,0.94,False," C
Answer: C
Answer: C
Answer: C
Answer: C
C
C
C. C
Answer: C
C
",False,True,captured
mmlu_computer_security_7,mmlu,0.6B,0.5B,4,stochastic,42,1.5141,108.78,45.33,32,21.13,61,17,16,0.2787,1.06,False, A. Freenet is a. is a. Freenet is a distributed system is a. Freenet is a. Freenet is a,False,True,captured
mmlu_computer_security_8,mmlu,0.6B,0.5B,4,stochastic,42,1.7243,110.22,52.07,32,18.56,70,14,19,0.2,0.74,False," A. Because in predefined functions are the predefined functions. Buffer overflow in predefined functions. So the answer is A.
Okay, let's think about the predefined functions",False,True,captured
mmlu_computer_security_9,mmlu,0.6B,0.5B,4,stochastic,42,1.106,109.45,32.15,32,28.93,43,22,11,0.5116,2.0,False," B
Answer: B
Answer: B
Answer: B
Answer: B
Answer: B
Answer: B
Answer: B
Answer:",False,True,captured
mmlu_computer_security_10,mmlu,0.6B,0.5B,4,stochastic,42,1.1336,110.72,33.0,32,28.23,44,21,11,0.4773,1.91,False," A. result ""wraps around""; instead of creating a very large number, result ""wraps around""; instead of creating a very large number, a very",False,True,captured
mmlu_computer_security_11,mmlu,0.6B,0.5B,4,stochastic,42,1.7621,112.5,53.21,32,18.16,72,14,18,0.1944,0.78,False," A

Answer: A
Answer:
The correct answer is A. The correct answer is A. The given MAC construction of the correct answer is A. The",False,True,captured
mmlu_computer_security_12,mmlu,0.6B,0.5B,4,stochastic,42,1.5244,110.15,45.62,32,20.99,61,16,16,0.2623,1.0,False," C. C. C. C. Forward secrecy is C. Forward secrecy is the correct answer: C. Forward secrecy

Answer: C. C. Forward",False,True,captured
mmlu_computer_security_13,mmlu,0.6B,0.5B,4,stochastic,42,1.1233,108.98,32.72,32,28.49,43,21,12,0.4884,1.75,False," B
Answer: B
Answer: B
Answer: B
Answer: B
Answer: B
Answer: B
Answer: B
Answer:",False,True,captured
mmlu_computer_security_14,mmlu,0.6B,0.5B,4,stochastic,42,1.7743,109.34,53.71,32,18.04,73,14,19,0.1918,0.74,False," C
Answer:
C C
Answer: Authentication is the correct
Answer:
C
Answer: Authentication is not a security exploit.  C
Answer:
",False,True,captured
mmlu_computer_security_15,mmlu,0.6B,0.5B,4,stochastic,42,1.5142,109.44,45.32,32,21.13,61,16,16,0.2623,1.0,False," B
Answer:
B B
Answer: Access Point
Answer: Access Point
Answer:
B
Answer:
Answer:
Answer: B
Answer: Access",False,True,captured
mmlu_computer_security_16,mmlu,0.6B,0.5B,4,stochastic,42,1.7438,109.65,52.72,32,18.35,71,13,19,0.1831,0.68,False," B
Answer:
A B
Answer: 1642
Answer: 160
Answer:
Answer: B
Answer: 1",False,True,captured
mmlu_computer_security_17,mmlu,0.6B,0.5B,4,stochastic,42,0.8048,110.6,22.39,32,39.76,29,24,8,0.8276,3.0,False," A. It is a scanner. It is a scanner. It is a scanner which works by injecting packets to a range of addresses, and inferring what works",False,True,captured
mmlu_computer_security_18,mmlu,0.6B,0.5B,4,stochastic,42,1.6208,109.66,48.75,32,19.74,66,16,17,0.2424,0.94,False," A. A. Escape queries is A. A. Escape queries. A. Escape queries is the question. How do not correct? Escape queries
Answer:",False,True,captured
mmlu_computer_security_19,mmlu,0.6B,0.5B,4,stochastic,42,1.0383,111.19,29.91,32,30.82,39,21,11,0.5385,1.91,False," D. Taking care to avoid activities during a penetration test that might attract attention, e.g., by operators or draw attention during a penetration test that might be stealth",False,True,captured
mmlu_computer_security_20,mmlu,0.6B,0.5B,4,stochastic,42,2.2851,110.3,70.15,32,14.0,95,7,25,0.0737,0.28,False, A is the options again. The transport layer vulnerabilities in detail. The transport layer vulnerabilities in detail. The question is about the question again. The question again.,False,True,captured
mmlu_computer_security_21,mmlu,0.6B,0.5B,4,stochastic,42,1.233,112.15,36.16,32,25.95,48,20,12,0.4167,1.67,False," D
Answer: D. D
Answer: D
Answer: D
Answer: D
Answer: D. Blinding adds a random amount of time",False,True,captured
mmlu_computer_security_22,mmlu,0.6B,0.5B,4,stochastic,42,1.4666,111.07,43.73,32,21.82,59,18,15,0.3051,1.2,False," C. True, False

. The attack described in the paper. True, False

The timing channel attack described in the timing channel attack described in the paper",False,True,captured
mmlu_computer_security_23,mmlu,0.6B,0.5B,4,stochastic,42,1.5491,109.26,46.45,32,20.66,63,17,16,0.2698,1.06,False," C
Answer:
C C
Answer: Key exchange
Answer: Key exchange
Answer: C
Answer: C
Answer: C
Answer: C",False,True,captured
mmlu_computer_security_24,mmlu,0.6B,0.5B,4,stochastic,42,1.5177,109.72,45.42,32,21.08,61,16,16,0.2623,1.0,False," A
Answer:
Answer A
A
Answer:
Answer: A. A
A
Answer: A
The correct answer is A. A
Answer",False,True,captured
mmlu_computer_security_25,mmlu,0.6B,0.5B,4,stochastic,42,1.801,109.28,54.57,32,17.77,74,14,19,0.1892,0.74,False," C. The correct. C. Dark web is C. Dark web is the part 2. The dark web
The correct. C. Dark web is",False,True,captured
mmlu_computer_security_26,mmlu,0.6B,0.5B,4,stochastic,42,1.9855,110.64,60.48,32,16.12,82,11,21,0.1341,0.52,False," B
Answer: B
Answer: B
B
B
B
Answer: B
B
B. B
B
B. B.",False,True,captured
mmlu_computer_security_27,mmlu,0.6B,0.5B,4,stochastic,42,1.7522,110.41,52.96,32,18.26,72,15,18,0.2083,0.83,False," B. 

Wait, no longer used to verify the digital signature is used to verify the digital signature is used to verify the digital signature is used to verify the",False,True,captured
mmlu_computer_security_28,mmlu,0.6B,0.5B,4,stochastic,42,1.211,111.43,35.47,32,26.42,47,19,13,0.4043,1.46,False, C. Compiling the program with address sanitizer (ASAN will make the source of a. with address sanitizer (ASAN is a correct answer is a.,False,True,captured
mmlu_computer_security_29,mmlu,0.6B,0.5B,4,stochastic,42,2.3019,111.41,70.66,32,13.9,96,8,25,0.0833,0.32,False," D. The paper.

Okay, so. The statement D. The paper discusses the paper says that server key-papers:

SoK

Okay, so the",False,True,captured
mmlu_computer_security_30,mmlu,0.6B,0.5B,4,stochastic,42,1.636,109.79,49.23,32,19.56,67,16,17,0.2388,0.94,False, D. IP Network Browser is a. IP Network Browser is a tool that is a. The IP Network Browser is a tool is a. IP Network Browser is,False,True,captured
mmlu_computer_security_31,mmlu,0.6B,0.5B,4,stochastic,42,1.7459,109.92,52.77,32,18.33,72,14,18,0.1944,0.78,False, D. WPA2. WPA3 is the latest and most recent standard is the strongest wireless security is the most recent and WPA3 is the latest,False,True,captured
mmlu_computer_security_32,mmlu,0.6B,0.5B,4,stochastic,42,1.9653,110.33,59.84,32,16.28,81,12,21,0.1481,0.57,False," C

Okay, let's try toplevel socket connection between processes that the OKWS design relies on the OKWS design of the OKWS design of the OK",False,True,captured
mmlu_computer_security_33,mmlu,0.6B,0.5B,4,stochastic,42,1.6228,109.59,48.81,32,19.72,66,16,17,0.2424,0.94,False," C. The correct. C. Session layer
Answer: C. C. Session layer is C. Session layer is C. Session layer

The correct answer",False,True,captured
mmlu_computer_security_34,mmlu,0.6B,0.5B,4,stochastic,42,1.2647,108.97,37.28,32,25.3,50,20,13,0.4,1.54,False," D. Secret question, secret question, biometric, secret question, biometric, secret question, biometric, secret question, secret question, biometric,",False,True,captured
mmlu_computer_security_35,mmlu,0.6B,0.5B,4,stochastic,42,1.1254,111.52,32.71,32,28.43,44,21,11,0.4773,1.91,False," D. when the program notices a buffer has filled up, and so starts to reject requests. when the buffer has filled up, and so starts to reject requests",False,True,captured
mmlu_computer_security_36,mmlu,0.6B,0.5B,4,stochastic,42,1.387,109.17,41.22,32,23.07,55,19,14,0.3455,1.36,False," C
Answer: C
Answer: C
C
C
Answer: C
Answer: C
Answer: C
Answer: C
Answer:",False,True,captured
mmlu_computer_security_37,mmlu,0.6B,0.5B,4,stochastic,42,2.0476,110.03,62.5,32,15.63,85,11,22,0.1294,0.5,False, D. Packet filter firewalls filter is the packet filters are the packet filters are used to becauses the packet filter is a packet filters are used in the,False,True,captured
mmlu_computer_security_38,mmlu,0.6B,0.5B,4,stochastic,42,1.8225,110.78,55.22,32,17.56,74,12,20,0.1622,0.6,False," B

Answer: B

The question involves analyzing the option B: B

Answer: B

Answer: B

The correct the question the question the question",False,True,captured
mmlu_computer_security_39,mmlu,0.6B,0.5B,4,stochastic,42,1.2167,109.64,35.71,32,26.3,48,21,12,0.4375,1.75,False," C. C. Snort

Answer: C. Snort is C. Snort

Answer: C. C. Snort

Answer: C.",False,True,captured
mmlu_computer_security_40,mmlu,0.6B,0.5B,4,stochastic,42,1.8752,110.08,56.94,32,17.07,77,12,20,0.1558,0.6,False," B. The question: The Message confidentiality is the correct. The question: What is the correct

The question: 

The question: What is the main idea",False,True,captured
mmlu_computer_security_41,mmlu,0.6B,0.5B,4,stochastic,42,2.0872,110.37,63.77,32,15.33,87,11,22,0.1264,0.5,False, B. This is the standard is the process is the process is the process is a protocol is the process of authentication is the correct. The four-step authentication process,False,True,captured
mmlu_computer_security_42,mmlu,0.6B,0.5B,4,stochastic,42,1.5363,109.58,46.02,32,20.83,62,17,16,0.2742,1.06,False," B. Message Integrity

Answer. Message authentication is a question: B. Message Integrity

Answer: B. B. B. Message Integrity

Answer: B",False,True,captured
mmlu_computer_security_43,mmlu,0.6B,0.5B,4,stochastic,42,1.3071,110.07,38.61,32,24.48,52,19,13,0.3654,1.46,False, D. user input are most vulnerable to injection attacks. user input are most vulnerable to user input are most vulnerable to injection attacks are most vulnerable to injection attacks.,False,True,captured
mmlu_computer_security_44,mmlu,0.6B,0.5B,4,stochastic,42,2.2691,112.1,69.58,32,14.1,94,7,25,0.0745,0.28,False, C is the first statement in the question is the first statement is about the first statement is a TLS connection is a client and server are two statements are two statements,False,True,captured
mmlu_computer_security_45,mmlu,0.6B,0.5B,4,stochastic,42,1.6324,109.41,49.13,32,19.6,66,15,18,0.2273,0.83,False," D. Wireshark is a packet analysis




Question: Which of the following is a Wireless traffic sniffing tool, is a packet analysis",False,True,captured
mmlu_computer_security_46,mmlu,0.6B,0.5B,4,stochastic,42,1.5361,109.68,46.01,32,20.83,62,17,16,0.2742,1.06,False," B. backdoor

Answer. backdoor is the question: B. backdoor. backdoor is the question: What is the question: What is the",False,True,captured
mmlu_computer_security_47,mmlu,0.6B,0.5B,4,stochastic,42,1.3886,108.93,41.28,32,23.04,56,19,14,0.3393,1.36,False, CFB is not a block cipher operating mode of the following is not a block cipher operating mode is not a standard block cipher operating modes of the following is not,False,True,captured
mmlu_computer_security_48,mmlu,0.6B,0.5B,4,stochastic,42,1.0418,110.25,30.05,32,30.72,40,22,10,0.55,2.2,False, A. A piece of software. A. A piece of software that intercepts and possibly modifies requests and a web proxy is a tool that intercepts and possibly,False,True,captured
mmlu_computer_security_49,mmlu,0.6B,0.5B,4,stochastic,42,1.857,108.65,56.4,32,17.23,76,13,20,0.1711,0.65,False," C
Answer: C
Answer: C
C
C
C
Answer: C. C
C. C
C. boundary checks
C",False,True,captured
mmlu_computer_security_50,mmlu,0.6B,0.5B,4,stochastic,42,1.9944,109.59,60.8,32,16.04,82,10,22,0.122,0.45,False," C++. C++. C++ is a compiled languages that are the question again. Buffer overflow is a methodically, buffer overflow is a common buffer overflow

C",False,True,captured
mmlu_computer_security_51,mmlu,0.6B,0.5B,4,stochastic,42,1.7965,109.36,54.42,32,17.81,73,14,19,0.1918,0.74,False," D. Encryption and decryption provide secrecy, because encryption and the encryption and the encryption and the encryption and decryption provide secrecy, or confidentiality, integrity, because encryption and",False,True,captured
mmlu_computer_security_52,mmlu,0.6B,0.5B,4,stochastic,42,1.5407,110.26,46.14,32,20.77,57,18,15,0.3158,1.2,False," A. IM – Trojans
Answer: A. A. A. IM – A. IM – A. IM – Troj: A. IM",False,True,captured
mmlu_computer_security_53,mmlu,0.6B,0.5B,4,stochastic,42,1.3017,110.42,38.43,32,24.58,52,20,13,0.3846,1.54,False," B. 564

Answer:
648

Answer:
The sub key length at each round of the sub key length at each round of DES",False,True,captured
mmlu_computer_security_54,mmlu,0.6B,0.5B,4,stochastic,42,1.7908,110.27,54.21,32,17.87,73,14,19,0.1918,0.74,False," A. A
A
A
Answer: A
Answer: A
Answer: A
Answer: A
A
A. A
A.",False,True,captured
mmlu_computer_security_55,mmlu,0.6B,0.5B,4,stochastic,42,1.5387,109.09,46.12,32,20.8,62,17,16,0.2742,1.06,False," C
Answer: C
Answer: C
Answer: C
The correct is C. The correct is C. C
Answer: C
Answer:",False,True,captured
mmlu_computer_security_56,mmlu,0.6B,0.5B,4,stochastic,42,1.7259,109.8,52.13,32,18.54,71,14,18,0.1972,0.78,False, A. is the correct answer. is the correct answer. It's name is the correct because ition is the correct answer. It's the correct answer is,False,True,captured
mmlu_computer_security_57,mmlu,0.6B,0.5B,4,stochastic,42,1.1227,110.09,32.67,32,28.5,44,21,11,0.4773,1.91,False," D. D. Network layer
Answer: D. D. Network layer. D. Network layer. D. Network layer
Answer: D. Network layer",False,True,captured
mmlu_computer_security_58,mmlu,0.6B,0.5B,4,stochastic,42,1.2646,110.12,37.24,32,25.3,50,20,13,0.4,1.54,False," B
Answer: B
Answer: B
Answer: B
Answer: B
Answer: B
Answer: B
Answer: B
Answer:",False,True,captured
mmlu_computer_security_59,mmlu,0.6B,0.5B,4,stochastic,42,1.1971,110.0,35.07,32,26.73,46,19,13,0.413,1.46,False," D. D. Tor browser

Answer: D. Tor browser
Answer: D. Tor browser
Answer: D. Tor browser. The correct. D",False,True,captured
mmlu_computer_security_60,mmlu,0.6B,0.5B,4,stochastic,42,1.2535,110.3,36.88,32,25.53,49,20,13,0.4082,1.54,False," A
Answer: A
Answer: A
Answer: A
Answer: A
Answer: A
Answer: A
Answer: A
Answer:",False,True,captured
mmlu_computer_security_61,mmlu,0.6B,0.5B,4,stochastic,42,2.2175,109.41,68.0,32,14.43,92,9,24,0.0978,0.38,False, A. The term. The question. The question again. The question. The question is the correct answer is a hash functions like a hash functions. Hash functions,False,True,captured
mmlu_computer_security_62,mmlu,0.6B,0.5B,4,stochastic,42,1.8446,112.43,55.88,32,17.35,75,12,20,0.16,0.6,False," A
Answer:
A A
The encryption scheme is semantically secure encryption scheme is the correct answer is the correct answer is the correct answer is A
The",False,True,captured
mmlu_computer_security_63,mmlu,0.6B,0.5B,4,stochastic,42,1.3711,109.1,40.71,32,23.34,55,19,14,0.3455,1.36,False," D. UNIX
Answer:
. UNIX is incorrect. The correct answer is correct answer is D. UNIX is correct answer: D. UNIX

Answer: D",False,True,captured
mmlu_computer_security_64,mmlu,0.6B,0.5B,4,stochastic,42,1.3086,111.07,38.63,32,24.45,52,20,13,0.3846,1.54,False," D. The attacker resends a captured message, and the captured messages, and the captured messages, and the captured messages, and the site accept its and responds",False,True,captured
mmlu_computer_security_65,mmlu,0.6B,0.5B,4,stochastic,42,2.0772,110.26,63.45,32,15.41,86,11,22,0.1279,0.5,False," C option C option C option C is the first statement 1statement 1stament 1st statement is false, false statement 1st statement",False,True,captured
mmlu_computer_security_66,mmlu,0.6B,0.5B,4,stochastic,42,1.2729,110.39,37.5,32,25.14,50,20,13,0.4,1.54,False," B. Wireless security
Answer. Wireless security is the correct. Wireless security is the correct. Wireless security
Answer: B. Wireless security

The correct answer",False,True,captured
mmlu_computer_security_67,mmlu,0.6B,0.5B,4,stochastic,42,1.7235,110.64,52.03,32,18.57,70,15,18,0.2143,0.83,False," A
Answer:
Answer A
A
Answer:
A. A
A
Answer: A
Answer: A

Answer: A

The correct answer",False,True,captured
mmlu_computer_security_68,mmlu,0.6B,0.5B,4,stochastic,42,1.4456,109.47,43.1,32,22.14,58,17,15,0.2931,1.13,False, B. Metasploit is a. Metasploit is a popular penetration testing framework is a. Metasploit is a. Metasploit is a popular,False,True,captured
mmlu_computer_security_69,mmlu,0.6B,0.5B,4,stochastic,42,1.807,110.99,54.71,32,17.71,74,14,19,0.1892,0.74,False," B. OTP is k is k is k is k = m xor c.

Wait, the key is k = m xor is k is k = m xor",False,True,captured
mmlu_computer_security_70,mmlu,0.6B,0.5B,4,stochastic,42,1.4895,111.68,44.45,32,21.48,60,17,15,0.2833,1.13,False," C. True, False
. The answer
The timing channel attack is possible that the timing channel attacks are practical. So, the correct answer is C.",False,True,captured
mmlu_computer_security_71,mmlu,0.6B,0.5B,4,stochastic,42,1.196,108.95,35.07,32,26.76,47,21,12,0.4468,1.75,False," B. Message Integrity

Answer. Message Integrity is the following question: What is the correct answer for the question: B. Message Integrity

Answer: B.",False,True,captured
mmlu_computer_security_72,mmlu,0.6B,0.5B,4,stochastic,42,1.611,110.45,48.4,32,19.86,65,16,17,0.2462,0.94,False," C
Answer: C
Answer: C
Answer: C
C
C
C
Answer: C
C
Answer: C
Answer:",False,True,captured
mmlu_computer_security_73,mmlu,0.6B,0.5B,4,stochastic,42,1.4765,109.05,44.11,32,21.67,59,16,16,0.2712,1.0,False," D
Answer: D
Answer: D
Answer: D
D
D
Answer: D
Answer: D
Answer: D
D
",False,True,captured
mmlu_computer_security_74,mmlu,0.6B,0.5B,4,stochastic,42,1.0362,110.98,29.85,32,30.88,39,21,11,0.5385,1.91,False," B. It is a sequence of nops preceding injected shellcode, useful when the nops preceding injected shellcode, useful when the return address is a n",False,True,captured
mmlu_computer_security_75,mmlu,0.6B,0.5B,4,stochastic,42,0.8036,109.25,22.4,32,39.82,29,25,8,0.8621,3.12,False," A
Answer:
A A
Answer:
A A
Answer:
A A
Answer:
A A
Answer:
A A
Answer:
A A
",False,True,captured
mmlu_computer_security_76,mmlu,0.6B,0.5B,4,stochastic,42,1.125,111.7,32.69,32,28.44,43,21,12,0.4884,1.75,False," D. B is correct answer
D. B and C
Based on the paper “Click Trajectories: End-to-End Analysis of the statements are true",False,True,captured
mmlu_computer_security_77,mmlu,0.6B,0.5B,4,stochastic,42,1.2674,109.7,37.34,32,25.25,50,19,13,0.38,1.46,False, C. Buffer-overflow is a. Buffer-overflow is a type of cyber attack is a. Buffer-overflow is a. Buffer-overflow is a type,False,True,captured
mmlu_computer_security_78,mmlu,0.6B,0.5B,4,stochastic,42,1.427,109.76,42.49,32,22.42,57,18,15,0.3158,1.2,False," D
Answer: D
Answer: D. D
Answer: D. D. D. D
Answer: D. D. D. Etter",False,True,captured
mmlu_computer_security_79,mmlu,0.6B,0.5B,4,stochastic,42,1.7003,110.11,51.3,32,18.82,69,15,18,0.2174,0.83,False," C. The Base Transceiver Station (BTS is a.know is the correct answer because it is a.k
The correct answer is C. Base Trans",False,True,captured
mmlu_computer_security_80,mmlu,0.6B,0.5B,4,stochastic,42,1.3937,112.43,41.33,32,22.96,55,18,15,0.3273,1.2,False," D. buffer

The answer is D. The question is asking for the question is a buffer is a sequential segment of memory buffer. Buffer is a buffer.",False,True,captured
mmlu_computer_security_81,mmlu,0.6B,0.5B,4,stochastic,42,1.3664,109.1,40.56,32,23.42,54,17,15,0.3148,1.13,False," C
Answer:
C C
Answer: TKIP
Answer:
C
Answer:
C
Answer: C
Answer: TKIP
Answer: TK",False,True,captured
mmlu_computer_security_82,mmlu,0.6B,0.5B,4,stochastic,42,1.3017,110.61,38.42,32,24.58,51,18,14,0.3529,1.29,False," A. buffer
Answer:
. buffer
Answer:
A. buffer
A. buffer
Answer:
. buffer
A. buffer
Answer:
A.",False,True,captured
mmlu_computer_security_83,mmlu,0.6B,0.5B,4,stochastic,42,1.3767,109.66,40.87,32,23.24,54,18,15,0.3333,1.2,False," C. WPS
Answer. WPS is C. WPS
Answer: C. WPS
Answer: C. WPS
Answer: C",False,True,captured
mmlu_computer_security_84,mmlu,0.6B,0.5B,4,stochastic,42,1.6883,109.97,50.91,32,18.95,68,15,18,0.2206,0.83,False," B. Closed

Wait, the other options are not correct. Wait, the options B. Wait, the options are B. Closed. Wait, the question",False,True,captured
mmlu_computer_security_85,mmlu,0.6B,0.5B,4,stochastic,42,1.2973,108.78,38.34,32,24.67,51,19,14,0.3725,1.36,False," A
Answer: A
Answer: A
Answer: A. A
The least strong security encryption standard is A
The least strong security encryption standards.",False,True,captured
mmlu_computer_security_86,mmlu,0.6B,0.5B,4,stochastic,42,1.9187,110.75,58.32,32,16.68,78,11,21,0.141,0.52,False," C. Well, let's think about stack-allocated variable, the address is not fixed address is the address is the address of a local variables are allocated variable",False,True,captured
mmlu_computer_security_87,mmlu,0.6B,0.5B,4,stochastic,42,1.3712,109.46,40.7,32,23.34,54,18,15,0.3333,1.2,False," A. A. Local variables
Answer: A. Local variables are A. Local variables.

Answer: A. Local variables are correct. A. A.",False,True,captured
mmlu_computer_security_88,mmlu,0.6B,0.5B,4,stochastic,42,1.4609,109.75,43.59,32,21.9,58,17,16,0.2931,1.06,False," A

Answer: B
Answer: B
Answer: D
Answer: B
Answer: No, there are no ciphers with explanation: No,",False,True,captured
mmlu_computer_security_89,mmlu,0.6B,0.5B,4,stochastic,42,1.6099,109.24,48.41,32,19.88,65,16,17,0.2462,0.94,False," A
Answer: A
Answer: A
Answer: A
A
A
A
Answer: A
A
Answer: A
Answer:",False,True,captured
mmlu_computer_security_90,mmlu,0.6B,0.5B,4,stochastic,42,1.5714,109.77,47.15,32,20.36,64,16,16,0.25,1.0,False," C. The message must be encrypted at the question: C. Receiver site is C. Receiver site is C. Receiver site

Answer: C. Receiver site",False,True,captured
mmlu_computer_security_91,mmlu,0.6B,0.5B,4,stochastic,42,1.6266,110.19,48.92,32,19.67,66,16,17,0.2424,0.94,False, C. The question again. The question again. The question is the question again. The question is the answer correct answer is C. Backdoor is the correct,False,True,captured
mmlu_computer_security_92,mmlu,0.6B,0.5B,4,stochastic,42,1.3796,110.27,40.95,32,23.2,55,18,14,0.3273,1.29,False," A. IDS that can read the IP address that can read the IP header
Okay, so IDS that can read the IP header. 

Wait, but",False,True,captured
mmlu_computer_security_93,mmlu,0.6B,0.5B,4,stochastic,42,1.5797,110.4,47.4,32,20.26,64,17,16,0.2656,1.06,False, C option that is not an example of the presentation layer is not answay are presentation layer is not an example of presentation layer issues is not an example of,False,True,captured
mmlu_computer_security_94,mmlu,0.6B,0.5B,4,stochastic,42,1.8613,110.57,56.48,32,17.19,76,13,20,0.1711,0.65,False," A. True, True
. The OKWS is the answer
The reasoning: 

The OKWS design would be
The OKWS design would break without",False,True,captured
mmlu_computer_security_95,mmlu,0.6B,0.5B,4,stochastic,42,1.4806,109.56,44.23,32,21.61,60,17,15,0.2833,1.13,False," A
Answer:
A A
Answer: To identify live systems
Answer:
A
Answer: To identify live systems. To identify live systems
Answer:
",False,True,captured
mmlu_computer_security_96,mmlu,0.6B,0.5B,4,stochastic,42,1.1448,110.2,33.38,32,27.95,44,20,12,0.4545,1.67,False," A
Answer:
Answer A
A
Answer:
Answer: A
Answer: A
Answer: A
Answer: A
Answer:
A. A",False,True,captured
mmlu_computer_security_97,mmlu,0.6B,0.5B,4,stochastic,42,1.3392,108.67,39.69,32,23.9,53,19,14,0.3585,1.36,False," The answer is C.
The first buffer overflow attack was the Morris Worm.

The first buffer overflow attack was the Morris Worm.

The first buffer overflow attack was the",False,True,captured
mmlu_computer_security_98,mmlu,0.6B,0.5B,4,stochastic,42,1.2081,109.19,35.45,32,26.49,47,20,13,0.4255,1.54,False," C
Answer:
C C
Answer: SMS Trojan
Answer:
C
Answer:
C
Answer:
C
Answer: C
Answer: SMS Trojan",False,True,captured
mmlu_computer_security_99,mmlu,0.6B,0.5B,4,stochastic,42,1.7088,109.15,51.6,32,18.73,70,14,18,0.2,0.78,False," C
Answer: C. C
Answer: C
Answer: C. C
C
Answer:
C. C
Answer: C. C.",False,True,captured
mmlu_econometrics_0,mmlu,0.6B,0.5B,4,stochastic,42,1.6399,110.99,49.32,32,19.51,66,15,17,0.2273,0.88,False," A. A
The correct answer is A. A. A
Answer: A. A
Answer: A
Answer: A
The most appropriate is",False,True,captured
mmlu_econometrics_1,mmlu,0.6B,0.5B,4,stochastic,42,1.0285,110.53,29.61,32,31.11,39,22,11,0.5641,2.0,False, C. The PP test incorporates an automatic correction for autocor an automatic correction for autocor an automatic correction for autocor an automatic correction for autocor an automatic,False,True,captured
mmlu_econometrics_3,mmlu,0.6B,0.5B,4,stochastic,42,1.4667,109.39,43.78,32,21.82,58,16,16,0.2759,1.0,False, D. The linear probability model is a bit more. The linear probability model is a bit more. The linear probability model (the linear probability model is the linear,False,True,captured
mmlu_econometrics_4,mmlu,0.6B,0.5B,4,stochastic,42,1.4705,109.8,43.89,32,21.76,59,18,15,0.3051,1.2,False, C. The sample cannot be larger than the population is impossible. The sample could be larger than the population is impossible. The sample can'the sample could be,False,True,captured
mmlu_econometrics_5,mmlu,0.6B,0.5B,4,stochastic,42,1.7924,110.73,54.25,32,17.85,73,14,19,0.1918,0.74,False, B. The question again. The question again. The Box-Pierce Q statistic. The question again. The Box-Pierce Q statistic is the Box-Pierce,False,True,captured
mmlu_econometrics_6,mmlu,0.6B,0.5B,4,stochastic,42,2.0101,109.33,61.31,32,15.92,84,11,21,0.131,0.52,False," B. A as possible to explain the data. A. The term is the data. Wait, but is the correct. 

A parsimonious model is",False,True,captured
mmlu_econometrics_7,mmlu,0.6B,0.5B,4,stochastic,42,1.9704,111.48,59.97,32,16.24,81,12,21,0.1481,0.57,False," D. Wait, the tails.
Okay, but not thin-tailed.
Okay, but not the tails. But wait, the question is not thin-tailed",False,True,captured
mmlu_econometrics_8,mmlu,0.6B,0.5B,4,stochastic,42,1.3116,110.62,38.74,32,24.4,52,19,13,0.3654,1.46,False," B

Answer:
Answer B

Answer: B

Answer: B

Answer: B

Answer: B

Answer: B

Answer: B

Answer",False,True,captured
mmlu_econometrics_9,mmlu,0.6B,0.5B,4,stochastic,42,1.5224,109.76,45.57,32,21.02,61,17,16,0.2787,1.06,False," B. So, the question is about GARCH-M models are the GARCH-M models include the GARCH-M. The GARCH-M models with the G",False,True,captured
mmlu_econometrics_10,mmlu,0.6B,0.5B,4,stochastic,42,1.9276,112.69,58.55,32,16.6,79,13,20,0.1646,0.65,False," B. (iii only

Wait, the third only

Wait, but wait, (iii) only

Wait, but the third only

Wait, but",False,True,captured
mmlu_econometrics_12,mmlu,0.6B,0.5B,4,stochastic,42,2.1044,108.95,64.37,32,15.21,87,10,23,0.1149,0.43,False," D. So, the question again. So, the question again. The question: In econometrics, forecasting in depth. The question. The question again.",False,True,captured
mmlu_econometrics_15,mmlu,0.6B,0.5B,4,stochastic,42,2.1901,112.7,67.01,32,14.61,90,8,24,0.0889,0.33,False," A
Okay, so the answer A

Okay, so. So, the question is about comparing the answer A
Okay, so the answer. The ARCH",False,True,captured
mmlu_econometrics_16,mmlu,0.6B,0.5B,4,stochastic,42,1.4134,110.54,42.03,32,22.64,56,18,15,0.3214,1.2,False," A
Answer:
A A
Answer: (ii) and (iv) (ii) and (iv) (ii) and (iv) is the",False,True,captured
mmlu_econometrics_17,mmlu,0.6B,0.5B,4,stochastic,42,1.593,110.4,47.83,32,20.09,64,16,17,0.25,0.94,False, B. \hat{y}_t} is the fitted regression line is the predicted is the predicted is the predicted value is the predicted value of the fitted regression,False,True,captured
mmlu_econometrics_18,mmlu,0.6B,0.5B,4,stochastic,42,1.6689,108.84,50.32,32,19.17,68,15,17,0.2206,0.88,False," D. 1 x 1

The dimensions of the product of the product of a x 1

The dimensions of the product of the product of two",False,True,captured
mmlu_econometrics_19,mmlu,0.6B,0.5B,4,stochastic,42,1.5768,109.65,47.33,32,20.29,63,15,17,0.2381,0.88,False," The characteristic roots are 2 and -0.55. The characteristic roots are 2 and -0.5. Wait, let me explain it is",False,True,captured
mmlu_econometrics_20,mmlu,0.6B,0.5B,4,stochastic,42,1.3624,110.75,40.38,32,23.49,54,18,14,0.3333,1.29,False," B. The explanatory variable is fixed in repeated samples

Explanation: In the value in repeated samples. 

Wait, the variable is fixed in repeated samples. 

",False,True,captured
mmlu_econometrics_22,mmlu,0.6B,0.5B,4,stochastic,42,1.5742,110.68,47.21,32,20.33,63,15,17,0.2381,0.88,False," D

Answer:
Answer D

Answer:
Answer: D. D

Answer: D. D. D

Answer: D. D. (D

",False,True,captured
mmlu_econometrics_23,mmlu,0.6B,0.5B,4,stochastic,42,1.592,110.5,47.79,32,20.1,64,15,17,0.2344,0.88,False," B. It will be consistent and unbiased but not efficient.

Wait, no matter what the unbiased but not unbiased but not unbiased but not unbiased but not unbiased but",False,True,captured
mmlu_econometrics_24,mmlu,0.6B,0.5B,4,stochastic,42,1.2565,110.13,36.98,32,25.47,49,20,13,0.4082,1.54,False," A
Answer: A
Answer: A
Answer: A
A
Answer:
Answer: A. A
Answer: A
Answer: A
",False,True,captured
mmlu_econometrics_25,mmlu,0.6B,0.5B,4,stochastic,42,1.2736,109.76,37.54,32,25.13,50,20,13,0.4,1.54,False," A. The average value of y over the average
Answer: The average value of y over the in-sample period
Answer: A. The current value of",False,True,captured
mmlu_econometrics_26,mmlu,0.6B,0.5B,4,stochastic,42,1.5925,110.54,47.81,32,20.09,64,15,17,0.2344,0.88,False, B. The order condition is a conceptually. The order condition is a necessary but I need to recall the order condition is the order condition is a question again,False,True,captured
mmlu_econometrics_27,mmlu,0.6B,0.5B,4,stochastic,42,1.6603,110.49,49.99,32,19.27,67,14,18,0.209,0.78,False," D. So, the question again. So, the question is about the question again. The question again. The question again. The question is about the question",False,True,captured
mmlu_econometrics_28,mmlu,0.6B,0.5B,4,stochastic,42,1.941,112.27,58.99,32,16.49,80,13,20,0.1625,0.65,False," A. (iv) only

Wait, the fourth only. (iv) only

The D. (iv) only

The D. (i),",False,True,captured
mmlu_econometrics_29,mmlu,0.6B,0.5B,4,stochastic,42,1.3624,109.05,40.43,32,23.49,54,19,14,0.3519,1.36,False, D. The PRF is a description of the process thought to be generating the data generating the theoretical and the theoretical and the SRF. The PRF is,False,True,captured
mmlu_econometrics_30,mmlu,0.6B,0.5B,4,stochastic,42,1.9753,109.77,60.18,32,16.2,81,11,21,0.1358,0.52,False, D. The general to specific is the question again. The question again. The question is the question again. The question is the correct answer is the answer is,False,True,captured
mmlu_econometrics_31,mmlu,0.6B,0.5B,4,stochastic,42,1.9223,112.83,58.37,32,16.65,78,11,21,0.141,0.52,False," B. (iii only

Wait, the answer given that's only

Okay, let's tackle this is correct. (iii only. (iii only

",False,True,captured
mmlu_econometrics_32,mmlu,0.6B,0.5B,4,stochastic,42,1.9683,109.56,59.96,32,16.26,81,11,21,0.1358,0.52,False," D. Wait, but inefficient.  coefficient estimates. Wait, but inefficient. Wait, but the coefficient estimates.
Wait, but the coefficient estimates. 

Wait",False,True,captured
mmlu_econometrics_33,mmlu,0.6B,0.5B,4,stochastic,42,1.4513,110.18,43.26,32,22.05,58,17,15,0.2931,1.13,False," A
Explanation: The A

Answer: The correct answer is A. A
Explanation: The correct answer is A

Answer: A
Explanation: The",False,True,captured
mmlu_econometrics_34,mmlu,0.6B,0.5B,4,stochastic,42,1.1666,111.64,34.03,32,27.43,45,21,12,0.4667,1.75,False," A. (iv) only

The correct answer is A. (iv) only

Wait, the correct answer is A. (iv) only

Wait",False,True,captured
mmlu_econometrics_35,mmlu,0.6B,0.5B,4,stochastic,42,1.0738,109.64,31.1,32,29.8,41,22,11,0.5366,2.0,False," A. The roots of the characteristic equation must all lie inside the unit circle

The characteristic equation must all lie inside the unit circle. So the characteristic equation must",False,True,captured
mmlu_econometrics_36,mmlu,0.6B,0.5B,4,stochastic,42,1.9369,112.09,58.87,32,16.52,79,12,21,0.1519,0.57,False," A
Okay, let's tackle this through each statement one by one.

Okay, so. 

(i) is the answer A
Okay, let me think",False,True,captured
mmlu_econometrics_38,mmlu,0.6B,0.5B,4,stochastic,42,1.5397,109.33,46.14,32,20.78,62,17,16,0.2742,1.06,False," D. The D

The D. The Dickey-Full

The Dickey-Full. The Dickey-Full

The Dickey-Fuller",False,True,captured
mmlu_econometrics_39,mmlu,0.6B,0.5B,4,stochastic,42,1.2211,109.97,35.84,32,26.21,48,21,12,0.4375,1.75,False, A. The average value of the change in the average value of the change in the average value of the change in y over the in the average value of the,False,True,captured
mmlu_econometrics_40,mmlu,0.6B,0.5B,4,stochastic,42,1.9123,111.04,58.1,32,16.73,78,12,21,0.1538,0.57,False," C. C
Answer: C. C. C
C
Answer: C. C. C. C. C. C. (C
Answer",False,True,captured
mmlu_econometrics_42,mmlu,0.6B,0.5B,4,stochastic,42,1.6615,110.88,50.02,32,19.26,68,15,17,0.2206,0.88,False," C. C. C
Answer: C
C
C. C
C. C. C. C. C. VARs often produce better forecasts",False,True,captured
mmlu_econometrics_43,mmlu,0.6B,0.5B,4,stochastic,42,1.3115,110.11,38.75,32,24.4,52,20,13,0.3846,1.54,False," C
Answer: C
Answer: C
Answer: C
C
Answer: C
Answer: C
Answer: C
Answer: C
",False,True,captured
mmlu_econometrics_44,mmlu,0.6B,0.5B,4,stochastic,42,1.2243,109.86,35.95,32,26.14,48,21,12,0.4375,1.75,False," B
Answer: B
Answer: B
Answer: B
Answer: B
Answer: B
Answer: B
Answer: B
Answer:",False,True,captured
mmlu_econometrics_45,mmlu,0.6B,0.5B,4,stochastic,42,1.8415,110.55,55.84,32,17.38,75,13,20,0.1733,0.65,False," D. 1.96

The critical value for 6

Wait, the options. 6

Wait, but the options are not in the",False,True,captured
mmlu_econometrics_47,mmlu,0.6B,0.5B,4,stochastic,42,1.5563,109.3,46.68,32,20.56,63,17,16,0.2698,1.06,False," A
Answer:
Answer A
A
Answer:
Answer: A. A
A
Answer: A
Answer: A
Answer: A
Answer",False,True,captured
mmlu_econometrics_48,mmlu,0.6B,0.5B,4,stochastic,42,1.9028,110.04,57.83,32,16.82,78,12,20,0.1538,0.6,False," B. In linear regression. Okay, so. In linear regression analysis:

In linear regression analysis:

In linear regression analysis, the correct answer is B. The",False,True,captured
mmlu_econometrics_49,mmlu,0.6B,0.5B,4,stochastic,42,1.414,110.8,42.04,32,22.63,56,18,15,0.3214,1.2,False," A
Answer:
A A
Answer: (ii) and (iv) (ii) and (iv) (ii) and (iv) OLS",False,True,captured
mmlu_econometrics_50,mmlu,0.6B,0.5B,4,stochastic,42,1.5698,108.92,47.13,32,20.38,63,15,17,0.2381,0.88,False," A. A
The correct answer is A. A. A
The correct answer is A
The correct answer is A. A. A. A
",False,True,captured
mmlu_econometrics_52,mmlu,0.6B,0.5B,4,stochastic,42,1.54,110.76,46.1,32,20.78,62,17,16,0.2742,1.06,False," A
Answer: A
Answer: A
Answer: A
A
A. A
Answer: A

The correct answer is A. A

",False,True,captured
mmlu_econometrics_53,mmlu,0.6B,0.5B,4,stochastic,42,1.1647,110.06,34.02,32,27.48,45,21,12,0.4667,1.75,False," C
Answer: C
Answer: C
Answer: C
Answer: C
Answer: C
Answer: C
Answer: C
Answer:",False,True,captured
mmlu_econometrics_54,mmlu,0.6B,0.5B,4,stochastic,42,1.6889,112.36,50.85,32,18.95,67,14,18,0.209,0.78,False," A. (iv) only

Wait, the fourth only. (iv) only. Wait, no, (iv) only

Wait, but wait,",False,True,captured
mmlu_econometrics_56,mmlu,0.6B,0.5B,4,stochastic,42,2.1301,110.52,65.15,32,15.02,88,9,23,0.1023,0.39,False, D. So the standard error of the formula for a bit more carefully. The standard error of the formula for standard error is the standard error is the answer is,False,True,captured
mmlu_econometrics_57,mmlu,0.6B,0.5B,4,stochastic,42,1.3745,109.64,40.8,32,23.28,54,18,15,0.3333,1.2,False," A. The variance of the errors is not constant
The term ""errors is not constant. The variance of the errors is not constant. So the errors is",False,True,captured
mmlu_econometrics_59,mmlu,0.6B,0.5B,4,stochastic,42,1.3408,111.35,39.66,32,23.87,53,18,14,0.3396,1.29,False," B
Answer:
B B
The Bera-Jarque test is used to becau
The Bera-Jarque test is a statistical distribution",False,True,captured
mmlu_econometrics_60,mmlu,0.6B,0.5B,4,stochastic,42,1.9192,110.54,58.34,32,16.67,78,11,21,0.141,0.52,False," C. The correct.

The correct answer is C. The estimates upon the more and will becausing the sample size as the more and more and get closer",False,True,captured
mmlu_econometrics_61,mmlu,0.6B,0.5B,4,stochastic,42,1.2522,108.96,36.88,32,25.56,49,19,13,0.3878,1.46,False," 

The correct answer is B. They are not weakly stationary. 

The correct answer is C. They are highly autocorrelation to choose C. They",False,True,captured
mmlu_econometrics_62,mmlu,0.6B,0.5B,4,stochastic,42,1.6078,112.93,48.22,32,19.9,65,15,17,0.2308,0.88,False," C. (i), (ii), and (i), and (iii) only

Okay, let's tackle this is the answer: 

Okay, let",False,True,captured
mmlu_econometrics_63,mmlu,0.6B,0.5B,4,stochastic,42,1.1645,109.64,34.03,32,27.48,45,21,12,0.4667,1.75,False," B
Answer: B
Answer: B
Answer: B
Answer: B
Answer: B
Answer: B
Answer: B
Answer:",False,True,captured
mmlu_econometrics_64,mmlu,0.6B,0.5B,4,stochastic,42,1.5259,109.99,45.68,32,20.97,61,16,16,0.2623,1.0,False," A

Let me think

Let me think

Let me think. Okay, so I need to think about this. So the question 21. So",False,True,captured
mmlu_econometrics_65,mmlu,0.6B,0.5B,4,stochastic,42,1.4625,109.15,43.66,32,21.88,59,18,15,0.3051,1.2,False," A A A A
Answer: A
Answer: A
Answer: A
Answer: Discrete
Answer: A A A A
Answer: A",False,True,captured
mmlu_econometrics_66,mmlu,0.6B,0.5B,4,stochastic,42,1.5591,110.78,46.72,32,20.52,62,15,17,0.2419,0.88,False, The answer is B. The answer: The answer is B. The answer: B. The largest 2. The trace test for the following the largest ,False,True,captured
mmlu_econometrics_67,mmlu,0.6B,0.5B,4,stochastic,42,1.6581,112.53,49.86,32,19.3,67,16,17,0.2388,0.94,False," A. (iv) only

Explanation: (iv) only

Wait, the options are correct. Let me think that's only

Okay, let's",False,True,captured
mmlu_econometrics_68,mmlu,0.6B,0.5B,4,stochastic,42,1.7916,112.01,54.18,32,17.86,73,14,19,0.1918,0.74,False," D

To calculate the 10-day forecast of the correct answer is D. Because the GARCH models. So, so the question is about how to",False,True,captured
mmlu_econometrics_69,mmlu,0.6B,0.5B,4,stochastic,42,2.021,110.34,61.63,32,15.83,83,10,22,0.1205,0.45,False," A. So, if this through this through this through. So, the answer. So, the question again. So, if this through this step by myself",False,True,captured
mmlu_econometrics_70,mmlu,0.6B,0.5B,4,stochastic,42,1.6102,109.42,48.41,32,19.87,65,15,17,0.2308,0.88,False," D. So, the question again. A

A white noise process is a white noise process is a sequence of steps:

A white noise process is a white",False,True,captured
mmlu_econometrics_71,mmlu,0.6B,0.5B,4,stochastic,42,1.774,113.72,53.56,32,18.04,71,14,19,0.1972,0.74,False," A
Answer:
Answer A
Answer: A
The correct answer is A. A. A
Answer: A
Answer: A
Answer: A",False,True,captured
mmlu_econometrics_72,mmlu,0.6B,0.5B,4,stochastic,42,1.4687,109.32,43.85,32,21.79,59,17,15,0.2881,1.13,False," D. This is a plausible response to a finding of the data is a plausible response to a finding of the data.
Explanation: The presence in the data would",False,True,captured
mmlu_econometrics_73,mmlu,0.6B,0.5B,4,stochastic,42,1.3929,109.42,41.4,32,22.97,55,17,15,0.3091,1.13,False," B
Answer: B
Answer: B
The fixed effects panel model is B
The fixed effects panel model is B
Answer: B. B
",False,True,captured
mmlu_econometrics_74,mmlu,0.6B,0.5B,4,stochastic,42,1.3872,111.03,41.17,32,23.07,55,19,14,0.3455,1.36,False, B. OLS minimises the sum of the squares of the sum of squares of vertical distances. OLS is the sum of squares of vertical distances. The,False,True,captured
mmlu_econometrics_75,mmlu,0.6B,0.5B,4,stochastic,42,2.1767,109.9,66.67,32,14.7,90,9,24,0.1,0.38,False," B. So, the question is about this through this through this through. So the question is about time-series analysis tools for a bit more. The question is",False,True,captured
mmlu_econometrics_76,mmlu,0.6B,0.5B,4,stochastic,42,1.8884,112.75,57.28,32,16.95,77,12,20,0.1558,0.6,False," A. So, the question again. Okay, so. So, cointegration. Okay, so, I need to verify the statements:

Okay, so",False,True,captured
mmlu_econometrics_77,mmlu,0.6B,0.5B,4,stochastic,42,1.0206,109.51,29.39,32,31.35,39,23,10,0.5897,2.3,False," A
Answer: B A. Truncated
Answer: A
Answer: A
Answer: A
Answer: Truncated
Answer: Truncated
",False,True,captured
mmlu_econometrics_78,mmlu,0.6B,0.5B,4,stochastic,42,1.8824,110.37,57.16,32,17.0,77,13,20,0.1688,0.65,False," A

The Hausman test is used to A
Answer: Determining whether the correct answer: Determining whether the correct answer is D
Answer: D",False,True,captured
mmlu_econometrics_80,mmlu,0.6B,0.5B,4,stochastic,42,1.6609,109.48,50.05,32,19.27,67,15,18,0.2239,0.83,False," D. 36
.  The standard form of a tri-variate VAR(p. 36
A tri-variate VAR(4 variables.",False,True,captured
mmlu_econometrics_81,mmlu,0.6B,0.5B,4,stochastic,42,1.7308,111.26,52.24,32,18.49,70,14,19,0.2,0.74,False, D. The question again. The question again. The question is correct answer is D. The question again. The question is the question is the question is correct,False,True,captured
mmlu_econometrics_82,mmlu,0.6B,0.5B,4,stochastic,42,1.7015,112.2,51.27,32,18.81,69,15,18,0.2174,0.83,False," A and D are the answer the question is the question is: The correct answer is A and D: The correct answer is A and D

The correct answer",False,True,captured
mmlu_econometrics_83,mmlu,0.6B,0.5B,4,stochastic,42,1.4261,108.9,42.49,32,22.44,57,18,15,0.3158,1.2,False," C
Answer:
C C
Answer: Use a longer run of data. Use a longer run of data
Answer: C
Answer: Use a longer",False,True,captured
mmlu_econometrics_84,mmlu,0.6B,0.5B,4,stochastic,42,1.6515,110.04,49.72,32,19.38,67,15,17,0.2239,0.88,False," A

The characteristic equation is incorrect. The correct answer is D
Answer: Stationary and unit root process

The characteristic equation is r
Answer: A",False,True,captured
mmlu_econometrics_85,mmlu,0.6B,0.5B,4,stochastic,42,1.4667,109.96,43.77,32,21.82,59,18,15,0.3051,1.2,False, D. test is a test is a test is used to test for autocorrelation test is used to test for the test is used to test is used to,False,True,captured
mmlu_econometrics_86,mmlu,0.6B,0.5B,4,stochastic,42,1.0771,110.59,31.18,32,29.71,41,21,11,0.5122,1.91,False," C. The difference between the actual value, y, and the actual value, y, actual value, y, and the fitted value, y-hat value",False,True,captured
mmlu_econometrics_87,mmlu,0.6B,0.5B,4,stochastic,42,1.7748,109.65,53.71,32,18.03,71,13,19,0.1831,0.68,False, C. So the problem. So the question is about the question is the question again. So the answer is C. When dealing with simultaneous equations. When dealing,False,True,captured
mmlu_econometrics_89,mmlu,0.6B,0.5B,4,stochastic,42,2.1796,110.72,66.74,32,14.68,91,9,23,0.0989,0.39,False, B. This is because it model is used when there are three is used when you use is used when there are multiple choice model is used when there are three,False,True,captured
mmlu_econometrics_90,mmlu,0.6B,0.5B,4,stochastic,42,1.7496,111.35,52.85,32,18.29,71,14,19,0.1972,0.74,False," B. (iv) only

Wait, the rest? Wait, the options only

Wait, the options are A. (iv) only

Wait,",False,True,captured
mmlu_econometrics_91,mmlu,0.6B,0.5B,4,stochastic,42,1.1982,110.07,35.1,32,26.71,47,20,12,0.4255,1.67,False," A
Answer: A
Answer: A
Answer: A
Answer: A. A
Answer: A
Answer: A
Answer: A
",False,True,captured
mmlu_econometrics_92,mmlu,0.6B,0.5B,4,stochastic,42,1.61,111.02,48.36,32,19.88,65,16,17,0.2462,0.94,False," C. (i), (ii), and (iii) only

Okay, let's try to think the correct answer is the correct answer: (i),",False,True,captured
mmlu_econometrics_93,mmlu,0.6B,0.5B,4,stochastic,42,1.7704,110.78,53.53,32,18.08,72,14,19,0.1944,0.74,False," C
Answer:
C C
C

The statements (i), (ii), because the first. (i), (i
Answer:
C. (",False,True,captured
mmlu_econometrics_94,mmlu,0.6B,0.5B,4,stochastic,42,1.8188,110.22,55.11,32,17.59,74,13,20,0.1757,0.65,False," B. (iii only

Wait, the answer given that's only

Wait, the third only

Wait, I think Iii) (iii only

",False,True,captured
mmlu_econometrics_95,mmlu,0.6B,0.5B,4,stochastic,42,1.1275,109.59,32.83,32,28.38,44,22,11,0.5,2.0,False," A A
Answer: An entity fixed effects model

Answer: A. An entity fixed effects model that is correct
Answer: A
Answer: A
",False,True,captured
mmlu_econometrics_96,mmlu,0.6B,0.5B,4,stochastic,42,1.3808,111.55,40.94,32,23.18,55,19,14,0.3455,1.36,False," A

Answer: B

The D
Answer: C
Answer: C
Answer: C
Answer: C
Answer: C
Answer: C",False,True,captured
mmlu_econometrics_97,mmlu,0.6B,0.5B,4,stochastic,42,1.7637,111.53,53.3,32,18.14,72,14,19,0.1944,0.74,False," B. (iii only

Wait, the answer given that's (iii only

Wait, but the third only

Wait, but the third only

Wait",False,True,captured
mmlu_econometrics_98,mmlu,0.6B,0.5B,4,stochastic,42,1.0218,111.46,29.36,32,31.32,39,23,10,0.5897,2.3,False, B. The Engle-Yoo (EY) approach can only detect up to one cointegranger approach can only detect up to detect up to one,False,True,captured
mmlu_econometrics_99,mmlu,0.6B,0.5B,4,stochastic,42,1.7514,109.01,52.98,32,18.27,71,13,19,0.1831,0.68,False, D. The question again. The question again. The question is the question again. The question is the correct answer is D. Because the question does the correct,False,True,captured
mmlu_econometrics_100,mmlu,0.6B,0.5B,4,stochastic,42,1.6176,110.59,48.61,32,19.78,65,15,17,0.2308,0.88,False," B. (iv) only

Wait, the (iv) only

Wait, the (iv) only

Wait, the (iv) only

Wait",False,True,captured
mmlu_econometrics_101,mmlu,0.6B,0.5B,4,stochastic,42,1.0799,110.37,31.27,32,29.63,41,21,11,0.5122,1.91,False, D. It is the probability of failing to reject a null hypothesis is the. It is the probability of failing to reject a null hypothesis that was wrong. It,False,True,captured
mmlu_econometrics_103,mmlu,0.6B,0.5B,4,stochastic,42,1.8283,110.11,55.42,32,17.5,74,13,20,0.1757,0.65,False," C. So, the answer is C. Okay, so. The correct answer is C. Wait, I need to check the answer is wrong

Okay,",False,True,captured
mmlu_econometrics_104,mmlu,0.6B,0.5B,4,stochastic,42,1.1856,109.39,34.72,32,26.99,46,21,12,0.4565,1.75,False," B
Answer: B
Answer: B
Answer: B
Answer: B
Answer: B
Answer: B
Answer: B
Answer:",False,True,captured
mmlu_econometrics_105,mmlu,0.6B,0.5B,4,stochastic,42,2.1119,110.51,64.56,32,15.15,87,11,22,0.1264,0.5,False," D. The question again. The question is the reasoning:

The question is about this through this through this through. The question is about this. The question is",False,True,captured
mmlu_econometrics_106,mmlu,0.6B,0.5B,4,stochastic,42,1.089,110.04,31.58,32,29.38,42,22,11,0.5238,2.0,False," C. How well the sample regression function fits the data

The correct. How well the sample regression function fits the data

The correct answer is C. How",False,True,captured
mmlu_econometrics_107,mmlu,0.6B,0.5B,4,stochastic,42,2.0733,112.15,63.26,32,15.43,85,11,22,0.1294,0.5,False," B. So, the correct answer is the correct answer is the correct answer is the answer is B, the question again. Okay, so. Antithetic",False,True,captured
mmlu_econometrics_108,mmlu,0.6B,0.5B,4,stochastic,42,2.0956,109.81,64.06,32,15.27,86,10,23,0.1163,0.43,False," D. This is because it's large forecast errors. I think the answer is D. The correct. 

The correct. 

The correct. The correct.",False,True,captured
mmlu_econometrics_109,mmlu,0.6B,0.5B,4,stochastic,42,1.9709,111.36,59.99,32,16.24,81,11,21,0.1358,0.52,False, C. So the answer is C. The EGARCH models are all the answer is the answer is C. Because EGARCH models are these options again. Wait,False,True,captured
mmlu_econometrics_110,mmlu,0.6B,0.5B,4,stochastic,42,1.753,109.23,53.02,32,18.25,72,15,18,0.2083,0.83,False, A. There is insufficient information given in the question is the correct answer is the correct answer is the correct answer is the correct answer. There is insufficient information given,False,True,captured
mmlu_econometrics_111,mmlu,0.6B,0.5B,4,stochastic,42,1.4726,112.27,43.88,32,21.73,59,17,15,0.2881,1.13,False," D. (i), (ii), and (iii) and (iii)

Wait, the options are A. (i), and (iii) only

",False,True,captured
mmlu_econometrics_112,mmlu,0.6B,0.5B,4,stochastic,42,1.0755,109.1,31.17,32,29.75,41,22,11,0.5366,2.0,False," B
Answer: B
Answer: B
Answer: B
Answer: B
Answer: B
The correct answer is B. The correct answer is",False,True,captured
mmlu_econometrics_113,mmlu,0.6B,0.5B,4,stochastic,42,1.995,112.37,60.73,32,16.04,82,12,21,0.1463,0.57,False," B. Let me think

Okay, so. 

Okay, so. So, the question is about the reasoning step by breaking down each statement:

First,",False,True,captured
mmlu_us_foreign_policy_0,mmlu,0.6B,0.5B,4,stochastic,42,1.5202,108.69,45.53,32,21.05,61,17,16,0.2787,1.06,False," A
Answer:
A A
Answer: 5 permanent members with veto power
Answer:
A
Answer: 5 permanent members with veto power
Answer",False,True,captured
mmlu_us_foreign_policy_1,mmlu,0.6B,0.5B,4,stochastic,42,1.6106,110.49,48.39,32,19.87,65,16,17,0.2462,0.94,False," A. to intensify its involvement in Vietnam War

The Gulf of Tonkin resolution is the authority to intensify its involvement in Vietnam. The Gulf of Ton",False,True,captured
mmlu_us_foreign_policy_2,mmlu,0.6B,0.5B,4,stochastic,42,1.9948,109.28,60.82,32,16.04,82,11,22,0.1341,0.5,False, D. So the question. So the question. So the question. The question. So the question. The question is the user know. The question. So,False,True,captured
mmlu_us_foreign_policy_3,mmlu,0.6B,0.5B,4,stochastic,42,1.4662,109.17,43.78,32,21.82,59,18,15,0.3051,1.2,False," A A A A
Answer: A
Answer: A
Answer: Richard Nixon was the correct
Answer: A
Answer: A
Answer: A",False,True,captured
mmlu_us_foreign_policy_4,mmlu,0.6B,0.5B,4,stochastic,42,1.2516,110.37,36.81,32,25.57,49,20,13,0.4082,1.54,False," D. of many long-range nuclear missiles.
Okay, let's see. of many long-range nuclear missiles.
The Strategic Arms Reduction Treaty was the elimination of many",False,True,captured
mmlu_us_foreign_policy_5,mmlu,0.6B,0.5B,4,stochastic,42,2.0721,110.84,63.27,32,15.44,85,10,22,0.1176,0.45,False, D. The Cold War shaped the implications were implications were implications were implications of the implications were implications of the Cold War American exceptionalism was the implications were implications of,False,True,captured
mmlu_us_foreign_policy_6,mmlu,0.6B,0.5B,4,stochastic,42,1.4054,109.86,41.79,32,22.77,56,19,14,0.3393,1.36,False," A
Answer:
Answer A
A
Answer:
Answer: A
A
A
Answer: A
Answer: A
Answer: A
Answer",False,True,captured
mmlu_us_foreign_policy_7,mmlu,0.6B,0.5B,4,stochastic,42,1.3059,109.54,38.59,32,24.5,52,19,13,0.3654,1.46,False," D. opinion in foreign policy making.
Okay, so I need to foreign policy making
Answer: D. Increased incorporation of public opinion in foreign policy making.",False,True,captured
mmlu_us_foreign_policy_8,mmlu,0.6B,0.5B,4,stochastic,42,0.9886,110.42,28.33,32,32.37,37,23,10,0.6216,2.3,False," D. The United States became a creditor country and financial centre, with European war spending boosting the US economy

The United States became a creditor country and financial centre",False,True,captured
mmlu_us_foreign_policy_9,mmlu,0.6B,0.5B,4,stochastic,42,1.1948,109.08,35.02,32,26.78,46,20,13,0.4348,1.54,False," D

Answer:
Answer D

Answer: D. Congress.

Answer: D. Congress.

Answer: D. Congress.

Answer: D. D

Answer",False,True,captured
mmlu_us_foreign_policy_10,mmlu,0.6B,0.5B,4,stochastic,42,1.1068,109.51,32.17,32,28.91,43,22,11,0.5116,2.0,False," B
Answer: B
Answer: B
Answer: B
Answer: B
Answer: B
Answer: B
Answer: B
Answer:",False,True,captured
mmlu_us_foreign_policy_11,mmlu,0.6B,0.5B,4,stochastic,42,1.9137,110.62,58.16,32,16.72,78,11,21,0.141,0.52,False, B. It was the first time NATO action in the history of the NATO operation in which NATO operation that NATO operation where NATO action that NATO used military action in,False,True,captured
mmlu_us_foreign_policy_12,mmlu,0.6B,0.5B,4,stochastic,42,1.3475,109.85,39.93,32,23.75,53,19,14,0.3585,1.36,False," B
Answer:
Answer B
Answer: B
Answer: B
Answer: B
Answer: B
Answer:
Answer: B. B
Answer",False,True,captured
mmlu_us_foreign_policy_13,mmlu,0.6B,0.5B,4,stochastic,42,1.6323,110.23,49.1,32,19.6,66,15,17,0.2273,0.88,False, D. Leaders have been the reasons contribute to the uncertainty over the reasons contribute to the uncertainty over which include reasons contribute to the uncertainty over the uncertainty of the options,False,True,captured
mmlu_us_foreign_policy_14,mmlu,0.6B,0.5B,4,stochastic,42,1.7366,109.13,52.5,32,18.43,71,15,18,0.2113,0.83,False," B
Answer:
Answer B
B
Answer: B
B
B. B
B. B
Answer: B
B. B
Answer",False,True,captured
mmlu_us_foreign_policy_15,mmlu,0.6B,0.5B,4,stochastic,42,1.3435,109.85,39.8,32,23.82,53,19,14,0.3585,1.36,False," B. and Russia to dismantle a significant number of their nuclear weapons.
Okay, so Russia to dismantle a significant number of their nuclear weapons. The Moscow Treaty on",False,True,captured
mmlu_us_foreign_policy_16,mmlu,0.6B,0.5B,4,stochastic,42,1.3808,110.59,40.98,32,23.17,54,18,15,0.3333,1.2,False, C. China should be open to US should be open-door notes. China should be open to US trade and missionaries. China should be open to the United States,False,True,captured
mmlu_us_foreign_policy_17,mmlu,0.6B,0.5B,4,stochastic,42,2.2213,110.0,68.11,32,14.41,92,9,24,0.0978,0.38,False," B. 

The reasoning: The costs are concentrated, as ares are concentrated on the part of the argument is ares are concentrated, as a concept is",False,True,captured
mmlu_us_foreign_policy_18,mmlu,0.6B,0.5B,4,stochastic,42,1.2196,110.35,35.78,32,26.24,48,21,12,0.4375,1.75,False," C. fear of a protracted conflict

The correct answer is C. fear of a protracted conflict

The correct answer is C. fear of a pro",False,True,captured
mmlu_us_foreign_policy_19,mmlu,0.6B,0.5B,4,stochastic,42,1.073,109.8,31.07,32,29.82,41,21,11,0.5122,1.91,False," B

Answer: None of the above

Answer: D. None of the above

Answer: D. None of the above

Answer: D
Answer",False,True,captured
mmlu_us_foreign_policy_20,mmlu,0.6B,0.5B,4,stochastic,42,1.8293,110.45,55.45,32,17.49,75,13,19,0.1733,0.68,False," A B
Answer: It indicated that the US would now that the correct answer: It indicated that the US would be
Answer: D
Answer: D",False,True,captured
mmlu_us_foreign_policy_21,mmlu,0.6B,0.5B,4,stochastic,42,2.0398,109.45,62.27,32,15.69,84,10,22,0.119,0.45,False," C. 

Wait, the regime. The regime
The regime. the regime. Wait, the regime. the regime. 

Wait, but the regime.",False,True,captured
mmlu_us_foreign_policy_22,mmlu,0.6B,0.5B,4,stochastic,42,1.6397,121.32,48.98,32,19.52,66,15,17,0.2273,0.88,False," C
Answer: C
Answer: C
Answer: C
C
C
C. C
C
C. C. C. C.",False,True,captured
mmlu_us_foreign_policy_23,mmlu,0.6B,0.5B,4,stochastic,42,1.6566,109.74,49.9,32,19.32,67,15,18,0.2239,0.83,False," B. The answer: war with France.

Wait, the French and Indian War (war with France. The French and Indian War.

Wait, the French and",False,True,captured
mmlu_us_foreign_policy_24,mmlu,0.6B,0.5B,4,stochastic,42,1.2177,109.99,35.73,32,26.28,48,20,12,0.4167,1.67,False," B. George Soros

Answer: B. George Soros

Answer: B. George Soros
Answer: B. George Soros is B. George Soros

The",False,True,captured
mmlu_us_foreign_policy_25,mmlu,0.6B,0.5B,4,stochastic,42,1.3964,110.6,41.48,32,22.92,55,17,15,0.3091,1.13,False," C. the idea that governments use their military to help pursue policy goals.
Okay, so the military to use their military to help pursue policy goals through their military",False,True,captured
mmlu_us_foreign_policy_26,mmlu,0.6B,0.5B,4,stochastic,42,1.1134,109.8,32.38,32,28.74,43,22,11,0.5116,2.0,False," A
Answer:
Answer A
Answer:
Answer: A
Answer: A
Answer:
Answer: A
Answer: A
Answer: A
Answer",False,True,captured
mmlu_us_foreign_policy_27,mmlu,0.6B,0.5B,4,stochastic,42,1.3812,110.12,41.0,32,23.17,55,18,14,0.3273,1.29,False, B. US expansion was based on markets rather than territory post-1865 on markets rather than markets rather than markets rather than markets rather than markets post,False,True,captured
mmlu_us_foreign_policy_28,mmlu,0.6B,0.5B,4,stochastic,42,1.1355,110.21,33.07,32,28.18,44,22,11,0.5,2.0,False," C. That military spending gave the arms industry unwarranted influence on politics and government.

Step-by- the arms industry unwarranted influence on politics and government",False,True,captured
mmlu_us_foreign_policy_29,mmlu,0.6B,0.5B,4,stochastic,42,1.3718,109.89,40.71,32,23.33,54,17,15,0.3148,1.13,False," A. the Security Council.
. the Security Council.
The Security Council is the most of the United Nations, the Security Council is the most powerful. the Security",False,True,captured
mmlu_us_foreign_policy_30,mmlu,0.6B,0.5B,4,stochastic,42,1.4001,110.46,41.6,32,22.85,56,19,14,0.3393,1.36,False," C. 

Step-by- defense spending; liberals are generally skeptical of defense spending; liberals are generally skeptical of increases in defense spending; liberals are generally skeptical of",False,True,captured
mmlu_us_foreign_policy_31,mmlu,0.6B,0.5B,4,stochastic,42,1.3779,109.23,40.92,32,23.22,55,19,14,0.3455,1.36,False," A

Answer: Reduce transaction costs for agreements
Answer: A
Answer: Reduce transaction costs for agreements
Answer: A
Answer: A

Answer:",False,True,captured
mmlu_us_foreign_policy_32,mmlu,0.6B,0.5B,4,stochastic,42,1.7523,109.75,52.98,32,18.26,72,14,18,0.1944,0.78,False, D. US foreign policy constraints are possible constraints are possible constraints are possible constraints on the constraints are possible constraints on US foreign policy decision making are possible constraints on US,False,True,captured
mmlu_us_foreign_policy_33,mmlu,0.6B,0.5B,4,stochastic,42,1.3017,110.31,38.43,32,24.58,52,19,13,0.3654,1.46,False," D. Bilateral talks that do not involve a third-party negotiator

The correct??
Answer: D. Bilateral talks that do not involve a third",False,True,captured
mmlu_us_foreign_policy_34,mmlu,0.6B,0.5B,4,stochastic,42,1.1805,110.08,34.53,32,27.11,46,21,12,0.4565,1.75,False, B. The Clinton Administration's policy on the marketization of the Russian economy's marketization of the Russian economy. The Clinton Administration's policy on the marketization,False,True,captured
mmlu_us_foreign_policy_35,mmlu,0.6B,0.5B,4,stochastic,42,1.801,109.19,54.57,32,17.77,74,13,19,0.1757,0.68,False, D. 3 or more. In a multipolar system has been the major powers are considered as a multipolar systems are considered as major powers are considered major,False,True,captured
mmlu_us_foreign_policy_36,mmlu,0.6B,0.5B,4,stochastic,42,1.3649,114.11,40.35,32,23.44,54,19,14,0.3519,1.36,False," A. This would be an 'empire of liberty'empire of liberty

Okay, so the answer because the American empire of liberty. 

Wait,",False,True,captured
mmlu_us_foreign_policy_37,mmlu,0.6B,0.5B,4,stochastic,42,1.488,109.56,44.47,32,21.5,60,18,15,0.3,1.2,False," C. guns and butter.
. guns and butter.
The phrase ""guns and butter. guns and butter. guns and butter.
The phrase ""guns and butter",False,True,captured
mmlu_us_foreign_policy_38,mmlu,0.6B,0.5B,4,stochastic,42,1.1087,109.85,32.22,32,28.86,43,21,11,0.4884,1.91,False," B
Answer: B
Answer: B
Answer: B
Answer: B
Answer: B
Answer: B
Answer: B
Answer:",False,True,captured
mmlu_us_foreign_policy_39,mmlu,0.6B,0.5B,4,stochastic,42,1.4472,108.72,43.18,32,22.11,57,18,15,0.3158,1.2,False," A
Answer:
Answer A
Answer: A
Answer: A
Answer: A
Answer: A
Answer:
Answer: A. A
Answer",False,True,captured
mmlu_us_foreign_policy_40,mmlu,0.6B,0.5B,4,stochastic,42,1.2827,109.36,37.85,32,24.95,51,20,13,0.3922,1.54,False," B
Answer:
Answer B
Answer: B
Answer: B
Answer: B. Anarchy
Answer:
Answer: B. Anarchy
Answer",False,True,captured
mmlu_us_foreign_policy_41,mmlu,0.6B,0.5B,4,stochastic,42,2.0135,110.55,61.39,32,15.89,83,10,22,0.1205,0.45,False," D. Because all are reasons for the options are not a, because all are reasons for why intergovernmental organizations are reasons are reasons are not reasons are reasons",False,True,captured
mmlu_us_foreign_policy_42,mmlu,0.6B,0.5B,4,stochastic,42,0.9524,110.26,27.16,32,33.6,36,23,9,0.6389,2.56,False, D. It encouraged the centralization of political power in the centralization of political power in the US. It encouraged the centralization of political power in the US,False,True,captured
mmlu_us_foreign_policy_43,mmlu,0.6B,0.5B,4,stochastic,42,1.7539,110.08,53.03,32,18.25,72,14,18,0.1944,0.78,False, D. US foreign policy constraints are possible constraints are possible constraints are possible constraints on the constraints are possible constraints on US foreign policy decision making are possible constraints on US,False,True,captured
mmlu_us_foreign_policy_44,mmlu,0.6B,0.5B,4,stochastic,42,1.2734,110.3,37.52,32,25.13,50,20,13,0.4,1.54,False, A. A. Richard Nixon. A. Richard Nixon. A. Richard Nixon. Dét: A. Richard Nixon. A. Richard Nixon. A.,False,True,captured
mmlu_us_foreign_policy_45,mmlu,0.6B,0.5B,4,stochastic,42,1.6028,109.47,48.17,32,19.97,65,15,17,0.2308,0.88,False," C
Answer:
C C
Answer: Autocracy is the answer is the answer is C. Autocracy is not a component of the 'Autocracy is",False,True,captured
mmlu_us_foreign_policy_46,mmlu,0.6B,0.5B,4,stochastic,42,1.7276,110.79,52.16,32,18.52,70,13,19,0.1857,0.68,False," C. 

The answer is C. anticommunism. 

The correct answer is the correct. 

The correct.  was a core to the correct",False,True,captured
mmlu_us_foreign_policy_47,mmlu,0.6B,0.5B,4,stochastic,42,1.8771,111.0,56.97,32,17.05,77,12,20,0.1558,0.6,False, D. The Vietnam War statements are correct. The Vietnam War statements are accurate statements are true. The Vietnam War was true statements are true. The Vietnam War statements,False,True,captured
mmlu_us_foreign_policy_48,mmlu,0.6B,0.5B,4,stochastic,42,1.7487,109.47,52.88,32,18.3,72,15,18,0.2083,0.83,False," B. 

The National Security Council is a group is a group is a group of advisors to the president on the National Security Council is a group of advisors to",False,True,captured
mmlu_us_foreign_policy_49,mmlu,0.6B,0.5B,4,stochastic,42,1.2476,109.38,36.72,32,25.65,49,19,13,0.3878,1.46,False," B. B. Ronald Reagan

Answer: B. Ronald Reagan

Answer: B. Ronald Reagan
Answer: B. B. Ronald Reagan

The answer",False,True,captured
mmlu_us_foreign_policy_50,mmlu,0.6B,0.5B,4,stochastic,42,1.131,110.95,32.91,32,28.29,44,21,11,0.4773,1.91,False," A. Revelations that the NSA was monitoring the NSA was monitoring the NSA was monitoring the communications of American citizens without obtaining warrants. 

The correct answer is A",False,True,captured
mmlu_us_foreign_policy_51,mmlu,0.6B,0.5B,4,stochastic,42,1.2813,110.32,37.77,32,24.98,50,18,14,0.36,1.29,False, A. A plan that provided. A. A plan that provided economic assistance to rebuild Europe with economic assistance to rebuild Europe. The Marshall Plan is not only economic,False,True,captured
mmlu_us_foreign_policy_52,mmlu,0.6B,0.5B,4,stochastic,42,1.2561,110.13,36.97,32,25.48,49,19,13,0.3878,1.46,False," C. How nuclear attacks are identified and responded to; who controls the weapons

The correct? The question is about the correct. The answer is C. How",False,True,captured
mmlu_us_foreign_policy_53,mmlu,0.6B,0.5B,4,stochastic,42,1.0936,109.95,31.73,32,29.26,42,22,11,0.5238,2.0,False, The International Institutionalists argue that international institutions are designed to address all of the above. International Institutionalists argue that international institutions have been designed to address all of the,False,True,captured
mmlu_us_foreign_policy_54,mmlu,0.6B,0.5B,4,stochastic,42,1.2853,109.92,37.92,32,24.9,50,18,14,0.36,1.29,False," A
Answer:
Answer A
Answer:
Answer: A. A
Answer:
Answer: A. A. A. A new world
A
A",False,True,captured
mmlu_us_foreign_policy_55,mmlu,0.6B,0.5B,4,stochastic,42,1.3908,109.59,41.33,32,23.01,55,18,14,0.3273,1.29,False," A. the United Nations.
. the United Nations is the most important international organization is the United Nations is the correct answer is the United Nations is the most well",False,True,captured
mmlu_us_foreign_policy_56,mmlu,0.6B,0.5B,4,stochastic,42,1.9049,109.54,57.92,32,16.8,78,12,21,0.1538,0.57,False," D. 

The term 'American multiplication table' is the term 'multiplication table. 

The term 'American multiplication table' is the correct? Wait,",False,True,captured
mmlu_us_foreign_policy_57,mmlu,0.6B,0.5B,4,stochastic,42,1.5879,110.18,47.67,32,20.15,64,16,17,0.25,0.94,False, D. Trade agreements are mechanisms are mechanisms are mechanisms used in the context is correct. Global and regional international trade agreements work by using these mechanisms are mechanisms used in,False,True,captured
mmlu_us_foreign_policy_58,mmlu,0.6B,0.5B,4,stochastic,42,1.1242,109.53,32.73,32,28.46,43,20,12,0.4651,1.67,False," B

Answer: None of the above

Answer: B

Answer: B

Answer: B

Answer: B

Answer: B

The correct answer",False,True,captured
mmlu_us_foreign_policy_59,mmlu,0.6B,0.5B,4,stochastic,42,1.3585,110.02,40.27,32,23.56,54,19,14,0.3519,1.36,False," B
Answer:
Answer B
Answer: B
Answer: B
Answer: B
Answer:
Answer: B. B
Answer:
Answer: B",False,True,captured
mmlu_us_foreign_policy_60,mmlu,0.6B,0.5B,4,stochastic,42,1.6998,110.19,51.28,32,18.83,69,15,18,0.2174,0.83,False," A
Answer:
Answer A
Answer: A
A
Answer: A
Answer: A
Answer: A. A
Answer:
Answer: A",False,True,captured
mmlu_us_foreign_policy_61,mmlu,0.6B,0.5B,4,stochastic,42,1.5885,109.22,47.72,32,20.14,64,15,17,0.2344,0.88,False, C. American exceptionalism is the global trade because American exceptionalism is the belief that the United States is the global trade because American exceptionalism is the correct because,False,True,captured
mmlu_us_foreign_policy_62,mmlu,0.6B,0.5B,4,stochastic,42,1.3948,109.86,41.45,32,22.94,56,18,14,0.3214,1.29,False," C
Answer:
Answer C
C
Answer: C
Answer: C
Answer: C
Answer: C
Answer:
C
Answer:
Answer",False,True,captured
mmlu_us_foreign_policy_63,mmlu,0.6B,0.5B,4,stochastic,42,1.8808,110.13,57.12,32,17.01,77,12,20,0.1558,0.6,False," D. Rosenau, including the external environment, government, because Rosenau factors are important to consider factors are important to consider in explaining the factors are important factors",False,True,captured
mmlu_us_foreign_policy_64,mmlu,0.6B,0.5B,4,stochastic,42,1.3969,109.49,41.53,32,22.91,56,19,14,0.3393,1.36,False," A
Answer:
A A
Answer: Fewer than 7
Answer:
A
Answer: Fewer than 7. Fewer than 7",False,True,captured
mmlu_us_foreign_policy_65,mmlu,0.6B,0.5B,4,stochastic,42,1.6383,109.97,49.3,32,19.53,66,14,18,0.2121,0.78,False," D. NSC 68 was the answer is the options. NSC 68 was the answer is D. NSC 68

NS",False,True,captured
mmlu_us_foreign_policy_66,mmlu,0.6B,0.5B,4,stochastic,42,1.8264,109.58,55.38,32,17.52,75,14,19,0.1867,0.74,False," B. 

The term 'family of nations. family of nations. ""family of nations
Okay, so-called 'family of nations. ""family of nations",False,True,captured
mmlu_us_foreign_policy_67,mmlu,0.6B,0.5B,4,stochastic,42,1.0173,110.09,29.27,32,31.46,39,23,10,0.5897,2.3,False," D. the Monroe Doctrine of Monroe
Answer: D. the Monroe Doctrine.
Answer: D. the Monroe Doctrine of Monroe
The correct is D. the",False,True,captured
mmlu_us_foreign_policy_68,mmlu,0.6B,0.5B,4,stochastic,42,1.3935,110.27,41.39,32,22.96,55,17,15,0.3091,1.13,False," B
Answer: B
Answer: B
Answer: B
Answer: B
B
B
B. B
Answer: B. B
",False,True,captured
mmlu_us_foreign_policy_69,mmlu,0.6B,0.5B,4,stochastic,42,1.9988,109.99,60.93,32,16.01,82,10,22,0.122,0.45,False," D. The correct. 

The correct answer is D. The correct answer.
Okay, so that the same liberal ends.
Okay, so as different means that",False,True,captured
mmlu_us_foreign_policy_70,mmlu,0.6B,0.5B,4,stochastic,42,1.2225,110.04,35.89,32,26.17,48,20,12,0.4167,1.67,False," A
Answer:
Answer A
Answer: A
Answer: A
Answer: A
Answer: A
Answer:
Answer: A
Answer: A",False,True,captured
mmlu_us_foreign_policy_71,mmlu,0.6B,0.5B,4,stochastic,42,1.4978,109.63,44.78,32,21.37,60,18,15,0.3,1.2,False," A
Answer:
Answer A
A
Answer:
Answer: A
A
A
Answer: A
Answer: A
Answer: A
Answer",False,True,captured
mmlu_us_foreign_policy_72,mmlu,0.6B,0.5B,4,stochastic,42,1.1231,110.27,32.67,32,28.49,43,21,12,0.4884,1.75,False," B
Answer:
Answer B
Answer: B
Answer: B
Answer: B
Answer: B
Answer:
Answer: B
Answer: B",False,True,captured
mmlu_us_foreign_policy_73,mmlu,0.6B,0.5B,4,stochastic,42,1.4625,109.96,43.63,32,21.88,58,18,15,0.3103,1.2,False," C. each branch of the armed services, the armed services, each branch of each branch of the armed services, along with a chairperson, along with a",False,True,captured
mmlu_us_foreign_policy_74,mmlu,0.6B,0.5B,4,stochastic,42,1.1686,110.5,34.13,32,27.38,45,21,12,0.4667,1.75,False, A. The belief that the United States is different from other options are A. The belief that the United States is different from other countries are different from other major,False,True,captured
mmlu_us_foreign_policy_75,mmlu,0.6B,0.5B,4,stochastic,42,1.469,110.19,43.83,32,21.78,59,18,15,0.3051,1.2,False," A. 

The Central Intelligence Agency (CIA is responsible for gathering and interpreting intelligence is responsible for gathering and interpreting intelligence. The CIA is responsible for gathering and",False,True,captured
mmlu_us_foreign_policy_76,mmlu,0.6B,0.5B,4,stochastic,42,1.9087,110.08,58.02,32,16.77,79,13,20,0.1646,0.65,False," D. 

The International Monetary Fund (IMF is a cooperative international monetary system is a cooperative international monetary system is a cooperative international organization that is a cooperative international",False,True,captured
mmlu_us_foreign_policy_77,mmlu,0.6B,0.5B,4,stochastic,42,1.217,110.41,35.7,32,26.29,47,19,13,0.4043,1.46,False," C. 

The correct answer is C. 

Wait, no, show greater restraint internationally and require other states to meet their own security burdens. 

The correct",False,True,captured
mmlu_us_foreign_policy_78,mmlu,0.6B,0.5B,4,stochastic,42,1.7714,109.62,53.61,32,18.06,72,13,19,0.1806,0.68,False," D. The Marshall plan is correct. The Marshall Plan is correct. The Marshall plan is correct. The Marshall Plan was correct. The Marshall Plan was a,",False,True,captured
mmlu_us_foreign_policy_79,mmlu,0.6B,0.5B,4,stochastic,42,1.4268,109.89,42.48,32,22.43,57,17,15,0.2982,1.13,False, D. The United States factors contributed to the US avoidance of the US factors contributed to the US avoidance of catastrophe at the hands contributed to the US avoidance of the,False,True,captured
mmlu_us_foreign_policy_80,mmlu,0.6B,0.5B,4,stochastic,42,1.7036,111.21,51.37,32,18.78,69,14,18,0.2029,0.78,False," C. National Intelligence Director
The  Intelligence Director of Intelligence Director of Intelligence Director of National Intelligence Director
The  Intelligence Director
The 9/1 Intelligence",False,True,captured
mmlu_us_foreign_policy_81,mmlu,0.6B,0.5B,4,stochastic,42,1.4633,109.01,43.69,32,21.87,58,17,16,0.2931,1.06,False," A. 

The National Security Council is the body is the National Security Council is the government body formed to coordinate American foreign and military policy. 

The National Security",False,True,captured
mmlu_us_foreign_policy_82,mmlu,0.6B,0.5B,4,stochastic,42,2.0968,109.33,64.11,32,15.26,88,10,22,0.1136,0.45,False," B**:
From a:**
From a Marxist perspective, foreign policy is a:** From the correct?**
From a**:
Marxist theory emphasizes the",False,True,captured
mmlu_us_foreign_policy_83,mmlu,0.6B,0.5B,4,stochastic,42,1.2525,109.93,36.86,32,25.55,49,20,13,0.4082,1.54,False," A
Answer:
Answer A
Answer: A
Answer: A
Answer: A
Answer: A
Answer:
Answer: A
Answer: A",False,True,captured
mmlu_us_foreign_policy_84,mmlu,0.6B,0.5B,4,stochastic,42,1.4035,108.61,41.77,32,22.8,56,18,15,0.3214,1.2,False," A
Answer:
Answer A
The correct answer is A. A
A
The correct answer is A
The correct answer is A. A. A",False,True,captured
mmlu_us_foreign_policy_85,mmlu,0.6B,0.5B,4,stochastic,42,1.3747,110.85,40.77,32,23.28,55,18,14,0.3273,1.29,False," C. economic instruments of foreign policy.

Wait, the economic instruments of foreign policy.

Wait, the answer: economic instruments of foreign policy.

Wait, the answer",False,True,captured
mmlu_us_foreign_policy_86,mmlu,0.6B,0.5B,4,stochastic,42,1.13,109.93,32.91,32,28.32,44,22,11,0.5,2.0,False," C. secretary of defense.
. secretary of defense.
The president's principal civilian adviser on the military is the secretary of defense. The president's principal civilian adviser",False,True,captured
mmlu_us_foreign_policy_87,mmlu,0.6B,0.5B,4,stochastic,42,1.5314,110.47,45.84,32,20.9,61,16,16,0.2623,1.0,False," C
Answer: C
Answer: C
Answer: C
C
Answer:
C. C
C
C. C
Answer: C
",False,True,captured
mmlu_us_foreign_policy_88,mmlu,0.6B,0.5B,4,stochastic,42,1.2175,110.12,35.72,32,26.28,48,20,12,0.4167,1.67,False," A
Answer:
Answer A
Answer: A
Answer: A
Answer: A
Answer: A
Answer:
Answer: A
Answer: A",False,True,captured
mmlu_us_foreign_policy_89,mmlu,0.6B,0.5B,4,stochastic,42,1.6224,110.07,48.79,32,19.72,66,16,17,0.2424,0.94,False, D. The argument points support the argument points support the argument for American unilateralism arguments support the case are points support the argument for American unilateralism arguments support the,False,True,captured
mmlu_us_foreign_policy_90,mmlu,0.6B,0.5B,4,stochastic,42,1.2854,111.85,37.86,32,24.89,50,19,14,0.38,1.36,False," B. Increased spending during wars.
Wait, but not only to prepare for future engagements. Increased spending during wars, with demobilization bringing spending during wars,",False,True,captured
mmlu_us_foreign_policy_91,mmlu,0.6B,0.5B,4,stochastic,42,1.1838,109.82,34.64,32,27.03,46,21,12,0.4565,1.75,False," B
Answer: B
Answer: B
Answer: B
Answer: B
Answer: B
Answer: B
Answer: B
Answer:",False,True,captured
mmlu_us_foreign_policy_92,mmlu,0.6B,0.5B,4,stochastic,42,1.7214,111.59,51.93,32,18.59,70,14,18,0.2,0.78,False," C. The idea that the fall of one state to communism would spread of one state of one state to communism would inexorable, the fall of one state to",False,True,captured
mmlu_us_foreign_policy_93,mmlu,0.6B,0.5B,4,stochastic,42,1.4047,109.74,41.77,32,22.78,56,18,14,0.3214,1.29,False," A. the Millennium Challenge, that the Millennium Challenge, the Millennium Challenge, that the Millennium Challenge, that the Millennium Challenge, that require change before receipt of aid",False,True,captured
mmlu_us_foreign_policy_94,mmlu,0.6B,0.5B,4,stochastic,42,1.7867,110.06,54.09,32,17.91,73,13,19,0.1781,0.68,False, The Bretton Woods Conference on the Bretton Woods Conference on the options A. All of the above. The Bretton Woods Conference on the basis on the basis,False,True,captured
mmlu_us_foreign_policy_95,mmlu,0.6B,0.5B,4,stochastic,42,2.2195,109.31,68.07,32,14.42,92,8,24,0.087,0.33,False, D. So the user know. So the question. So the question. So the question. The question. So the question is the user know. The question,False,True,captured
mmlu_us_foreign_policy_96,mmlu,0.6B,0.5B,4,stochastic,42,1.1613,109.4,33.93,32,27.55,45,21,12,0.4667,1.75,False," B
Answer: B
Answer: B
Answer: B
Answer: B
Answer: B
Answer: B
Answer: B
Answer:",False,True,captured
mmlu_us_foreign_policy_97,mmlu,0.6B,0.5B,4,stochastic,42,2.1059,109.68,64.39,32,15.2,88,11,22,0.125,0.5,False," B. colonization

The phrase 'empire by invitation to colonization

Step-by- I think the idea of colonization. colonization

The phrase 'empire by",False,True,captured
mmlu_us_foreign_policy_98,mmlu,0.6B,0.5B,4,stochastic,42,1.7356,110.06,52.44,32,18.44,70,14,19,0.2,0.74,False," A
Answer:
Answer A
A
A
A
Answer: A
A
A
Answer: A
Answer: A
A
A",False,True,captured
mmlu_us_foreign_policy_99,mmlu,0.6B,0.5B,4,stochastic,42,1.4798,109.44,44.2,32,21.62,60,17,15,0.2833,1.13,False," D. The speaker of the quote ""Peace, commerce, and the speaker of the quote ""Peace, commerce, and honest answer is D. Thomas Jefferson.",False,True,captured
cnndm_3,cnndm,0.6B,0.5B,4,stochastic,42,5.5959,118.48,34.45,160,28.59,240,100,60,0.4167,1.67,False," 

The five Americans who 

The five Americans who were monitored at an Omaha, Nebraska, after being exposed to Ebola in Omaha, Nebraska Medicine, a Nebraska hospital in Omaha, Nebraska Medicine in Omaha, Nebraska, hospital in Omaha, Nebraska, were monitored for three weeks at an Omaha, Nebraska, after being exposed to Ebola in Omaha, Nebraska, hospital in Omaha, Nebraska, after being exposed to Ebola in Omaha, Nebraska, hospital after being exposed to Ebola-exposed to Ebola in Sierra Leone in Omaha, Nebraska, hospital in Omaha, Nebraska, after being exposed to Ebola in Omaha, Nebraska, hospital in Omaha, Nebraska, after being exposed to Ebola-exposed to Ebola in Sierra Leone in Omaha, Nebraska, hospital in Omaha, Nebraska Medicine in Omaha, Nebraska, were monitored for three weeks at an",False,True,captured
cnndm_31,cnndm,0.6B,0.5B,4,stochastic,42,6.6762,532.79,38.64,160,23.97,257,95,65,0.3696,1.46,False," The article discusses several stories of individuals stranded at sea for extended periods at sea for extended periods at sea for extended periods at sea for extended periods at sea, surviving for extended periods at sea for extended periods at sea, stranded at sea for extended periods at sea for extended periods, surviving for extended periods at sea for extended periods at sea, surviving for extended periods at sea, relying on their lives at sea for extended periods at sea for extended periods at sea, lost at sea for extended periods at sea, survived for extended periods at sea for extended periods at sea, surviving for extended periods at sea, surviving for extended periods at sea for extended periods at sea, surviving for extended periods at sea for extended periods at sea for extended periods at sea, surviving for extended periods at sea for extended periods at sea for",False,True,captured
cnndm_70,cnndm,0.6B,0.5B,4,stochastic,42,5.8901,118.49,36.3,160,27.16,252,97,63,0.3849,1.54,False, A nuclear submarine undergoing repairs at a Russian shipyard in a dry dock at a dry dock at a dry dock at a dry dock at a Russian shipyard in a dry dock at the Zvyozdochka dry dock at a dry dock at a Russian shipyard in northwestern Russian shipyard in a dry dock at the Zvyozdochka dry dock at the Zvyozdochka shipyard in a dry dock at a Russian shipyard in northwestern Russian shipyard caught fire at a Russian shipyard in northwestern Russian shipyard in northwestern Russian shipyard caught fire during repairs at a Russian shipyard in northwestern Russian shipyard in northwestern Russian shipyard caught fire during repairs at a Russian shipyard in northwestern Russian shipyard in northwestern Russian shipyard in northwestern,False,True,captured
cnndm_165,cnndm,0.6B,0.5B,4,stochastic,42,7.144,209.72,43.61,160,22.4,300,85,75,0.2833,1.13,False," Jia Jiang, a Jia Jiang, 30-year-old American entrepreneur who quit his job to pursue entrepreneur who quit his job to start-up from China-born American entrepreneur and American entrepreneur who quit his job to start a Chinese-born American entrepreneur who quit his job to-behind-the person who quit his job to start a 30-year-old entrepreneur and American entrepreneur who quit his job to pursue his entrepreneurial who quit his job to pursue entrepreneur who quit his job to pursue entrepreneur who quit his job to pursue of Chinese-born American entrepreneur and American entrepreneur, a Chinese-born American entrepreneur, American entrepreneur, embarked on a 1030-year-old American entrepreneur who quit his job to-behind-the-scenes, launched a project called ""100-day, American entrepreneur, launched a project called """,False,True,captured
cnndm_297,cnndm,0.6B,0.5B,4,stochastic,42,5.944,140.21,36.5,160,26.92,253,97,64,0.3834,1.52,False," The article discusses a federal prosecutors in Minnesota who federal prosecutors said a group of six young men ages 6 young men in their six young men ages 19 to 6 young men, a group of six young men, in a group of six young men, ages 19 to 6 young men, ages 19 to 6 young men, ages 19 to a group of six young men, Monday said a group of six young men, ages 19 arrested six young men, ages 6 young men, ages 19 to 6 young men, ages 19 to 6 young men, ages 6 young men, ages 6 young men, ages 19 to a group of six young men, ages 19 arrested six young",False,True,captured
cnndm_339,cnndm,0.6B,0.5B,4,stochastic,42,7.315,148.7,45.07,160,21.87,313,81,79,0.2588,1.03,False," The author of a 20000000060060060066006060606 novel,0006060680606 novel, Peter Gallagher is accused the 00606 novel,006606 novel, Peter Gallagher is suing Joss Whedon and a 20606 novel, Peter Gallagher is suing Joss 006 novel, Peter Gallagher is suing Joss 006 novel has accused the ""The author of a 2000606 novel has accused the director of a 2000065066606 novel, Peter Gallagher is suing Joss ",False,True,captured
cnndm_397,cnndm,0.6B,0.5B,4,stochastic,42,5.7518,137.31,35.31,160,27.82,245,99,62,0.4041,1.6,False," 

A Palestinian teenager, Mohammed Abu Khdeir, a Palestinian teenager, Mohammed Abu Khdeir, the removal of a Palestinian teenager, the removal of a Palestinian teenager, Mohammed Abu Khdeir, a Palestinian teenager, and the removal of a Palestinian teenager, Mohammed Abu Khdeir, a Palestinian teenager, Mohammed Abu Khdeir, and the removal of a Palestinian teenager, Mohammed Abu Khdeir, and the removal of a Palestinian teenager, Mohammed Abu Khdeir, and the removal of a Palestinian teenager, Mohammed Abu Khdeir, the removal of a Palestinian teenager, Mohammed Abu Khdeir, a Palestinian teenager, Mohammed Abu Khdeir, a Palestinian teenager, Mohammed Abu Khdeir, a Palestinian teenager, Mohammed Abu Khdeir, which is a Palestinian teenager,",False,True,captured
cnndm_467,cnndm,0.6B,0.5B,4,stochastic,42,7.1632,176.64,43.94,160,22.34,302,83,77,0.2748,1.08,False," 

A

A

Tokyo's Kagoshima District Court has a court has a district court has a nuclear power plant in Kagoshima District Court has rejected a petition by residents have rejected a petition by residents to restart of the court has been granted approval to restart two nuclear power plant in Kagoshima District Court has rejected a petition by residents to restart of two nuclear power plant in Kagoshima Prefecture court has rejected a petition by residents to restart of two nuclear reactors, a district court has rejected a petition by residents to restart of two nuclear reactors in Kagoshima Prefecture court has a district court has rejected a court has rejected a petition by the decision to restart the Sendai nuclear power plant in Kagoshima Prefecture court has rejected a petition by residents petition to restart, a",False,True,captured
cnndm_677,cnndm,0.6B,0.5B,4,stochastic,42,7.0518,164.5,43.32,160,22.69,299,84,76,0.2809,1.11,False," 

The article discusses how 

The article discusses how award seat availability for airline award seat availability of the availability of the five major U.S. airlines vary in a Consumer Reports analyzed award seat availability for airline award seat availability varies airline award seat availability for airline award seat availability varies in a Consumer Reports study by airline award seat availability varies among the five largest number of award seats varies airline award seat availability varies in award seat availability for airline award tickets can be redeemed airline award seat availability for airline award tickets, according to a Consumer Reports analyzed by airline award seat availability varies in award seat availability varies in award seat availability varies in award seat availability for airline award tickets earned miles redemption of the availability of award seats varies in award seat availability varies in award seat availability for airline award tickets, according to a Consumer Reports' award",False,True,captured
cnndm_692,cnndm,0.6B,0.5B,4,stochastic,42,6.7871,201.63,41.42,160,23.57,283,89,72,0.3145,1.24,False," Ben Affleck, a Ben Affleck, who was involved in a controversy over the star of the television star of the show ""Finding Your summary of the show host of the ""Finding Your Roots"" show host of the PBS show, ""Finding Your Roots""Finding Your Roots, a actor and Harvard professor Henry Louis Gates Jr., and a star of ""Finding Your Roots"" show's great-great-great grandfather, and Henry Louis Gates Jr., and Harvard professor Henry Louis Gates Jr., a star of ""Finding Your Roots, and Harvard professor Henry Louis Gates Jr., a star of ""Finding Your summary, lobbied producers of the producer of the PBS show, ""Finding Your TV show, ""Finding Your TV star of ""Finding Your Roots, and Henry Louis Gates Jr., and Harvard professor",False,True,captured
cnndm_958,cnndm,0.6B,0.5B,4,stochastic,42,6.4042,196.68,39.04,160,24.98,266,94,67,0.3534,1.4,False," The Red Cross is calling for an immediate 24-hour ceasefire in Yemen ceasefire in Yemen ceasefire in Yemen ceasefire in Yemen ceasefire in Yemen, 24-hour ceasefire in Yemen ceasefire in Yemen, 24-hour ceasefire in Yemen ceasefire in Yemen, emphasizing the Red Cross is calling for an immediate 24-hour ceasefire in Yemen ceasefire to stop to prevent more deaths. The conflict in Yemen, 24-hour ceasefire in Yemen ceasefire in Yemen, emphasizing the need for a 24-hour ceasefire in Yemen, 24-hour ceasefire in Yemen, emphasizing the need for a 24-hour ceasefire in Yemen, as well as the U.Sentence. 24-hour ceasefire in Yemen ceasefire in Yemen due to the ongoing conflict in Yemen, as an immediate 24-hour ceasefire in Yemen",False,True,captured
cnndm_965,cnndm,0.6B,0.5B,4,stochastic,42,6.6887,313.9,40.09,160,23.92,268,93,67,0.347,1.39,False," Brynn Duncan, 21, of Easley, South Carolina, a 21, is a 21, is a 217, a 21, suffers from mast cell activation syndrome, a 21, from Easley, South Carolina, is a 21-year-old from Easley, South Carolina, has a severe food allergies, 21, suffers from mast cell activation syndrome, and her symptoms include her family members of Easley, South Carolina, has a severe food allergies, 21, from Easley, South Carolina, has a severe and her life, a 21, of Easley, South Carolina, is a 21, suffers from mast cell activation syndrome, and has experienced severe food allergies,  an",False,True,captured
cnndm_1096,cnndm,0.6B,0.5B,4,stochastic,42,6.2427,146.92,38.34,160,25.63,265,94,67,0.3547,1.4,False," The article discusses the financial struggles of CSKA Sofia, including the goalkeeper Maksims Uvarenko, a Sofia, a Sofia, a Sofia, with the article discusses the financial struggles of CSKA Sofia, specifically the financial struggles of CSKA Sofia, a Sofia, a Bulgarian football club, CSKA Sofia, including the goalkeeper Maksims Uvarenko Sofia, a Bulgarian football club CSKA Sofia, a Sofia, particularly focusing on the goalkeeper Maks Sofia, particularly the article discusses the financial struggles of Sofia, with their goalkeeper Maksims Uvarenko, a club, CSKA Sofia, a Sofia, with the goalkeeper Maksims Uvarenko, the financial struggles of CSKA Sofia, particularly highlighting the goalkeeper Maksims Uv  (CSKA Sofia",False,True,captured
cnndm_1199,cnndm,0.6B,0.5B,4,stochastic,42,7.8114,160.2,48.12,160,20.48,334,77,84,0.2305,0.92,False," The article discusses Tottenham's upcoming match against Burnley, who will face-off against Wales team-mate Sam Vokes, Wales teammate Sam Vokes, a potential clash against Wales teammate Sam Vokes at the upcoming match against Wales teammate Sam Vokes in the upcoming match against Wales teammate Sam Vokes, who will not wanting to focus on playing against Wales teammate Sam Vokes, with Wales teammate Sam Vokes at Burnley match against Wales teammate Sam Vokes, who will not wanting to avoid sentiment against Wales teammate Sam Vokes, who will not show no quarter against Wales teammate Sam Vokes in a strong stance against Wales teammate Sam Vokes at the upcoming match against Burnley, who will face-off against Sam Vokes, Wales teammate Sam Vokes in the upcoming match against Burnley match against Burn",False,True,captured
cnndm_1221,cnndm,0.6B,0.5B,4,stochastic,42,5.8084,118.48,35.79,160,27.55,249,98,63,0.3936,1.56,False," A seven-year-old boy was raped and set on fire in Bhiwandi, suffering from Bhi was raped and set on fire by two youths in Bhiwandi, Mumbai suburb of Bhiwandi, Mumbai, was raped and set on fire by two youths in Bhiwandi, Mumbai suburb of Mumbai, and two youths in Bhiwandi, who was raped and set on fire, and the incident occurred in Pagma Nagar, who was raped and set on fire by two youths in Bhiwandi, who was raped and set on fire, a seven-year-old boy was raped and set on fire, who was raped and set on fire by two youths in Bhiwandi, who was raped and set on fire by two youths in Bhiwandi,",False,True,captured
cnndm_1230,cnndm,0.6B,0.5B,4,stochastic,42,5.1812,120.79,31.83,160,30.88,220,104,56,0.4727,1.86,False," Harvey Boulter, Harvey Boulter, Harvey Boulter, a pro-Ukip businessman and a pro-Ukip businessman who forced Liam Fox to resign as a pro-Ukip businessman, a pro-Ukip businessman who forced Liam Fox to resign as a pro-Ukip businessman, is a pro-Ukip businessman and Liam Fox, a pro-Ukip businessman and Liam Fox, and a pro-Ukip businessman and a pro-Ukip businessman and Liam Fox, and Tom Tugendhat, a pro-Ukip businessman and Liam Fox, and Tom Tugendhat, and Liam Fox, and Tom Tugendhat, a pro-Ukip businessman, a pro-Ukip businessman who forced Liam Fox to resign as a pro-Ukip businessman, forced Liam Fox to resign as Defence Secretary, a",False,True,captured
cnndm_1375,cnndm,0.6B,0.5B,4,stochastic,42,6.5859,117.76,40.68,160,24.29,282,90,71,0.3191,1.27,False," 

The article describes a 

The article where a group of meerkats at Indiana's Indianapolis Zoo's basketball-themed event at Indiana's Indianapolis Zoo's basketball-themed activities at Indiana's Indianapolis Zoo, where a group of meerkats at Indiana's Indianapolis Zoo, the Indianapolis Zoo in the Indianapolis Zoo's meerkat Indiana's Indianapolis Zoo's meerkat basketball team of meerkat Indiana's Indianapolis Zoo's meerkat basketball team at Indiana's Indianapolis Zoo, with a makeshift backboard at Indiana's Indianapolis Zoo where a group of meerkats at Indiana's Indianapolis Zoo, with a makeshift backboard and their basketball skills. The article where a group of meerkats at Indiana's Indianapolis Zoo, with a makeshift backboard at Indiana's Indianapolis Zoo, with the Indianapolis Zoo's meerkat",False,True,captured
cnndm_1379,cnndm,0.6B,0.5B,4,stochastic,42,6.6338,211.7,40.39,160,24.12,276,91,69,0.3297,1.32,False," 

A holidaymaker, 

A holidaymaker, was stranded in Tenerife after her biometric ID card was stolen during a family of the mother-of-four Loushanna Craig, was stranded in Tenerife, from Birmingham resident in Tenerife, was stranded in Tenerife, was stranded in Tenerife after her biometric ID card was stolen during a mother-of-four Loushanna Craig, from Birmingham, had her husband, was stranded in Tenerife, Loushanna Craig, was stranded in Tenerife after her biometric ID card was stolen during a 37, was stranded in Tenerife, Loushanna Craig, was stranded in Tenerife, Loushanna Craig, from Birmingham, Loushanna Craig,",False,True,captured
cnndm_1459,cnndm,0.6B,0.5B,4,stochastic,42,5.3712,184.74,32.62,160,29.79,224,104,56,0.4643,1.86,False," 

Homesick Sam Tomkins is considering returning to Wigan, a  Tomkins is considering returning to Wigan, a 26-year-old Tomkins is considering returning to return to Wigan when he cuts short his New Zealand Warriors, a 26-year-old Tomkins is considering returning to Wigan Tomkins is considering returning to return to Wigan when he cuts short his New Zealand Warriors, a 26-year-old Tomkins is considering returning to return to Wigan, a 26-year-old Tomkins is considering returning to Wigan Tomkins is considering returning to Wigan Tomkins is considering returning to Wigan is considering returning to Wigan Tomkins is considering returning to Wigan, a 26-year-old Tomkins is considering returning to Wigan,",False,True,captured
cnndm_1579,cnndm,0.6B,0.5B,4,stochastic,42,5.0667,276.57,30.13,160,31.58,204,109,51,0.5343,2.14,False," The article discusses the upcoming match between Raheem Sterling and Theo Walcott at the upcoming match between Raheem Sterling and Theo Walcott and Theo Walcott and Theo Walcott and Theo Walcott and Theo Walcott at the Emirates and Theo Walcott at the upcoming match between Raheem Sterling and Theo Walcott and Theo Walcott at the Emirates, where Raheem Sterling and Theo Walcott at the Emirates, where Raheem Sterling and Theo Walcott at the Emirates, highlighting the upcoming match between Raheem Sterling and Theo Walcott and Theo Walcott at the upcoming match between Raheem Sterling and Theo Walcott and Theo Walcott at the upcoming match between Raheem Sterling and Theo Walcott at the Emirates and Theo Walcott at the upcoming match between Raheem",False,True,captured
cnndm_1613,cnndm,0.6B,0.5B,4,stochastic,42,6.7426,164.38,41.37,160,23.73,285,88,72,0.3088,1.22,False," Tim Bresnan is Tim Bresnan is seeking to make a case for an English cricketer who? 

Tim Bresnan is trying to secure in the LV= a former England cricketer who is seeking to secure in the process of making a case for an England's seeking to make a case for an England's looking to secure his desire to make a case for an English cricketer, a former England cricketer to make a case for an England's seeking to secure his place to make a case for an English cricketer who? 

Tim Bresnan is Tim Bresnan is Tim Bresnan is hoping to secure his desire to make a case for a former England cricketer who? The right-arm quick who? 

Tim Bresnan is",False,True,captured
cnndm_1650,cnndm,0.6B,0.5B,4,stochastic,42,6.461,191.68,39.43,160,24.76,270,93,68,0.3444,1.37,False," 

The article highlights Liverpool 

The article discusses the critical match against Arsenal on Saturday's crucial match against Arsenal match against Arsenal match against Arsenal on Saturday's crucial match against Arsenal on Saturday's match against Arsenal match on Saturday's match against Arsenal on Saturday's match against Arsenal in the Premier League's crucial match against Arsenal, under Brendan Rodgers' side needing a crucial match against Arsenal on Saturday's crucial match against Arsenal, emphasizing the critical match against Arsenal, under manager Brendan Rodgers' team's crucial match against Arsenal, emphasizing the critical match against Arsenal, under manager Brendan Rodgers, the importance of their crucial match against Arsenal on Saturday's crucial match against Arsenal, under manager Brendan Rodgers, emphasizing the critical match against Arsenal, emphasizing the critical match against Arsenal on Saturday's crucial match against Arsenal, emphasizing the critical match against",False,True,captured
cnndm_1793,cnndm,0.6B,0.5B,4,stochastic,42,7.1707,278.88,43.35,160,22.31,295,86,74,0.2915,1.16,False," Raheem Sterling's decision to reject a new contract negotiations with Liverpool, a 20-year-old football career has rejected a Liverpool contract negotiations with Liverpool contract negotiations with Liverpool has rejected a new deal with Liverpool has rejected a new contract negotiations with Liverpool have rejected a new contract negotiations with Liverpool have rejected a new contract offer to reject of Liverpool contract negotiations with Liverpool have been rejected a Liverpool contract negotiations were rejected a 20-year-old football career has been rejected a Liverpool contract negotiations were rejected a new contract negotiations with Liverpool have been rejected a new contract with Liverpool's decision to reject a new contract negotiations with Liverpool have been rejected a new contract negotiations with Liverpool have been rejected a new contract with Liverpool has rejected a new contract offer to reject of Liverpool's decision to reject a new contract negotiations with Liverpool were",False,True,captured
cnndm_1832,cnndm,0.6B,0.5B,4,stochastic,42,6.4862,140.35,39.91,160,24.67,277,91,70,0.3285,1.3,False," 

Eden Hazard believes 

Eden Hazard believes Chelsea have the Premier League title in Chelsea have the Premier League title is the Chelsea have the Premier League title in Chelsea have the Premier League title in his team has the Chelsea have the Premier League title is confident that Chelsea have the Premier League title in Chelsea have the Premier League title is that Chelsea have the Premier League title is the Chelsea have the Premier League title is confident that Chelsea have the Premier League title is the key point of the Premier League title is the key fact: Chelsea have the Premier League title is the key facts: 

Eden Hazard believes 

Eden Hazard believes Chelsea have the Premier League title in his team, after Chelsea have the Chelsea have the Premier League title is the key point of the Chelsea have the Premier League title is the key",False,True,captured
cnndm_1861,cnndm,0.6B,0.5B,4,stochastic,42,5.5607,155.25,34.0,160,28.77,230,103,58,0.4478,1.78,False, Melissa Wilson and her team-mates are set to the Cambridge Women's Boat Crew are about to compete in the women are set to compete in the  are set to compete in the Cambridge Women's Boat Crew from Cambridge are set to compete in the  are set to compete in the women are about to compete in the women are set to compete in the Cambridge Women's Boat Crew are set to compete in the Cambridge Women's Boat Crew are set to compete in the Cambridge Women's Boat Crew are set to compete in the Cambridge Women's Boat Crew are about to compete in the Cambridge Women's Boat Crew are set to compete in the Cambridge Women's Boat Crew are set to compete in the Cambridge Women's Boat Crew are set to compete in the Cambridge Women's Boat Crew are set to make history at the ,False,True,captured
cnndm_2032,cnndm,0.6B,0.5B,4,stochastic,42,6.9406,198.23,42.4,160,23.05,290,86,74,0.2966,1.16,False," The article discusses Celtic manager Ronny Deila trying to extend Jason Denayer and his efforts to secure a loan extension of Celtic manager Ronny Deila's efforts to secure a season. He is seeking to extend the loan of Celtic manager Ronny Deila's efforts to secure a season extending a goal to extend the loan of Jason Denayer and his efforts to secure a season extending Jason Denayer's potential signings for extending Jason Denayer's potential signings for Jason Denayer and his efforts to secure a looking to extend the loan of Jason Denayer and his efforts to secure a seeking to extend Jason Denayer's potential signings for Jason Denayer, who is trying to convince Manchester City to extend Jason Denayer's potential signings for the possibility of extending Jason Denayer's potential to extend a seeking to try",False,True,captured
cnndm_2033,cnndm,0.6B,0.5B,4,stochastic,42,5.5198,178.33,33.59,160,28.99,231,103,58,0.4459,1.78,False," Raymond Billam,  Raymond Billam,  Raymond Billam, 40, fraudulently claimed to 40, a 40, a 40-year-old grandfather-of-four, 40, fraudulently claimed to be disabled, 40, a 40-year-old 40, a 40-year-old former contractor who claimed to be precise details.
Okay, I need to correct the error, a 40, a 40-year-old, was sentenced to 26 weeks in prison suspended for two years after being a 40-year-old, a 40-year-old Raymond Billam,  Raymond Billam,  Raymond Billam,  Raymond Billam,  Raymond Billam, 40,",False,True,captured
cnndm_2043,cnndm,0.6B,0.5B,4,stochastic,42,4.7843,115.05,29.37,160,33.44,205,109,52,0.5317,2.1,False," The new chief executive of Rotherham council may be paid up to £40,00ham council could be paid up to be paid up to £40ham council could be paid up to be paid up to £40,000ham council may be paid up to £40,00ham council may be paid up to £40,00ham council may be paid up to £40,00ham council may receive up to £40,000ham council may receive up to be paid up to £40,000ham council may receive up to be paid up to £40,00ham council may receive up to be paid up to £40,000ham council may receive up to",False,True,captured
cnndm_2082,cnndm,0.6B,0.5B,4,stochastic,42,6.3304,132.88,38.98,160,25.28,271,92,69,0.3395,1.33,False," 

Liverpool midfielder Philippe Coutinho believes winning the FA Cup is under pressure and his season, in the article in the article in the article discusses the importance of winning the FA Cup would save their season, with a  is a 

Liverpool midfielder Philippe Coutinho believes winning the FA Cup would save their season, with the article discusses the importance of winning the article: In the article, Liverpool midfielder Philippe Coutinho believes winning the FA Cup would need to be concise summary: The article discusses the article discusses the importance of winning the article: Liverpool midfielder Philippe Coutinho believes winning the FA Cup would save their season, believes winning the FA Cup would save their season, as the team is in a

Liverpool midfielder Philippe Coutinho believes winning the FA Cup would save their season, with the article discusses how is the",False,True,captured
cnndm_2105,cnndm,0.6B,0.5B,4,stochastic,42,6.9887,175.82,42.85,160,22.89,293,87,74,0.2969,1.18,False," The article discusses Arsenal's Premier League, the Premier League, highlighting their strengths and weaknesses, their recent Premier League, the Premier League, highlighting their strengths and weaknesses, with a recent seasons, their recent Premier League, highlighting their strong in the Premier League, highlighting their strong, the Premier League, highlighting their strengths and challenges, highlighting their strengths and weaknesses, and their Premier League, highlighting their strong this season, the Premier League, highlighting their strong in the Premier League, highlighting their Premier League, highlighting their strong this season, highlighting their strengths and weaknesses, and their potential title race for the Premier League, highlighting their strengths and weaknesses. The article discusses Arsenal's performance in the Premier League, the Premier League, highlighting their strengths and weaknesses. They've the Premier League, highlighting their strong, the Premier",False,True,captured
cnndm_2117,cnndm,0.6B,0.5B,4,stochastic,42,4.7505,237.73,28.38,160,33.68,193,112,49,0.5803,2.29,False," 

The video shows a 

The video shows a deputy hitting a deputy hitting a heavily pregnant Iraq war veteran, Deanna Robinson, a deputy hitting a heavily pregnant Iraq war veteran, Deanna Robinson, a deputy hitting a heavily pregnant Iraq war veteran, Deanna Robinson, a deputy hitting a heavily pregnant Iraq war veteran, Deanna Robinson, a heavily pregnant Iraq war veteran, Deanna Robinson, a deputy hitting a heavily pregnant Iraq war veteran, Deanna Robinson, a deputy hitting a heavily pregnant woman, Deanna Robinson, a deputy hitting a heavily pregnant Iraq war veteran, Deanna Robinson, a deputy hitting a heavily pregnant Iraq war veteran, Deanna Robinson, a deputy hitting a heavily pregnant Iraq war veteran, Deanna Robinson, a deputy hitting a heavily pregnant Iraq war veteran, Deanna Robinson",False,True,captured
cnndm_2232,cnndm,0.6B,0.5B,4,stochastic,42,4.6514,183.71,28.1,160,34.4,192,112,48,0.5833,2.33,False," 

Marcos Rojo, a Manchester United defender Marcos Rojo, a Manchester United defender Marcos Rojo, a Manchester United defender Marcos Rojo, a Manchester United defender Marcos Rojo, a Manchester United defender Marcos Rojo, a Manchester United defender Marcos Rojo, a Manchester United defender Marcos Rojo, a Manchester United defender Marcos Rojo, a Manchester United defender Marcos Rojo, a Manchester United defender Marcos Rojo, a Manchester United defender Marcos Rojo, a Manchester United defender Marcos Rojo, a Manchester United defender, following a Manchester United defender Marcos Rojo, a Manchester United defender Marcos Rojo, a Manchester United defender Marcos Rojo, a Manchester United defender, Marcos Rojo, a Manchester United defender, Marcos Rojo, a Manchester United defender Marcos Rojo, a Manchester",False,True,captured
cnndm_2253,cnndm,0.6B,0.5B,4,stochastic,42,5.1407,201.01,31.07,160,31.12,211,108,53,0.5118,2.04,False, The Leeds Rhinos have sent full back Zak Hardaker on an anger management course after a violent incident involving full back Zak Hardaker on an anger management course after a violent incident in full back Zak Hardaker on an anger management course on an anger management course after a violent incident in full back Zak Hardaker on an anger management course after a violent incident in full back Zak Hardaker on an anger management course for anger management course for Zak Hardaker on an anger management course after a violent incident in February. Zak Hardaker on an anger management course after a violent incident in February. Zak Hardaker on an anger management course for anger management course after a full back Zak Hardaker on an anger management course after a violent incident in February. Zak Hardaker on an anger management course for an anger management course,False,True,captured
cnndm_2285,cnndm,0.6B,0.5B,4,stochastic,42,6.2117,132.62,38.23,160,25.76,265,94,67,0.3547,1.4,False," Jack Nicklaus, who is 75 years old, at 75 years ago of 75 years old, made a hole-in his 75 years, at 75 years old, at 75 years old, at 75 years old, at 75, at 75, achieved a 75 years old, achieved a hole-in-one on his 75 years old, at 75, at 75, achieved a hole-in-one during the Par-3 Contest, 75 years old, at 75, at 75 years old, made a hole-in-one of 75 years old, achieved a 75 years old, at 75, at 75, at 7",False,True,captured
cnndm_2288,cnndm,0.6B,0.5B,4,stochastic,42,5.9116,177.77,36.06,160,27.07,248,98,62,0.3952,1.58,False," 

The article discusses Liverpool 

The article discusses the player of the season, highlighting the debate over the player of the season, highlighting the debate over the team's player of the season, highlighting the competition for the player of the season, highlighting the competition for the player of the season, highlighting the competition for the player of the season, noting that the player of the season, highlighting that had Luis Suarez was the player of the season, highlighting the competition for the player of the season, highlighting the evolution of the player of the season, highlighting the competition for the player of the season, highlighting the competition for the player of the season, highlighting the player of the season, highlighting the competition for the player of the season, highlighting that the team's player of the season, highlighting the competition for the player",False,True,captured
cnndm_2357,cnndm,0.6B,0.5B,4,stochastic,42,5.9571,290.37,35.64,160,26.86,241,99,61,0.4108,1.62,False," 

Andy Lee, the reigning WBO middleweight champion middleweight champion middleweight champion, faced Peter Quillin in New York middleweight champion middleweight champion, faced Peter Quillin in a 31-year-old reigning WBO middleweight champion, faced Peter Quillin in New York, faced Peter Quillin, a 1200000000000
Andy Lee, faced Peter Quillin in a 31-year-old WBO middleweight champion middleweight champion, faced Peter Quillin, who had a 31-year-old reigning WBO middleweight champion middleweight champion, faced Peter Quillin, who vacated WBO middleweight champion middleweight champion, faced Peter Quillin, a 16202020231",False,True,captured
cnndm_2424,cnndm,0.6B,0.5B,4,stochastic,42,6.5961,177.67,40.37,160,24.26,276,90,70,0.3261,1.29,False," Mario Balotelli, Mario Balotelli, Mario Balotelli, Mario Balotelli, Liverpool's absence, and Liverpool's £16million striker for his absence, Liverpool's £16million striker, was absent for Liverpool's £16million striker, was absent for Liverpool's £16million striker, was absent for Liverpool's £16million striker for Liverpool's £16million striker for Liverpool, who was absent for Liverpool's £16million striker for Liverpool's £16million striker for his absence from Liverpool's £16million striker, was absent for Liverpool's absence for his absence from Liverpool's FA Cup quarter-final, and Liverpool's £16million striker, and Liverpool's £16million striker for his absence in response to critics,",False,True,captured
cnndm_2434,cnndm,0.6B,0.5B,4,stochastic,42,7.2461,351.15,43.36,160,22.08,292,87,73,0.2979,1.19,False," 

Rory McIlroy is the favorite to win the Masters, the article discusses the article discusses the article discusses the potential to win the Masters, completing the article discusses the potential to win the Masters and Bubba Watson, the article discusses the upcoming Masters victory at Augusta National, where the article discusses the potential to win the Masters to win the Masters, which is the favorite to win the article discusses the potential for the article discusses the upcoming Masters victory at the article discusses the potential for the Masters to complete the article discusses the importance of the Masters to complete the career Grand Slam by the article is the article discusses the potential for the career Grand Slam and endures is a 1roy is the favorite to win the article discusses the potential to win the Masters, potentially has a major victory at the",False,True,captured
cnndm_2505,cnndm,0.6B,0.5B,4,stochastic,42,6.1434,249.86,37.07,160,26.04,252,97,63,0.3849,1.54,False," Patrick Bamford, on loan from Chelsea, scored his loan from Chelsea, equalled Middlesbrough's loan from Chelsea loan from Chelsea loan from Chelsea, loan from Chelsea, scored  loan from Chelsea, scored 15 goalscor from Chelsea loan from Chelsea, scored 15 goals, loan from Chelsea, scored his loan from Chelsea, scored 15 goals for Chelsea loan from Chelsea, equalled Middlesbrough, loan from Chelsea, equalled Middlesbrough, scored 15 goalscor loan from Chelsea, scored his loan from Chelsea, scored his loan from Chelsea, scored his loan from Chelsea, scored his loan from Chelsea, scored his loan from Chelsea, scored 15 goals for Middlesbrough's loan from Chelsea, equalled Middlesbrough",False,True,captured
cnndm_2708,cnndm,0.6B,0.5B,4,stochastic,42,7.5216,358.79,45.05,160,21.27,303,84,76,0.2772,1.11,False," Aaron Ramsey, a football player for Arsenal, has scored 25 goalscorpsman, has scored  has scored 3

Okay, I have scored 25 goals for Arsenal player for Arsenal player for Arsenal, has scored 2588888884000000000000000000000
Okay, I need to make sure to the article: player for Arsenal, has scored 25 goals for Arsenal, has scored 25 goalscorpsman for Arsenal, has scored 25 goalscorps: 25 goalscorpsman for Arsenal, has scored 2541. 

Okay, I need to summarize this article: a footballer for Arsenal, has",False,True,captured
cnndm_2716,cnndm,0.6B,0.5B,4,stochastic,42,5.8987,147.35,36.17,160,27.12,250,98,63,0.392,1.56,False," Angelique Kerber won the Family Circle Cup by defeating Madison Keys in a 6-2, defeating Madison Keys in three-set against Madison Keys in three-set by defeating Madison Keys in three sets against Madison Keys in three sets, defeating Madison Keys in a 6-2, defeating Madison Keys in a three-set match against Madison Keys in three sets, defeating Madison Keys in a three-set match against Madison Keys in three-set, defeating Madison Keys in a 6-2, defeating Madison Keys in a three-set match against Madison Keys in three-set against Madison Keys in three-set in three-set by defeating Madison Keys in a 6-2, defeating Madison Keys in a 6-2, defeating Madison Keys in a three-set match against Madison Keys in three-set against Madison Keys, defeating Madison",False,True,captured
cnndm_2723,cnndm,0.6B,0.5B,4,stochastic,42,6.6161,181.46,40.47,160,24.18,278,90,71,0.3237,1.27,False," 

Lewis Hamilton, the 

Lewis Hamilton, the 29-year-old, is ready to bej

Lewis Hamilton, is ready to face potential rival of the 29-year-old British Formula One driver, has been the 29-year-old British Formula One driver, has stated that he is prepared to the 29-year-old British Formula One driver, has been at the Chinese Grand Prix, is ready to face potential for the 2000000000

Lewis Hamilton, the 29-year-old British Formula One driver, has been at the Chinese Grand Prix, has been at the Chinese Grand Prix winner of the 201. 

Lewis Hamilton, the 29-year-old British Formula One driver, has stated that the British Formula One",False,True,captured
cnndm_2754,cnndm,0.6B,0.5B,4,stochastic,42,5.8522,111.97,36.1,160,27.34,253,97,64,0.3834,1.52,False," Oriol Romeu is Oriol Romeu is Oriol Romeu is currently on a midfielder on loan at Stuttgart on loan at Stuttgart and a midfielder on loan at Stuttgart, a midfielder on loan at Stuttgart on loan at Stuttgart and predicts the weekend Premier League and FA Cup match predictor for the midfielder on loan at Stuttgart on loan at Stuttgart and predicts the weekend match predictor of the Bundesliga side on loan at Stuttgart and is currently on a midfielder on loan at Stuttgart, a midfielder on loan at Stuttgart on loan, a midfielder on loan at Stuttgart on loan, a midfielder on loan at Stuttgart on loan, a midfielder on loan at Stuttgart on loan, a midfielder on loan at Stuttgart on loan, and is currently on a season-long loan at Bundesliga side Stuttgart, a midfielder on loan at Stuttgart on loan, a",False,True,captured
cnndm_2790,cnndm,0.6B,0.5B,4,stochastic,42,4.1598,131.62,25.33,160,38.46,175,116,44,0.6629,2.64,False," 

A body was found during a major air-sea body of a body of a kayaker, Stephen Taylor, a body of a kayaker Stephen Taylor, a 54-year-old Stephen Taylor, a 54-year-old Stephen Taylor, a 54-year-old Stephen Taylor, a 54-year-old Stephen Taylor, a 54-year-old Stephen Taylor, a 54-year-old Stephen Taylor, a 54-year-old Stephen Taylor, a 54-year-old Stephen Taylor, a 54-year-old Stephen Taylor, a 54-year-old Stephen Taylor, a 54-year-old Stephen Taylor, a 54-year-old Stephen Taylor, a 54-year-old Stephen Taylor, a 54-year-old Stephen Taylor, a ",False,True,captured
cnndm_2797,cnndm,0.6B,0.5B,4,stochastic,42,7.0677,154.92,43.48,160,22.64,301,84,76,0.2791,1.11,False," 

Nathaniel Clyne has been named as England's first-choice right-back for England's key points out of the article: 

Nathaniel Clyne, a key points out of the first choice right-back for the article discusses his first choice right-back for the article discusses his potential to leave the article is England's first-choice right-back for the Saints defender has been named as England's first-choice right-back for the Saints, has been named as England's first-choice right-back for the Saints has been named England's first-choice right-back by Roy Hodgson, a  has been named as England's first-choice right-back for the Saints, has been named England's first-choice right-back position. The article discusses his first choice right-back for England's first choice right-back for England, a",False,True,captured
cnndm_2835,cnndm,0.6B,0.5B,4,stochastic,42,6.4679,157.58,39.69,160,24.74,275,91,69,0.3309,1.32,False," The Margaret River's the world's top surfers compete top surfers compete top surfers compete, the world's top surfers compete top surfers, the world's top surfers compete in Western Australia's the world's top surfers compete top surfers compete, the world's top surfers compete, saw a series champion surfers compete top surfers compete top surfers compete, saw a series competitors face-offs are the world's top surfers compete top surfers, the world's top surfers compete in Western Australia's renowned surfers compete, the world's top surfers compete in Western Australia's 'The Box' break known elite surfers compete top surfers compete, the world's top surfers compete in Western Australia's renowned surfers compete, saw top surfers compete for",False,True,captured
cnndm_2929,cnndm,0.6B,0.5B,4,stochastic,42,6.61,173.93,40.48,160,24.21,278,90,71,0.3237,1.27,False," 

Andrew Flintoff has 

Andrew Flintoff has called on the English cricketing to the NatWest Twenty20
Andrew Flintoff has called on the English cricket's called on the English cricket's called on the English cricket's called on the English cricketing to support for the NatWest Twenty2. 

Andrew Flintoff has called on the English cricket's called on the English cricketing to call on the English cricketing to support Alastair Cook, in the article:  called on the English cricket's called on the English cricket's Twenty20 Blast, in the article, in the NatWest Twenty20 Blast, in the NatWest Twenty20 Blast, the NatWest Twenty20 Blast, which is a domestic cricket's called on the English cricket's toped the English",False,True,captured
cnndm_3009,cnndm,0.6B,0.5B,4,stochastic,42,5.047,143.48,30.84,160,31.7,214,107,54,0.5,1.98,False," Gael Monfils, Gael Monfils, Gael Monfils, and Gael Monfils, Gael Monfils, Gael Monfils, Gael Monfils, 28, defeated Roger Federer in a Frenchman, the Frenchman, 2828,8.0,Monfils, the Frenchman, 28, 28, the French tennis player, 28, defeated Roger Federer in a Frenchman, 28, defeated Roger Federer in a thrilling last-16, and Monfils, 28, stunned Roger Federer, and 28-year-old Frenchman, and Gael Monfils, Gael Monfils, Gael Monfils, Gael Monfils, Gael Monf",False,True,captured
cnndm_3017,cnndm,0.6B,0.5B,4,stochastic,42,6.6764,128.64,41.18,160,23.97,287,89,72,0.3101,1.24,False," 

Australia captain Michael Clarke believes Kevin Pietersen could play in this summer's Ashes Test series, who is optimistic about Kevin Pietersen could be playing in a  believes Kevin Pietersen could play in the article says Kevin Pietersen could be 

Australia captain Michael Clarke believes Kevin Pietersen could play in the Ashes Test series, who will be

Australia captain Michael Clarke believes Kevin Pietersen could play in the upcoming Ashes Test series. Pietersen could be in the same side, who is optimistic that Kevin Pietersen could play in a 34 believes Kevin Pietersen could play in the article suggests Kevin Pietersen could play in the article, who is the current believes Kevin Pietersen could play in the article says that Kevin Pietersen",False,True,captured
cnndm_3098,cnndm,0.6B,0.5B,4,stochastic,42,9.7237,573.23,57.55,160,16.45,382,65,96,0.1702,0.68,False, not been too far from not been too far from the current reality. The City’s not been too far from the same approach with the plan. He has not been too far from not been too far from the truth. United’s original plans to bring in a new manager of the opinion. But the summer planning the reality. The Netherlands’ top flight. The Etihad Stadium of the point of view of the club’s true. The club's own advice he has been in the truth. The players like-minded in the wayward. There is no doubt. United's own advice. The summer planning. The summer plans for the truth. The summer plans. United will be looking for the right track. The summer planning. United’s initial plans to sell-out of the original plans to extend the contract,False,True,captured
cnndm_3130,cnndm,0.6B,0.5B,4,stochastic,42,6.6899,185.24,40.91,160,23.92,280,90,70,0.3214,1.29,False," 

Jurgen Klopp, the head coach of Borussia Dortmund's decision to leave Borussia Dortmund's departure from Borussia Dortmund's departure from Borussia Dortmund's decision to leave Borussia Dortmund's head coach of Borussia Dortmund, has announced his players, the head coach of Borussia Dortmund's departure from Borussia Dortmund's departure from Borussia Dortmund after seven years as the head coach of Borussia Dortmund's departure from Borussia Dortmund, announced his players, and the article: 

Jurgen Klopp, the head coach of Borussia Dortmund's decision to leave Borussia Dortmund's departure from Borussia Dortmund's successful manager of Borussia Dortmund's departure from Borussia Dortmund after seven years as the head coach of Borussia Dortmund's decision to leave Borussia Dortmund's head coach of Borussia Dortmund,",False,True,captured
cnndm_3227,cnndm,0.6B,0.5B,4,stochastic,42,7.5724,443.69,44.83,160,21.13,300,85,75,0.2833,1.13,False," 

Adrian Heath, 

Adrian Heath, a former Everton and Manchester City's experiences and insights into the MLS, has been in his weekly pre-match press conference, a former Everton and Manchester City former Everton and Manchester City former Everton and Manchester City midfielder and his weekly pre-match press conference, the manager of Orlando City's journeying as the manager of Orlando City's weekly pre-match press conference, a former Everton and Manchester City midfielder and his son of Orlando City's 53, a former Everton and Manchester City's weekly pre-match press conference, a former Everton and Manchester City midfielder and his role in his weekly pre-match press conference, the manager of Orlando City in his weekly pre-match press conference, manager of Orlando City in his weekly pre-match press conference, pre-match press conference, cross",False,True,captured
cnndm_3236,cnndm,0.6B,0.5B,4,stochastic,42,5.799,143.26,35.57,160,27.59,246,98,62,0.3984,1.58,False," Rafael Nadal advanced to the quarter-finals of the Monte Carlo Masters after defeating John Isner, while Roger Federer was defeated John Isner in the Monte Carlo Masters after defeating John Isner in the Monte Carlo Masters after a Monte Carlo Masters after a Monte Carlo Masters after a close victory over John Isner in the Monte Carlo Masters after defeating John Isner, defeating John Isner in a Monte Carlo Masters after defeating John Isner, defeating John Isner, defeating John Isner, while Roger Federer was defeated by defeating John Isner, while Roger Federer was defeated by defeating John Isner, defeating John Isner in the Monte Carlo Masters after a hard after defeating John Isner in the Monte Carlo Masters after defeating John Isner, defeating John Isner in the Monte Carlo Masters after defeating",False,True,captured
cnndm_3317,cnndm,0.6B,0.5B,4,stochastic,42,8.1825,167.08,50.41,160,19.55,348,72,88,0.2069,0.82,False," The article discusses David Cameron's response to BBC's claim that he accused of his claim that he accused of the BBC's claims that he had said foxh's claim that he said he accused of spreading misinformation about his favorite sport being accused of spreading a controversy over a controversy, where he accused of spreading misinformation about his favorite sport claims that he said he accused of spreading misinformation after a misrepresentation of claims that he claimed he accused of misrepresentation of his views on his controversy over a misrepresentation of his statements about his favorite sport, where he accused of spreading misinformation, where he accused the BBC's claim that he said he had said foxh claims that he said he said he said he accused of spreading misinformation, where he accused the BBC's claim that he said foxhunting controversy over a controversial claims",False,True,captured
cnndm_3319,cnndm,0.6B,0.5B,4,stochastic,42,6.7161,121.01,41.48,160,23.82,289,88,73,0.3045,1.21,False," A man in a motorized wheelchair fell onto the man in a motorized wheelchair fell onto the article: A man in a motorized wheelchair fell onto the wheelchair fell onto electrified subway tracks in Washington, D.C., wheelchair fell onto the man in a motorized wheelchair fell onto the article: A man in a motorized wheelchair fell onto the wheelchair fell onto the man in a motorized wheelchair fell onto electrified subway tracks in Washington, D.C., metro was plied wheelchair fell onto the wheelchair fell onto electrified subway tracks in a motorized wheelchair fell onto electrified subway tracks in a motorized wheelchair fell onto the man in a motorized wheelchair fell onto the wheelchair fell onto electrified subway was plied wheelchair fell onto electrified subway tracks in a motorized wheelchair fell onto electrified subway",False,True,captured
cnndm_3330,cnndm,0.6B,0.5B,4,stochastic,42,5.453,133.31,33.46,160,29.34,232,102,58,0.4397,1.76,False," James Milner, a James Milner, a Manchester City midfielder, is considering a Manchester City midfielder for Manchester City midfielder for Manchester City midfielder for Manchester City, is considering his future at Manchester City midfielder for Manchester City, is considering a Manchester City midfielder for Manchester City, Manchester City midfielder, Manchester City midfielder for Manchester City, is considering his future at Manchester City midfielder for Manchester City, is considering his future at Manchester City midfielder for Manchester City, is considering his future at Manchester City midfielder for Manchester City, is considering his future at Manchester City midfielder for Manchester City, is considering his future at Manchester City midfielder for Manchester City, is considering his future at Manchester City midfielder for Manchester City, is considering his future at Manchester City midfielder, Manchester City midfielder for Manchester City, is considering his future at Manchester City",False,True,captured
cnndm_3381,cnndm,0.6B,0.5B,4,stochastic,42,5.5943,143.14,34.28,160,28.6,237,101,60,0.4262,1.68,False," Tim Sherwood, the Tim Sherwood, the manager of Aston Villa manager of Aston Villa manager of Aston Villa manager of Aston Villa, has offered encouragement to a six-year-old fan Charlie Pye, a Aston Villa manager of Aston Villa, has encouraged a six-year-old fan Charlie Pye, a six-year-old fan Charlie Pye, a six-year-old fan Charlie Pye, the manager of Aston Villa manager of Aston Villa, wrote a letter to Charlie Pye, a six-year-old fan Charlie Pye, a six-year-old fan Charlie Pye, and Aston Villa manager of Aston Villa, Aston Villa manager of Aston Villa, wrote a letter to Charlie Pye, a Aston Villa manager, Aston Villa manager, responded to a letter from Aston Villa manager, Aston Villa manager, wrote a",False,True,captured
cnndm_3607,cnndm,0.6B,0.5B,4,stochastic,42,7.6866,266.43,46.67,160,20.82,317,81,80,0.2555,1.01,False," The article discusses the contrasting views between Jose Mourinho and Arsene Wenger on defending and Arsene Wenger regarding the importance of defensive approach to Arsene Wenger on defending and Arsene Wenger on the importance of winning the Chelsea manager of Chelsea manager of Chelsea manager of Chelsea manager and Arsene Wenger on football philosophy of Chelsea manager of Chelsea manager and Arsene Wenger on football philosophy of winning the Chelsea manager and Arsene Wenger on the manager of Chelsea manager and Arsene Wenger on the approach to football and Arsene Wenger regarding defensive approach and Arsene Wenger on the importance of winning at Chelsea manager of Chelsea manager and Arsene Wenger on football philosophy and Arsene Wenger on the nature of football, who is and Arsene Wenger on defending and Arsene Wenger on football philosophy and Arsene Wenger regarding the importance of defensive approach",False,True,captured
cnndm_3739,cnndm,0.6B,0.5B,4,stochastic,42,7.0384,123.26,43.49,160,22.73,302,85,76,0.2815,1.12,False," 

Diego Maradona's recent fitness regimen, a famous footballer and his fitness, one of the greatest footballer Maradona's recent fitness routine as a former football star Maradona's recent fitness routine, which highlights his boxing training as a legendary footballer and his recent fitness routine as he is a former footballer, renowned footballer Maradona's recent fitness routine, highlighting his boxing training as a former football star Maradona's recent boxing training as a former football player, known for his  Maradona's recent boxing training as a way of God Maradona's recent fitness regimen, highlighting his boxing training as a famous football player and his boxing training as a way to maintain his fitness through his boxing training as a former football player who is a legendary footballer",False,True,captured
cnndm_3838,cnndm,0.6B,0.5B,4,stochastic,42,5.0029,147.13,30.54,160,31.98,212,107,53,0.5047,2.02,False," Rafael Nadal defeated Nicolas Almagro 6-3 6-3-6-6-3-6-3-6, 6-3 6-3-6-3 6-3 6-3 6-3 6-3 6-3 6-3 6-3 6-3 6-6-3 6-6-3 6-6-3 6-6-3 6-6-3 6-6-3 6-6-3 6-6-3 6-6-3 6-6-3 6-6-3 6-6-3 6-6-3 6-6-3 6-",False,True,captured
cnndm_4036,cnndm,0.6B,0.5B,4,stochastic,42,7.0617,118.81,43.67,160,22.66,306,84,77,0.2745,1.09,False," Juventus are monitoring Raheem Sterling's situation at Liverpool as a. em Sterling's situation at Liverpool, a potential transfer, a potential transfer of Liverpool's situation at Liverpool as a potential target Raheem Sterling's situation at Liverpool, a potential target Raheem Sterling's situation at Liverpool as a potential transfer, Raheem Sterling's situation at Liverpool, a Liverpool's Raheem Sterling's situation at Liverpool, Raheem Sterling's situation at Liverpool, a Liverpool's Raheem Sterling's situation at Liverpool, a Liverpool's Raheem Sterling's situation at Liverpool as aem Sterling's situation at Liverpool as a wide man Sterling's situation at Liverpool as a  (11. Raheem Sterling's situation at Liverpool, and are monitoring Raheem Sterling's situation at Liverpool",False,True,captured
cnndm_4058,cnndm,0.6B,0.5B,4,stochastic,42,5.8941,147.61,36.14,160,27.15,252,98,63,0.3889,1.56,False," Steven Naismith, Steven Naismith, Steven Naismith, Steven Naismith, a forward for his selfless charity work, a forward for Everton forward for his selfless charity work, and Steven Naismith, has been awarded the Barclays Spirit of the Game Award, a forward for Everton forward for his selfless charity work with his selfless charity work, a forward for Everton, a forward for Everton forward for his selfless charity work with his efforts, efforts have been awarded the Everton forward, the Everton forward, has been awarded the Barclays Spirit of the Game Award, a forward for Everton, a forward for Everton, has been awarded the Barclays Spirit of the Game Awarded the Everton forward, has been awarded the Barclays Spirit of the Game Award, a forward for Everton,",False,True,captured
cnndm_4149,cnndm,0.6B,0.5B,4,stochastic,42,6.7556,154.1,41.52,160,23.68,287,89,72,0.3101,1.24,False," Michael Carrick, a Michael Carrick, 33-year-old midfielder for England, has had nine-time midfield player with 33-year-old midfielder for Manchester United midfielder for England, has had a midfielder for Manchester United midfielder, has had a midfielder for Manchester United, a midfielder for Manchester United midfielder for England, has been a key player for Manchester United midfielder for Manchester United midfielder for England, has had nine-time footballer 33-year-old midfielder for Manchester United midfielder, has been a key player for Manchester United midfielder, has been a key player for Manchester United midfielder, has had nine competitive midfielder for Manchester United midfielder for Manchester United midfielder, has been a key player with 33 caps, has had nine competitive starts for England midfielder for Manchester United midfielder, has been a key player",False,True,captured
cnndm_4226,cnndm,0.6B,0.5B,4,stochastic,42,5.456,153.82,33.35,160,29.33,231,102,58,0.4416,1.76,False," Smita Srivastava, an Indian woman from Allahabad, Uttar Pradesh, currently holds the article is an Indian woman from Allahabad, Uttar Pradesh, an Indian woman from Allahabad, Uttar Pradesh, currently holds the record for the Indian woman from Allahabad, Uttar Pradesh, currently holds the Indian woman who is an Indian woman from Allahabad, Uttar Pradesh, currently holds the longest hair in India, an Indian woman from Allahabad, Uttar Pradesh, currently holds the record for the Indian woman from Allahabad, an Indian woman from Allahabad, Uttar Pradesh, currently holds the record for the Indian woman with her hair is 7ftava, an Indian woman from Allahabad, an Indian woman from Allahabad, an Indian woman from Allahabad, Uttar Pradesh, an Indian woman from",False,True,captured
cnndm_4258,cnndm,0.6B,0.5B,4,stochastic,42,6.0534,181.57,36.93,160,26.43,254,97,64,0.3819,1.52,False," UEFA has charged Barcelona manager Pep Guardiola for wearing a non-sporting nature. Pep Guardiola for wearing a non-sporting nature. Pep Guardiola for wearing a t-shirt demanding justice for a non-sporting nature. Pep Guardiola for wearing a t-shirt demanding justice for a non-sporting nature, Pep Guardiola for wearing a manager Pep Guardiola for wearing a Barcelona manager Pep Guardiola for wearing a t-shirt demanding justice for Jorge 'Pep Guardiola for wearing a t-shirt demanding justice for journalist Jorge Lopez, Pep Guardiola for wearing a manager Pep Guardiola for wearing a disciplinary action against Pep Guardiola for wearing a t-shirt in a disciplinary action against Pep Guardiola for wearing a t-shirt demanding justice for journalist Jorge Lopez, Pep Guardiola for wearing a t",False,True,captured
cnndm_4375,cnndm,0.6B,0.5B,4,stochastic,42,7.9467,386.2,47.55,160,20.13,320,81,80,0.2531,1.01,False," 

Floyd Mayweather and Manny Pacquiao's fight in the article discusses his opponent Manny Pacquiao's fight, which is set to face off the article is the article: Manny Pacquiao's fight against Manny Pacquiao's upcoming fight against Manny Pacquiao's fight, the article discusses his rival Manny Pacquiao's fight is set to face Manny Pacquiao's fight tickets were set to face Manny Pacquiao's upcoming fight against Manny Pacquiao are set to face off the most of the biggest fight in the richest fight in boxing history, the article discusses his opponent Manny Pacquiao's highly anticipated a few of the biggest fight, the article discusses the intense anticipation for the fight, Ade Adebayo's fight, the article discusses his opponent Manny Pacquiao",False,True,captured
cnndm_4559,cnndm,0.6B,0.5B,4,stochastic,42,4.7624,161.62,28.94,160,33.6,199,111,50,0.5578,2.22,False," 

Reality TV star and singer Lil' Chris, whose real name was Chris Hardman, singer Lil' Chris, singer Lil' Chris, whose real name was Chris Hardman, known as Lil' singer Lil' Chris, whose real name was Chris Hardman, known as Lil' Chris, singer Lil' Chris, whose real name was Chris Hardman, known as Lil' Chris, singer Lil' Chris, whose real name was Chris Hardman, whose real name was Chris Hardman, known as Lil' Chris Hardman, known as Lil' Chris, singer Lil' Chris, whose real name was Chris Hardman, known as Lil' Chris, singer Lil' Chris, whose real name was Chris Hardman, known as Lil' Chris, singer Lil' Chris, whose real name was",False,True,captured
cnndm_4589,cnndm,0.6B,0.5B,4,stochastic,42,5.7014,136.12,35.0,160,28.06,243,100,61,0.4115,1.64,False," 

A four-year-old girl with a four-year-old girl named individual, a four-year-old girl with a four-year-old girl with a four-year-old girl with a four-year-old girl named individual, Mazzy, a four-year-old girl named person who is a four-year-old girl with a four-year-old girl with a four-year-old girl with a four-year-old girl with a four-year-old girl with a four-year-old girl named Mazzy, a four-year-old girl with a four-year-old girl named Mazzy, a four-year-old girl with a four-year-old girl with a four-year-old girl named Mazzy, who is a four-year-old girl with a four-year-old girl with a four-year-old girl with a four-year-old girl named Mazzy, a four-year",False,True,captured
cnndm_4621,cnndm,0.6B,0.5B,4,stochastic,42,5.6591,147.54,34.66,160,28.27,240,100,61,0.4167,1.64,False," The Canadian tourist, Debra Fortin, was involved in the death of Fortin, was involved in the death of a Canadian tourist, Debra Fortin, was involved in the death of Fortin, was involved in the death of Fortin, was involved in the article says, was involved in the death of a Chinese woman at the Great Wall of China, who was involved in the death of a Chinese woman at the Great Wall of China woman, was involved in the death of  Fortin, was involved in the death of a Chinese woman at the Great Wall of Fortin, was involved in the article: Fortin, was involved in the article mentions her family, and her family, and the Canadian tourist, Debra Fortin, who was involved in the article: A Canadian",False,True,captured
cnndm_4659,cnndm,0.6B,0.5B,4,stochastic,42,6.8305,401.89,40.43,160,23.42,272,93,68,0.3419,1.37,False," 

Volcano, a 31-year-old Libyan rapper, has released a music video set of Benghazi-based Libyan rapper from Benghazi-based Libyan rapper from Benghazi, has released a music video. The video, is a 31-year-old Libyan rapper, 31-year-old Libyan rapper, has released a music video. The video features him to the conflict-ravaged city of Benghazi, has released a music video set of the conflict, is a 31-year-old Libyan rapper, has released a music video set of the conflict, is a Libyan rapper, has released a music video, is a Libyan rapper, has released a music video. The video features him, is a Libyan rapper, has released a 31-year-old Libyan rapper, has released a 31-year-old",False,True,captured
cnndm_4663,cnndm,0.6B,0.5B,4,stochastic,42,8.2798,310.3,50.12,160,19.32,337,75,85,0.2226,0.88,False," 

The article details a 

The article about two-part of two-part of two-part case involving two-part of the experiences of two-part case involving two separate case involving two individuals, James Houlder and his girlfriend and a series of incidents involving two-part case involving two individuals, James Houlder and a holiday experience of two separate case involving two individuals who experienced severe case involving two separate case involving two individuals who had a holidaymaker, and a family holidaymaker, James Houlder and his girlfriend and Alex Comley, both James Houlder and his girlfriend, Vicki Hood and Alex Comley, both James Houlder and his girlfriend and Alex Comley, and a series of food poisoning incident involving two-part of two separate case involving two individuals who had contracted food poisoning on holiday in Egypt, which includes",False,True,captured
cnndm_4786,cnndm,0.6B,0.5B,4,stochastic,42,7.1143,519.93,41.47,160,22.49,274,92,69,0.3358,1.33,False," 

The article discusses Jamie Carragher criticizes Jamie Carragher criticizes Newcastle United goalkeeper Tim Krul's main focus on Jamie Carragher criticizes Newcastle United goalkeeper Tim Krul centers on Jamie Carragher criticizes Newcastle United goalkeeper Tim Krultraces a footballer discusses Jamie Carragher criticizes Newcastle United goalkeeper Tim Krul centers on Jamie Carragher's main focus is about Jamie Carragher criticizes Jamie Carragher criticizes Jamie Carragher criticizes Jamie Carragher criticizes Jamie Carragher's main topic is the author, written by Jamie Carragher discusses Jamie Carragher criticizes Newcastle United goalkeeper Tim Krulcer discusses Jamie Carragher criticizes Jamie Carragher's main focus on Sportsmail's Jamie Carragher criticizes Jamie Carragher criticizes Jamie Carragher criticizes Jamie Carragher's main focus",False,True,captured
cnndm_4943,cnndm,0.6B,0.5B,4,stochastic,42,6.7366,177.6,41.25,160,23.75,284,89,71,0.3134,1.25,False," 

The hotel owner, 

The hotel owner, Jon Huxley, has plans to convert his hotel owner of Westward Ho! in Folkestone, Kent, plans to convert his plans to reviving a 46-year-old Jon Huxley, is planning to convert his hotel into a swingers' paradise, plans to convert his plans to convert his hotel owner of Westward Ho! in Folkestone, Jon Huxley, plans to convert his property developer Jon Huxley, is planning to convert his hotel into a swingers' paradise, and the hotel's plan to reviving a 46-year-old, has plans to convert his hotel into a swingers' paradise, and the article. 

The hotel owner, Jon Huxley, plans to convert his hotel into",False,True,captured
cnndm_4993,cnndm,0.6B,0.5B,4,stochastic,42,6.2113,359.99,36.8,160,25.76,248,98,62,0.3952,1.58,False," The article discusses the discovery of nearly 2,000 preserved graffiti left by First World War soldiers'2,000 perfectly preserved graffiti written by First World War soldiers'2,000 preserved graffiti written by soldiers'2,0000000 preserved graffiti left by First World War soldiers who left by soldiers' graffiti written by soldiers during World War I soldiers'2,0000000 perfectly preserved graffiti left by First World War soldiers'2,0000000 perfectly preserved graffiti left by First World War soldiers'2,000000000 perfectly preserved graffiti written by First World War soldiers' graffiti by soldiers from a 2,0000000 perfectly preserved graffiti left by First",False,True,captured
cnndm_5012,cnndm,0.6B,0.5B,4,stochastic,42,7.1486,252.02,43.37,160,22.38,295,86,74,0.2915,1.16,False," 

The article discusses a 

The article discusses a woman's experience with facial exercise routine of the author's experience where the author's experience of the author's mother's experience where the author, and her mother's experience with a mother's experience with a 65-year-old woman's experience of a mother's experience with a mother's experience with facial exercise routine that, and her mother's youthful mother's experience with facial exercise routine, a mother's experience with facial exercise routine that the author's mother, 65-year-old woman's experience where the author, inspired by her mother's transformation of the author's mother, and her mother's experience where the author, Sarah's experience where the author, inspired by her mother's youthful mother's experience with facial exercise routine that a woman's experience with",False,True,captured
cnndm_5034,cnndm,0.6B,0.5B,4,stochastic,42,6.2425,194.49,38.04,160,25.63,260,94,66,0.3615,1.42,False," 

Candice Swanepoel has been in Max Factor's latest beauty campaign as Marilyn Monroe is a  is a  has been featured in Max Factor's beauty campaign, a 26-year-old has been featured in Max Factor's beauty campaign as Marilyn Monroe in the article summary: Candice Swanepoel has been working on the article: Candice Swanepoel has been in Max Factor's campaign as Marilyn Monroe, a 26-year-old South African model has been featured in Max Factor's latest beauty campaign, a 26-year-old, a 26-year-old has been featured in Max Factor's latest beauty campaign as Marilyn Monroe in the article: Candice Swanepoel has been working with Max Factor's latest beauty campaign as Marilyn Monroe in Max",False,True,captured
cnndm_5061,cnndm,0.6B,0.5B,4,stochastic,42,6.2116,185.59,37.9,160,25.76,260,94,66,0.3615,1.42,False," 

California Gov. Jerry Brown has ordered state officials to impose mandatory water restrictions for the first time in history, ordering state officials to impose mandatory water restrictions for the first time in the article is implementing mandatory water restrictions for the first time in history on the article about  Brown has ordered state officials to impose mandatory water restrictions for the first-time. Brown has ordered state officials to impose mandatory water restrictions for the article: Jerry Brown has ordered state officials to impose mandatory water restrictions for the article is facing a
Brown ordered state officials to impose mandatory water restrictions for the first time in history on Wednesday ordered state officials to impose mandatory water restrictions for the first time in the article is the article: Jerry Brown has ordered state officials to impose mandatory water restrictions for the article discusses the state's severe drought, the article.",False,True,captured
cnndm_5118,cnndm,0.6B,0.5B,4,stochastic,42,8.3523,185.42,51.36,160,19.16,353,71,89,0.2011,0.8,False," Morgellons disease is a controversial, according to the disease that the disease that is claimed by some sort of a controversial, with symptoms that the disease that the disease that the disease that some sort of a controversial medical condition that the disease that some people suffer from, characterized by symptoms such a controversial, with some people believe to be described by some sort of disease that the disease the condition characterized by symptoms such as fatigue, memory loss, and is a controversial, with some claiming to be a condition that some people believe is a controversial, with some people like a controversial, with some claiming to be a condition that the medical condition that some claim by some considered by some considered by some considered by the disease that the disease the disease that is a controversial condition characterized by symptoms such a controversial condition that the medical",False,True,captured
cnndm_5164,cnndm,0.6B,0.5B,4,stochastic,42,6.1746,165.65,37.79,160,25.91,261,94,66,0.3602,1.42,False," Princess Beatrice of the Princess Beatrice of the United Kingdom, 26, 26-year, 26-year-old royal, 26-year, 26, 26-year, 26, visited Shoreditch, a royal family has been seen at Shoreditch, 26-year-old royal family has been seen at Shoreditch, London's hipster, London fashion scene, spent a royal family has been seen partying at Shoreditch, 26, 26, visited Shoreditch, 26, visited Shoreditch, a royal family has been seen at Shoreditch, London fashion scene, has been seen partying at Shoreditch, London fashion scene, recently visited Shoreditch, London fashion",False,True,captured
cnndm_5202,cnndm,0.6B,0.5B,4,stochastic,42,6.1167,478.88,35.46,160,26.16,234,100,60,0.4274,1.67,False," 

The article discusses a 

The article presents arguments by David Fitzgerald, a leading atheist writer and David Fitzgerald, David Fitzgerald, David Fitzgerald, a leading atheist activist, David Fitzgerald, a writer and leading atheist activist, David Fitzgerald, a writer and a writer and leading atheist activist, David Fitzgerald, a leading atheist activist, David Fitzgerald, a leading atheist activist, David Fitzgerald, a leading atheist activist, David Fitzgerald, a leading atheist activist, David Fitzgerald, a leading atheist writer and leading atheist writer and David Fitzgerald, a leading atheist writer and leading atheist activist, David Fitzgerald, a leading atheist activist, David Fitzgerald, a leading atheist activist, David Fitzgerald, a leading atheist activist, David Fitzgerald, a leading atheist activist and David Fitzgerald, a leading atheist writer and leading atheist activist and a writer and his",False,True,captured
cnndm_5318,cnndm,0.6B,0.5B,4,stochastic,42,7.6132,574.46,44.27,160,21.02,292,87,73,0.2979,1.19,False," The show's first season only had three episodes. Dr Brandt was eight-episode, but the first season only had three episodes. The character. The show's first season only had three episodes. The show episodes. The character, and the character, but the show was only three episodes. The character and the character, and the episode, and the character, but the character, and Dr Franff is a total episodes. The character, Kimmy episodes. The show's first season, but the first season only had three episodes. The character, and Dr Franff appears. The show's first season, but the character and a total of 26 episodes. The character episodes. The character, and Dr Franff appears in total episodes. The character. Dr Franff is a character",False,True,captured
cnndm_5333,cnndm,0.6B,0.5B,4,stochastic,42,7.2229,245.41,43.88,160,22.15,299,86,75,0.2876,1.15,False," The article discusses a study on how skin's study on how skin resists tearing, specifically the skin resists tearing due to its remarkable tear resistance is resistant to tearing resistance to resist tearing, specifically the collagen fibers adaptability to resist tearing due to its remarkable tear resistance is resistant to tearing is resistant to tearing is resistant to tearing, particularly the dermis resists tearing due to its remarkable tear resistance is resistant to tearing, specifically the collagen in the skin resists tearing, specifically the collagen fibers in the dermisunder extreme resistance to tearing is resistant to tearing, specifically the collagen in the skin's mechanical properties, particularly the dermis resists tearing due to its remarkable tear resistance is due to its collagen fibers provide tear resistance is resistant to tearing, particularly the collagen inelastic properties, particularly the dermis",False,True,captured
cnndm_5346,cnndm,0.6B,0.5B,4,stochastic,42,6.0792,193.01,37.02,160,26.32,253,97,64,0.3834,1.52,False," 

The article discusses the escalating tensions between Marine Le Pen family tensions between Marine Le Pen and her father-daughter of tensions between Marine Le Pen and her father-daughter of tensions between Marine Le Pen family tensions between Marine Le Pen, tensions between Marine Le Pen, the tensions between Marine Le Pen, the tensions between Marine Le Pen family tensions between Marine Le Pen, the tensions between Marine Le Pen, tensions between Marine Le Pen, the tensions between Marine Le Pen, tensions between Marine Le Pen, the tensions between Marine Le Pen family tensions between Marine Le Pen family tensions between Marine Le Pen family tensions between Marine Le Pen family and the escalating tensions between Marine Le Pen family tensions between Marine Le Pen family tensions between Marine Le Pen family and the tension between Marine Le Pen, the tensions between Marine Le Pen, the",False,True,captured
cnndm_5365,cnndm,0.6B,0.5B,4,stochastic,42,7.3076,192.2,44.75,160,21.9,307,82,78,0.2671,1.05,False," 

A man strangled his friend Steven Carl Day, where a murder case where a murder case where a man, which occurred in Grand Rapids, Michigan case where a murder case in Grand Rapids, Michigan, murder case in Grand Rapids, Michigan, murder case in Grand Rapids, Michigan, and the murder case where a man, Steven Carl Day, an incident in Grand Rapids, Michigan, in Grand Rapids, Michigan, which took place in Grand Rapids, Michigan, which took place in Grand Rapids, Michigan, in Grand Rapids, Michigan, and the two-man named man, Robert Mccombs, who admitted to molesting confession by Robert Mccombs, the murder case where Steven Carl Day, an incident where a man, Steven Carl Day, a man, Robert Mccombs, who confessed child",False,True,captured
cnndm_5446,cnndm,0.6B,0.5B,4,stochastic,42,5.6819,504.81,32.56,160,28.16,216,106,54,0.4907,1.96,False," The Queen will lead a religious service commemorating the 70th anniversary of Victory in Europe (70th 70th anniversary of VE Day, the 70th anniversary of the 70th anniversary of the 70th anniversary of Victory in Europe (VE Day, the 70th anniversary of Victory in Europe's 70th anniversary of the 70th anniversary of the 70th anniversary of Victory in Europe (VE Day, marking the 70th 70th anniversary of the 70th anniversary of Victory in Europe's 70th anniversary of the 70th 70th anniversary of Victory in Europe (VE Day, the 70th 70th anniversary of Victory in Europe (",False,True,captured
cnndm_5481,cnndm,0.6B,0.5B,4,stochastic,42,6.8058,507.25,39.61,160,23.51,261,94,66,0.3602,1.42,False," 

David Light, account director at The Data Partnership, and the account director at The Data Partnership, which operates a call centre director of The Data Partnership's account director at The Data Partnership, admitted that he is a

David Light, account director of The Data Partnership, account director at The Data Partnership, and the Data Partnership's account director, account director at The Data Partnership's account director of The Data Partnership, account director at The Data Partnership, and other key figurehead of The Data Partnership, which operates a call center of The Data Partnership, a account director at The Data Partnership, and other people. account director at The Data Partnership's account director at The Data Partnership's account director at The Data Partnership's account director at The Data Partnership's account director, account director at The Data Partnership's",False,True,captured
cnndm_5516,cnndm,0.6B,0.5B,4,stochastic,42,6.056,175.76,36.98,160,26.42,253,97,64,0.3834,1.52,False," Carla Zampatti's SS15-1650th SS15-1650th 50th-150150th anniversary collection for SS15-150 SS15-1650th anniversary collection for SS15-15-15-15-15-15-1650th anniversary collection for her 50th anniversary collection at Sydney's SS15-1650th anniversary collection, a 50th 50th-15-15-1650th anniversary collection for SS15-15-15-1650th anniversary collection for SS15-15-15-15",False,True,captured
cnndm_5556,cnndm,0.6B,0.5B,4,stochastic,42,6.4544,438.49,37.84,160,24.79,251,98,63,0.3904,1.56,False, The article compares the cost of hotel room service items in various items of hotel room service items of hotel room service items in  of hotel room service items in  of hotel room service items in various hotel room service items and value of hotel room service items in various hotel room service items in various hotel room service items in various cities for room service items and value of hotel room service items and value of hotel room service items and value of hotel room service items and value of hotel room service items and hotel room service items in various hotel room service items in  of hotel room service items in various hotel room service items in various hotel room service items and value of hotel room service items and value of hotel room service items and value of hotel room service items and value of hotel room service items and hotel room service items,False,True,captured
cnndm_5581,cnndm,0.6B,0.5B,4,stochastic,42,6.9469,200.33,42.43,160,23.03,287,88,73,0.3066,1.21,False," Dunkin Donuts unveiled a new spring menu featuring five new spring menu, a new spring menu featuring high-calorie and high-salt new spring menu featuring high-calorie, a new spring menu with five new spring menu featuring a new spring menu with new spring menu featuring high-calorie and new spring menu with five items in the spring menu with a new spring menu featuring high-calorie, high-spring menu featuring high-calorie, high-calorie-latest spring menu featuring a new spring menu featuring high-calorie and high-calorie-laden a new spring menu with five new spring menu with a new spring menu featuring high-calorie spring menu with new spring menu items on its new spring menu with five new spring menu featuring five new spring menu featuring high-calorie and high-calorie and new spring",False,True,captured
cnndm_5701,cnndm,0.6B,0.5B,4,stochastic,42,5.8087,252.45,34.94,160,27.55,238,101,60,0.4244,1.68,False, The Future Music Festival's 2016 event in 2016 2016 event in 2016 event in 2016 2016 2016 event in 2016 2016 event in 201206 2016 event in 2016 2016 2016 2016 event in 2016 2016 event in 2016 2016 event in 2016 edition in 2016 2016 event in 20120156 2016 2016 2,False,True,captured
cnndm_5721,cnndm,0.6B,0.5B,4,stochastic,42,7.0373,173.17,43.17,160,22.74,297,86,75,0.2896,1.15,False," 

The article details Aaron Hernandez's murder trial, where he had access to a black Glock pistol, a
Hernandez's murder trial, a former New England Patriots player Aaron Hernandez's murder trial, a
Okay, let me try to a summary: Hernandez's murder trial, a former friend Alexander Bradley's murder trial, where he had access to a black Glock pistol, but it's important aspects of the New England Patriots player Aaron Hernandez's murder trial, a former New England Patriots player Aaron Hernandez's murder trial, a former friend Alexander Bradley's murder trial, where he had access to a

The article details the murder trial of Aaron Hernandez's murder trial, where he had access to a New England Patriots player Aaron Hernandez's murder trial, where he had access to a Hernandez's murder trial",False,True,captured
cnndm_5737,cnndm,0.6B,0.5B,4,stochastic,42,6.07,232.87,36.71,160,26.36,249,98,63,0.3936,1.56,False," Sean McCabe, a father-of-three, initially faced with three, 30, diagnosed with stage four Hodgkin of three, was diagnosed with stage four Hodgkin Lymphoma, of three, was diagnosed with stage four Hodgkin Lymphoma, 30, diagnosed with stage four Hodgkin of three, initially planned his own funeral after being diagnosed with stage four Hodgkin Lymphoma, and security guard in his three, was diagnosed with stage four Hodgkin Lymphoma, was diagnosed with stage four Hodgkin of three, initially planned his three, was diagnosed with stage four Hodgkin Lymphoma, and a 30, diagnosed with stage four Hodgkin of three, initially planned his own funeral after being diagnosed with stage four children, was diagnosed with stage four Hodgkin",False,True,captured
cnndm_5797,cnndm,0.6B,0.5B,4,stochastic,42,5.7291,191.16,34.83,160,27.93,238,99,61,0.416,1.62,False," The article discusses the alarming data showing over 20,000,0,000 foreign fighters from 20,000 foreign fighters from 20,000,0,000 foreign fighters from 20,000,00,000,000 foreign fighters from 20,00, 20,000,000 foreign fighters from 20,00,000 foreign fighters from 100 countries, with the rise in the Middle East and West and 20,000,000 foreign fighters from 10,000 foreign fighters from 10,000 foreign fighters from 150,",False,True,captured
cnndm_5811,cnndm,0.6B,0.5B,4,stochastic,42,6.0778,130.38,37.41,160,26.33,259,96,65,0.3707,1.48,False," 

The article details the 

The article describes the death of 17-year-old Justus Howell, a 17-year-old Justus Howell family of a 17-year-old Justus Howell, a 17-year-old incident in Illinois, 17-year-old Justus Howell, a 17-year-old incident in which was shot twice in the back-toxicide of Justus Howell, a 17-year-old man who was shot twice in the fatal shooting death of a 17-year-old incident in which 17-year-old Justus Howell, a 17-year-old Justus Howell, a 17-year-old man who was shot by police in Zion Police shooting death of 17-year-old Justus Howell, a 17",False,True,captured
cnndm_5903,cnndm,0.6B,0.5B,4,stochastic,42,5.7058,183.44,34.73,160,28.04,238,101,60,0.4244,1.68,False," 

The article details that 

The article details that a former Army Intelligence Corps officer Brian Gemmell, during the former Army Intelligence Corps officer Brian Gemmell, a former Army Intelligence Corps officer Brian Gemmell, a former Army Intelligence Corps officer Brian Gemmell, a former Army Intelligence Corps officer Brian Gemmell, a former Army Intelligence Corps officer Brian Gemmell, a former Army Intelligence Corps officer Brian Gemmell, a former Army Intelligence Corps officer Brian Gemmell, in  Brian Gemmell, a former Army Intelligence Corps officer Brian Gemmell, a former Army Intelligence Corps officer Brian Gemmell, a former Army Intelligence Corps officer Brian Gemmell, a former Army Intelligence Corps officer Brian Gemmell, during the former Army Intelligence Corps officer Brian Gemm",False,True,captured
cnndm_5970,cnndm,0.6B,0.5B,4,stochastic,42,5.8713,178.1,35.81,160,27.25,246,99,62,0.4024,1.6,False," The article discusses various regions of the world, including the world regions. In southern Germany, the world regions. In southern Germany, the world regions. In southern Germany, Slovakia, Hungary, Slovakia, Hungary, Slovakia, Hungary, and regions. In southern Germany, Slovakia, Hungary, Slovakia, Hungary, Slovakia, Hungary, Slovakia, Hungary, Slovakia, Hungary, and distinct regions. In southern Germany, a different countries. In southern Germany, highlighting the unique Easter celebrations in southern Germany, Slovakia, Hungary, and southern Germany, Slovakia, Hungary, and southern Germany, Slovakia, Hungary, and southern Germany, Slovakia, Hungary, and southern Germany, Slovakia, Hungary, and southern Germany, Slovakia, Hungary, and regions. In southern Germany, Slovakia, Hungary, and southern Germany, Slovakia, Hungary",False,True,captured
cnndm_6014,cnndm,0.6B,0.5B,4,stochastic,42,6.9863,136.27,43.08,160,22.9,300,85,75,0.2833,1.13,False," 

The article highlights a 

The article about a panda named Lu Lu, Lu Lu, Lu Lu, a panda named panda named panda named panda named Lu Lu, nicknamed panda named Lu Lu, Lu Lu, a panda named Lu Lu, Lu Lu, the record-breaking mating record-breaking mating record-breaking mating record set of pandas named panda named panda named Lu Lu, which has been nicknamed panda named Lu Lu, a panda named Lu Lu, nicknamed panda named Lu Lu, nicknamed panda named Lu Lu, nicknamed panda named Lu Lu, nicknamed panda named Lu Lu, a panda named Lu Lu Lu, a panda named Lu Lu, nicknamed panda named Lu Lu, nicknamed panda named Lu Lu, nicknamed panda named Lu Lu, nicknamed panda named Lu Lu, nicknamed panda named Lu Lu, Lu Lu, a male",False,True,captured
cnndm_6169,cnndm,0.6B,0.5B,4,stochastic,42,4.8592,172.96,29.47,160,32.93,202,109,51,0.5396,2.14,False," 

Michelle Schwab, an assistant director at KinderCare, Michelle Schwab, who dropped her two-year-old son into a cheetah, Michelle Schwab, an assistant director at KinderCare assistant director at KinderCare, Michelle Schwab, an assistant director at KinderCare, Michelle Schwab, an assistant director at KinderCare, Michelle Schwab, an assistant director at KinderCare, Michelle Schwab, an assistant director at KinderCare, Michelle Schwab, an assistant director at KinderCare assistant director at KinderCare, Michelle Schwab, an assistant director at KinderCare, Michelle Schwab, an assistant director at KinderCare, Michelle Schwab, an assistant director at KinderCare, Michelle Schwab, an assistant director at KinderCare, Michelle Schwab, an assistant director at KinderCare assistant",False,True,captured
cnndm_6202,cnndm,0.6B,0.5B,4,stochastic,42,8.5666,377.48,51.5,160,18.68,347,74,87,0.2133,0.85,False," 

John Travolta has publicly addressed the 61, has publicly criticized the HBO's 61 has publicly addressed the controversy, has publicly criticized the HBO's documentary "" 

John Travolta has stated that has publicly stated that he has not experienced in a long a long-time in a long-time and Tom Cruise, has publicly stated that he has not a long a long-time member of the Church of Scientology's 61, has refused to watch the HBO's 61, has stated that he has not watched in a long-time in a statement, has publicly addressed the controversy surrounding the HBO's 61, has publicly stated that he has not the 61, has publicly addressed the controversy surrounding the HBO's documentary director of the 61, has publicly stated that he",False,True,captured
cnndm_6235,cnndm,0.6B,0.5B,4,stochastic,42,5.7288,242.46,34.51,160,27.93,235,102,59,0.434,1.73,False," The Carnival Spirit, a cruise ship with 250000000000-passenger of 2500-passenger with 25000000-passenger cruise ship with 25000000-passenger cruise ship with 25125000000-passenger cruise ship with 250000-passenger cruise ship, is stranded outside Sydney Harbour, is stranded outside Sydney Harbour due to severe weather, is stranded outside Sydney Harbour due to severe weather, is a cruise ship with 2500-passenger cruise ship with 2500-passenger cruise ship with 2512-night cruise ship with 2500-passenger cruise ship with ",False,True,captured
cnndm_6316,cnndm,0.6B,0.5B,4,stochastic,42,7.2749,155.39,44.78,160,21.99,311,82,78,0.2637,1.05,False," The 2015 winter in Boston was an 2015 winter in Boston was an extremely snowy winter in Boston winter in Boston was an extremely snowy winter in Boston was an exceptionally snowy winter in Boston, Boston winter in Boston was an exceptionally snowy winter in Boston, the winter in Boston was an extremely snowy winter in Boston was an exceptionally snowy winter in Boston, the winter of winter in Boston was an exceptionally snowy winter in Boston winter in Boston was marked an unseason in Boston was an unusually heavy snowfall in Boston, Boston winter was an exceptionally snowy winter in Boston, the winter of 2015 winter in Boston winter in Boston was an unusual winter in Boston was an unusual winter in Boston saw Boston winter in Boston was an extremely snowy winter in Boston, Boston winter was marked",False,True,captured
cnndm_6359,cnndm,0.6B,0.5B,4,stochastic,42,6.8391,147.8,42.08,160,23.39,293,87,74,0.2969,1.18,False," Laura Wells, a size 14 model, has spoken to 14 model, has gained international recognition, and the article discusses the article: 145 1442 model, has highlighted the extreme plus-sized model, has become a plus-sized model, has gained international recognition as a model, has become a plus-sized model after her career as a model, has gained international recognition as a plus-sized model, has become an Australian plus-sized model, has gained international recognition as a plus-sized model, has spoken to Australian Women's Weekly magazines, and has become a plus-sized model, has gained international recognition as a plus-sized model, has spoken to Australian Women's model, has gained international recognition as a size 14 model, has gained international recognition as a plus-sized",False,True,captured
cnndm_6420,cnndm,0.6B,0.5B,4,stochastic,42,8.1797,573.81,47.84,160,19.56,316,80,80,0.2532,1.0,False, be involved in the situation. He in the situation. When he was not only made it. The article is awoke up and Shayanna made it clear that he was dismissive and Shayanna made it clear that he was called the situation. He was arrested for the situation. He was also had already had a $1.520 was not taken the situation. He was arrested for the situation. He was awoke up in the situation. He in the situation. He the situation. He the situation. He was not only refused to give in and Shayanna made it clear that he was arrested. He. He. In the situation. He the situation. He the situation. He the situation. He was in the situation. The article is about the situation. He was released his,False,True,captured
cnndm_6423,cnndm,0.6B,0.5B,4,stochastic,42,7.3777,176.93,45.29,160,21.69,310,82,79,0.2645,1.04,False," 

A brazen thief has allegedly brazen theft of Christine Davidson, 41-year-old Christine Davidson family's alleged theft of Christine Davidson family's distressing case where Christine Davidson family's distressing case where Christine Davidson family's case where a brazen theft of Christine Davidson, Christine Davidson, a brazen theft of Christine Davidson, a brazen thief who was diagnosed with terminal brain cancer in South Australian woman, Christine Davidson, a brazen theft of Christine Davidson, a 41-year-old married woman, Christine Davidson, a 61-year-old woman, Christine Davidson, a 41-year-old woman, Christine Davidson, a 61-year-old woman, Christine Davidson, a 41-year-old married woman, Christine Davidson, a 14-year battle of Christine Davidson",False,True,captured
cnndm_6457,cnndm,0.6B,0.5B,4,stochastic,42,6.0126,163.1,36.79,160,26.61,254,97,64,0.3819,1.52,False," The traditional British fish and chips are at risk due to climate change due to climate change is at risk due to climate change is at risk due to climate change is at risk due to climate change is at risk due to be in peril as a staple is at risk due to climate change is at risk due to climate change is at risk due to climate change could face a staple is at risk due to climate change is at risk due to climate change is at risk due to face a threat is at risk due to climate change could face challenges as a staple is at risk due to climate change. As waters are at risk due to climate change, a staple is at risk due to the UK is at risk due to climate change is at risk due to climate change is at risk due to climate change is at risk",False,True,captured
cnndm_6501,cnndm,0.6B,0.5B,4,stochastic,42,7.9864,433.06,47.51,160,20.03,317,81,80,0.2555,1.01,False," Sarah Vine, a woman who has expressed her desire to replace Jeremy Clarkson on the BBC presenter, argues that she is applying for the Jeremy Clarkson's perspective, argues that she is a woman who is expressing her desire to replace Jeremy Clarkson's perspective, argues that she is a suitable for the role candidate for the BBC presenter, argues that she is a suitable for the role candidate for the role candidate for the Top Gear presenter, argues that she would be a suitable for the vacant for the vacant for the vacant role, and a woman who is applying for the Jeremy Clarkson's job, argues that she is a suitable for the role candidate for Jeremy Clarkson's job on the BBC presenter, argues that she is the BBC presenter, argues that she would be a woman who has expressed her desire to take Jeremy Clarkson's",False,True,captured
cnndm_6548,cnndm,0.6B,0.5B,4,stochastic,42,6.0584,166.74,37.05,160,26.41,255,97,64,0.3804,1.52,False," 

Mohammed Suleman Khan, a tax fraudster, known as ""The General"" 

Mohammed Suleman Khan, a tax fraudster, known as ""The General,"" the article: Mohammed Suleman Khan, a tax fraudster, known as ""The General,""The General, a tax fraudster, known as ""The General,  Khan, a tax fraudster known as ""The General,""The General, a  is a tax fraudster known as a tax fraudster known as a tax fraudster known as a tax fraudster known as a tax fraudster known as ""The General,""The General, a  is a tax fraudster Khan, a  Khan, a  Khan, a 43, a tax fraudster, a tax fraudster,",False,True,captured
cnndm_6690,cnndm,0.6B,0.5B,4,stochastic,42,7.9424,190.92,48.75,160,20.14,335,77,84,0.2299,0.92,False," 

Hillary Clinton's Twitter 

Hillary Clinton's follower count is largely consists of a
** follower count is reported that she has 3.6 million followers, which is reported by 2. 

Hillary Clinton's Twitter follower count is significantly inflated, which has been widely reported to be significantly inflates are mostly consists of a

Hillary Clinton's Twitter follower count is significantly inflates with 3.6 million followers, which is 1 follower count is a significant portion is significantly inflated, with only 44% of her followers are mostly consists of a

Hillary Clinton's Twitter follower count is significantly inflated, with only 44% of  has been found to have been found to have been found to have a
**Summary: Hillary Clinton's Twitter follower count is significantly inflated, with",False,True,captured
cnndm_6847,cnndm,0.6B,0.5B,4,stochastic,42,7.9839,173.2,49.12,160,20.04,340,76,85,0.2235,0.89,False," 

The article discusses how excessive alcohol consumption can be affected by oxidative stress, caused by factors like alcohol consumption of oxidative stress, after a heavy night of drinking weak immune systems can be weakened immune cells, after a heavy drinking alcohol consumption of oxidative stress can be weakened immune cells, after a heavy night of drinking alcohol consumption can weaken immune cells in the aftermath of heavy drinking weak immune systems, after a heavy night of the immune cells in the context, after a heavy night of drinking alcohol consumption can weaken the immune system weak immune systems can be weakened immune cells, particularly high doses of vitamin E can be the immune cells, particularly high levels of vitamin E can help from a heavy drinking alcohol consumption can be weakened immune systems can be weakened by drinking alcohol can be affected by oxidative stress, after a heavy night of",False,True,captured
cnndm_6873,cnndm,0.6B,0.5B,4,stochastic,42,5.7794,197.05,35.11,160,27.68,239,100,60,0.4184,1.67,False," David Cameron's eldest daughter Nancy has compared him to Phil Dunphy has compared him to Phil Dunphy from the eldest daughter Nancy has compared him to Phil Dunphy from the article: Nancy has compared him to the, Nancy has compared him to Phil Dunphy from the article, Nancy has compared him to Phil Dunphy from the article, Nancy has compared him to Phil Dunphy from the UK Prime Minister David Cameron's eldest daughter Nancy has compared him to Phil Dunphy from the UK Prime Minister David Cameron's eldest daughter Nancy has compared him to Phil Dunphy, Nancy has compared him to Phil Dunphy from the UK Prime Minister David Cameron's eldest daughter Nancy has compared him to the daughter Nancy has compared him to Phil Dunphy from the article, Nancy, Nancy has compared him to Phil Dunphy from",False,True,captured
cnndm_6945,cnndm,0.6B,0.5B,4,stochastic,42,5.9079,279.76,35.4,160,27.08,240,101,60,0.4208,1.68,False," 

The husband of missing 

The husband of Sydney woman Jessica Bialek, Jessica Bialek, Sabino Matera has posted a heartfelt thank you. The husband of Sydney woman Jessica Bialek woman Jessica Bialek posted a heartfelt thank you to the woman Jessica Bialek posted a woman Jessica Bialek posted a heartfelt thank you on the woman Jessica Bialek, Jessica Bialek posted a heartfelt thank you to the woman Jessica Bialek, Jessica Bialek posted a woman Jessica Bialek posted a woman Jessica Bialek, Jessica Bialek posted a heartfelt thank you on social media, Jessica Bialek posted a heartfelt thank you on the woman Jessica Bialek woman Jessica Bialek, Jessica Bialek posted a woman Jessica Bialek",False,True,captured
cnndm_6952,cnndm,0.6B,0.5B,4,stochastic,42,5.8702,136.96,36.06,160,27.26,250,97,63,0.388,1.54,False," 

Technology billionaire Elon Musk pursued a sale of his struggling electric-car company Tesla to sell his struggling electric car company Tesla to Google in 2013. Musk pursued a sale of his struggling electric-car company Tesla to sell his struggling electric-car company Tesla, founder of Tesla, pursued a sale of his struggling electric-car company Tesla, the company Tesla, founder of Tesla, pursued a sale of his struggling electric-car company Tesla, the company Tesla, the company Tesla, a sought to sell his struggling electric-car company Tesla, the founder of Tesla, pursued a sale of his struggling electric-car company Tesla to sell his struggling electric-car company Tesla, the founder of Tesla, pursued a sale of his struggling electric-car company Tesla, the founder of Tesla, pursued a sale of his struggling electric-car company Tesla",False,True,captured
cnndm_7011,cnndm,0.6B,0.5B,4,stochastic,42,6.5101,132.33,40.11,160,24.58,279,91,70,0.3262,1.3,False," 

The article highlights that 

The article highlights that Australians are spending more Australians are spending more Australians are spending significantly more Australians are spending significantly more Australians are spending significantly more Australians are spending significantly more on average Australians are spending more Australians are spending significantly increased spending on technology spending on technology has increased spending on technology by Australians are spending significantly more Australians are spending significantly more Australians are spending significantly more on average Australians are spending significantly increased spending on technology by Suncorp Bank's report from the data from the average Australians are spending significantly more Australians are spending significantly more on average Australians are spending significantly more Australians are spending significantly increased spending on technology by Suncorp Bank's Australians are spending significantly more Australians are spending significantly more Australians are spending significantly more Australians are spending significantly more Australians are spending significantly more on average Australians are spending",False,True,captured
cnndm_7043,cnndm,0.6B,0.5B,4,stochastic,42,7.9057,202.29,48.45,160,20.24,332,77,84,0.2319,0.92,False," The article discusses the article discusses the scientific basis of eye contact in signaling in signaling in attracting someone's role in signaling in attracting attention and how eye contact in signaling in signaling in flirting and how eye contact influences on how eye contact in signaling in human attraction, highlighting its importance in signaling in signaling in human attraction, highlighting how eye contact is a powerful tool for signaling in human attraction, emphasizing its role in signaling in human attraction, highlighting how eye contact is a powerful role in signaling sexual attraction and how it's role in signaling sexual interest in social interaction in signaling in human attraction, highlighting how eye contact influences on how eye contact in signaling sexual attraction, emphasizing its role in signaling in flirting and how it's important in signaling in flirting and how it's used to signal sexual attraction and its importance in signaling in",False,True,captured
cnndm_7089,cnndm,0.6B,0.5B,4,stochastic,42,4.9117,173.35,29.8,160,32.58,204,109,51,0.5343,2.14,False," Claudia Winkleman, Claudia Winkleman, Claudia Winkleman, 43, has become the first presenter of the 43, 43, 43, the 43, 43, has become the first presenter of the 43, has become the first presenter of 43, has become the first presenter of 43, has become the first presenter of 43, has become the first presenter of 43, has become the first presenter of the 43, 43, has become the first presenter of 43, has become the first presenter of Strictly Come Dancing's first season 43, has become the first presenter of 43, has become the first presenter of Strictly Come Dancing",False,True,captured
cnndm_7098,cnndm,0.6B,0.5B,4,stochastic,42,7.0625,143.64,43.51,160,22.65,303,85,76,0.2805,1.12,False," The article discusses a survey finding that shopping with friends leads to increased spending by oneself with friends leads to higher spending due to  with friends leads to increased spending by oneself is associated with friends leads to increased spending by oneself is a survey finding that shopping with friends leads to increased spending by oneself is a survey finding that shopping with friends leads to higher than with friends leads to increased spending by oneself is more than  with friends leads to higher than shopping with friends leads to higher than shopping alone is associated with friends leads to higher spending due to peer pressure and the  with friends leads to increased spending by  with friends leads to higher than with friends leads to higher spending with friends leads to increased spending, with friends leads to higher spending with friends leads to increased spending with friends leads to increased spending with friends leads to",False,True,captured
cnndm_7104,cnndm,0.6B,0.5B,4,stochastic,42,6.5716,177.42,40.22,160,24.35,277,90,70,0.3249,1.29,False," 

The article highlights that 

Karren Brady, a TV star Karren Brady, a TV star Karren Brady, a TV star Karren Brady, a TV star Karren Brady, during a TV star TV star Karren Brady, during a TV star TV star Karren Brady, a TV star and the TV star Karren Brady, during a campaign event in a TV star TV star Karren Brady, during a campaign event in Newark-based on a TV star Karren Brady, a TV star, during a campaign event in Newark-based on the TV star Karren Brady, a TV star and the TV star Karren Brady, during a campaign event in Newark-based on the key facts and the TV star Karren Brady, during a campaign event in a TV star Karren Brady, during",False,True,captured
cnndm_7148,cnndm,0.6B,0.5B,4,stochastic,42,5.408,125.97,33.22,160,29.59,231,103,58,0.4459,1.78,False," 

The body of a missing hiker, Kyle Knox has been found near the foot of Ben Nevis three weeks after he disappeared hiker, Kyle Knox, a 23-year-old hiker, Kyle Knox, a 23-year-old hiker, Kyle Knox has been found near the foot of Ben Nevis three weeks after he disappeared while missing hiker, Kyle Knox, a 2333333-year-old hiker, Kyle Knox has been found near the body of Kyle Knox has been found near the foot of Ben Nevisiting hiker, Kyle Knox, Kyle Knox has been found near the foot of Ben Nevis three weeks after he disappeared while missing hiker, Kyle Knox, a 23-year-old hiker, Kyle Knox has been found near",False,True,captured
cnndm_7166,cnndm,0.6B,0.5B,4,stochastic,42,5.8897,141.88,36.15,160,27.17,252,97,63,0.3849,1.54,False, A full-scale terror alert was sparked this week was sparked this week was sparked this week was sparked this week after a dummy wearing a balaclava been triggered after a dummy was sparked this week after a dummy wearing a balaclashed this week was sparked this week after awoke up this week after a dummy wearing a barge was sparked this week after a dummy was sparked this week after awoke up this week after awoke up this week after awoke up this week after a dummy wearing awoke up this week after a dummy wearing a barge was triggered after a dummy wearing awoke this week was sparked this week after awoke up this week after a dummy wearing a barge was triggered after a dummy wearing a barge was triggered after a dummy was sparked this week after a dummy,False,True,captured
cnndm_7261,cnndm,0.6B,0.5B,4,stochastic,42,5.671,174.52,34.57,160,28.21,236,101,60,0.428,1.68,False," 

Edward Fride, pastor Edward Fride, Edward Fride, pastor Edward Fride, pastor Edward Fride of Christ the King in Ann Arbor, Michigan, has advised his actions, Edward Fride, has advised his parishioners to address to the church in Ann Arbor, Michigan, Edward Fride, pastor Edward Fride, pastor Edward Fride of Christ the King in Ann Arbor, Michigan, Edward Fride, has suggested that is the pastor Edward Fride, pastor Edward Fride of Christ the King in Ann Arbor, Michigan, Edward Fride, pastor Edward Fride of Christ the King in the pastor Edward Fride, pastor Edward Fride of Christ the King in Ann Arbor, Michigan, has advised his parishioners to address to his actions, and the pastor at Christ",False,True,captured
cnndm_7342,cnndm,0.6B,0.5B,4,stochastic,42,5.6336,433.3,32.71,160,28.4,217,106,55,0.4885,1.93,False," 

An Australian teenager, Audrey Pekin, 19-year-old Australian teenager, Audrey Pekin, australian teenager, Audrey Pekin, an Australian teenager, Audrey Pekin, australian teenager, Audrey Pek incident where an Australian teenager, Audrey Pek incident where an Australian teenager, 19-year-old Australian teenager, Audrey Peknown Australian teenager, Audrey Pekin, 19-year-old Australian teenager, Audrey Pek incident where an Australian teenager, 19-year-old Australian teenager, Audrey Pek, Audrey Pekin, an Australian teenager, Audrey Pekin, 19-year-old Australian teenager, Audrey Pekin, australian teenager, Audrey Pek of an Australian teenager, Audrey Pekin, australian teenager,",False,True,captured
cnndm_7347,cnndm,0.6B,0.5B,4,stochastic,42,5.9094,342.76,35.01,160,27.08,234,102,59,0.4359,1.73,False," 

A mother-of-one 

A mother-of-one, Dawn Williamson, 3999, Dawn Williamson, 3939-year-old, Dawn Williamson, 3999939-year-old, Dawn Williamson, 3939-year-old, Dawn Williamson, 39-year-old, Dawn Williamson, 3999
Dawn Williamson, 39-year-old, Dawn Williamson, 39, Dawn Williamson, 39, Dawn Williamson, 3999

Okay, let me try to a 3993, Dawn Williamson, 39, Dawn Williamson, 39-year-old Dawn Williamson, 39-year-old, Dawn Williamson, Dawn Williamson, 399993, Dawn Williamson",False,True,captured
cnndm_7356,cnndm,0.6B,0.5B,4,stochastic,42,7.3353,347.44,43.95,160,21.81,295,86,74,0.2915,1.16,False," 

Toshiba's humanoid robot, in-store in-store in-store in Tokyo department store robot, Aiko Chihira, along with other robots, such as the humanoid robot, along with other robotic assistant robot, Aiko Chihira, a humanoid robot, aiko Chihira, aiko Chihira, a humanoid robot named Aiko Chihira, a humanoid robot, along with other robotic assistant, along with other companies are introducing aiko Chihira, a humanoid robot named Aiko Chihira, a humanoid robot, Aiko Chihira, a humanoid robot named Aiko Chihira, a humanoid robot named Aiko Chihira, aiko Chihira, a humanoid robot, Aiko Chihira, in a humanoid robot, A",False,True,captured
cnndm_7398,cnndm,0.6B,0.5B,4,stochastic,42,5.4093,193.22,32.81,160,29.58,223,105,56,0.4709,1.88,False," Tori Spelling, Tori Spelling, Tori Spelling, Tori Spelling, and her husband Dean McDermott, their family, and her husband Dean McDermott, their family, and friends, and her husband Dean McDermott, and her husband Dean McDermott, and her husband Dean McDermott, and their family, and friends were at a Benihana, and her husband Dean McDermott, their family, and friends were at a Benihana, and her family, and her husband Dean McDermott, and her husband Dean McDermott, and their family, and friends were at Benihana, and her family, and her family, and friends, and her family, and friends were at a Benihana, and her",False,True,captured
cnndm_7427,cnndm,0.6B,0.5B,4,stochastic,42,6.8596,190.34,41.95,160,23.32,287,89,72,0.3101,1.24,False," 

The article details the 

The article describes the dramatic arrest of Paul Monk, a dramatic arrest of Paul Monk, a dramatic arrest of Paul Monk, a dramatic arrest of Paul Monk, armed police raid on Paul Monk, Spanish police's dramatic arrest of Paul Monk, a dramatic arrest of Paul Monk, by the dramatic arrest of Paul Monk, a dramatic arrest of Paul Monk, and the arrest of Paul Monk, a dramatic arrest of Paul Monk, arrest of Paul Monk, a dramatic arrest of Paul Monk, the dramatic arrest of Paul Monk, by the Spanish police in Spain police raid on Paul Monk, by armed police raid on Paul Monk, a dramatic police raid on Paul Monk's dramatic arrest of Paul Monk, the dramatic arrest of Paul Monk, police raid on Paul Monk's villa raid on Paul Monk",False,True,captured
cnndm_7555,cnndm,0.6B,0.5B,4,stochastic,42,6.4768,194.18,39.51,160,24.7,271,93,68,0.3432,1.37,False," 

A father, Raymond Lee Fryberg, Raymond Lee Fryberg Jr., and the case involving a father, Raymond Lee Fryberg Jr. Raymond Lee Fryberg Jr., Raymond Lee Fryberg Jr. was arraigned in Seattle for a father, Raymond Lee Fryberg's case involving a father, Raymond Lee Fryberg's case, Raymond Lee Fryberg Jr., Raymond Lee Fryberg Jr., Raymond Lee Fryberg Jr. pleaded not guilty by a father, Raymond Lee Fryberg's case, where a father, Raymond Lee Fryberg's case, where a father, Raymond Lee Fryberg, a father, Raymond Lee Fryberg Jr. Raymond Lee Fryberg Jr., Raymond Lee Fryberg Jr., and the legal case involving Raymond Lee Fryberg Jr., Raymond Lee Fryberg Jr., Raymond Lee Fryberg",False,True,captured
cnndm_7608,cnndm,0.6B,0.5B,4,stochastic,42,6.2837,403.78,36.98,160,25.46,247,99,62,0.4008,1.6,False," 

Sharon Winters 

Sharon Winters 

Sharon Winters 

Sharon Winters, a 39-year-old woman who was searching for her brother Stephen Robinson has been killed by her brother Stephen Robinson 

Sharon Winters 

Sharon Winters 

Sharon Winters, a 39-year-old woman who was searching for her soulmate on an online dating site, a  was killed by Kevin Hawke, a 3901

Sharon Winters, a 39-year-old woman was killed by Kevin Hawke, a 39-year-old woman,  was killed by Kevin Hawke 

Sharon Winters was a  was killed by Kevin Hawke 

Sharon Winters was a 39-year-old age 39",False,True,captured
cnndm_7615,cnndm,0.6B,0.5B,4,stochastic,42,5.6989,142.36,34.95,160,28.08,242,99,61,0.4091,1.62,False," Supermarket customers in France can add airline tickets to their shopping lists thanks to a budget airline Transavia France, specifically at Carrefour City shops, can add airline tickets to add airline tickets to their shopping lists can add airline tickets to their shopping lists thanks to a budget airline Transavia France have access airline tickets to their shopping lists can add airline tickets to their shopping lists thanks to add airline tickets to their shopping lists thanks to a unique promotion by a budget airline Transavia France are participating Carrefour City shops, including Carrefour City shops, particularly in Carrefour City shops, vending machines and other than add airline tickets to their shopping lists thanks to a budget airline Transavia France are participating Carrefour City shops, vending machines and at participating Carrefour City shops, vending machines and",False,True,captured
cnndm_7699,cnndm,0.6B,0.5B,4,stochastic,42,7.0384,197.45,43.02,160,22.73,295,86,74,0.2915,1.16,False," Sir Ranulph Fiennes, 1. 

Sir Ranulph Fiennes, 71-year-old explorer has become the oldest Briton to complete the oldest Britonnes has become the oldest Britonnes has become the oldest Briton to complete the Marathon des Sables, 1. 

Okay, I need to summarize the 13

Sir Ranulph Fiennes, 71, 3
Okay, let's summary: Sir Ranulph Fiennes, 71, 12. Sir Ranulph Fiennes, at 71 years old, has become the oldest Britonnes has become the oldest Britonnes has become the oldest Britonnes has become the oldest Britonnes has become the oldest Briton to complete the Marathon",False,True,captured
cnndm_7705,cnndm,0.6B,0.5B,4,stochastic,42,5.1711,198.3,31.28,160,30.94,213,107,54,0.5023,1.98,False," 

Liz Norden, a mother, Liz Norden, a mother, Liz Norden, a mother, Liz Norden, a mother, Liz Norden, a mother, Liz Norden, a mother, Liz Norden, a mother, Liz Norden, a mother, Liz Norden, a mother, Liz Norden, whose two-year-old mother, Liz Norden, a mother, Liz Norden, a mother, Liz Norden, a mother, Liz Norden, whose two sons, JP and the mother of the mother, Liz Norden, a mother, Liz Norden, a mother, Liz Norden, a mother, Liz Norden, a mother, Liz Norden, a mother, Liz Norden, a mother, Liz Norden, a mother",False,True,captured
cnndm_7741,cnndm,0.6B,0.5B,4,stochastic,42,6.1313,154.97,37.59,160,26.1,260,96,65,0.3692,1.48,False," 

Bobby Moore's granddaughter, the granddaughter, the article is a granddaughter, the granddaughter, Poppy Moore, 23-year-old granddaughter, Poppy Moore, 23-year-old granddaughter, Poppy Moore, 23-year-old granddaughter, Poppy Moore, 23-year-old granddaughter Poppy Moore, 23-year-old granddaughter Poppy Moore, 23-year-old granddaughter Poppy Moore, 23-year-old granddaughter Poppy Moore, 23-year-old granddaughter Poppy Moore, 23-year-old granddaughter Poppy Moore's granddaughter, the article discusses the wedding of his granddaughter Poppy Moore, 23-year-old granddaughter, Poppy Moore, a granddaughter, Poppy Moore, the granddaughter, Poppy Moore's granddaughter, Poppy Moore",False,True,captured
cnndm_7753,cnndm,0.6B,0.5B,4,stochastic,42,8.0066,444.94,47.56,160,19.98,319,81,80,0.2539,1.01,False," 

Esther McVey, a Conservative minister in the Conservative MP for her Wirral West seat, a prominent Tory minister has faced misogynistic and her Wirral West seat, a prominent Tory minister in the article discusses the Conservative MP for her marginal Wirral West seat, which is a prominent Tory minister Esther McVey, a prominent Tory minister Esther McVey, a prominent Tory minister Esther McVey, a prominent Tory minister faces intense personal attacks, a prominent Tory minister faces intense personal attacks, including her Wirral West seat, a Conservative MP for her marginal Wirral West, a Conservative MP for Wirral West seat, which is a Conservative MP for Wirral West seat, where the Conservative minister, who won her Wirral West seat, a Conservative MP for Wirral West seat",False,True,captured
cnndm_7813,cnndm,0.6B,0.5B,4,stochastic,42,5.7338,145.1,35.15,160,27.9,242,100,61,0.4132,1.64,False," 

A man at Pearson International Airport in Toronto Airport security incident at Pearson International Airport in Toronto Pearson International Airport in Toronto Airport security incident at Toronto Pearson International Airport in Toronto where a man, a man at Pearson International Airport in Toronto where a man refusing to comply with security staff at a man at Pearson International Airport in Toronto where a man at Pearson International Airport in Toronto where a man at Pearson International Airport in Toronto where a man refusing to comply with security staff at a man at Toronto Pearson International Airport in Toronto where a man at Pearson International Airport in Toronto Airport incident at Pearson International Airport in Toronto where a man at Pearson International Airport in Toronto where a man, at Pearson International Airport in Toronto where a man refusing to comply with security staff at a man at Toronto Pearson International Airport in Toronto Airport incident where a man",False,True,captured
cnndm_7838,cnndm,0.6B,0.5B,4,stochastic,42,7.5595,573.67,43.94,160,21.17,290,88,73,0.3034,1.21,False," including a 'foot lift of the face', and a 'tong face lift of the face lift of the face, and a 'total face lift, and a 'c, 'perinebotox, and 'tonge and a 'to help with the goal of the 'cheekknee, and a 'hip lift', and a 'foot lift of the face, and a 's, and a 'face lift of the face', and a 'but is a 'foot lift of the face', and a 'full face lift, and 's 'slimming, and a 'tongue 'nose job, and a 'face lift, and a 'cleft eye lift, and a 'lip lift of the 'face lift of the feet, and",False,True,captured
cnndm_7862,cnndm,0.6B,0.5B,4,stochastic,42,5.5067,202.56,33.36,160,29.06,227,104,57,0.4581,1.82,False," 

The article details a 19-year-old California 19-year-old model, 19-year-old California 19-year-old California 19-year-old California 19-year-old model named 19-year-old California 19-year-old California 19-year-old California 19-year-old California 19-year-old California 19-year-old model named 19-year-old model named 19-year-old California 19-year-old California 19-year-old California 19-year-old California 19-year-old California 19-year-old California 19-year-old California 19-year-old model named Chanel, a 19-year-old model, Chanel, a 19-year-old model, Chanel, a ",False,True,captured
cnndm_7936,cnndm,0.6B,0.5B,4,stochastic,42,6.1395,172.69,37.53,160,26.06,258,96,65,0.3721,1.48,False," 

Brendan Rodgers 

Brendan Rodgers, the manager of Liverpool has been convicted of leaving a Liverpool manager of Liverpool has been convicted of Liverpool manager has been convicted of leaving a Liverpool manager has been convicted of Liverpool manager has been convicted of Liverpool manager has been convicted of leaving a property to rot 

Brendan Rodgers, the manager of Liverpool, the manager of Liverpool manager of Liverpool manager of Liverpool has been convicted of leaving a property to be

Brendan Rodgers, the manager of Liverpool manager of Liverpool has been convicted of leaving a property to be

Okay, I

Brendan Rodgers

Brendan Rodgers, the manager of Liverpool manager of Liverpool has been convicted of leaving a property to leave a property to rot, the manager of Liverpool manager of Liverpool has been convicted of leaving",False,True,captured
cnndm_7952,cnndm,0.6B,0.5B,4,stochastic,42,6.3295,144.17,38.9,160,25.28,271,93,68,0.3432,1.37,False," 

Porsche has tested 

Porsche has tested its new vehicle in a world-first stunt in a new vehicle in a new vehicle in a  the 918 Spyder, in a world's newest vehicle in a world-first stunt in a  the 918 Spyder, in a world-first stunt in the Australia Outback of their 918 Spyder in a world-first stunt in a 918 Spyder at  their new vehicle in a world-first stunt in the Australia Outback in a world-first stunt in the Australia Outback, in a world-first stunt in a new vehicle in a world-first stunt in the Australia Outback, in a world-first stunt in the Australia Outback in a world-first stunt in the Australia Outback, in a world",False,True,captured
cnndm_8049,cnndm,0.6B,0.5B,4,stochastic,42,4.8969,183.52,29.64,160,32.67,204,110,51,0.5392,2.16,False," Britt McHenry, a 28-year-old sports reporter for ESPN based in Washington D.C., a 28-year-old sports reporter for ESPN based in Washington D.C. sports reporter for ESPN based in Washington D.C., has been suspended from ESPN sports reporter for ESPN based in Washington D.C.-based sports reporter for ESPN sports reporter for ESPN, 28-year-old sports reporter for ESPN based in Washington D.C., a 28-year-old sports reporter for ESPN based in Washington D.C., a 28-year-old sports reporter for ESPN based in Washington D.C.-based sports reporter for ESPN, was suspended from her position at ESPN sports reporter for ESPN based in Washington D.C., a 28-year-old sports reporter for ESPN sports reporter for ESPN based in Washington D.C",False,True,captured
cnndm_8077,cnndm,0.6B,0.5B,4,stochastic,42,6.6028,210.02,40.21,160,24.23,276,91,69,0.3297,1.32,False," Maison Souquet, a Maison Souquet, a newly-opened in Paris, is a newly-opened in Paris, is a newly-opened in Paris, newly-opened hotel in Parisian new hotel in Paris, newly-opened in Paris, is a newly-opened hotel in Paris, newly-opened hotel in Paris, is a newly-opened hotel in Paris, newly-opened hotel in Parisian, newly-opened hotel in Parisian hotel in Paris, is a new hotel in Paris, is a newly-opened in Paris, is a newly-opened hotel in Paris, newly-opened luxury hotel in Paris, is a newly-opened hotel in Paris, is a luxurious and provocative hotel in Paris, is a newly-opened hotel in Paris, newly-opened in Paris, is",False,True,captured
cnndm_8088,cnndm,0.6B,0.5B,4,stochastic,42,6.7106,165.58,41.16,160,23.84,284,90,71,0.3169,1.27,False," 

The article highlights that 

The article discusses how Chrissy Teigen, a model and chef Chrissy Teigen, in the model and chef Chrissy Teigen, a model and chef Chrissy Teigen, a model and chef Chrissy Teigen's a model and chef Chrissy Teigen, a model and chef Chrissy Teigen, in the wake-up to the model and chef Chrissy Teigen's how Chrissy Teigen, a 29-year-old model and chef Chrissy Teigen, a model and chef Chrissy Teigen's a social media personality and emphasizes the model and chef Chrissy Teigen, in the context and that Chrissy Teigen, following model and chef Chrissy Teigen's the recent social media personality and chef and that Chrissy Teigen",False,True,captured
cnndm_8142,cnndm,0.6B,0.5B,4,stochastic,42,4.6615,202.53,28.04,160,34.32,191,113,48,0.5916,2.35,False," A 36-year-old Louisiana sheriff's deputy, Louisiana sheriff's deputy, Burt Hazeltine, Louisiana sheriff's deputy, Burt Hazeltine, Louisiana sheriff's deputy, Burt Hazeltine Louisiana sheriff's deputy, Burt Hazeltine Louisiana sheriff's deputy, Louisiana sheriff's deputy, Burt Hazeltine Louisiana sheriff's deputy, Burt Hazeltine, Louisiana sheriff's deputy, Burt Hazeltine, Louisiana sheriff's deputy, Louisiana sheriff's deputy, Louisiana sheriff's deputy, Burt Hazeltine Louisiana sheriff's deputy, Burt Hazeltine, Louisiana sheriff's deputy, Louisiana sheriff's deputy, Burt Hazeltine, Louisiana sheriff's deputy, Louisiana sheriff's deputy, Louisiana sheriff's deputy, Louisiana sheriff's deputy, Louisiana sheriff's",False,True,captured
cnndm_8152,cnndm,0.6B,0.5B,4,stochastic,42,5.4104,314.95,32.05,160,29.57,216,106,54,0.4907,1.96,False," 

The photojournalist Yaakov Naumi, raised in an ultra orthodox Jewish community. 

The photojournalist Yaakov Naumi, raised in an ultra orthodox Jewish photographer Yaakov Naumi, raised in an ultra orthodox Jewish man, Yaakov Naumi, raised in an ultra orthodox Jewish community, Yaakov Naumi, Yaakov Naumi, raised in an ultra orthodox Jewish man, Yaakov Naumi, raised in an ultra orthodox Jewish man, Yaakov Naumi, Yaakov Naumi, raised in an ultra orthodox Jewish photographer Yaakov Naumi, raised in an ultra orthodox Jewish man, Yaakov Naumi, who grew up in an ultra orthodox Jewish community, a photojournalist Yaakov Naumi, raised in an ultra orthodox Jewish man, Yaakov Naumi, raised",False,True,captured
cnndm_8177,cnndm,0.6B,0.5B,4,stochastic,42,6.9126,466.44,40.54,160,23.15,269,92,68,0.342,1.35,False," 

Sir David Nicholson, the former head of the former head of the NHS, the former head of the former head of the NHS, the former head of the former head of the NHS, the former head of the NHS England's warning highlights the NHS's urgent warning of a substantial financial problem, the former head of the NHS, the former head of the NHS, the former head of the NHS England's criticism of the former head of the NHS, the former head of the NHS England's criticism of the NHS England's recent former head of the former head of the NHS, the former head of the former head of the NHS England's former head of the NHS, the former head of the NHS England's critique of Labour's former head of the NHS England's recent former head of the NHS, the",False,True,captured
cnndm_8230,cnndm,0.6B,0.5B,4,stochastic,42,4.9092,167.28,29.82,160,32.59,203,108,52,0.532,2.08,False," The European Central Bank president, Mario Draghi, Mario Draghi, was sprayed with confetti by a female protester, Josephine Mario Draghi, was attacked by a female protester, Mario Draghi, was attacked by a female protester during a press conference in Frankfurt, Germany, Mario Draghi, was left cowering behind his bodyguard, Mario Draghi, was confronted by a female protester, and the president of the European Central Bank, Mario Draghi, was sprayed with confetti by Mario Draghi, was attacked by a female protester during a press conference in Frankfurt, Germany, Mario Draghi, was sprayed with confetti by a female protester, and the European Central Bank president, Mario Draghi, was sprayed with confetti by a female protester, Josephine Witt, a female protester",False,True,captured
cnndm_8269,cnndm,0.6B,0.5B,4,stochastic,42,5.7323,136.72,35.19,160,27.91,243,99,62,0.4074,1.6,False," A woman was spotted threatening people with 'a crowd with a dildo in each hand with a dildo in each hand during an altercation outside the public with a dildo in each person with a dildo in each hand during an altercation outside Roches Family Hotel in Grafton, with a crowd with a dildo in each person with a dildo in each hand with a dildo in each hand during an altercation outside Roches with a dildo in each hand with a dildo in each hand with a dildo in each hand with a dildo in each person with 'a dildo in each hand with a dildo in each hand with a dildo in each hand with a dildo in each person with a dildo during an altercation outside Roches with a dildo in each person with 'a dildo in each person with 'a dildo in each hand with a",False,True,captured
cnndm_8321,cnndm,0.6B,0.5B,4,stochastic,42,6.5148,191.66,39.77,160,24.56,272,92,68,0.3382,1.35,False," 

The article discusses that 

The article discusses that British home sellers in the UK, in the UK property sellers in the UK, sellers in the UK, in the UK, in the UK, sellers in the UK, sellers in the UK are overvaluation of the UK property sellers in the UK are overvaluing their homes in the UK, in the UK, sellers in the UK are overvaluing their homes are now, in the UK, sellers in the UK, in the UK, sellers in the UK, sellers in the UK are overvaluation of houses in the UK, in the UK, sellers in the UK are overvaluation of houses in the UK property sellers in the UK are now, British property sellers are overvaluing their homes in the UK, sellers in the UK are over",False,True,captured
cnndm_8345,cnndm,0.6B,0.5B,4,stochastic,42,6.961,173.78,42.69,160,22.99,293,87,74,0.2969,1.18,False," 

PayPal is developing 

PayPal is developing a new generation of edible passwords that are edible, but has announced edible passwords that would be powered by stomach acid-powered edible passwords that are not actual edible passwords that would be powered by stomach-powered edible passwords that the next-generation of edible passwords that are edible passwords that will be powered by stomach acid-powered edible passwords that would be powered by stomach-powered edible passwords that would be powered by stomach-powered edible passwords that would be the next-generation of edible passwords that would be powered by stomach acid-powered edible passwords that would be powered by stomach acid-powered edible passwords that would be powered by stomach-powered edible passwords that will be powered by stomach-powered edible passwords that will be the next generation of edible passwords that would be powered by stomach-powered edible passwords that would be a new generation",False,True,captured
cnndm_8511,cnndm,0.6B,0.5B,4,stochastic,42,8.7128,175.37,53.69,160,18.36,371,68,93,0.1833,0.73,False," 

Sophie English, a baby born during the Vietnam War, a baby born during her mother, a baby born during the Vietnam War adoptee of Australian, born during her story is an Australian, born during her mother, a baby adopted as an Australian, was adopted as an adopted as an adopted as an adopted as an infant adopted as an infant adopted as an infant during her mother, a baby adopted as an adopted as an infant born during the Australian, was adopted as an Australian woman born during the Vietnam War, a baby adopted as an adopted as an infant during her story is about to find closure, a baby adopted by birthed at the height of the Vietnam War adoptee of Australian descent from Australia's journeyed at the height of the Australian, was adopted as an adopted as an infant",False,True,captured
cnndm_8519,cnndm,0.6B,0.5B,4,stochastic,42,6.7119,239.23,40.71,160,23.84,278,90,70,0.3237,1.29,False," Ed Miliband, Labour Ed Miliband, Labour leader, criticized the leader, criticized the UK leader, criticized the UK leader, has criticized the UK and the UK leader, criticized David Cameron David Cameron and the leader, criticized David Cameron David Cameron David Cameron and other EU leaders, criticized the UK and other EU leaders, criticized the UK and EU leaders, including Ed Miliband, Labour leader, criticized the UK and EU for his leader, criticized David Cameron and other EU leaders and a leader, criticized the UK and other EU leaders, including the leader, criticized the UK and EU leaders, including David Cameron and other EU leaders, including David Cameron and other EU leaders, criticized the UK and EU for the leader, criticized the UK and EU leaders, including David Cameron David Cameron and other EU leaders and",False,True,captured
cnndm_8521,cnndm,0.6B,0.5B,4,stochastic,42,5.2583,145.81,32.15,160,30.43,222,104,56,0.4685,1.86,False," The Edwardian-style brothel at 417 Bruswick Street in Fitzroy, once owned by Wei Tang, located at 417 Brus, formerly known as Club 41, formerly known as Club 417, formerly known as Club 417, formerly known as Club 417, formerly known as Club 417, once known as Club 417, once known as Club 417 on Brunswick Street in Fitzroy, formerly known as Club 417, once known as Club 417 on Brunswick Street in Fitzroy, formerly known as Club 417, formerly known as Club 417 on Brunswick Street in Fitzroy, once known as Club 417, formerly",False,True,captured
cnndm_8550,cnndm,0.6B,0.5B,4,stochastic,42,7.1237,410.32,42.22,160,22.46,283,90,71,0.318,1.27,False," The article discusses a study in which researchers planning to drill into the mass extinction of the Chicxulub crater in which researchers planning to drill into the cause of the extinction of the Chicxulub crater drilling into the cause of the extinction of the planning to drill into the Chicxulub crater in which researchers plan to drill project aiming to drill project aimed at the planning to drill into the Chicxulub crater in which researchers planning to drill project planned to drill into the Chicxulub crater in which researchers plan to drill 20119849529200002000 feet, the researchers planning to drill into the Chicxulub crater in Mexico to understand the extinction of the Chicxulub crater in which researchers plan to",False,True,captured
cnndm_8585,cnndm,0.6B,0.5B,4,stochastic,42,4.7148,146.7,28.73,160,33.94,197,111,50,0.5635,2.22,False," 

The family of a 

The family of a North Carolina toddler, Austin West, who drowned in a pool in North Carolina toddler, Austin West, a 4-year-old North Carolina toddler, Austin West, a four-year-old North Carolina toddler, Austin West, a 4-year-old North Carolina toddler, Austin West, a four-year-old North Carolina toddler, Austin West, 4-year-old Austin West, a 4-year-old North Carolina toddler, Austin West, a 4-year-old North Carolina toddler, Austin West, a four-year-old North Carolina toddler, Austin West, a four-year-old Austin West, a four-year-old Austin West, a four-year-old Austin West, a four-year-old North Carolina toddler, Austin West, a four-year-old Austin West, a four-year",False,True,captured
cnndm_8678,cnndm,0.6B,0.5B,4,stochastic,42,6.3267,405.24,37.24,160,25.29,249,97,63,0.3896,1.54,False," The article recounts the first use of chlorine gas in World War I chlorine gas in World War I chlorine gas in World War I on April 22, chlorine gas in World War I chlorine gas in World War Gas in World War gas in World War I on April 22, chlorine gas in World War I have chlorine gas in World War I
Okay, I Chlorine gas in World War I on April 22, chlorine gas in World War I chlorine gas in World War I chlorine gas in World War Gas in World War I chlorine gas in World War Gas in World War I on April 22 chlorine gas in World War I think about chlorine gas in World War I chlorine gas in World War in World War I chlorine gas in World War I chlorine gas in World War I氯",False,True,captured
cnndm_8684,cnndm,0.6B,0.5B,4,stochastic,42,6.1609,175.7,37.64,160,25.97,258,96,65,0.3721,1.48,False," The article discusses a food safety incident at The article discusses a food safety incident at The article discusses a food safety incident at The article discusses a food safety incident at The article where inspectors found mouldy food safety incident at The Steer Inn in Wilber at The article discusses a food safety incident at The article discusses a food safety incident at The Steer at The Steer Inn in which led to the restaurant in East Yorkshire where a restaurant in which led to a restaurant in East Yorkshire, where inspectors found mouldy food and poor hygiene at The article discusses a food safety incident at The article discusses a food safety incident at The Steer at The Steer Inn in which a restaurant in East Yorkshire, The article discusses a food safety incident at The Steer at The Steer Inn in which a restaurant in",False,True,captured
cnndm_8744,cnndm,0.6B,0.5B,4,stochastic,42,7.1073,397.54,42.2,160,22.51,282,90,71,0.3191,1.27,False," 

The article details a high-speed chase in Cleveland, Ohio, where a high-speedy case involving Cleveland police shooting incident in Cleveland police shooting incident in Cleveland, Ohio, where a high-speed police shooting incident in Cleveland, Ohio police shooting incident in Cleveland, Ohio police shooting incident in Cleveland, Ohio police shooting in Cleveland, Ohio, a Cleveland police officer, Michael Brelo, a high-speed police chase involving Cleveland police shooting incident in Cleveland, Ohio police shooting incident in Cleveland, Ohio police shooting in Cleveland, Ohio, where a high-speed police shooting in Cleveland, Ohio, in Cleveland police shooting in Cleveland, Ohio, a Cleveland police officer, Michael Brelo, a high-speed police chase in Cleveland, Ohio, where a high-speed police chase involving Cleveland police officer, Michael Brelo, a high-speed",False,True,captured
cnndm_8799,cnndm,0.6B,0.5B,4,stochastic,42,6.9449,359.61,41.42,160,23.04,278,91,70,0.3273,1.3,False," 

The article details the investigation into Lord Stevens investigation into allegations of a cover-up of Lord Stevens' investigation into Lord Stevens' investigation into Lord Stevens' investigation into allegations against Lord Stevens investigation into Lord Stevens is to be investigated over allegations of Lord Stevens' investigation into allegations against Lord Stevens' investigation into allegations against Lord Stevens' investigation into allegations against Lord Stevens is to be investigated over allegations against Lord Stevens, and the ongoing investigation into allegations against Lord Stevens, the investigation into Lord Stevens' investigation into allegations of a probe into allegations against Lord Stevens, former Metropolitan Police's investigation into allegations of a cover-up of Lord Stevens' investigation into allegations against Lord Stevens, former Metropolitan Police Commissioner Lord Stevens is being investigated by the Independent Police Complaints investigation into Lord Stevens' investigation into allegations against Lord Stevens, former Metropolitan Police",False,True,captured
cnndm_8886,cnndm,0.6B,0.5B,4,stochastic,42,7.0429,252.11,42.71,160,22.72,291,88,73,0.3024,1.21,False," The article recounts the tragic events of recounts the tragic events of four young sisters being forced return of four young sisters, in 2012 when four young sisters being torn family separation of four young sisters, the Vincenti sisters being forcibly returning four young sisters, in 20120 the Vincenti sisters, in 2012 when four young sisters, the Vincenti sisters, four young sisters, the Vincenti sisters, four young sisters, the Vincenti sisters, in 2012020 the Vincenti sisters, four young sisters being torn apart of four young sisters, the Vincenti sisters, four young sisters being forcibly returning four young sisters, the Vincenti sisters, four young sisters being forced return of four young sisters, the Vincenti sisters,",False,True,captured
cnndm_8908,cnndm,0.6B,0.5B,4,stochastic,42,7.1096,177.69,43.6,160,22.5,299,85,76,0.2843,1.12,False," 

A tragic accident involving a Lamborghini crash involving a 24-year-old man's tragic accident that occurred when 24-year-old man, 24-year-old man's tragic accident involving a 244. The article describes a tragic accident involving a 24-year-old man, Tavon Watson, a tragic accident involving a Lamborghini crash involving a 24-year-old man's tragic accident involving a 24-year-old man, Tavon Sunday accident involving a 24-year-old man's birthday celebration of a tragic accident involving a Lamborghini crash at the tragic accident involving a Lamborghini crash at the Exotic Driving Experience at Walt Disney World Exotic Driving Experience at the tragic accident involving a Lamborghini crash at Walt Disney World speedway accident involving a",False,True,captured
cnndm_8943,cnndm,0.6B,0.5B,4,stochastic,42,5.6063,136.45,34.4,160,28.54,238,101,60,0.4244,1.68,False," Matthew Kenney, a 34-year-old man in Florida, ran naked through traffic in Florida man in Florida man in Florida man in Fort Lauderdale man in Fort Lauderdale man in Fort Lauderdale man in Fort Lauderdale, Florida man in Fort Lauderdale man in Fort Lauderdale, 34-year-old man from Florida, ran naked through traffic in Fort Lauderdale man in Fort Lauderdale, 34-year-old man from Florida, ran naked through traffic in Fort Lauderdale, 34-year-old man in Florida, ran naked through traffic in Fort Lauderdale, 34-year-old man in Florida, ran naked man in Fort Lauderdale, 34-year-old man in Florida, ran naked man in Fort Lauderdale, Florida man in Fort Lauderdale, 34-year-old man from Florida, ran naked through traffic in",False,True,captured
cnndm_8983,cnndm,0.6B,0.5B,4,stochastic,42,5.6267,157.05,34.4,160,28.44,237,101,60,0.4262,1.68,False," The article discusses a lightning strike on an Icelandair flight from Icelandaircraft, an Icelandair flight from Icelandaircraft during a flight from Icelandair flight  Icelandair flight 671 of an Icelandair flight from Reykjavik, an Icelandair flight from Icelandair flight 671 of an Icelandair flight from Icelandair flight 6757 aircraft during a flight from Reyk Icelandair flight 6757 aircraft during a flight from Reykjavik, Icelandair flight 6757 aircraft during a flight from Reykjavik, Icelandair flight 6713775 an Icelandair flight from Icelandair flight 6757 aircraft. The article discusses a lightning strike on a Icelandair flight  an Icelandair",False,True,captured
cnndm_8985,cnndm,0.6B,0.5B,4,stochastic,42,6.2315,357.21,36.94,160,25.68,248,98,63,0.3952,1.56,False," The article discusses the controversy surrounding the revival of Margaret Thatcher's right-to-buy policy, which has been accused of hypocrisy for opposing the proposed extension of extending the right-to extend the right-to extend the right-to-buy policy to extend of extending the right-to-buy policy to extend the right-to-buying's plan to extend the right-to-buy policy to extend the right-to-buy policy to extend of extending the right to extend the right-to-buy policy to extend the right-to-buy policy to extend the right-to-buy policy to extend the right-to-buy policy to extend the right-to-buying policy to extend the right-to-buying policy, which has been accused of hypocrisy for proposing to extend the right-to extend the proposed extension of extending the right-to-buy policy to extend the right-to-buy policy to extend the",False,True,captured
cnndm_8992,cnndm,0.6B,0.5B,4,stochastic,42,5.0221,455.6,28.72,160,31.86,189,113,48,0.5979,2.35,False," 

The 30-year-old lingerie model Sarah Stage, from Los Angeles, Sarah Stage, a lingerie model Sarah Stage, a 30-year-old lingerie model Sarah Stage, a 30-year-old lingerie model Sarah Stage, a  Sarah Stage, a 30-year-old lingerie model Sarah Stage, a 30-year-old lingerie model Sarah Stage, a  Sarah Stage, a 30-year-old lingerie model Sarah Stage, a 30-year-old lingerie model Sarah Stage, a 30-year-old lingerie model Sarah Stage, a 30-year-old lingerie model Sarah Stage, a 30-year-old lingerie model Sarah Stage, a 30-year-old lingerie model Sarah Stage, a 30-year-old lingerie model Sarah Stage, a 30",False,True,captured
cnndm_9018,cnndm,0.6B,0.5B,4,stochastic,42,4.6885,155.37,28.51,160,34.13,195,111,49,0.5692,2.27,False, The article discusses a North Korea's new school textbook that claims Kim Jong-un textbook that claims Kim Jong-un textbook that claims Kim Jong-un textbook that claims Kim Jong-un textbook that claims Kim Jong-un textbook that claims Kim Jong-un textbook that claims Kim Jong-un textbook that claims Kim Jong-un textbook that claims Kim Jong-un textbook that claims Kim Jong-un textbook that claims Kim Jong-un textbook that claims Kim Jong-un textbook that claims Kim Jong-un textbook that claims Kim Jong-un textbook that claims Kim Jong-un textbook that claims Kim Jong-un textbook that claims Kim Jong-un textbook that claims Kim Jong-un textbook that claims Kim Jong-un textbook that claims Kim Jong-un textbook that claims Kim Jong-un textbook that claims Kim Jong-un textbook that claims Kim Jong-un textbook that claims Kim Jong-un textbook that claims Kim Jong-un textbook,False,True,captured
cnndm_9269,cnndm,0.6B,0.5B,4,stochastic,42,7.0114,535.21,40.73,160,22.82,271,93,68,0.3432,1.37,False," The article discusses the resurgence, highlighting the author, highlighting the country, highlighting the country, highlighting the country, highlighting the success, highlighting the country, highlighting the success, highlighting the country's revival, highlighting the success of the  and the author, highlighting the country, highlighting the current success, highlighting the country, highlighting the success of the  and the author's success, highlighting the country's success, highlighting the country, highlighting the country's current success, with the country, highlighting the success, highlighting the country's revival, highlighting the success, highlighting the country's revival, highlighting the country, highlighting the success of the article, highlighting the current success, with the country now surpassing France, highlighting the country's recent success, with over the article discusses the resurgence of British car manufacturing, highlighting",False,True,captured
cnndm_9285,cnndm,0.6B,0.5B,4,stochastic,42,7.2825,276.12,44.07,160,21.97,299,86,75,0.2876,1.15,False," 

The article details a 

The article describes a tragic incident in South Huntsville, Alabama,  violent home invasion in South Huntsville, Alabama,  double shooting incident in South Huntsville, Alabama home invasion by a homeowner, Lisa Skinner, who was a deadly double shooting incident in South Huntsville, Alabama home invasion in South Huntsville, Alabama, 20

The article describes a tragic incident in South Huntsville, Alabama,  dramatic double shooting incident in South Huntsville, Alabama,  double shooting incident in South Huntsville, Alabama, incident in South Huntsville, Alabama,  double shooting incident in South Huntsville, Alabama,  double shooting incident in South Huntsville, Alabama,  double shooting incident in South Huntsville, Alabama,  double shooting in South Huntsville,",False,True,captured
cnndm_9325,cnndm,0.6B,0.5B,4,stochastic,42,6.0881,274.51,36.56,160,26.28,248,99,62,0.3992,1.6,False," Check It, a documentary about a gang of over 200 members of a gang of the only documented gang of the only documented gang of gay and a gang of  follows the story of a gang of gay and transgender youths in Washington DC's only documented gang of gay and transgender youths in Washington DC's Check It, a documentary Check It, a documentary Check It, a documentary Check It, a documentary about a gang of gay and transgender youths in Washington DC's only documented gang of gay and fashion label, and a new independent film about a gang of gay and transgender and fashion label, and a group of over 200 members of the only documented gang of the only documented gang of the only documented gang of a gang of 120
Okay, I need to summarize this",False,True,captured
cnndm_9344,cnndm,0.6B,0.5B,4,stochastic,42,7.6255,133.91,47.12,160,20.98,327,77,83,0.2355,0.93,False," British Airways has launched a mindfulness programme to help passengers. mindfulness programme to help passengers during its new mindfulness programme to help passengers relax and refreshingly for its new Mindfulness Programme to help passengers cope with the Mindfulness Programme to help passengers feel-good Mindfulness Programme to promote mindfulness programme to help passengers cope with the stress-referred a mindfulness programme called Mindfulness for Travel to help passengers feel more relaxed and calming mindfulness programme called Mindfulness for Travel to help passengers feel more relaxed, mindfulness programme to help passengers relax during its new Mindfulness Programme to help passengers to help program called Mindfulness for Travel Mindfulness Programme to promote mindfulness program called ""Mindfulness for Travel""Mindfulness Programme to promote mindfulness program called Mindfulness Programme to promote mindfulness program for its new Mindfulness Programme to help passengers to help passengers to help",False,True,captured
cnndm_9434,cnndm,0.6B,0.5B,4,stochastic,42,7.2942,141.86,44.98,160,21.94,313,81,79,0.2588,1.03,False," The article discusses a planned merger between Comcast and Time Warner Cable, which would have a meeting between Comcast and Time Warner Cable, with the $45 billion. Time Warner Cable, with Time Warner Cable, Time Warner Cable, which is Time Warner Cable, which is expected to be Time Warner Cable, which is Time Warner Cable, which may have to Time Warner Cable, with Time Warner Cable, which would have too much power in a meeting with Time Warner Cable, which could have a planned merger between Comcast and Time Warner Cable, which is Time Warner Cable, which is expected to be Time Warner Cable, which is expected to be a potential merger between Comcast and Time Warner Cable, which would have too large cable giant Time Warner Cable, which is expected to be, Time Warner Cable, which is likely",False,True,captured
cnndm_9524,cnndm,0.6B,0.5B,4,stochastic,42,5.8251,263.26,34.98,160,27.47,237,100,60,0.4219,1.67,False, Kim Kardashian and Kanye West visited an Armenian church in Jerusalem for the couple visited an Armenian church in Jerusalem for the couple visited an Armenian church in Jerusalem for the family visited an Armenian church in Jerusalem for the baptism of their daughter North West visited an Armenian church in Jerusalem Armenian church in Jerusalem for the baptism of their daughter North West's daughter North West visited an Armenian church in Jerusalem on Monday visited an Armenian church in Jerusalem for the baptism of their daughter North West were in Jerusalem for the baptism of their daughter North West were baptized their daughter North West were in Jerusalem for the baptism of their daughter North West were baptized their daughter North West were in Jerusalem for the baptism of their daughter North West were in Jerusalem for the baptism of their daughter North West were in Jerusalem for the baptism of their daughter North West were baptized their,False,True,captured
cnndm_9567,cnndm,0.6B,0.5B,4,stochastic,42,5.0046,228.01,30.04,160,31.97,203,109,52,0.5369,2.1,False," 

Peter Mutty, a  Mutty, an engineer, Peter Mutty, an engineer, sentenced to six months in Saudi Arabia was sentenced to six months in jail and 75 lashes, a  Mutty, an Australian citizen, Peter Mutty, an Australian citizen, Peter Mutty, an Australian citizen, Peter Mutty, an Australian citizen, Peter Mutty, an engineer, Peter Mutty, an Australian citizen, Peter Mutty, an Australian citizen, Peter Mutty, an engineer, sentenced to six months in jail and 75 lashes, a 57-year-old engineer, Peter Mutty, an engineer, sentenced to six months in Saudi Arabia, who was sentenced to six months in Saudi Arabia was sentenced to six months in Saudi Arabia, who was jailed for",False,True,captured
cnndm_9612,cnndm,0.6B,0.5B,4,stochastic,42,6.6543,574.17,38.24,160,24.04,252,96,64,0.381,1.5,False," New Zealand's west coast Gloriavale is a picturesque Lake Haupiri. Gloriavale is where Gloriavale is located on Lake Haupiri, New Zealand's west of Lake Haupiri is where Gloriavale is where Gloriavale is home to Gloriavale is a long with Lake Haupiri Gloriavale is located in the late March 2013

The family, Gloriavale is a remote area where Gloriavale is located in the region is where Gloriavale is where Gloriavale Gloriavale is located on Lake Haupiri, on Lake Haupiri, where Gloriavale is a few years ago, the Gloriavale is home to the lake,",False,True,captured
cnndm_9712,cnndm,0.6B,0.5B,4,stochastic,42,6.7455,136.63,41.57,160,23.72,288,88,72,0.3056,1.22,False," 

The article describes a 

The article about Shiba In a four-legged shopkeeper named entity, Shiba In a four-legged shopkeeper named shop in Tokyo tobacco shop in Tokyo tobacco shop in Tokyo tobacco shop in Tokyo, a four-legged shopkeeper named Shiba Inu dog named Shiba In a four-legged shopkeeper named entity, Shiba Inu dog named shop in Tokyo, where a four-legged shopkeeper named Shiba Inu dog named Shiba Inu dog named shop in Tokyo where a dog named Shiba who is a four-legged shop in Tokyo tobacco shop in Tokyo, which has become a four-legged shopkeeper named Shiba Inu dog named Shiba Inu dog named Shiba Inu dog named entity, Shiba, Shiba In a four-legged shopkeeper named",False,True,captured
cnndm_9713,cnndm,0.6B,0.5B,4,stochastic,42,5.9436,158.72,36.38,160,26.92,251,96,64,0.3825,1.5,False," The article discusses the upcoming documentary series 'Our Planet,'Our Planet, 'Our Planet, 'Our Planet,'Our Planet, a sequel to the acclaimed 'Our Planet, 'Our Planet,'Our Planet, a sequel to the popular series 'Our Planet, a sequel to the popular series 'Our Planet, a sequel to the popular series 'Our Planet, a sequel to be produced by Silverback Films in the sequel to the acclaimed series 'Our Planet, a sequel to be 'Our Planet, a sequel to be a sequel to the popular series 'Our Planet, a sequel to the popular series 'Our Planet, a sequel to be a sequel to the popular series 'Our Planet, a sequel to the popular series 'Our Planet, a sequel to be ""Our Planet, a sequel to be """,False,True,captured
cnndm_9775,cnndm,0.6B,0.5B,4,stochastic,42,6.1234,242.45,36.99,160,26.13,252,97,63,0.3849,1.54,False," 

Nigel Farage visits 

Nigel Farage visits an Army veterans' centre in Kent, a veterans' centre in Kent, in Kent's an Army veterans' centre in Kent and engages in discussions with Army veterans' a veterans' centre in Kent, a veterans' centre in Kent and meets veterans' a veterans' centre in Kent's Army veterans' centre in Kent's Army veterans' centre in Kent, where? 

Nigel Farage visits an Army veterans' centre in Kent, visits an Army veterans' centre in Kent, where? 

Nigel Farage visits an Army veterans' centre in Kent, a veterans' centre in Kent, and engages in discussions with an Army veterans' centre in Kent, a veterans' centre in Kent's Army veterans' centre in Kent, a veterans' centre in Kent",False,True,captured
cnndm_9934,cnndm,0.6B,0.5B,4,stochastic,42,6.6808,285.31,40.22,160,23.95,273,91,69,0.3333,1.32,False," A 13-year-old boy in Barcelona attacked a schoolboy in Barcelona high school student in Barcelona high school student in Barcelona, Spain, who had a 'hit list, the boy is under 1-old boy in Barcelona, Spain, a boy in Barcelona, Spain, shot and killed a male student in Barcelona, Spain, attacked a boy in Barcelona attacked a boy in Barcelona attacked a schoolboy in Barcelona, identified as a boy, identified by initials M.P.C. A 13-year-old boy in Barcelona, identified by initials M.P.C. in Barcelona, Spain, a boy in Barcelona, identified by initials M.P.C. (13-year-old boy in Barcelona, Spain, attacked a school in Barcelona, Spain, killed a teacher and injured several others in Barcelona high school student",False,True,captured
cnndm_9992,cnndm,0.6B,0.5B,4,stochastic,42,4.8458,201.46,29.21,160,33.02,199,111,50,0.5578,2.22,False," 

A 39-year-old man, Jondrewes. 39-year-old man, 39-year-old man, Jondrew Lachaux, 39-year-old man, 39-year-old man, Jondrew Lachaux, 39-year-old man, 39-year-old man, Jondrew Lachaux, 39, 39-year-old man, Jondrew Lachaux, 39-year-old man, Jondrew Lachaux, 39, 39-year-old man, Jondrew Lachaux, a 39-year-old man, Jondrew Lachaux, 39, 39-year-old man, Jondrew Lachaux,",False,True,captured
cnndm_10027,cnndm,0.6B,0.5B,4,stochastic,42,4.9384,253.67,29.46,160,32.4,200,110,50,0.55,2.2,False," Abigail Ahern, Abigail Ahern, a celebrated interior designer and Abigail Ahern, Abigail Ahern, Abigail Ahern, Abigail Ahern, Abigail Ahern, a celebrated interior designer and best-selling author and Abigail Ahern, Abigail Ahern, a celebrated interior designer and best-selling author and Abigail Ahern, Abigail Ahern, Abigail Ahern, Abigail Ahern, Abigail Ahern, Abigail Ahern, a celebrated interior designer and Abigail Ahern, Abigail Ahern, Abigail Ahern, Abigail Ahern, is a celebrated interior designer and Abigail Ahern, Abigail Ahern, a celebrated interior designer and Abigail Ahern, a celebrated interior designer and best-selling author, and celebrated",False,True,captured
cnndm_10072,cnndm,0.6B,0.5B,4,stochastic,42,8.0285,154.99,49.52,160,19.93,342,73,87,0.2135,0.84,False," A Japanese woman who got sweet revenge on a sweet revenge on her cheating boyfriend by giving her cheating on a Japanese woman took revenge on her cheating on a sweet revenge on her cheating on her cheating on a sweet revenge on her cheating boyfriend, after her cheating on her cheating on her cheating boyfriend by giving her cheating on by giving her cheating on by giving her cheating boyfriend's sweet revenge on her cheating boyfriend took revenge on her cheating boyfriend, in a relationship with her cheating on by giving her cheating on by her cheating boyfriend, giving his Apple collection a good wash, sending her cheating on by giving her cheating boyfriend's Apple collection a good wash, after her cheating boyfriend's Apple collection of her cheating boyfriend's Apple collection a Japanese woman who got sweet revenge on her cheating on by giving her cheating on her cheating on",False,True,captured
cnndm_10084,cnndm,0.6B,0.5B,4,stochastic,42,6.0855,574.11,34.66,160,26.29,228,103,58,0.4518,1.78,False,I thought I picked a safe person but it turned out I picked a person. I thought I picked a safe person. I thought I picked a safe person but it turned out I picked a person. I thought I thought I picked a safe person but it turned out I thought I picked a person. I thought I picked a safe person but it turned out of a person. I thought I picked a safe person but it turned out of a person. I thought I picked a safe person. I thought I picked a safe person but it turned out I picked anything but it turned out I picked anything but it turned out I picked anything but it turned out I picked a person. I thought I thought I picked a safe person but it turned out I picked anything but it turned out I picked a safe person,False,True,captured
cnndm_10112,cnndm,0.6B,0.5B,4,stochastic,42,6.7367,154.14,41.4,160,23.75,285,89,72,0.3123,1.24,False," Cengiz Guven is a Turkish security guard responsible for protecting high-profile security guard is a Turkish security guard, supervisor of site security at Lone Pine, Turkey's role in protecting Australian security guard, a Turkish security guard is a Turkish security guard is a Turkish security guard is a Turkish security guard protecting Australian security manager of Turkish security guard at Lone Pine Cemetery, Turkish security guard, supervisor of Turkish security guard, working as a Turkish security guard is a Turkish security guard is a Turkish security guard who is a Turkish security guard is protecting Australian travelers at Gallipoli, a Turkish security guard is a Turkish security guard responsible for protecting Australian travelers at Gallipoli, a Turkish security guard is protecting Australian security guard has been protecting Australian security guard has been protecting high-profile protection. The article: Turkish security guard",False,True,captured
cnndm_10180,cnndm,0.6B,0.5B,4,stochastic,42,5.9383,191.44,36.14,160,26.94,248,98,62,0.3952,1.58,False," Martin Springall, 38, photographed his daughter, photographed his daughter, 38, photographed his daughter in Toronto, 38, photographed his daughter in Japan, 38, photographed his daughter in Japan, 38, photographed his daughter in Japan in Toronto, 38, took a photo of his daughter, photographed his daughter, and his daughter, and his daughter, photographed his daughter, and his daughter, who photographed his daughter in Toronto, 38, photographed his daughter in Japan in Toronto, 38, photographed his daughter in Japan in Toronto, 38, 38, photographed his daughter, and his friend Brian Publicover,  Publicover, 38, photographed his daughter, and his friend Brian Publicover,  the",False,True,captured
cnndm_10230,cnndm,0.6B,0.5B,4,stochastic,42,6.8213,211.46,41.57,160,23.46,284,89,71,0.3134,1.25,False," 

Lord Janner's transfer of his £2 million home to his children, which was transferred the transfer of the £2 million home to his children in the transfer of the £2 million home, a man's transfer of his £2 million home to his children, which was transferred the deeds of his £2 million home to his children in the case against him. Janner's transfer of his £2 million home to his children, despite being transferred the transfer of his £2 million home to his children in March's transfer of the £2 million flat in his £2 million home to his children in  Janner's transfer of his £2 million London Janner's transfer of his £2 million London Janner's transfer of the transfer of his £2 million home to his children in",False,True,captured
cnndm_10343,cnndm,0.6B,0.5B,4,stochastic,42,6.3576,402.94,37.45,160,25.17,251,98,63,0.3904,1.56,False," 

The article details a police confrontation between Marana, Arizona police confrontation between Marana, Arizona police encounter between Marana police confrontation between Marana, Arizona, in Marana, Arizona police confrontation between Marana, Marana, in Marana, Arizona police confrontation between Marana, Arizona police officer, Arizona police officer, in Marana, Arizona police officer, Michael Rapiejko, a confrontation between Marana, Arizona police encounter between Marana, Arizona police officer, Michael Rapiejko, a confrontation between Marana, Arizona police officer, Michael Rapiejko incident in Marana, Arizona police confrontation between Marana, Arizona police officer, Michael Rapiejko, a confrontation between Marana Police officer, Michael Rapiejko incident in Marana, Arizona police officer, Michael Rapiejko",False,True,captured
cnndm_10390,cnndm,0.6B,0.5B,4,stochastic,42,7.2569,121.05,44.88,160,22.05,313,82,79,0.262,1.04,False," A dead sperm whale washed up on California beach last week on California beach in California beach in California was found on California beach,  up on California beach,  up on California beach last week on California beach last week on California beach,  up on California's body was found on California beach, measuring 50 feet, 50-foot whale that washed up on California beach, its way up on California beach, its way up on California beach, its body was covered in graffiti spelling out the name of the beach in California was found on a dead on California beach last week on California beach, its way up on California's body was covered in graffiti spelling out the name of the beach in California,  up on California's body was covered in graffiti spelling out the beach in California, its way",False,True,captured
cnndm_10537,cnndm,0.6B,0.5B,4,stochastic,42,7.774,286.43,47.09,160,20.58,320,80,80,0.25,1.0,False," 

The article discusses a breakthrough in the breakthrough in the development in the breakthrough in the field of forensic science breakthrough in the field of forensic science breakthrough in forensic breakthrough in the field of forensic science breakthrough in forensic science that has been a new technique developed technique developed by British research breakthrough in forensic breakthrough in forensic breakthrough in forensic breakthrough in forensic breakthrough in forensic science where British research breakthrough in forensic science where British researchers at the University of Huddersfield researchers at the University of Huddersfield-based technique developed technique developed technique developed by British research breakthrough by British research breakthrough by British researchers at the University of Huddersfield breakthrough in the development in the field of forensic science breakthrough in forensic breakthrough in forensic breakthrough in forensic science where British researchers at the University of Huddersfield researchers at the University of H",False,True,captured
cnndm_10586,cnndm,0.6B,0.5B,4,stochastic,42,8.8823,574.56,52.25,160,18.01,346,73,87,0.211,0.84,False," local population, according to the UNU report . The report also says. The report . Environmental: 'The work. The report claims that the e-waste, which is based on e-waste has found that the waste found that the waste in .


The article discusses the issue of  and photographer Yepoka Yeebo.

The article highlights the issue . The report. Toxic: 'Poison: 'It is also found that the most of  and the photographer Yepoka Yeebo. The waste from .


The report . The report . The report said. The study. The study also found that the waste contains a new research. The report . The UNU's findings.  . The UNU's findings. The article.
Answer:
The article discusses the issue of  and the",False,True,captured
cnndm_10602,cnndm,0.6B,0.5B,4,stochastic,42,5.5222,314.25,32.75,160,28.97,220,105,55,0.4773,1.91,False," 

Kate Temple, a 33-year-old Kate Temple, during a charity event in 33-year-old Kate Temple was jailed for 20

Kate Temple, a 33-year-old Kate Temple, a hairdresser named individual, in 33-year-old Kate Temple was jailed for 20

Kate Temple, a 33-year-old Kate Temple, a hairdresser named Kate Temple, a hairdresser Kate Temple, a 33-year-old Kate Temple, a 33-year-old Kate Temple, a 33-year-old Kate Temple, a hairdresser Kate Temple, a 33-year-old Kate Temple was jailed for 20

Kate Temple, a 33-year-old Kate Temple, a hairdresser named Kate",False,True,captured
cnndm_10609,cnndm,0.6B,0.5B,4,stochastic,42,4.1483,573.16,22.49,160,38.57,146,124,37,0.8493,3.35,False," interview with an anchor. 

 with an anchor. 

 

 

 

 

 

 

 

 

 

 

 

 

 

 

 

 

 

 

 

 

 

 

 

 

 

 

 

 

 

 

 

 

 

 

 

 

 

 

 

 

 

 

 

 

 

 

 

 

 

 

 

 

 

 

 

 

 

 

 

 

 

 

 

 

 

 

 

 

 

 

 

 

 

 

 

 

 

 

 

 

 

 

 

 

 

 

 

 

 

 

 

 

 

 

 

 

 

 

 

 

 

 

 

 

 

 

 

 

 

 

 

 

 

 

 

 

 

 

 

 

 

 

 

 

 

 

 

 

 

 

 

 

 

 

 

 

 

 

 

 

 

 

 

 

 

 

 

 

 

",False,True,captured
cnndm_10679,cnndm,0.6B,0.5B,4,stochastic,42,6.037,162.55,36.95,160,26.5,253,97,64,0.3834,1.52,False," 

The article discusses the 

The article discusses the controversy surrounding of Aidan Turner's portrayal of Aidan Turner's role of Aidan Turner's role of Aidan Turner's portrayal of Aidan Turner's portrayal of Aidan Turner's portrayal as the controversy surrounding Aidan Turner's role of Aidan Turner as the controversy surrounding Aidan Turner's role of Aidan Turner as the growing obsession with Aidan Turner's portrayal of Aidan Turner as the controversy surrounding Aidan Turner's obsession with Aidan Turner's role of Aidan Turner's role of Aidan Turner's portrayal of Aidan Turner as the controversy surrounding Aidan Turner's obsession with Aidan Turner's obsession with Aidan Turner's obsession with Aidan Turner's role in the BBC1 series ""Poldark"" 

The article discusses",False,True,captured
cnndm_10682,cnndm,0.6B,0.5B,4,stochastic,42,6.07,285.59,36.38,160,26.36,247,98,62,0.3968,1.58,False," 

The artist Frank Mc 

The artist Frank McKeever, from Florida created a series of 'tourism posters envision a  (1) created a

The artist Frank McKeever, from Florida created a series of Florida created a series of 's

The artist Frank McKeever, a 28-year-old from Florida, along with his colleague Miranda, a series of 'tourism McKeever, along with his colleague Miranda, created a series of tourism posters, from Florida created a series of 's. McKeever, a Florida created a series of 's, from Florida, created a series of 'tourism posters envision a 

The artist Frank McKeever, a 28-year-old, a creative series of 'tourism'Keever, from",False,True,captured
cnndm_10701,cnndm,0.6B,0.5B,4,stochastic,42,5.073,141.3,31.02,160,31.54,215,107,54,0.4977,1.98,False," 

Emma Louise Connolly, known as the bombshell girlfriend of Made In Chelsea's Ollie Proudlock, the bombshell girlfriend of Made In Chelsea's Ollouse Connolly, known as the bombshell girlfriend of Made In Chelsea's Oll Louise Connolly, known as the bombshell Louise Connolly, known as the bombshell girlfriend of Made In Chelsea's Ollie Proudlock's role as the current face of Ann Summers, the bombshell girlfriend of Made In Chelsea's Oll Louise Connolly, known as the current face of Ann Summers, known as the bombshell girlfriend of Made In Chelsea's Ollou Connolly, known as the bombshell girlfriend of Made In Chelsea's Ollie Proudlock, known as the bombshell girlfriend of Made In Chelsea's",False,True,captured
cnndm_10761,cnndm,0.6B,0.5B,4,stochastic,42,5.704,143.76,34.97,160,28.05,243,100,61,0.4115,1.64,False," The Statue of Liberty was evacuated Friday afternoon due to a bomb threat, after a Friday afternoon due to a bomb threat, which was found to be a Friday afternoon due to a bomb threat, with  on Friday afternoon due to a bomb threat, after a Friday afternoon after a bomb threat, which was a Friday afternoon due to a bomb threat, which was later Friday afternoon after a bomb threat, which was found to be a Friday afternoon after a bomb threat, which was due to a bomb threat, which was later determined to be a hoax, with  on Friday afternoon due to a bomb threat, which was later Friday afternoon after a bomb threat, which was later Friday afternoon after a bomb threat, which was later determined to be a hoax. The evacuation was due to preventively due to a bomb",False,True,captured
cnndm_10778,cnndm,0.6B,0.5B,4,stochastic,42,5.6386,140.4,34.58,160,28.38,240,101,60,0.4208,1.68,False," The Trussell Trust charges £1,500 from churches and community groups to start a fee to start a foodbank,500000000 to start a setup fees to start a foodbank,500 from churches and community groups to start a foodbank,500 from churches and community groups to start a foodbank, and other entities. The Trussell Trust charges £1,500 from churches and community groups to set up fees to start a foodbank,500 from churches and community groups to start a foodbank volunteers to start a foodbank, requiring a donation of £1,500 from churches and the Trussell Trust charges £1,5000000 to start a foodbank",False,True,captured
cnndm_10820,cnndm,0.6B,0.5B,4,stochastic,42,5.773,195.69,35.08,160,27.72,241,100,61,0.4149,1.64,False," Sanjay Chaddah, a property developer, falsely accused his neighbor's son-in-law of Raby accused his neighbor's son-in-lawyer, a property developer who falsely accused his neighbor's son-in-lawyer, a property developer, a property developer falsely accused his neighbor's son-in-lawyer, a property developer, a property developer who falsely accused his neighbor's son-invested, a property developer in a property developer who falsely accused his neighbor's son-in-law of Raby M 43, a property developer falsely accused his neighbor's son-in-lawyer, a property developer who falsely accused his neighbor's son-in-lawyer, a property developer, a property developer who falsely accused his neighbor's son-in a property developer falsely accused his neighbor's son-in-law of a racist assault",False,True,captured
cnndm_10883,cnndm,0.6B,0.5B,4,stochastic,42,6.4046,272.03,38.57,160,24.98,262,95,66,0.3626,1.44,False," 

Diet Pepsi will 

Diet Pepsi will no longer contain aspartially stop using sucralose, replacing aspartame due to customer concerns over the sweetener aspartame due to customer fears over its safety, due to customer fears over its safety, due to customer concerns about  no longer contain a shift from using sucralose due to customer concerns over the sweetener aspartame will no longer contain aspartame will no longer contain aspartly stop using aspartame due to customer concerns about the sweetener aspartame will no longer contain aspartially stop using aspartame will no longer contain aspartame due to customer fears over its safety, in the sweeten contain aspartame, a stop using aspartame in the U.S. due to customer",False,True,captured
cnndm_11024,cnndm,0.6B,0.5B,4,stochastic,42,5.8326,208.09,35.37,160,27.43,242,99,61,0.4091,1.62,False," 

The owners of two 

The owners of two dogs that got loose and mauled a dog that got loose dogs that got loose and mauled awoke to a dog that got loose and mauled a jogger to a dog that got loose and mauled a jogger to a dog that got loose and mauled a jogger dogs that mauled a jogger to ailing a jogger to death in the owners of two dogs that got loose and mauled dogs that mauled a jogger to death in Michigan dogs that got loose and mauled a dog that got loose and mauled dogs that mauled a jogger to death in Michigan dogs that mauled a jogger to ailing a jogger to a dog that got loose and their 
The owners of two dogs that got",False,True,captured
cnndm_11060,cnndm,0.6B,0.5B,4,stochastic,42,6.8805,126.19,42.48,160,23.25,296,87,74,0.2939,1.18,False," The sale of West Brom is sale of West Brom is under negotiation with potential, with chairman Jeremy Peace is in progress with chairman Jeremy Peace, with the chairman Jeremy Peace, with the chairman Jeremy Peace seeking between £150 is is in progress with chairman Jeremy Peace seeking between £150n't close, with chairman Jeremy Peace seeking between £15000

The sale of West Brom is sale of West Brom is currently in progress with the sale of West Brom is in progress, with chairman Jeremy Peace seeking between £15000000, with chairman Jeremy Peace, the sale of West Brom is currently in progress, with chairman Jeremy Peace seeking between £150 is in progress, with chairman Jeremy Peace, the sale of West Brom is in progress, with",False,True,captured
cnndm_11249,cnndm,0.6B,0.5B,4,stochastic,42,7.7168,194.81,47.31,160,20.73,322,79,82,0.2453,0.96,False," 

Black boxes are crucial 

Black boxes that recorders for determining the cause of plane crash investigation tools for determining the cause of plane crashes, often severely damaged in determining the cause of plane crash investigation tools that recorders for determining the cause of understanding the last-minute data recorders in determining the cause of plane crashes, often severely damaged in crashes, but few people's role in determining the cause of plane crash investigation tools that record flight recorders in determining the cause of plane crash investigation tools that recorders in determining the cause of plane crashes, often red, often severely damaged in crashes, often severely damaged in crashes, but often severely damaged in crashes, often severely damaged in crashes, often severely damaged in crashes, often severely damaged in crashes, often severely damaged in crashes, recording devices that recorders for",False,True,captured
cnndm_11351,cnndm,0.6B,0.5B,4,stochastic,42,7.1944,250.53,43.67,160,22.24,298,85,75,0.2852,1.13,False," 

Victoria Beckham, a 

Victoria Beckham, is ranked ninth in a high-profile fashion designer renowned fashion designer, is ranked  successful fashion designer, is ranked ninth in a poll of the world-renowned fashion designer known fashion designer, ranks ninth-ranked fashion designer, is ranked ninth in a successful fashion designer, is ranked ninth in a prominent fashion designer, is ranked ninth-ranked fashion designer, is ranked ninth in the UK-based fashion designer known fashion designer, ranked ninth in the UK's most successful fashion designer, is ranked ninth in the UK's most successful fashion designer, ranked ninth in the UK's most successful fashion designer, is ranked ninth in the UK's most fashionable designer of the most successful fashion designer, ranked  fashion designer, ranked ninth-ranked fashion designer, is ranked ninth in the fashion designer,",False,True,captured
cnndm_11395,cnndm,0.6B,0.5B,4,stochastic,42,9.2104,575.35,54.31,160,17.37,360,71,90,0.1972,0.79,False," in 2014 had led to the initial discovery: The Crossrail project was awoke up to  was awoke up the team had raised the possibility that they were considered the Crossrail had led to speculation was thought that had raised the possibility that the team, led to 2014 was a significant findings had been thought to be the result in the 2013 was a significant find: The Crossrail team unearthed a large number of the Crossrail team unearthed the Crossrail project was a 'unexpected and fascinating discovery' in the Crossrail team had been thought to be the result of the River Walbrook, led to the Crossrail project, 2014  had been thought that had been thought that were considered to 2014",False,True,captured
