sample_id,task,draft,k,regime,seed,latency_s,ttft_ms,tpot_ms,num_tokens,tokens_per_sec,total_proposed,total_accepted,n_verify_steps,alpha,B_eff,stopped_eos,output_text,gpu_stream_pipeline,gpu_stable_step_shapes,gpu_graph_capture
gsm8k_2,gsm8k,0.6B,8,deterministic,42,12.6571,247.16,48.67,256,20.23,464,198,58,0.4267,3.41,False,"  (B) $10,000 (B) $2 (B) $2 (B) $2 (B) $20,000 (B) $20,000 (B) $20,000 (B) $20,000 (B) $20,000 (B) $20,000 (B) $20,000 (B) $20,000 (B) $20,000 (B) $20,000 (B) $20,000 (B) $20,000 (B) $20,000 (B) $20,000 (B) $20,000 (B) $20,000 (B) $20,000 (B) $20,000 (B) $20,000 (B) $20,000 (B) $20,000 (B) $20,000 (B) $20,000",False,True,captured
gsm8k_11,gsm8k,0.6B,8,deterministic,42,16.5045,244.66,63.76,256,15.51,610,179,77,0.2934,2.32,False," 

First, let's calculate the cost of each part of the problem, we need to calculate the cost of each part of the total cost, we need to calculate the cost of each part of the problem, we need to calculate the cost of each type the problem, we need to calculate the cost of each type of the total cost of the total cost, we need to calculate the cost of each type of the total cost, we need to calculate the cost of each type the problem, we need to calculate the cost of each type the problem, we need to calculate the total cost, we need to calculate the cost of donut the problem, we need to calculate the total cost, we need to calculate the cost of each part of the problem, we need to calculate the problem, we need to calculate the total cost, we need to calculate the cost of each type the problem, we need to calculate the total cost, we need to calculate the cost of the total cost, we need to calculate the cost of the total cost, we need to calculate the cost of donut the total cost, we need to calculate the cost of donut cost of the total cost, we need to calculate the cost of the total cost, we need to calculate the cost of the total",False,True,captured
gsm8k_15,gsm8k,0.6B,8,deterministic,42,20.6393,240.62,79.99,256,12.4,765,158,98,0.2065,1.61,False," (Note: Profit is calculated as the difference (Note: Profit is calculated as the difference between the selling price minus the cost of the final value of the item at the end of the month between the selling price minus the cost of the purchase price after the market value at the end of the month between the selling price and the merchant's selling price minus the cost of the purchase.)

Okay, let me between the selling price minus the cost of the purchase price and the merchant's selling price minus his selling price minus cost price after the market change in value, not as the selling price minus cost price after the market change in value, not as a) between the selling price and the purchase price and the selling price minus cost price and the merchant's selling price minus his selling price minus cost price. (Note: Profit is calculated as the difference between the selling price minus the cost price after the increase in value of the final value of the item at the end of the month after the market value at the end of the month minus the cost of the purchase.)

Okay, let's value of the final value of the item at the end of the month after the market change in value of the final value minus the cost of the purchase.)

Okay, let's say, not as the final",False,True,captured
gsm8k_21,gsm8k,0.6B,8,deterministic,42,16.3676,238.42,63.25,256,15.64,603,180,77,0.2985,2.34,False," Let's start by finding the current age of Raymond and Samantha are cousins. Raymond was born 6 years before Samantha is 1. First, we need to find out of the problem:

First, we need to find out of the problem. First, we need to find out how old was born 1. First, we need to find out how old Raymond was born 1. First, we need to find out how old Raymond was born 6 years before Samantha is 2. First, we need to find out how old Raymond was born 6 years before Samantha. First, we need to find out how old Raymond was born 6 years before Samantha. So, Raymond was born 6 years before Samantha. So, we know that Raymond was born 6 years before Samantha. So, we know that Raymond was born 6 years before Samantha. So, we know that Raymond was born 6 years before Samantha. Raymond was born 6 years before Samantha. So, we know that Raymond was born 6 years before Samantha. Raymond was born 6 years before Samantha. So, we know that Raymond was born 6 years before Samantha. Raymond was born 6 years before Samantha. So, Raymond was born 6 years before Samantha. First,",False,True,captured
gsm8k_22,gsm8k,0.6B,8,deterministic,42,20.2361,240.78,78.41,256,12.65,751,163,94,0.217,1.73,False," 

Final Answer: <number>
Final Answer 

Final Answer: 3

Final Answer: 3 + 3

Final Answer: 3

Final Answer: 3 + 4

Final Answer: 3* 1
Okay, let's see. So, let me think carefully: 1
Okay, let me

Final Answer: 3 + 3

Final Answer: 3 + 3

Final Answer: 3 + 3* 1
Okay, let me

Final Answer: 3 + 4

Final Answer: 3* 3

Final Answer: 3

Final Answer: 3 + 3

Final Answer: 3 + 3* 3

Final Answer: 3

Final Answer: 3 + 4

Final Answer: 3* 3* 3

Final Answer: 3

Final Answer: 3 + 4 = 3* 1
Okay, let's number is 3 + 3* 1. First, let me think carefully: 1
Okay, let's see the number is 3 + 4

Final Answer: 3 + 4 = 3

Final Answer: 3 + ",False,True,captured
gsm8k_32,gsm8k,0.6B,8,deterministic,42,24.3096,243.47,94.38,256,10.53,900,143,114,0.1589,1.25,False," 

Okay, let's see. John has 10 dogs take care of each day. Let me think. So, let's see how many hours a day John spends his time is the total hours per day John spends on the total hours per day John spends on each day. 10 dogs take care of each day John spends on the total hours per day John spends his time is the total time it takes to calculate the total time it takes to calculate the total time spent on walking one day. 10 dogs take 10 many hours a day is the total time per day John spends his time is the total time per day for each dog per day John spends his time is the total time per day for each dog per day.  Each dog takes 0.5 hours a day. 10 dogs take care of the total hours per day John spends his time on the total time it takes to walk each dog per day John spends his time on the daily hours per day John spends his time on the daily hours spent on walking one day's many hours a day is the total time per day for each dog per day.  Each dog takes 0.5 hours a day. 10 dogs take 0 many hours a day John spends",False,True,captured
gsm8k_34,gsm8k,0.6B,8,deterministic,42,18.677,238.0,72.31,256,13.71,691,170,87,0.246,1.95,False," Let's find how many jewels does the problem: Find how many jewels does Aaron's step: Find how many jewels Aaron's step: Find how many jewels Aaron's step: Find out of all the information: Find how many jewels does the problem says that we need to find out of all, we need to find out how many jewels Aaron's step: Find out of all, we need to find out how many jewels Aaron's jewels that we need to find out how many jewels Aaron has to find out how many jewels Aaron's step: Find out how many jewels Aaron's step: Find out how many jewels Aaron has to find out how many jewels Aaron's jewels that we know how many jewels does the problem says Raymond has 40 jewels that we know how many jewels Aaron's step: Find out how many jewels Aaron has to find out how many jewels Aaron has to find out how many jewels Aaron has to find out how many jewels Aaron has. Let's find out how many jewels Aaron has. Let's find out how many jewels Aaron has. Let's find out how many jewels Aaron has to find out how many jewels Aaron has, we need to find out how many jewels Aaron has. Let's find out how many jewels Aaron has. Let's find out how many",False,True,captured
gsm8k_35,gsm8k,0.6B,8,deterministic,42,22.8693,241.88,88.74,256,11.19,849,149,107,0.1755,1.39,False," 

Final Answer: <number>
Final Answer 

Final Answer: 1

Final Answer: 4
Okay, let's see. Mike plays ping pong for 40 minutes. In the first 20 minutes: 4 + 4 + 4 + 4 + 4 + 4 + 4 + 20

Final Answer: 4 + 4 + 20 minutes, let's number is 4 + 4 + 4
Okay, let's number is 4 + 20 minutes, let's see the total points is 4 + 25
Okay, let's number is 4 + (Step 1

Final Answer: 4 + (Step 1: 4 + 4
Okay, let's see the total points is 4 + 25% of the total points is 4
Okay, let's see the total points is 4 + (Step 1: Calculate the total points is 4 + 25% of 1

Final Answer: 4 + (Step 1: Calculate the total points Mike scored 1

Final Answer: 4
Okay, let's number is 4 + 25% of 1",False,True,captured
gsm8k_44,gsm8k,0.6B,8,deterministic,42,8.712,240.98,33.22,256,29.38,318,217,40,0.6824,5.42,False,"  (Note: 1 pound of beesw

Okay, let's see. Charlie is  (Note: 1 pound of beeswax is 16.  (Note: 1 pound of beeswax is 16.  (Note: 1 pound of beeswax is 4.0000000000000000000000000000000000000000000000000000000000000000000000000000000000000000000000000000000000000000000000000000000000000000000000000000000000000000000000000000000000000000000000",False,True,captured
gsm8k_48,gsm8k,0.6B,8,deterministic,42,17.5954,239.32,68.06,256,14.55,651,173,83,0.2657,2.08,False," 

First, we need to determine how many pieces of wire, we need to convert the total length of wire length problems involving units, we need to determine how many pieces of wire, we need to determine how many  this problem, we need to determine how many  this problem, we need to determine how many 6 inches is  this problem, we need to determine how many 6 inches is 0

First, we need to convert the total length of the problem, we need to determine how many  this problem, we need to determine how many  this problem, we need to determine how many  this problem, we need to determine how many pieces of wire, we need to convert the problem, we need to determine how many 6-inch. 

First, we need to convert the total length of the problem, we need to determine how many 6 inches is 0.56 inches is 0.56
First, we need to convert the total length problems involving measurements, we need to convert the total length of the problem, we need to determine how many 6-inch. 

First, we need to convert the total length of the problem, we need to determine how many 6 inches is 0.5 feet to find",False,True,captured
gsm8k_49,gsm8k,0.6B,8,deterministic,42,18.6509,238.91,72.2,256,13.73,692,170,87,0.2457,1.95,False," 

Okay, so that is  of units in the building. There are 15 floors in the building. The total number of units in the building. The total number of units in the building. The total number of units in the building. The total number of units in the building is 15 floors times 8 units per floor. Each floor has 8 units, then the building. The total number of units in the building. The total number of units in the building is  of units in the building. There are 15 floors in the building. The total number of units in the building is  of units in the building. There are 15 floors in the building, then the building. There are 15 floors in the building. The total number of units in the building is  of units in the building. There are 15 floors in the building, then the number of units in the building. There are 15 floors in the building, then the number of occupied units. 

Okay, so that is 1 of units in the building. There are 15 floors in the building, then the number of occupied units. 

Okay, so Richard's of units in the building. There are 15",False,True,captured
gsm8k_55,gsm8k,0.6B,8,deterministic,42,12.1786,239.06,46.82,256,21.02,450,200,57,0.4444,3.51,False," 

Let me solve this problem step by step.

First, Jean starts with 30 lollipops. Jean starts with 30 lollipops. Jean starts with 30 lollipops. Jean starts with 30 lollipops. Jean starts with 30 lollipops. Jean starts with 30 lollipops. Jean starts with 30 lollipops. Jean starts with 30 lollipops. Jean starts with 30 lollipops. Jean starts with 30 lollipops. Jean starts with 30 lollipops. Jean starts with 30 lollipops Jean starts with 30 lollipops. Jean starts with 30 lollipops. Jean starts with 30 lollipops. Jean starts with 30 lollipops. Jean starts with 30 lollipops. Jean starts with 30 lollipops. Jean starts with 30 lollipops. Jean starts with 30 lollipops. Jean starts with 30 lollipops. Jean starts with 30 lollipops. Jean starts with",False,True,captured
gsm8k_56,gsm8k,0.6B,8,deterministic,42,18.5929,243.24,71.96,256,13.77,687,169,87,0.246,1.94,False," Also, he has 42 dollars for the week. (this week. (this part of the week. (Note: The problem. (Note: The note cards. (Note: The problem. Wait, the question. (this week. How many times can he go to the movies?

Wait, the week. How many times can he go to the week. How many times can he go to the movies?

Wait, the question. (this part of the week. How many times can he go to the movies?

Wait, the question is that week. How many times can he go to the week. How many times can he go to the movies?

Wait, the question. (Note: The note is that week. How many times can he go to the week. How many times can he go to the week. How many times can he go to the week. How many times can he go to the week. How many times can he go to go to the movies. (this week. How many times can he go to the movies?

Wait, the week. (this part of the week. How many times can he has 42 dollars for the week. How many times can he go to the movies?

Wait, the question",False,True,captured
gsm8k_57,gsm8k,0.6B,8,deterministic,42,35.7318,241.95,139.18,256,7.16,1325,89,167,0.0672,0.53,False," 

Answer:                                                   120>

Okay, let's see. The problem is the number >

Okay, let me think > 

Okay, let me think > 

Okay, let me think > 

Okay, let me think > 

Okay, let me think > 

Okay, let me think > 

Okay, let's see below>

Okay, let me think > 

Okay, let me think > 
Okay, let me think > 

Okay, let me think > 
Okay, let's see below>

Okay, let'something>
Okay, let me think through the number >

Okay, let me think through the steps >

Okay, let me think through the steps,number>

Okay, let me think through this is the answer >

Okay, let'something>
Okay, let'something>
Okay, let'something>
Okay, let's see below>

Okay, let'something>
Okay, let's see below>

Okay, let'something>
Okay, let's see below >

Okay, let'something",False,True,captured
gsm8k_59,gsm8k,0.6B,8,deterministic,42,12.5534,241.57,48.28,256,20.39,463,199,58,0.4298,3.43,False," 

First, calculate the total number of raspberries, we need to calculate the total number of raspberries, we need to calculate the total number of raspberries, we need to calculate the total number of raspberries, we need to calculate the total number of raspberries, we need to calculate the total number of raspberries, we need to calculate the total number of raspberries, we need to calculate the total number of raspberries, we need to calculate the total number of raspberries, we need to calculate the total number of raspberries, we need to calculate the total number of raspberries, we need to calculate the total number of raspberries, we need to calculate the total number of raspberries, we need to calculate the total number of raspberries, we need to calculate the total number of raspberries, we need to calculate the total number of raspberries, we need to calculate the total number of raspberries, we need to calculate the total number of raspberries, we need to calculate the total number of raspberries, we need to calculate the total number of raspberries on the raspberry bush problem, we need to calculate the total number of raspberries are  this problem, we need to calculate the total number of raspberries, we need to calculate the",False,True,captured
gsm8k_62,gsm8k,0.6B,8,deterministic,42,26.5973,242.65,103.35,256,9.63,989,131,125,0.1325,1.05,False," 

Answer: 1250000>

Okay, let's see. The problem is the number >

Okay, let me think > 

Okay, let me think > 

Okay, let me think > 

Okay, let me think > 

Okay, let me think > 
Okay, let me think > 

Okay, let me think > 

Okay, let's see below>
Okay, let me think > 

Okay, let's see below>
Okay, let'something>
Okay, let's try to find the number >

Okay, let me think > 

Okay, let me think through the problem step by step.

Okay, let me think > 
Okay, let me think through the problem step by step.

Okay, let me think through the problem step by step.

Okay, let me think through the problem step by step.

Okay, let me think through the problem step by step.

Okay, let me think through the problem step by step.

Okay, let me think through this is the answer >

Okay, let'something>
Okay, let'something>
Okay, let'something>
Okay, let'something>
Okay, let's see below>
Okay, let'something>
Okay, let's see below >

Okay, let'something",False,True,captured
gsm8k_66,gsm8k,0.6B,8,deterministic,42,22.8043,240.08,88.49,256,11.23,846,149,108,0.1761,1.38,False," 

Let me think... First, I need to figure out how many people. Let me think... First, I need to figure out how many people. Let me break down the problem carefully analyze the total the total the total number of people. Each school has two different groups of the total the total number of people. Each school has two different groups of people. Each school has two different groups of people: 

Okay, let me to figure out how many people. Let me to figure out how many people. Each school has two different teams. Let me think... 

Okay, let me to figure out how many people. Each school has two different teams (1. Let me think... First, I need to figure out how many people. Each school has two teams. Let me think... First, I need to figure out how many people. Each school has two teams. Each school has two teams. Each school has two teams. Each school has two teams: 

Okay, let's figure out how many people. Each school has two different groups of the total number of people from the problem. There are four schools. Each school has two teams. Let me break down the problem carefully analyze the problem. There are four schools. Each school has two different groups of",False,True,captured
gsm8k_67,gsm8k,0.6B,8,deterministic,42,17.2856,243.47,66.83,256,14.81,637,177,80,0.2779,2.21,False," 

First, let's break down the problem step by step:

First, let's break down the problem step by step:

17

First, let's break down the problem step by step by step:

17

First, let's break down the problem step by step by step:

1. 

First, let's break down the problem step by step:

1. Start by step by step:

First, let's break down the problem step by step by step:

1. Start by determining the total number of gems, we need to find the total number of gems, we need to find the total number of gems, we need to calculate the number of gems, we need to calculate the number of rubies: 

First, let's break down the problem step by step by step:

1. Start with step by step:

1. Start by step by step:

1. Start with step-by-step:

First, let's break down the problem step by step by step:

1. Start with the problem, we need to find the total number of gems, we need to calculate the number of rubies:  this problem, we need to calculate the number of rubies first, we need to find the number of rubies first, we need to find",False,True,captured
gsm8k_68,gsm8k,0.6B,8,deterministic,42,20.1381,238.96,78.04,256,12.71,745,163,94,0.2188,1.73,False," 

First, I know that the problem. 

First, I need to find the problem. 

First, I need to find the total number of students is the problem. 

First, I need to find the total number of the problem. 

First, I need to find the total number of the problem says that the problem. 

First, I need to find the total number of boys = 

First, I need to find the total number of the problem says there are twice as many boys as girls at the problem. 

First, I need to find the problem. 

First, I need to find the total number of the problem says there are twice as many boys as if there are 60 girls and make sure I know that the problem. 

First, I need to find the total number of boys is the problem says that the problem says that the problem says that the total number of students. 

First, I need to find the total number of students is the first. 

First, I need to find the total number of students is the first step by first. 

We are there are there are twice, starting with the problem. 

First, I need to find the problem. 

First, I need to find the problem. 

First,",False,True,captured
gsm8k_69,gsm8k,0.6B,8,deterministic,42,20.9997,242.83,81.4,256,12.19,778,158,98,0.2031,1.61,False," 

Let me solve this problem step by step.

First, I need to find out how much money she receives a. 

First, I need to find out how much money Bailey receives a. 

Okay, let me solve this problem is the problem is about the problem is the problem is asking for the first, and then the answer
First, I need to find out how much money she receives a weekly allowance is the problem is the problem is asking for the initial amount of money Bailey has is the total amount of money Bailey receives a. 

Okay, let me think. 

First, I need to find out how much money Bailey started with x is the total amount of money Bailey receives a weekly allowance is the total amount of money Bailey receives a weekly allowance of the problem is asking for the initial amount of money Bailey had $5 per week. 

Okay, let me think
First, I need to find out how much money did Bailey receives a weekly allowance of $5 for 8 weeks times 5 times 5 times 8 is the total amount of money Bailey receives a weekly allowance is the total amount of money Bailey receives from the problem is the problem is asking for the initial amount of money she receives a weekly allowance of $5 for 8 weeks times",False,True,captured
gsm8k_73,gsm8k,0.6B,8,deterministic,42,17.6899,240.43,68.43,256,14.47,656,174,82,0.2652,2.12,False, (B) $12 (B) $15 (A (B) $15 (A (B) $15. (B) $150 (B) $150.0 (B) $150.00C) $5 (B) $150 (B) $150.00 (A (B) $15. (B) $150.00C) $5 (B) $15. (B) $15. (B) $150 (B) $15. (B) $15.00 (B) $150 (B) $15.00 (B) $150 (A (B) $15.00 (A (B) $15.00 (B) $150. (B) $150 (B) $150 (B) $150 (B) $150.00C) $5 (B) $15.00 (B) $150.00 (A) (B) $15.00 (,False,True,captured
gsm8k_78,gsm8k,0.6B,8,deterministic,42,12.1909,240.35,46.86,256,21.0,448,200,57,0.4464,3.51,False, (A) $1.50 ( (A) $1) (B) $2.0) (B) $2.0) (B) $2.00) (B) $2.00 (A) $1.50 (A) $1.5) (B) $2) (B) $2.00 (C) $2.00 (D) $3) (B) $2.00 (C) (B) $2.00 (C) $2.00 (D) (B) $2.00 (C) (B) $2.00 (C) (B) $2.00 (C) (B) $2.00 (C) (B) $2.00 (C) (B) $2.00 (C) (B) $2.00 (C) (B) $2.00 (C) (B) $2.00 (C) (B) $2.00 (C) (B) $2.00 (C) $2.00 (D) (B) $2,False,True,captured
gsm8k_90,gsm8k,0.6B,8,deterministic,42,13.2625,238.7,51.07,256,19.3,490,195,62,0.398,3.15,False,"  Also, if there will be 20 adults and 5 children,  adults and  adults and 5 children, how many pounds of potato salad does that are  adults and 5 children, how many pounds of each of each of adults and 5 children, how many pounds of potato salad,  adults and 5 children, how many pounds of potato salad, how many pounds of potato salad does that are  adults and 5 children, how many pounds of potato salad, how many adults and 5 children, how many pounds of each of adults and 5 children, how many pounds of each of adults and children, how many pounds of potato salad does that mean adults and 5 children, how many pounds of each of adults and children, how many pounds of potato salad does that mean  adults and 5 children, how many pounds of potato salad, how many adults and 5 children, how many pounds of potato salad eaters, how many pounds of potato salad does that mean  adults and 5 children, how many pounds of potato salad, how many adults and 5 children, how many pounds of each of adults and children, how many pounds of potato salad, how many adults and 5 children, how many pounds of potato",False,True,captured
gsm8k_97,gsm8k,0.6B,8,deterministic,42,21.7692,241.08,84.42,256,11.76,806,155,102,0.1923,1.52,False," 

Final Answer: <number>
Final Answer 

Final Answer: 32
Okay, let's see. Freda is 32 ounces of sauce is 32
Okay, let me think:
Okay, let me

Final Answer: 64

Final Answer: 6

Final Answer: 64

Final Answer: 6

Final Answer: <number

Final Answer: 6

Final Answer: <number>
Okay, let's see the number is 6.

Okay, let me think:
Okay, let me

Final Answer: <number>
Okay, let me

Final Answer: <number>
Okay, let's see the number is 6. 32
Okay, let me think:
Okay, let me

Final Answer: 6
Okay, let's see. Freda's number is 64

Final Answer: <number>
Okay, let's number is 6.

Okay, let's number is 6. 64

Final Answer: 64

Final Answer: <number>
Okay, let's number is 6. 6

Final Answer: <number>
Okay, let's see the number is 6. So, 32 ounces of sauce",False,True,captured
gsm8k_100,gsm8k,0.6B,8,deterministic,42,22.201,243.21,86.11,256,11.53,824,151,105,0.1833,1.44,False," 

Let me solve this problem step by step.

First, let me solve the problem step by step and then, and then, the first, and then the first, I need to find the number of times. First, let me start by step 1. The first friend pressed the first, and then, and then the first, and then I need to find the total number of doorbell rings is 1. First, let's first, and then the first, I need to find the total number of doorbell rings is the first, I need to find the total number of doorbell rings.

First, let's first, and then I need to find the total number of doorbell rings.

First, let's first, I need to find the total number of doorbell rings is the first friend pressed on the doorbell 20 times before Jerome opened, and then the answer
First, let's find out of the first friend is 4 friends. First, and then the answer
First, let's find out of the four friends, and then the answer is 1. The first friend pressed the first, I need to find the total number of doorbell rings.

First, let's find out of the four friends, so, and",False,True,captured
gsm8k_107,gsm8k,0.6B,8,deterministic,42,23.1642,248.28,89.87,256,11.05,859,149,108,0.1735,1.38,False," 

Answer: 3>
Okay, let's see. I need to figure out how many 30>
Okay, let's see the number >

Okay, let's see the number >

Okay, let's see the answer >

Okay, let's see the number >

Okay, let's see the answer >

Okay, let's try to find the number >

Okay, let's see the number >

Okay, let's try to find the answer >

Okay, let's try to find the answer here>

Okay, let's see the number >

Okay, let's try to find the answer step-by-1>
Okay, let's try to find the answer here>

Okay, let's try to find the answer step-by-1> 

Okay, let's see the number >

Okay, let's try to figure out of the answer>
Okay, let's try to find the answer step-by-1> is the number >

Okay, let's try to find the answer step-by-step-by-Step-by-Step-1>
Okay, let's try to find the answer step-by-step explanation here>

Okay, let's try to find the answer step-by-step explanation here >

Okay, let's try to figure out the answer here>

Okay, let's try",False,True,captured
gsm8k_112,gsm8k,0.6B,8,deterministic,42,19.4964,245.47,75.49,256,13.13,722,166,91,0.2299,1.82,False," 

Let me think... First, I need to figure out how many times the whiteboard is used to figure out how many times the total number of lessons per day. 

Okay, let me to figure out how many lessons per day. 

Okay, let me to figure out how many times the whiteboard is the total number of lessons per teacher. There are 4 teachers, each with the total number of lessons each teacher. 

Okay, let me think... 

Okay, let me to figure out how many times the whiteboard is the total number of lessons each teacher has  figure out how many lessons per teacher. There are 4 teachers, each with 2 teachers. There are 4 teachers, each with 2 teachers. There are 4 teachers, each with  figure out how many times the number of lessons each teacher has  figure out how many times the whiteboard is used to figure out how many times the whiteboard is shared between the  figure out how many times the whiteboard is used to figure out how many times the whiteboard is the total number of lessons each teacher has  figure out how many times the whiteboard is the total number of lessons each teacher has in the total number of lessons per teacher. There are 4 teachers",False,True,captured
gsm8k_113,gsm8k,0.6B,8,deterministic,42,18.8908,245.21,73.12,256,13.55,698,168,89,0.2407,1.89,False," 

First, we need to calculate the total number of flowers planted flowers planted flowers planted: 

First, we need to calculate the total number of the problem, we need to find the total number of flowers planted and find the total flowers planted flowers planted: 

Ryan plants 2 flowers a day for the problem, we need to calculate the total number of flowers planted and find the answer the problem, we first, we first, we first, we need to calculate the total number of the problem, we need to determine the total number of flowers Ryan's the problem, we first, we need to calculate the total number of the problem, we need to determine the total number of flowers Ryan planted flowers planted flowers planted:  this problem, we first, we need to calculate the total number of flowers Ryan's the problem, we need to find the total number of flowers Ryan's the problem, let's break down the problem, we first calculate the total number of flowers planted and find the answer, we first calculate the total number of flowers planted and then, we first, we need to calculate the total number of the problem, we need to determine the total number of flowers Ryan planted and find the answer, we first calculate the total number of flowers Ryan's flower problem, we",False,True,captured
gsm8k_121,gsm8k,0.6B,8,deterministic,42,17.4308,240.85,67.41,256,14.69,646,176,81,0.2724,2.17,False," 

First, let's break down the problem step by step:

First, let's break down the problem step by step:

1. First, let's break down the problem step by step:

1. First, let's find the problem, we first, we first, we first, we need to find the total number of fruits that Morisette and Kael's problem, we need to find the total number of fruits that, we first, we need to find the total number of fruits that Morisette and Kael's problem, let's break down the problem, we first need to find the total number of fruits, we first need to find out this problem, we first need to find out how many fruits, we need to find the total number of fruits that Morisette and Kael's problem, let's break it down step by step-by-step:

First, let's break down the problem step by step:

1. Let's break down the problem step by step:

1. Let's break down the problem step by step:

1. Let's break down the problem step by step:

1. Let's break down the problem step by step:

1. First, let's find out this problem, we need to find the total number of",False,True,captured
gsm8k_125,gsm8k,0.6B,8,deterministic,42,28.3585,244.31,110.25,256,9.03,1058,123,134,0.1163,0.92,False," Let x = 1. Julia initially, we know that Julia initially, we can you are there were in the problem: 

First, let's define variables. 1. Let'spoons that Julia bought a. Julia initially had a. Julia initially, we can you explain the total spoons after Julia initially, we can start
First, let's figure out how many spoons Julia had before Julia initially, Julia initially, we can start by step 1. Julia initially, we can start by identifying the key steps:
Let x = number of spoons Julia initially, we can start by identifying the key information given that Julia bought a new spoons that Julia initially, Julia initially had a total spoons that Julia initially, we can start by identifying the key information and then the total spoons after husband gave her husband gave them to Julia. 1. Let'spoons that Julia originally, we can start by identifying the key information and then the answer: 

Let'spoons that Julia originally, we can start by identifying the key information and then the answer: Let x be careful math
First, let's figure out how many spoons Julia had before she had a. Let x be the number of spoons in the problem: 

First, let's",False,True,captured
gsm8k_126,gsm8k,0.6B,8,deterministic,42,16.8919,240.75,65.3,256,15.16,625,178,79,0.2848,2.25,False," 

Final Answer: <38 + 44444 = 44 = 46 = 46 = 4444 = 8 + 38 + 38 + 6 = 44 = 46 = 44

Final Answer: <number>
Okay, let's see. Dylan bought 4444 = 44 = 46

Final Answer: <38 + 6 = 44

Final Answer: <38 + 6 = 8 + 38 = 46

Final Answer: <38 + (38 + 6 = 46 = 46 = 46 = 46 = 46 = 4444 = 8222 = 46 = 44

Final Answer: <38 + 6 = 8 + 38 = 8 + 38 = 8 + 38 = 8 + 38 = 8 + 38 = 844 = 46 = 46 = 44

Final Answer: <38 + (38 + 6) = 8 +",False,True,captured
gsm8k_132,gsm8k,0.6B,8,deterministic,42,18.4453,240.37,71.39,256,13.88,682,171,86,0.2507,1.99,False," 

First, we need to calculate the total number of rides each ride the problem, we need to calculate the total number of rides each ride the roller coaster rides, we need to calculate the total number of rides each ride costs for the problem, we need to calculate the total number of rides, we need to calculate the total number of tickets used, we need to calculate the total number of rides, we need to calculate the total number of rides, we need to calculate the total number of rides, we need to calculate the total number of rides, we first, we need to calculate the total number of tickets used by step by step:

First, we need to calculate the total number of rides each ride costs for the roller coaster and find the total number of rides, we need to calculate the total number of rides, we first, we need to calculate the total number of the problem, we need to calculate the total number of tickets used by step-by-step:

First, we need to find the total number of rides they used tickets used tickets used tickets used by step-by-step reasoning step by step:

1. Calculate the total number of rides for Pam and Fred's problem, we need to calculate the total number of rides each ride costs for the roller coaster and luge rides",False,True,captured
gsm8k_134,gsm8k,0.6B,8,deterministic,42,27.6372,237.0,107.45,256,9.26,1022,126,130,0.1233,0.97,False," 

Answer: 4*>
Okay, let's see. Tom gets 4*>
Okay, let me think > 

Okay, let me think > 

Okay, let me think > 

Okay, let me think > 

Okay, let me think > 

Okay, let me think > 
Okay, let me think > 

Okay, let me think > 
Okay, let me think step-by-184*>
Okay, let me think > 

Okay, let's see the correct answer >

Okay, let me think > 

Okay, let'something>
Okay, let's see the correct answer here>
Okay, let'something>
Okay, let'something>
Okay, let's see the correct answer here>
Okay, let's see the correct answer here>
Okay, let'something>
Okay, let'something>
Okay, let's see the problem solution here>
Okay, let's see the problem again,number>
Okay, let's see the problem again.>

Okay, let's see the correct answer here>
Okay, let'something>
Okay, let's see the problem solution here >

Okay, let's see the problem again. So, he pays 4 car washes a month, each car washes per year>
",False,True,captured
gsm8k_143,gsm8k,0.6B,8,deterministic,42,23.134,242.02,89.77,256,11.07,856,149,107,0.1741,1.39,False,"  <number>
Okay, let's see. John buys several items:  <number

Let me solve the total cost is  <number>
Okay, let me

Let me solve the problem step by step and explanation: <number

Let me solve the problem step by step and end

Let me solve this is  <number>
Okay, let me

Let me solve this step by step.  <number>
Okay, let me

Let me solve this step by step. First, let me

Let me solve this step by step. First, let me think step by step:

Okay, let me

Let me solve this step by step. First, the total cost is $2: <number>
Okay, let's format: <number>
Okay, let's format: <number>
Okay, let's format: <number>
Final Answer: <number>
Okay, let's format: <number>
Final Answer: <number>
Okay, let's format: <number>
Okay, let's format: <number>
Okay, let's see below:

Okay, let's format: <number>
Okay, let's format: <number>
Okay, let's format: <number>
Final Answer: <number>
Okay, let's",False,True,captured
gsm8k_153,gsm8k,0.6B,8,deterministic,42,24.653,247.98,95.71,256,10.38,914,140,116,0.1532,1.21,False," Let's solve this step by step.
Step 1: We can be careful, we can be broken down:

Okay, let's see the problem backwards from the end of the problem: We can be careful with explanation: We can work:
Okay, let's see the problem backwards from the end of the problem: We need to work:
Okay, let's see the problem and the problem: We can work:
Okay, let's see the problem and break down:

Okay, let's see the problem and the problem backwards from the end of the problem: We need to work backwards. Let's start from the problem backwards from the end of the problem: We can work:
Okay, let's try to work:
Okay, let's try to work backwards from the end of the story: We can work:
Okay, let's try to work backwards from the end.1: We can work:
Okay, let's try to figure out how many fries did you need to work:
Okay, let's try to work backwards from the end of the problem: We need to work:
Okay, let's try to figure out how many fries were left: We can work backwards from the end of the story: We can work backwards from the end of the story: We",False,True,captured
gsm8k_160,gsm8k,0.6B,8,deterministic,42,21.9112,242.95,84.97,256,11.68,815,155,102,0.1902,1.52,False," 

Final Answer: <number>
Final Answer 

Final Answer: 17 + 17

Let's value: 17 + 7

Let's solve this is 17 feet. Let's solve this is a

Let's value: 17 + 7 = 17

Let's solve the tank's water depth on Wednesday is 17 feet on Wednesday's value: 17 + 17 + 17 feet. 

Final Answer: 17 + 7

Let's solve this step by step:

Step 1: Determine the depth of the problem step by step:

Let's solve this is 17 + 17 feet. Let's solve this step by step:

Step 1: Determine the depth of the water depth on Wednesday's value is 17 + 17 + 17 + 17 feet on Wednesday is 17 + 7 = 17 feet on Wednesday is 17 + 17 + 17 + 17 + 17 + 17 + 17 + 7

Let's solve this step by step.

Let's solve this step by step.

Let's solve this step by step.

",False,True,captured
gsm8k_172,gsm8k,0.6B,8,deterministic,42,15.5886,239.91,60.19,256,16.42,576,184,72,0.3194,2.56,False," 

First, I need to find the total age of the four birds. 

First, I need to find the ages of the birds. 

First, I need to find the ages of the birds. 

First, I need to figure out the ages of the birds. 

First, I need to figure out the ages of each step by first. 

First, I need to find the ages of the birds. 

First, I need to find the total age of Sally Two is the problem. 

First, I need to find the ages of the birds. 

First, I need to find the total age of Sally Two is the first. 

First, I need to figure out the ages of each step of the four birds at the Caboose. 

First, I need to find the total age of Sally Two is three times. 

First, I need to figure out the ages of each step of the reasoning:

First, I need to find the ages of the birds. 

First, I need to find the total age of the problem. 

First, I need to figure out the ages of each step of the reasoning:

Okay, let's see if I can. 

First, I need to find the total age of the four birds. 

First",False,True,captured
gsm8k_176,gsm8k,0.6B,8,deterministic,42,22.9026,240.72,88.87,256,11.18,847,151,106,0.1783,1.42,False," (Note: The number of boys and girls (Note: the same as a race in the Japanese and the same as the same as the number of boys and girls in the Japanese and the number of boys and girls in the Japanese and Chinese is the same for each race is the same for all the same as a race is the same for all races are the same for each race is the same.)

Okay, let mea is the same for each race is the same for all races.)

Okay, let's assume that all the same as the same as the same as the number of boys and girls in the Japanese team is the same for each race is the same for all races.)

Okay, let's assume that all the same.)

Okay, let's assume that all the same.)

Okay, let's assume that all the people in the Japanese and the same as the number of boys and girls in the Japanese team is the same as a race is the same for all races.)

Okay, let's assume that all the people in the race in the Japanese team is the same as the number of boys and girls in the Japanese team is the same for all the same as a percentage is the same for all the same as the same as the number of boys and girls in the Japanese",False,True,captured
gsm8k_177,gsm8k,0.6B,8,deterministic,42,23.3544,244.96,90.63,256,10.96,866,146,111,0.1686,1.32,False," 

Final Answer: <number>
Final Answer 

Final Answer: 1

Let's value: 1

Let's value: 10

Let's break down to the answer is 10

Let's solve this is 12: 1

Let's break down:

Final Answer: 10

Let's value: 100

Final Answer: 1000

Final Answer: 1000

Step 12: 10

Let's solve this step by step:

Okay, let me

Let's value: 100

Let's solve this step by step:

Okay, let me

Let's break down:

Step 1: Calculate the total is 1

Let's solve this step by step:

Okay, let's see the answer is 1000.

Step 1: Calculate the total amount is 6000 - 1

Let's solve this step by step.

Okay, let me

Let's solve this step by step:

Okay, let's value: 1000

Step 1: Calculate the amount is 1

Let's solve this step by step.

Okay, let's see. 1

Let",False,True,captured
gsm8k_179,gsm8k,0.6B,8,deterministic,42,19.3281,240.44,74.85,256,13.24,715,166,90,0.2322,1.84,False, Let's find out the amount earned in the first week 1 find out the total earnings for each week's find out how much he earned each week's find out how much Lloyd's find out how much Lloyd's find out how much Lloyd's total earnings for the first find out how much Lloyd's total earnings for the first find out how much Lloyd earned in the first find out how much Lloyd's find out how much Lloyd earned in the first find out how much Lloyd earned in the first find out how much Lloyd's find out how much Lloyd earned each week's earnings for the first week 10's find out how much Lloyd's find out how much Lloyd earned each week's earnings be sure we find out how much he earned in the first find out how much Lloyd's total earnings for the first two weeks. We need to find the total amount earned in the first week 10 be sure we understand the problem. Lloyd's find out how much Lloyd's find out how much Lloyd earned each week's earnings be sure we understand the problem. Lloyd's total earnings for the first two weeks be sure we understand the problem. Lloyd's total earnings for the first two weeks be sure we understand the problem. Lloyd's total earnings for the first two weeks be sure we understand,False,True,captured
gsm8k_185,gsm8k,0.6B,8,deterministic,42,19.4907,240.3,75.49,256,13.13,722,166,91,0.2299,1.82,False," 

First, we know that Jenna picked half as many apples as her mom picked apples picked apples picked apples picked by first. 

First, we know that Jenna picked half as many apples did Jenna picked half as many apples as her mom. 

First, we know that Jenna picked half as many apples did Jenna pick the problem. 

First, we know that Jenna picked half as many apples did Jenna pick the correct. 

First, we know that Jenna picked half as many apples did Jenna pick? 

Okay, let's see how many apples did Jenna pick? 

First, we know that Jenna picked half as many apples did Jenna pick? 

Okay, let's see how many apples did Jenna pick? 

Okay, let's see how many apples did Jenna pick? 

Okay, let's see how many apples did Jenna pick? 

Okay, let's see how many apples did Jenna pick? 

Jenna picked half as many apples as her mom picked apples. 

First, we know that Jenna picked half as many apples did Jenna pick? 

Okay, let's see how many apples did Jenna pick? 

Okay, let's see how many apples did Jenna pick? 

Jenna picked half as many apples as her mom picked apples. 

First, we know",False,True,captured
gsm8k_187,gsm8k,0.6B,8,deterministic,42,12.1861,242.5,46.84,256,21.01,447,200,57,0.4474,3.51,False," 

Step 20. The initial amount, so the initial amount, so the initial amount is the initial amount, so the initial amount is $100. The initial amount, so the initial amount is $100. The initial amount is the initial amount, which is the initial amount, so the initial amount is $100. The initial amount is $100. The initial amount is $100. The initial amount is $100. The initial amount is $100. The initial amount is $100. The initial amount is $100. The initial amount is $100. The initial amount is $100. The initial amount is $100. The initial amount is $100. The initial amount is $100. The initial amount is $100. The initial amount is $100. The initial amount is $100. The initial amount is $100. The initial amount is $100. The initial amount is $100. The initial amount is $100. The initial amount is $100. The initial amount is $100. The initial amount is",False,True,captured
gsm8k_188,gsm8k,0.6B,8,deterministic,42,19.1927,243.15,74.31,256,13.34,709,166,91,0.2341,1.82,False," 

Let me solve this problem step by step 

Let me solve the problem is the problem. 

First, I need to find out the problem. 

Okay, let's see. The trader buys wheat bags. 

Let me solve the problem step by step. 

Okay, let me. 

First, I need to find the problem. 

Okay, let me. 

First, I need to find out the total cost of each step by defining the problem. 

Okay, let me. 

First, I need to find the problem. 

Okay, let's. 

First, I need to find out of the number of bags sold = 

Let me solve the problem step by step. 

Okay, let's see if I can. 

First, I need to find the number of bags sold = 

Okay, let's. 

First, I need to find out of the number of bags sold. 

First, I need to find out of the number of bags sold. 

First, I need to find out the problem. 

Okay, let's. 

Okay, let's. 

First, I need to find out of the number of bags sold. 

First, I need to find out the total cost of buying cost of the number of",False,True,captured
gsm8k_190,gsm8k,0.6B,8,deterministic,42,15.8596,238.15,61.26,256,16.14,586,183,74,0.3123,2.47,False," 

First, we need to calculate the problem, we need to calculate the total number of peaches John's the problem, we need to calculate the total number of peaches John's peach collection problem, we need to calculate the total number of peaches collected peaches collected peaches collected peaches collected, we need to calculate the total number of peaches collected by step by step-by-step:

First, we need to find the problem, we need to calculate the total number of peaches collected peaches collected, we need to calculate the total number of peaches collected peaches, we need to calculate the total number of peaches collected peaches, we need to calculate the total peaches collected, we need to calculate the total number of peaches collected, we need to calculate the total peaches collected, we need to calculate the problem, we need to calculate the total number of peaches collected, we need to calculate the total peaches collected, we need to calculate the problem, we need to calculate the total number of the problem, we need to calculate the total number of peaches collected, we need to calculate the total number of peaches John's the problem, we need to calculate the total number of peaches collected, we need to calculate the total",False,True,captured
gsm8k_192,gsm8k,0.6B,8,deterministic,42,12.0424,240.22,46.28,256,21.26,444,201,56,0.4527,3.59,False,  (C) 1) 80 (C) 150 (C) 70 (C) 80 (C) 70 (C) 80 (C) 70 (C) 80 (D) 80 (C) 1) 80 (C) 70 (C) 80 (D) 80 (C) 70 (C) 80 (C) 1) 80 (C) 70) 80 (C) 70) 80 (C) 70 (C) 80 (D) 80 (C) 70) 80 (C) 70) 80 (C) 70) 80 (C) 70 (C) 80 (C) 1) 1) 1) 12) 80 (C) 70 (C) 80 (D) 80 (C) 70) 80 (C) 70 (C) 80 (C) 150 (C),False,True,captured
gsm8k_202,gsm8k,0.6B,8,deterministic,42,14.3999,238.79,55.53,256,17.78,529,190,67,0.3592,2.84,False," 

Final Answer: <number>
Final Answer 

Final Answer: 100

Final Answer: 500
Okay, let's see. Josie has a

Final Answer: 500
Okay, let's number is 500
Okay, let's see the number is 500
Okay, let's see the number is 500. 10 acres * 10 acres of the number is 500. 

Final Answer: 500
Final Answer: 500
Final Answer: 500

Final Answer: 500
Final Answer: 500
Final Answer: 500

Final Answer: 500
Final Answer: 500

Final Answer: 500
Final Answer: 500
Final Answer: 500
Final Answer: 500

Final Answer: 500
Final Answer: 500
Final Answer: 500
Final Answer: 500
Final Answer: 500

Final Answer: 500
Final Answer: 500
Final Answer:",False,True,captured
gsm8k_207,gsm8k,0.6B,8,deterministic,42,25.9359,241.87,100.76,256,9.87,964,135,122,0.14,1.11,False," 

Okay, let's see. Joe has a bag of candy weight of the total weight of the total weight of the problem. Let's number is 20

Final Answer: 1

Final Answer: 2: 1

Final Answer: 200

Final Answer: 2000

Final Answer: 2000

Final Answer: <number

Final Answer: 2000

Step 1

Final Answer: 2000

Step 12: 2000
Okay, let's see the total weight is 1

Final Answer: 2: 2: 20

Final Answer: 200

Final Answer: <number>
Okay, let's see the total weight is 2000

Final Answer: <number>
Okay, let's see the total weight is 250

Final Answer: 20

Final Answer: <number>
Okay, let's see the total weight of the problem. 

Okay, let's see the total weight is 20

Final Answer: <number>
Okay, let's see the total weight of the problem. Let's number is 200

Final Answer",False,True,captured
gsm8k_212,gsm8k,0.6B,8,deterministic,42,21.4493,237.93,83.18,256,11.94,793,157,100,0.198,1.57,False," (Round to the nearest hour)
Answer: (Round to solve the perimeter of the park is 2

To solve this problem, we need to determine the perimeter of rectangle perimeter of the park is 2 hours

To solve the perimeter of rectangle perimeter of rectangle perimeter of the park is 2*(

To determine the perimeter of rectangle perimeter of rectangle perimeter is 2 hours

To solve this is 2 hours.

To solve this problem, we need to determine the perimeter of the park, let me

To solve this problem, we need to determine the perimeter of the park is 2 hours

To solve this problem, we need to determine the perimeter of the park, let me think
Okay, let's see. Gary walks around the edge of the park, which is 2

To solve this problem, we need to determine the perimeter of the park, let me think
Okay, let me

To solve this problem, we need to determine the perimeter of the park is 2 hours.

To solve this problem, we need to determine the perimeter of the park is 2 hours.

Step 2

To determine the perimeter of rectangle perimeter of rectangle perimeter is 2 hours.

Step-by

To solve this problem, we need to determine the perimeter",False,True,captured
gsm8k_214,gsm8k,0.6B,8,deterministic,42,20.867,240.35,80.89,256,12.27,770,159,98,0.2065,1.62,False," 

Okay, let's try to figure out this problem. Let me think about the amount of water in the amount of water in the amount of water in the small pool now. Let me think about the problem. So, the amount of water in the small pool's figure out the amount of water in the small pool now. Let me think... 

Okay, let's see how much water is in the amount of water in the small pool now. Let me think... 

Okay, let's see how much water is in the small pool now. Let me think... 

Okay, let's see how much water is in the small pool now. Let me start by the amount of water in the small pool now to figure out how much water in the problem. Let me think... 

Okay, let's see how much water is in the small pool now. Let me start by figuring out how much water is to figure out how much water is in the small pool water in the pools. Both pools are the amount of water in the problem. Let me try to figure out how much water is in the small pool now. Let me think... 

Okay, let's try to figure out how much water is in the small pool now. Let me start by figuring out",False,True,captured
gsm8k_220,gsm8k,0.6B,8,deterministic,42,21.7501,237.34,84.36,256,11.77,807,154,102,0.1908,1.51,False," 

Final Answer: <number>
Final Answer 

Final Answer: 110 minutes. 

To solve this problem, we need to calculate the total time Carmen spent on the line: 10 minutes for crossword puzzles: 10 minutes for the total time spent playing these steps:

To solve the total time is 10 minutes for the total time spent on crossword puzzles is 10 minutes for the total time she spent 10 minutes for the total time is 1300

To solve the problem. 

Final Answer: 110 minutes for the problem. Let's number is 1300

To solve this is 1300

To solve this problem. 

To solve this problem, we need to calculate the total time she spent playing these games is 1300

To solve this problem, we need to calculate the total time she spent playing these games is 10

To solve this problem, we need to calculate the total time spent playing these games is 1300

Final Answer: 300

To solve this problem, we need to calculate the total time she spent playing these games is 10

To determine the total time spent playing these games is",False,True,captured
gsm8k_222,gsm8k,0.6B,8,deterministic,42,17.3544,240.63,67.11,256,14.75,643,176,81,0.2737,2.17,False," 

First, we first, first, we first, we first need to find the total number of flowers, first, we need to find out this problem, first, we need to find out how many petunias, first, we need to find out how many petunias, first find the number of petunias first, we first, first find the number of petunias first, we first need to find the total number of flowers, first find the number of petunias, we first need to find the total number of flowers, first find the number of the problem, we first need to find the total number of flowers, first find the number of the problem, we need to find the total number of flowers planted geraniums: 

First, we need to determine the number of petunias first, first, we need to find out this problem, we first, first find the number of petunias. 

First, we first, first find the number of petunias first, we need to find the total number of flowers, first find the number of petunias first, we need to find the total number of flowers planted geraniums:  this problem, first find the number of petunias first, we need",False,True,captured
gsm8k_231,gsm8k,0.6B,8,deterministic,42,15.9773,239.8,61.72,256,16.02,589,183,74,0.3107,2.47,False," 

Step 1: Determine how many shells does Kylie collects  by step by step. 

Step 1: Find out. 

Step 1: Find out how many shells does Kylie collect on Monday? 

Step 1: Find out how many shells Kylie collects  by step. 

Step 1: Find out how many steps. 

Step 1: Find out how many shells does Kylie collects  by step. 

Step 1: Determine how many shells Kylie collects on Monday: 

Step 1: Find out how many steps. 

Step 1: Find out how many shells does Kylie collect the problem step by step. 

Step 1: Find out how many shells Kylie collected on Monday. 

On Monday, Robert collects 20 shells on Monday. On Monday, Robert collects 20 shells on Monday. On Monday, Robert collects 20 shells on Monday. On Monday, Robert collects 20 shells on Monday. On Monday, Robert collects 20 shells on Monday. Kylie collects 5 more shells that is to step by step. 

Step 1: Find out how many shells Kylie collected on Monday. 

On Monday, Robert collects 20 shells on Monday. On Monday, Robert collects 20 shells",False,True,captured
gsm8k_235,gsm8k,0.6B,8,deterministic,42,19.1037,243.49,73.96,256,13.4,707,168,89,0.2376,1.89,False," 

Step 20. Each friend needs 4 slices each wants to have 4 slices each wants to have 4 slices each wants 4 slices each wants 4 slices each. Each friend needs 4 slices.  So total number of slices per the number of slices per person, each wants to have 4 slices each wants to have 4 slices each. Each friend needs 4 slices.  So, each wants to have 4 slices each wants to have 4 slices each.  So, each wants to have 4 slices each. Each friend needs 4 slices.  So, each wants 4 slices each. 4 slices each wants to have 4 slices each.  So, each wants 4 slices each.  So, each wants 4 slices each.  So total number of slices per the question is how many slices per person is that correct. Each friend needs 4 slices.  So, each wants 4 slices each.  So total number of slices per the number of slices per person is that correct? 4 slices each.  So total number of slices per the number of slices needed 4 slices each.  So total number of course, each wants 4 slices. Each friend needs 4 slices",False,True,captured
gsm8k_237,gsm8k,0.6B,8,deterministic,42,17.9064,240.18,69.28,256,14.3,662,173,84,0.2613,2.06,False," 

First, let's break down the problem step by step:

First, let's break down the problem step by step:

1. Johnny's initial allowance of the problem, we start by step by step:

First, let's break down the problem step by step:

First, let's break down the problem step by step:

First, let's break down the problem step by step-by-step-by-step:

1. Johnny starts with Johnny's problem, we start by calculating the problem, we start by calculating the total money problem, we start by calculating the total amount of money Johnny's problem, we start by calculating the total amount Johnny's problem, let's break down the steps:

1. Johnny starts with Johnny's problem, we need to calculate the total amount Johnny's problem, we start by calculating the total amount Johnny's problem, let's break it step by step:

1. Johnny's problem, we start by calculating the total amount Johnny's problem, let's break it down the problem, we start by calculating the total amount Johnny's problem, let's break it down step by step:

1. Johnny's problem, we need to calculate the total amount Johnny's problem, let's break it down step by step:

1. Johnny's problem, let's",False,True,captured
gsm8k_238,gsm8k,0.6B,8,deterministic,42,24.7512,239.05,96.13,256,10.34,923,140,117,0.1517,1.2,False," 

Okay, let's see. The problem is to figure out the ages of Mary, Joan, and Jessa. Okay, let's break down the relationships between the ages of the relationships between the ages of Mary is to figure out the ages of Mary is to figure out the ages of Mary and then to figure out the ages of Mary is to figure out the ages of Mary and Joan's figure out the relationships between the ages of the three girls. The problem is to figure out the ages of Mary is to figure out the ages of Mary and then to find the ages of Mary, I need to figure out the ages of Mary is to find the ages of Mary and then to find Joan's age. Okay, let's see the ages of the relationships between the ages of Mary is to figure out the ages of Mary and Joan based on the information about the relationships between their ages. 

Jessa's figure out the ages of Mary is two find the ages of Mary and Joan's figure out the ages of each person to figure out the ages of Mary, Joan, and Jessa. Okay, let's break down the relationships between the ages of the relationships between the ages of the three girls. The problem is to figure out the ages of Mary is to figure out the",False,True,captured
gsm8k_241,gsm8k,0.6B,8,deterministic,42,15.3134,240.48,59.11,256,16.72,566,185,72,0.3269,2.57,False," 

Okay, let's see. The problem says Dolly has two books and Pandora has one. Dolly has two books and Pandora has one. So, Dolly has two people have two people have two people have two books. Pandora has one book. So Dolly has two books. Dolly has two books. Pandora has one book, ""Dolly has two books. Pandora has one. So, Dolly has two books. Pandora has one book, ""Dolly has two books. Pandora has one thing. So, Dolly has two books. Pandora has one book, ""Dolly has two books. Pandora has one thing. So, Dolly has two books, ""Dolly has two books. Pandora has one. Dolly has two books and Pandora has one. So Dolly has two books. Pandora has one book, ""Dolly has two books. Pandora has two books. Pandora has one book, ""Dolly has two books. Pandora has one book, ""Dolly has two books. Pandora has one book, ""Dolly has two books. Pandora has one book, ""Dolly has two books. Pandora has one book, and Pandora has one book, ""Dolly has two books. Pandora has one book, """,False,True,captured
gsm8k_243,gsm8k,0.6B,8,deterministic,42,22.9726,241.91,89.14,256,11.14,851,149,108,0.1751,1.38,False," 

Answer: 1000 - (10>
Okay, let's see. Jason has a phone plan is the correct answer >

Okay, let's see the correct answer here>

Okay, let me think > 

Okay, let me think > 

Okay, let me think > 

Okay, let me think > 

Okay, let's see the correct answer here>
Okay, let's see the correct answer here>
Okay, let's see the correct answer here>
Okay, let's see the answer >

Okay, let's see the correct answer here>
Okay, let's see.>

Okay, let's see the correct answer here>
Okay, let's see. Jason has a number >

Okay, let's see. Jason has a number >

Okay, let's see. Jason has a number >

Okay, let's see. Jason has to be sure,number>
Okay, let's see. Jason has a number >

Okay, let's see. Jason has to be filled in number >

Okay, let's see. Jason has a number >

Okay, let's see. Jason has to be sure to be sure,number>
Okay, let's see. Jason has a number >

Okay, let's see. Jason has to be filled in number",False,True,captured
gsm8k_259,gsm8k,0.6B,8,deterministic,42,17.1091,242.14,66.14,256,14.96,632,177,79,0.2801,2.24,False," 

Let me think... First, I need to find out how many apples and set up equations for Jamal's how many apples and bananas for Jamal's how many apples and bananas for Jamal. Let me start by identifying the variables. Let me define variables for the number of apples and set up equations for Jamal's number of apples and bananas that the number of apples and bananas for both the number of apples and bananas that the number of apples and bananas that the number of apples that the number of apples and bananas that Jamal's how many apples Jamal's how many apples Jamal's number of apples and bananas that the number of apples and bananas that Jamal's how many apples Jamal's number of apples and bananas. Let me start by defining variables for Jamal's number of apples and bananas that the number of apples and bananas that Jamal's number of apples and bananas that the number of apples that the number of apples that the number of apples that the number of apples that Jamal's number of apples and bananas. Let me how many apples and bananas Andrea's how many apples Jamal's number of apples and bananas that the number of apples that the number of apples that Jamal's number of apples and bananas. Let me how many apples Jamal's how many apples Jamal's number of apples and bananas. Let me",False,True,captured
gsm8k_261,gsm8k,0.6B,8,deterministic,42,22.0747,245.0,85.61,256,11.6,818,153,104,0.187,1.47,False," 

Answer: <number>
Final Answer: <Answer: <number>
Final Answer: <Answer: <number>
Okay, let's see. The problem says there is the correct answer >

Okay, let'something>
Okay, let me think > 

Okay, let me think > 

Okay, let me think > 

Okay, let me think > 

Okay, let's see the correct answer here>

Okay, let me think > 

Okay, let's see the correct answer here>

Okay, let'something>
Okay, let's see the correct answer here>

Okay, let'something>
Okay, let's see the thought process > 

Okay, let's see the correct answer here>

Okay, let's see the thought process > 

Okay, let's see the thought process > 

Okay, let's see the thought process > 

Okay, let's see the thought process and then the correct answer here>

Okay, let's see the thought process > 

Okay, let's see.>

Okay, let's see the correct answer here>

Okay, let's see. The problem says: 146464646.>

Okay, let'something>
Okay, let's see. The problem solution here>

Okay, let",False,True,captured
gsm8k_263,gsm8k,0.6B,8,deterministic,42,23.5208,244.53,91.28,256,10.88,873,147,110,0.1684,1.34,False,"  Please put your final answer within \boxed{}.

Okay, let's see the box.

Okay, let me.

Okay, let me.

Okay, let me.

Okay, let me.

Okay, let me.

Okay, let's see the box.

Okay, let me.

Okay, let's see the box.

Okay, let's.

Okay, let's see the box.

Okay, let's.

Okay, let's see the box.

Okay, let's see the box.

Okay, let's.

Okay, let's see the problem.

Okay, let me.

Okay, let's see the box.

Okay, let's.

Okay, let's.

Okay, let's see the box.

Okay, let's.

Okay, let's see the problem.

Okay, let's.

Okay, let's see the problem.

Okay, let's try to be sure to be sure to be sure to be sure to be in the box.

Let me think carefully.

Okay, let me.

Okay, let's see the box.

Okay, let's.

Okay, let's see the problem.

Okay, let's try to be sure to be in the box.

Let me think carefully.

Okay, let's see the box.

Okay, let's.

Okay",False,True,captured
gsm8k_269,gsm8k,0.6B,8,deterministic,42,23.1984,239.3,90.04,256,11.04,862,148,108,0.1717,1.37,False,"  <number>
Final Answer: <number  <number>
Final Answer:  <number>
Okay, let's see. The problem says a
Okay, let's see the number>
Okay, let's see the number>
Okay, let's see the number>
Okay, let's see the number>
Okay, let's see the problem step-by-number>
Okay, let's see the number>
Okay, let's see the problem again. The juggler has to be sure>
Okay, let's see the number>
Okay, let's see the problem again. The juggler has to be determined by the problem step-by-number>
Okay, let's see the number>
Okay, let's see the problem again. The juggler has to be  <number>
Okay, let's see.  <number>
Okay, let's see. The problem says  <number>
Okay, let's see. The problem says  <number>
Final Answer:  <number>
Final Answer: 8>
Okay, let's see. The problem says  <number>
Final Answer: 8

Okay, let's see the number>
Okay, let's see. The problem says  <number>
Final Answer: <number>
Final Answer: <",False,True,captured
gsm8k_272,gsm8k,0.6B,8,deterministic,42,24.6885,238.73,95.88,256,10.37,918,141,116,0.1536,1.22,False," 

Final Answer: <number>
Final Answer 

Final Answer: 1
Okay, let's see. The mother bought the total cost of the items is 1
Okay, let's value is 2: 1
Okay, let me think:
Okay, let me: 1
Okay, let me think:
Okay, let me: 6.0

To find the total cost is 2: 6.00

To find the total cost is 4.20 + 9.45

To find the total cost of the problem. 

Final Answer: 2: 6.0
Okay, let me think:
Okay, let me think:
Okay, let's value is 20

To find the total cost of the problem. Let's value is 2: 6.0
Okay, let's value is 20

To find the total cost of the items cost of the problem. Let's see the total cost is 4.20 + 1
Okay, let's value is 2: 6.0
Final Answer: 20

To find the total cost of the items, we need to be 2: 2: 6.",False,True,captured
gsm8k_275,gsm8k,0.6B,8,deterministic,42,17.3514,238.89,67.11,256,14.75,640,176,81,0.275,2.17,False," 

Let me solve this problem step by step.

Okay, let's see. Sean has to memorize his lines for the song has to memorize his lines for the song has to memorize his lines for two scenes and then, I need to find the song has to memorize his lines for two scenes and then, I need to find the total number of lines in the first, I need to find the total number of lines Sean has to memorize his lines for the song has to memorize his lines for two scenes and then, I need to find the total number of lines in the first scene, the song has 54 lines. So, I need to find the total lines for the song has to memorize his lines for two scenes and then, I need to find the total number of lines in the song has to memorize his lines for two scenes and then, I need to find the total number of lines Sean has to memorize his lines for the song has 1. First, I need to find the total lines for the song has to memorize his lines for two scenes and then, I need to find the total number of lines in the first scene: 

Okay, let's see, I need to find the number of lines in",False,True,captured
gsm8k_277,gsm8k,0.6B,8,deterministic,42,14.8357,240.16,57.24,256,17.26,549,188,69,0.3424,2.72,False, 30 minutes.  (B) 15 minutes.  (B) 130 minutes (B) 130 minutes (B) 13 hours (B) 13 hours (B) 120 minutes (B) 12 hours (B) 130 minutes (B) 13 hours and  (B) 13 hours and 15 minutes (B) 13 hours and 15 minutes (B) 13 hours and (B) 13 hours and (B) 13 hours and (B) 13 hours and (B) 13 hours and (C) 15 minutes (B) 13 hours and (B) 13 hours and 30 minutes (B) 13 hours and 15 minutes (B) 13 hours and 15 minutes (B) 13 hours and 15 minutes (B) 120 minutes (B) 130 minutes (B) 120 minutes (B) 120 minutes (B) 12 hours (B) 130 minutes (B) 1,False,True,captured
gsm8k_280,gsm8k,0.6B,8,deterministic,42,14.9566,243.9,57.7,256,17.12,549,188,69,0.3424,2.72,False," 

First, calculate the total cost of the popsicles and find the total cost of the popsicles: 

First, calculate the cost of popsicles: 20 * 0. 

First, calculate the cost of the popsicles: 20 * 0. 

First, calculate the cost of the popsicles: 

First, calculate the cost of the popsicles, we need to calculate the problem, we need to calculate the total cost of the popsicles and the problem, we need to calculate the total cost of the popsicles: 

First, calculate the cost of the problem, we need to calculate the total cost of the problem, we need to calculate the total cost of the problem, we need to calculate the total cost of the problem, we need to calculate the total cost of popsicles: 

First, calculate the cost of the popsicles: 20 * 0. 

First, calculate the cost of the popsicles, we need to calculate the total cost, we need to calculate the total cost of the problem, we need to calculate the total cost of the problem, we need to calculate the total cost of popsicles:  this problem, we need to calculate the total cost of the problem, we need to calculate the",False,True,captured
gsm8k_289,gsm8k,0.6B,8,deterministic,42,20.0213,243.45,77.56,256,12.79,743,163,93,0.2194,1.75,False," 

Final Answer: <number>
Final Answer 

Final Answer: 160

Step 1640

Final Answer: 640

Final Answer: 64

Final Answer: <number

Final Answer: 64

Final Answer: <number>
Okay, let's see. So, 1

Final Answer: 64

Final Answer: 640

Final Answer: 1

Final Answer: <number>
Okay, let's see the car in the fast lane is traveling at 60 mph, 1

Final Answer: 640

Wait, 1640

Final Answer: <number>
Okay, let me: 164

Final Answer: <number>
Okay, let me: 64

Final Answer: <number>
Okay, let me: 1

Final Answer: <number>
Okay, let's see the car in the fast lane is 1

Final Answer: 1

Final Answer: 1640

Final Answer: 40

Final Answer: 1

Final Answer: <number>
Okay, let's see the car in the fast lane is 1

Final Answer: 16",False,True,captured
gsm8k_296,gsm8k,0.6B,8,deterministic,42,26.3028,241.63,102.2,256,9.73,977,134,123,0.1372,1.09,False," (Round to the number: <number>
Okay, let's see. I got from the user: <number>
Okay, let me think:
Okay, let me the question: <number>
Okay, let me think:
Okay, let me the question.

Okay, let me the question.

Okay, let's Final Answer: 1. 1: <number>
Okay, let me think:
Okay, let me the question.

Okay, let's Final Answer: 42 kg bag: <number>
Okay, let's see below:
Okay, let me the question.

Okay, let's Final Answer: 4

First, calculate as per week(s): <number>
Okay, let's see below:
Okay, let's Final Answer: 4

First, calculate the question: 1: <number>
Okay, let's Final Answer: 4

Let me think about the problem: <number>
Okay, let me the question.

Okay, let's see below:
Okay, let's Final Answer: 3: <number>
Okay, let's Final Answer: 42: <number>
Okay, let's Final Answer: 4

Let me think about the problem: <number>
Okay, let's see below",False,True,captured
gsm8k_297,gsm8k,0.6B,8,deterministic,42,24.658,240.0,95.76,256,10.38,915,142,115,0.1552,1.23,False," 

Answer: 120 - (Answer: 20>
Okay, let's see. Sam'solution>
Okay, let me think > 

Okay, let me think > 

Okay, let me think > 

Okay, let me think > 

Okay, let's see the number >

Okay, let me think > 

Okay, let me think > 
Okay, let me think > 

Okay, let's see the number >

Okay, let'solution>
Okay, let me think > 

Okay, let's see the number >

Okay, let'solution>
Okay, let's see the number here>
Okay, let's see the number >

Okay, let's see the thought process > 

Okay, let me think > 

Okay, let's see the thought process > 

Okay, let'solution>
Okay, let's see.>

Okay, let's see the number >

Okay, let's see the number here>
Okay, let's see the thought process > 

Okay, let's see the thought process > 

Okay, let's see the thought process > 

Okay, let's see.>

Okay, let's see the number here>
Okay, let's see.>

Okay, let's see.>

Okay, let's see",False,True,captured
gsm8k_298,gsm8k,0.6B,8,deterministic,42,21.0891,245.4,81.74,256,12.14,781,159,98,0.2036,1.62,False," 

Okay, let's try to figure out how many steps to figure out how many steps to figure out how many times she bids. The problem is to figure out how many steps to figure out how many times Carmen to figure out how many times Carmen to figure out how many times Carmen to figure out how many times Carmen to figure out how many times Carmen bids. The problem is to figure out how many times Carmen to figure out how many times Carmen to start by the total number of bids. The problem is to figure out how many times Carmen bids. Okay, let's try to figure out how many times Carmen to figure out how many times Carmen to figure out how many times Carmen bids. The opening bid of the total number of bids. Okay, let's break down the sequence of the total number of bids. The problem says that Carmen accepts the opening bid of $200. Okay, let's figure out how many times she bids. The problem. Okay, let's break down the sequence of the number of bids. The problem. Okay, let's try to figure out how many times Carmen to figure out how many times Carmen to figure out how many times Carmen bids. The problem is to figure out how many times Carmen to figure out how many times Carmen",False,True,captured
gsm8k_303,gsm8k,0.6B,8,deterministic,42,24.0906,238.68,93.54,256,10.63,891,144,113,0.1616,1.27,False," 

Answer: 12000>
Okay, let's try to figure out this problem solution steps >

Okay, let me think > 

Okay, let me think > 

Okay, let me think > 

Okay, let me think > 

Okay, let's try to find the number >

Okay, let me think > 

Okay, let's try to find the answer >

Okay, let's try to find the answer here>

Okay, let me think > 

Okay, let's try to find the answer step-by-12000>

Okay, let'something>
Okay, let's try to find the answer here>

Okay, let's try to find the answer step by the number >

Okay, let's try to find the answer step-by-10>
Okay, let'something>
Okay, let's try to figure out of the total amount of money she earned in the second year 10>
Okay, let'something>
Okay, let's try to figure out the answer here >

Okay, let's try to figure out the answer here>

Okay, let's try to figure out this is the number >

Okay, let's try to figure out this is the total amount of money she earned in the second year 1",False,True,captured
gsm8k_314,gsm8k,0.6B,8,deterministic,42,22.9436,243.58,89.02,256,11.16,850,149,107,0.1753,1.39,False," 

Final Answer: <number>
Final Answer 

Final Answer: 105 = 105 = 15

Let me try 15

Let me try 15

Let me try to the number is 35

Let me try to the number of the number is 35

Let me try to the problem. 

Let's number is 15

Let me try to solve this problem. 

Let's number is 35

Let me solve this problem. 

Let's number is 35. 

Let me try 105 = 15

Let's number is 35

Let's number is 35. 

Let's number is 35. 

Let me explain step by step:

Let's number is 35.

Let me explain step by step:

Let's number is 35. 

Let's number is 35. So, let me

Let's number is 35. So, let me think:
Okay, let me

Let's number is 35. So, let me think:
Okay, let me

Let's number is 35. So the number of players on the defense is 35

",False,True,captured
gsm8k_325,gsm8k,0.6B,8,deterministic,42,12.2479,240.42,47.09,256,20.9,451,199,58,0.4412,3.43,False," 

First, let's break down the problem step by step:

First, let's break down the problem step by step:

1. First, we need to determine the total amount of money the company pays to all the programmers, we need to calculate the total amount of money the company pays to find the total amount of money the company pays to find the total amount of money the company pays to find the total amount of money the company pays to all the programmers per month, we need to calculate the total amount of money the company pays to all the programmers per month, we need to find the total amount of money the company's the problem, we need to calculate the total amount of money the company pays to all the programmers per month, we need to calculate the total amount of money the company pays to find the total amount of money the company pays to find the total amount of money the company pays to find the total amount of money the company pays to find the total amount of money the company pays to find the total amount of money the company pays to all the programmers per month, we need to calculate the total amount of money the company pays to all the programmers per month, we need to calculate the total amount of money the company pays to all the programmers per month, we",False,True,captured
gsm8k_328,gsm8k,0.6B,8,deterministic,42,16.2436,239.69,62.76,256,15.76,600,181,75,0.3017,2.41,False," 

Okay, the problem says that's charging at a rate of 1 percentage-point per 3 minutes. So, the problem says it charges at a problem says it charges at a problem says that's charging at a rate of 1 percentage-point per 3 minutes. So, the phone is currently at 60% charge at 60% charge at 60% charge at 60% charge. It's charging at a rate of 1 percentage-point per 3 minutes. So, the problem says that's charging at a rate of 1 percentage-point of charge per 3 minutes. So, the problem says that the cell-phone is at 60% charge at 60% charge. It's at 60% charge. It's at 60% charge. It's at 60% charge, the problem says that the cell-phone is at 60% charge at 60% charge. It's at 60% charge, the problem says that the cell phone is currently at 60% charge at 60% charge. It's at 60% charge, the phone is currently at 60% charge. It's at 60% charge,",False,True,captured
gsm8k_342,gsm8k,0.6B,8,deterministic,42,13.0467,241.64,50.22,256,19.62,481,196,61,0.4075,3.21,False," 

Final Answer: <24>
Final 

Final Answer: <24>
Final Answer: <24>
Final

Final Answer: <24>
Final

Final Answer: <24> 

Final Answer: <24>
Final Answer: <24>
Final Answer: <24>
Final Answer: <24>
Final Answer: <24>
Final Answer: <number is not correct answer: <number is not correct. 

Final Answer: <24>
Final Answer: <24>
Final Answer: <24>
Final Answer: <number is 24 + 24 + 24 + 24 + 24 (Wait, that she has 24 + 24 = 248

Final Answer: <24>
Final

Final Answer: <24> 

Final Answer: <24>
Final Answer: <24>
Final Answer: <24>
Final Answer: <24>
Final Answer: <number is 24 + 24* 

Final Answer: <24>
Final 

Final Answer: <24>
Final 

Final Answer: <24>
Final 

Final Answer: <24>
Final Answer",False,True,captured
gsm8k_346,gsm8k,0.6B,8,deterministic,42,16.0964,241.51,62.18,256,15.9,595,181,75,0.3042,2.41,False," 

Let me solve this problem step by step.

First, I need to find out how many cookies per week, and then put 1. First, I need to find out how many cookies per week. 1. First, I need to find out how many cookies Jenny buys 1. First, I need to find out how many cookies per week.  She buys 1 bag of cookies a week. First, I need to find out how many cookies per week.  She buys 1 bag of cookies a week. First, I need to find out how many cookies per week.  She puts 4 cookies in her son's lunch box. First, I need to find out how many cookies per week.  She puts 4 cookies in the total number of cookies per week.  She buys 1 bag of cookies a week. 1. First, I need to find out how many cookies per week.  She puts 4 cookies per week, and then, and then put 4 cookies in her son's lunch box.  So, Jenny buys 1 bag of cookies a week. 1. First, I need to find out how many cookies per week.  She puts 4 cookies in the total number of cookies in",False,True,captured
gsm8k_347,gsm8k,0.6B,8,deterministic,42,19.6489,241.48,76.11,256,13.03,728,165,92,0.2266,1.79,False," 

First, we first, first, we first, we first calculate the discount problems like this, first, we need to calculate the discount amount first, first, we need to find the problem, first, we need to find the discount amount paid for the two shirts that, first calculate the discount amount first, we first, first calculate the discount amount first, we first calculate the discount amount first, we first calculate the discount amount per shirt, the problem, first calculate the discount amount first, we first calculate the discount amount per shirt. 

First, we need to find the discount amount for the problem, first calculate the discount amount first, we need to calculate the discount amount first, we need to find the discount amount per shirt, first calculate the discount amount per shirt. A problem, we first calculate the discount amount per shirt. A problem, we need to calculate the discount amount first, we need to calculate the discount amount first, we need to find the discount amount per shirt, first calculate the discount amount per shirt. 

First, we need to find the discount amount for the problem, we first calculate the discount amount per shirt, first, first, first calculate the discount amount first, we need to calculate the discount amount first. 

First, we need",False,True,captured
gsm8k_356,gsm8k,0.6B,8,deterministic,42,23.9171,237.41,92.86,256,10.7,889,144,112,0.162,1.29,False," 

Okay, let's see. Dean started

Let me solve this step by step. 

Okay, let's see the total cost of the problem step by step:

Let me solve this step by step. 

Okay, let's see the total cost of the toy cars cost of the total cost of the problem step by step:

Let me solve this step by step. 

Okay, let's see the total cost of the toys cars and 1

Let me solve this step by step. 

Okay, let's see the total cost of the toys cars cost of the toy cars cost of the toy cars cost of the toy cars cost of the toy cars is 1

Let me solve this step by step.

Okay, let's see the total cost of the toys cars cost of the toy cars is 1

Let me solve this step by step.

First, let's see the problem step by step:

Let me solve this step by step. 

Okay, let's see the total cost of the toy cars is 1

Let's value: 1

Let me solve this step by step.

First, let's see the problem step by step:

Step 1: Calculate the total cost of the toys cars cost of the toy cars is 1",False,True,captured
gsm8k_364,gsm8k,0.6B,8,deterministic,42,15.1805,238.59,58.6,256,16.86,561,185,71,0.3298,2.61,False," 

Let me solve this problem step by step. 

First, I need to find out of  First, I need to find out of the total number of fourth-graders at first, I need to find the total number of fourth-graders is the total number of fourth-graders at Small Tree School is the total number of fourth-graders is the total number of fourth-graders is the total number of fourth-graders is  First, I need to find out of  First, I need to find out how many fourth-grade boys = 96 total number of fourth-grade boys = 96 total number of fourth-graders at Small Tree School. 43

First, I need to find out of the total number of fourth-graders is the question says that there are 96 fourth-graders at Small Tree School. 43 of the total number of fourth-graders is the total number of fourth-graders is 96 total number of fourth-graders is 96

First, I need to find out how many fourth-graders at first, I need to find out how many fourth-graders at Small Tree School. 

First, I need to find out how many fourth-graders at Small Tree School. 43

",False,True,captured
gsm8k_367,gsm8k,0.6B,8,deterministic,42,15.8419,238.86,61.19,256,16.16,583,184,73,0.3156,2.52,False," 

Let me think. Let me break down. Let me define the variables. Let me define the variables. Let me define variables. Let me define variables. Let me define variables. Let me define variables. Let me define variables. Let me define variables for shoplifters. Let me define variables. Let me define variables. Let me define variables. Let me define variables for shoplifters. The first. Let me define variables. Let me define variables for shoplifters. The first group. Let me break down. Let me define variables. Let me define variables for shoplifters. The first group is the number of customers kicked out for shoplifting. The first. Let me define variables. Let me define variables. Let me define variables for shoplifters. The first group is the number of customers kicked out for shoplifting. Let me define variables. Let me call it's value of people kicked out for shoplifting. Let me define variables. Let me define variables. Let me define variables for shoplifters. The first group is 3 customers were kicked out for shoplifters. The first. The first. Let me define variables. Let me define variables. Let me define variables for shoplifters. The first group is 3 customers.",False,True,captured
gsm8k_368,gsm8k,0.6B,8,deterministic,42,20.8352,241.41,80.76,256,12.29,773,160,97,0.207,1.65,False," 

Let me think... First, I need to find out how many points Erin's total points Erin's total points. Let me think... First, I need to find out how many points Erin's total points. Let me think... First, I need to find out how many points Erin's total points now how many points Erin has now how many points Erin's total points. Wait, the problem says that Erin's total points. Let me start by how many points Erin's total points. Wait, the problem says that after scoring 14 points. Let me think... 

Okay, let's see how many points Erin has now. The problem says that Erin's total points. Let me think... 

Okay, let me how many points Erin has now. The problem says that Erin's total points. Let me start by understanding the problem. So, Sara's total points Erin's total points now how many points Erin has now how many points Erin has three times more points Erin's total points now how many points Erin has now how many points Erin has three times more points than Sara, how many points Erin's total points. Wait, the problem says that Erin's total points. Let me start by how many points Erin has now. The problem says that after scoring",False,True,captured
gsm8k_371,gsm8k,0.6B,8,deterministic,42,24.8285,241.31,96.42,256,10.31,922,140,117,0.1518,1.2,False," 

Answer: 14 + 28 + 14+>
Okay, let's see the number >

Okay, let me think > 

Okay, let me think > 

Okay, let me think > 

Okay, let me think > 

Okay, let me think > 

Okay, let's see the number >

Okay, let me think > 

Okay, let's see the answer >

Okay, let'something>
Okay, let me think > 

Okay, let's see the answer >

Okay, let'something>
Okay, let'something>
Okay, let's see the answer in the number >

Okay, let'something>
Okay, let's see the answer in the box >

Okay, let'something>
Okay, let's see the answer in the box>

Okay, let'something>
Okay, let's see the answer in the box>

Okay, let me think through the problem solution steps >

Okay, let me think through the problem step by step.

Okay, let me think > 
Okay, let me think through the problem step by step.

Okay, let me think > 
Okay, let'something>
Okay, let'something>
Okay, let'something>
Okay, let'something>
Okay, let'something>
",False,True,captured
gsm8k_374,gsm8k,0.6B,8,deterministic,42,20.3227,238.92,78.76,256,12.6,754,162,95,0.2149,1.71,False," Let's solve this step by by step explanation:
First, we have 1. The total milk collected milk collected milk collected is the total milk collected is the total amount of milk collected from the total milk collected is the total amount of milk collected from both halves, the total milk collected is 1. The total milk collected every day.

Mary has 30 sheep. She gets 1. The total milk collected every day.

Mary has 30 sheep. She gets 1 kg of milk from half of them. So, half of the problem: <number> 1. The total milk collected every day is 1. The total milk collected every day is 1. The total milk collected every day is 1. The total milk collected every day is 1. First, we need to calculate the total milk collected from the problem: <number> is the total amount of milk collected from the first, the total milk collected is 1 kg of the total milk is the total milk collected is the total milk collected is the total milk collected is 1. The total milk collected every day is 1. The total milk collected every day is 1. First, we need to calculate the total milk collected from both halves, the total milk collected",False,True,captured
gsm8k_382,gsm8k,0.6B,8,deterministic,42,15.2073,243.3,58.68,256,16.83,561,186,71,0.3316,2.62,False," 

Let me solve this problem step by step.

First, I need to find out how many silver pesos that Axel has 1. First, I need to find out how many silver pesos that Axel has 50 silver pesos that Axel has 1. First, I need to find out how many silver pesos that Axel has 50 silver pesos and then, I need to find the problem. 

First, I need to find out how many silver pesos that Axel has 50 silver pesos and then answer
First, I need to find out how many silver pesos that Axel has 50 silver pesos and 1. First, I need to find out how many silver pesos that Axel has 50 silver pesos and then answer
First, I need to find out how many silver pesos does not sure, I need to find the problem. 

First, I need to find out how many silver pesos that Axel has 50 silver pesos and 1. First, I need to find out how many silver pesos does not sure, but I need to make sure to solve the problem step 1. First, I need to find out how many silver pesos that Axel has 50 silver pesos and then answer with the problem. 

First, I",False,True,captured
gsm8k_383,gsm8k,0.6B,8,deterministic,42,14.0139,239.72,54.02,256,18.27,516,192,65,0.3721,2.95,False," (Note: The lemonade stand is open) 124 hours per day, and she is a total 12 hours a day.)

Okay, let's see the entire day and she is a total of the entire day, and she sells 12 hours a day.)

Okay, let's assume that the stand is open for 100000000000000000000000000000000000000000000000000000000000000000000000000000000000000000000000000000000000000000000000000000000000000000000000000000000000000000000000000000000000000000",False,True,captured
gsm8k_387,gsm8k,0.6B,8,deterministic,42,23.5193,240.34,91.29,256,10.88,871,148,109,0.1699,1.36,False," 

Final Answer: <number>
Final Answer 

Final Answer: 12: 30

Final Answer: 30

To find the total cost of the total cost of the total cost is 30

To find the total cost of 6 erasers and Explanation: 

Final Answer: 342: 34

To find the total cost of 6 erasers and pencils cost of the total cost is 6 erasers cost of the total cost is 6* 12
Okay, let's see. The problem is 12
Okay, let me think carefully: 12: 342

Final Answer: 34

To find the total cost of 6 erasers and pencils cost of 12
Okay, let me: 30

Final Answer: 342

To find the total cost of 6 erasers and pencils cost $2 \boxed{12
Okay, let me: 30

Final Answer: 30

Final Answer: 342

Final Answer: 34

Step 18
Okay, let's see the total cost is 30

To find the total cost of 6",False,True,captured
gsm8k_395,gsm8k,0.6B,8,deterministic,42,26.6432,244.7,103.52,256,9.61,993,131,125,0.1319,1.05,False,"  <number>
Okay, let's see. So,  <number>
Okay, let's see the total cards>
Okay, let's see the total cards>
Okay, let's see the total cards -  <number>
Okay, let's see the total cards - 1>
Okay, let's see the total number>
Okay, let's see the problem.

Okay, let's see the total cards>
Okay, let's see the problem again. Let's>
Okay, let's see the total cards - 1>
Okay, let's see. Let's>
Okay, let's see the total cards - 17

Okay, let's see the total cards - 17 - 1>
Okay, let's see. So, let's see the total cards - 17 - 5

Okay, let's see the total number>
Okay, let's see. So, let's see the problem.

Okay, let's see the total cards - 17 - 5 - 2>
Okay, let's see. So Erica started with 20 cards. Then,  <number>
Okay, let's see. So, let's see the total number>
Okay, let's see. So Erica started",False,True,captured
gsm8k_400,gsm8k,0.6B,8,deterministic,42,15.2045,241.17,58.68,256,16.84,560,186,70,0.3321,2.66,False," 

Okay, let's see. The problem is 48 ounces of milk per ounce of the number is 48
Okay, let me think carefully: 48
Okay, let me: 48
Okay, let me: 48
Final Answer: 48
Okay, let me think carefully: 48

Final Answer: 48
Final Answer: 48
Final Answer: 48
Final Answer: 48
Final Answer: 48
Final Answer: 48

Final Answer: 48
Final Answer: 48
Final Answer: 48
Final Answer: 48

Final Answer: 48
Final Answer: 48

Final Answer: 48
Final Answer: 48

Final Answer: 48
Final Answer: 48

Final Answer: 48
Final Answer: 48
Final Answer: 48
Final Answer: 48
Final Answer: 48

Final Answer: 48
Final Answer: 48

Final Answer: 48
Final Answer: 48

Final Answer: 48
Final",False,True,captured
gsm8k_402,gsm8k,0.6B,8,deterministic,42,25.8529,244.36,100.43,256,9.9,963,135,122,0.1402,1.11,False," 

Answer: 2>
Okay, let's see. Mark is making a number >

Okay, let me think>
Okay, let me think>
Okay, let me think>
Okay, let me think>
Okay, let me think>
Okay, let me think through the number >

Okay, let me think>
Okay, let me think through the problem step by step.

Okay, let me think>
Okay, let me think through the problem step-by-1>
Okay, let me think through the problem step by step.

Okay, let me think through the problem step by step.

Okay, let me think through the problem step by step.

Okay, let me think through the problem step-by-1>
Okay, let'something>
Okay, let'something>
Okay, let'something>
Okay, let'something>
Okay, let'something>
Okay, let'something>
Okay, let's see the number >

Okay, let'something>
Okay, let'something>
Okay, let's see the number here>

Okay, let'something>
Okay, let's see the thought process > 

Okay, let'something>
Okay, let's see the thought process > 

Okay, let's see the thought process and then the number >

Okay, let",False,True,captured
gsm8k_405,gsm8k,0.6B,8,deterministic,42,20.9246,243.26,81.1,256,12.23,776,160,97,0.2062,1.65,False," 

Okay, let's see. Tyson needs to make enough sandwiches needed. To determine the answer is 1

To determine the answer is 70

To determine how much money would be 1

To determine how much money Tyson needs to be 1

To determine how much money Tyson needs to make sure to the answer is 70. To determine how much money Tyson needs to make enough sandwiches to serve 20 people. Each sandwich requires 1 pound of meat and 140

To determine how much money Tyson needs to make enough sandwiches to serve 20 people. Each sandwich requires 1 pound of meat and 140

Step 140

Step 1

To determine how much money Tyson will be 1

To determine how much money Tyson needs to make enough sandwiches to serve 20 people. To determine how much money Tyson needs to make enough muffaletta sandwiches. To solve this step by step:

To determine the answer is 70. To determine how much money Tyson needs to be 1

To determine how much money Tyson will be 70

To determine how much money Tyson needs to make enough muffaletta sandwiches. Each sandwich requires 1 pound of meat and",False,True,captured
gsm8k_410,gsm8k,0.6B,8,deterministic,42,21.8617,244.6,84.77,256,11.71,811,153,103,0.1887,1.49,False," 

Answer: 10 - 3.>

Okay, let's see. Sally started with $10. She bought taffy cost of the answer >

Okay, let's see the answer >

Okay, let's see the answer >

Okay, let's see the answer >

Okay, let's see the answer here>

Okay, let's see the answer here>

Okay, let's see the answer in the box >

Okay, let's see the answer in the box>
Okay, let's see the answer in the box>
Okay, let's see.>

Okay, let's see the answer here>

Okay, let's see the answer here>

Okay, let's see.>

Okay, let's see the answer here>

Okay, let's see.>

Okay, let's see. Sally has to be sure,number>
Okay, let's see the answer here>

Okay, let's see. Sally has to be filled in number >

Okay, let's see. Sally has to be a number between 0 and 10, inclusive of the answer here>

Okay, let's see. Sally has $10 - 10.>

Okay, let's see. Sally started with $10. She bought taffirm>

",False,True,captured
gsm8k_413,gsm8k,0.6B,8,deterministic,42,18.5848,241.07,71.94,256,13.77,685,169,87,0.2467,1.94,False," (Assume that the probability of a candle not exploding is  exploding is  exploding is 99% guaranteed to explode is 99% and exploding is 99% guaranteed to not explode is 1%.)

Okay, let's see a) exploding is 99% and exploding is 99% guaranteed not exploding is 99% guaranteed to not explode is 1% guaranteed to not exploding is 99% guaranteed to not exploding is 99% guaranteed to not exploding is 99% guaranteed not exploding is 99% guaranteed not exploding is 1. exploding is 99% and exploding is 99% and exploding is 99% and exploding is 1. exploding is 99% and exploding is 1. exploding is 99% and that is 99% and exploding is 99% guaranteed to explode is independent of exploding is 99% and exploding is 1. exploding is 99% and that is not exploding is 1. exploding is 99% and that the probability of a candle not exploding is 1. exploding is 99% and that the probability of a candle not exploding is 99% guaranteed to",False,True,captured
gsm8k_423,gsm8k,0.6B,8,deterministic,42,11.0727,244.07,42.47,256,23.12,406,206,51,0.5074,4.04,False," 

Wait, the problem says that the tattered jeans cost $28 while the jogger jeans cost $6 less than the jogger jeans cost $28, the tattered jeans cost $28 while the jogger jeans cost $6 less than the jogger jeans cost $6 less than the jogger jeans cost $28, the tattered jeans cost $28 while the tattered jeans cost $28 while the jogger jeans cost $6 less than the jogger jeans cost $6 less than the tattered jeans cost $28 while the jogger jeans cost $6 less than the tattered jeans cost $28 while the jogger jeans cost $6 less than the tattered jeans cost $28 while the jogger jeans cost $6 less than the jogger jeans cost $6 less than the tattered jeans cost $28 while the jogger jeans cost $6 less than the jogger jeans cost $6 less than the tattered jeans cost $28 while the jogger jeans cost $6 less than the jogger jeans cost $6 less than the tattered jeans cost $28 while the jogger jeans cost $6 less than the tattered jeans cost $28 while the jogger jeans cost $",False,True,captured
gsm8k_427,gsm8k,0.6B,8,deterministic,42,24.5726,240.74,95.42,256,10.42,914,142,115,0.1554,1.23,False," Let's define the variables: Kenny sells 1/Step: Kenny sells 2. Let's define the variables. Let's step: Kenny sells 2/Step 1/Step: Kenny sells 2/Step 1: Kenny sells 2/3 of the problem: Kenny sells 2/3 of his total amount of all the problem: Kenny sells 2/3 of his cards he sells 1. Let's define the variables. Let x is to find out of all the cards he sells 1/Step: Let's define the variables. Let x be the number of all, we need to find out of all, we need to find out how much is to find out how much money he needs to find out how much money Kenny sells 1/Step 1/Step 1/Step 1/Step 1: Kenny sells 2/3 of the problem: Kenny sells 2/3 of his cards he sells 2. Let's define the number of cards he sells 2. Let's define the number of cards Kenny sells 2/Step: Kenny sells 2/3 of the cards he keeps 1/3 of the problem: Kenny sells 2/3 of his cards. Let's",False,True,captured
gsm8k_428,gsm8k,0.6B,8,deterministic,42,21.5855,239.84,83.71,256,11.86,799,156,101,0.1952,1.54,False," 

Let me think... First, I need to figure out how many hotdogs were prepared in the total number of hotdogs prepared for the problem step through the total number of hot dogs. The cater for the total number of hot dogs. The cater for the problem step through the problem step through the problem carefully understand the problem step through the problem step by the total number of hotdogs. The caterer was told to prepare enough hotdogs for half of the guests to be careful. Let me think... First, let me think about how many hotdogs were prepared in the total number of hotdogs prepared for the problem. The caterer was supposed that the total number of hotdogs prepared. Let me think... First, let me think... 

Okay, let's try to understand the problem step through the total number of hotdogs prepared for the problem. The cater for the problem. Let me think... 

Okay, let me to figure out how many hotdogs were prepared in the total number of hotdogs prepared for  figure out how many hotdogs were prepared in the total number of hotdogs prepared for  figure out how many hotdogs were prepared in the problem step through the problem carefully understand the problem step by the total number of hotdogs prepared for the problem.",False,True,captured
gsm8k_434,gsm8k,0.6B,8,deterministic,42,17.532,236.63,67.83,256,14.6,650,174,82,0.2677,2.12,False," Let's find out of all the money George spent $5 is to find out how much money George spent $5 is equalize the total amount of money George spent $5 is equal to find out how much money George spent in the total money George spent $5. Let's find out how much money George spent in the total amount of money George spent $5. Let's find out how much money George spent in the total amount of money George had to find out how much money George spent in total. Let's convert the total money George had to find out how much money George spent. Let's convert the total amount of money George had to find out how much money George spent. Let's convert the total amount George spent $5 is to find out how much money George spent, we need to find out how much money George spent. Let's convert the total amount George spent $5. Let's convert the total amount George spent $5. Let's convert the total amount George spent into the total amount of money George had to find out how much money George spent $5 is to find out how much money George spent, we need to find out how much money George spent $5 is equal to 500 cents. George spent $5. Let's convert",False,True,captured
gsm8k_439,gsm8k,0.6B,8,deterministic,42,15.2383,245.54,58.8,256,16.8,562,186,71,0.331,2.62,False, (Note: The time it takes to drive (Note:  is not including all the way is not including the same as per mile is not counted as the same distance is not counted in the city is not counted in the time it takes to drive is not counted in the time it takes to get to the theater is not counted in the time it takes to get to the theater is not counted in the time it takes to get to the theater is not counted in the time it takes to the same as per the same as the same distance is proportional to the distance is not counted in the time it takes to get to the theater is not counted in the time it takes to get to the theater is not counted in the time it takes to the theater is not counted in the time it takes to get to the theater is not counted in the time it takes to get to the theater is not counted in the time it takes to get to the theater is not counted in the time it takes to the theater is not counted in the time it takes to the theater is not counted in the time it takes to get to the theater is not counted in the time it takes to the theater is the same distance is not counted in the time it takes to get to the theater is not counted in,False,True,captured
gsm8k_442,gsm8k,0.6B,8,deterministic,42,24.1672,245.13,93.81,256,10.59,895,145,112,0.162,1.29,False," 

Okay, let's see. So, let's value is 40 + 40 + 40 + 40 + 40 + 40 + 30

Let's value is 40 + 40 + 30

Let's value is 40 + 30

Let's solve this is 40 + 3* 

Okay, let's see the house's value is 40 + 40 + 3* 

Okay, let's see the house's value is 40 + (Step 1: Calculate the temperature increase from the house's value is 40 + 40 + 3*5

Let's value is 40 + (Step 1: Calculate the temperature increase from the oven is on for the house's temperature after calculation:

Let's value is 40 + 3* 

Okay, let's see the house's temperature is 40 + 3*5 - 1

Let's value is 40 + 3* 

Okay, let's see the house's temperature is 40 + 3*5 - 1. Let's solve this is 40 + 3*",False,True,captured
gsm8k_454,gsm8k,0.6B,8,deterministic,42,14.5583,241.16,56.15,256,17.58,537,188,68,0.3501,2.76,False," 

First, we need to calculate the total apples eaten by Marin and Nancy's the problem, we need to calculate the total number of apples eaten by Marin and Nancy in 30 days, we need to calculate the total number of apples eaten by Marin and find the total number of apples eaten by Marin and Nancy's the problem, we need to calculate the total number of apples eaten by Marin and Nancy in 30

First, we need to find the total apples eaten by Marin and find the total number of apples eaten by Marin and find the total number of apples eaten by Marin and Nancy's the problem, we need to calculate the total apples eaten by Marin and Nancy in 30 days. 

First, we need to find out this problem, we need to calculate the total number of apples eaten by Marin and Nancy in  this problem, we need to calculate the total number of apples eaten by Marin and Nancy in 30

First, we need to find out this problem, we need to calculate the total number of apples eaten by Marin and Nancy in  this problem, we need to calculate the total number of apples eaten by Marin and Nancy in  this problem, we need to calculate the total number of apples eaten by Marin and Nancy in  this",False,True,captured
gsm8k_455,gsm8k,0.6B,8,deterministic,42,18.4866,242.5,71.55,256,13.85,686,171,86,0.2493,1.99,False," 

Okay, so

Okay, so

Okay, so

Okay, so

Okay, so

Okay, so Bob's each raised bed. 

Okay, so Bob's each raised bed. 

Okay, so Bob's each raised bed. 

Okay, so Bob's raised bed. 

Okay, so Bob's raised bed. The problem says that one raised bed. 

Okay, so Bob's each raised bed. The problem says that each raised bed. 

Okay, so Bob's each raised bed. The problem says that each raised bed. The problem says that each raised bed is 2 feet wide by 8 feet long by 1 raised bed. The problem says that each raised bed. 

Okay, so Bob's each raised bed. The problem says that each raised bed is the raised bed. The problem says that each raised bed is 2 feet wide by 8 feet long by 1 raised bed. The problem says that each raised bed is the raised bed. The problem says that each raised bed is 1 raised bed. The problem says that each raised bed is 2 feet wide by 8 feet long by 1 raised bed. The problem says that each raised bed is 1 raised bed. The problem says that each raised bed",False,True,captured
gsm8k_463,gsm8k,0.6B,8,deterministic,42,20.0005,242.63,77.48,256,12.8,741,163,93,0.22,1.75,False," The pizza she ordered was $12.

Okay, let's see. So, and the delivery cost is $15. So, the tip is 1/5 of the amount she also, and the delivery cost is $1250000000.

Okay, let me know that is the delivery cost is the delivery cost is the delivery fee.

Okay, let me know that the delivery cost is $15. So, the tip is 1/5 of the amount she ordered?

Okay, let me know that the delivery cost is $15. So, the tip is 1/5 of the amount she ordered?

Okay, let me know that the delivery cost is $15. So, the delivery cost is $1250. 

Okay, let me know that the delivery cost is $15. So, the delivery cost is $1500.

Okay, let's

Okay, let's see the delivery cost is $15. So, and the delivery cost is $15. So, the tip is 1/5 of the amount she ordered?

Okay, let me know that the delivery cost is $15. So, the delivery cost is $15.",False,True,captured
gsm8k_464,gsm8k,0.6B,8,deterministic,42,15.3481,244.16,59.23,256,16.68,568,185,72,0.3257,2.57,False,"  (Assume that the race is 10

Wait, the question says that the race is 10.  (probably a typo, and that the race is 10.  (probably a typo, maybe a 100-meter segments, and that the race is 10.  (probably a typo, maybe  (probably a typo, maybe  (probably a typo, maybe  (probably a typo, maybe 10 runners.  runners.  runners.  runners.  Assume that the race is 10

Wait, the question says  (probably a typo, maybe  (probably a typo, maybe 10 runners.  Assume that the race is 10

Wait, the question says  (probably a typo, maybe 10 runners.  Assume that the race is a  (probably a typo, maybe 10 runners.  runners.  runners.  runners.  Assume that the race.  (Assume that the race is 10

Wait, the problem.  (probably a typo, maybe 100-meter segments, and that the first place.  (Assume that the race is 10

Wait, the problem. ",False,True,captured
gsm8k_473,gsm8k,0.6B,8,deterministic,42,20.4911,239.67,79.42,256,12.49,760,162,95,0.2132,1.71,False," (Note: 1 foot = 12 inches)

Wait, the shark's 2 inches)

Wait, the note: 12 inches.)

Wait, the note says 12 inches.)

Wait, the note says 1 foot = 12 inches.)

Okay, let's see. Benny saw a 2 inches)

Wait, the note: 12 inches.)

Okay, let's see, 2 inches)

Wait, the note: 12 inches.)

Okay, let's 2 inches.)

Wait, the note: 12 inches.)

Okay, let's see, 2 inches.)

Wait, the note says 1 foot = 12 inches.)

Okay, let's see, 2 inches.)

Wait, the note: 12 inches.)

Okay, let's see, 2 inches.)

Wait, the note says 1 foot = 12 inches.)

Okay, let's see, 2 inches.)

Wait, the note says 2 inches.)

Okay, let's see, 2 inches.)

Wait, the note says 2 inches.)

Okay, let's see, 2 inches.)

Wait, the note says 2 inches.)

Okay, let's see, 2 inches.)

Wait, the note says",False,True,captured
gsm8k_474,gsm8k,0.6B,8,deterministic,42,19.6522,239.26,76.13,256,13.03,728,165,91,0.2266,1.81,False," Let's find the problem: We know that three-fourths of the students have desktop computer is to find the fraction of students with the problem: We know that three-fourths of the students have a fraction of students who is to find the fraction of students with desktop computer is to find out of all the problem: We know that three-fourths of the students have desktop computers, we know that three-fourths of the students have desktop computers, we know that three-fourths of the students have desktop computers are the problem says that 3/Step: We know that three-fourths of the students have desktop computers, we know that three-fourths of the students have a fraction of students have a fraction of students with the problem says that three-fourths of the students have desktop computers are 3/4 of the students have a fraction of students with desktop computer is 3/4 of the students have desktop computer is 3/4 of the students. We know that three-fourths of the students have a fraction of students have desktop computer is 3/4 of the students who is to find out of the problem says that three-fourths of the students have desktop computer is 3/4 of the students have desktop computer is 3/4 of the students",False,True,captured
gsm8k_479,gsm8k,0.6B,8,deterministic,42,23.7092,240.06,92.04,256,10.8,883,145,112,0.1642,1.29,False," 

Okay, let's see. Tom needs to be careful, let me think carefully: 1

Let me solve this step by step. 

Okay, let me

Let me solve this step by step. 

Okay, let me

Let me solve this step by step. 

Okay, let me

Let me solve this step by step.

Okay, let me

Let me solve this step by step.

First, let me

Let me solve this step by step.

First, let me

Let me solve this step by step.

First, let me think carefully: 13

Final Answer: 135000

Let me solve this step by step. 

Okay, let me

Let me solve this step by step.

First, let me

Let me solve this step by step.

First, let's value is 1

Let me solve this step by step.

First, let me think carefully: 

Okay, let me

Let me solve this step by step.

First, let me

Okay, let's value is 5000* 

Okay, let's value is 5000*2: 1

Let's value is 5000*2: 500",False,True,captured
gsm8k_480,gsm8k,0.6B,8,deterministic,42,21.4305,236.51,83.11,256,11.95,796,156,101,0.196,1.54,False," 

Final Answer: <number>
Final Answer 

Final Answer: 10

Final Answer: 10

Let's number is 1

Let's number is 1

Let's solve the number is 10

Let's solve this is 10.

Let's number is 10. 

Let's number is 10. 

Let's solve this step by step:

Final Answer: 9

Let's solve the number is 1

Let's solve the problem step by step:

First, let's see the number is 10

Let's solve the problem step by step.

Let's solve this is 10.

Step 10

Final Answer: 9

Let's solve this step by step.

Let's solve this is 10.

Step-by-step: 1

Let's solve this step by step.

First, let's see the problem step by step:

Final Answer: 9

Step 10

Final Answer: 1

Let's solve this step by step.

First, let's find the number is 10.

Step-by-step: 9

Let's solve this step by step.

First, let's find out of the problem step by step:

",False,True,captured
gsm8k_489,gsm8k,0.6B,8,deterministic,42,12.0326,243.77,46.23,256,21.28,440,202,55,0.4591,3.67,False, (A) 12.5 ( (A) 12) (B) -4) (B) -1) (A)  (A) 12.5 (A) 12.5 (A) (B) -48) (B) -1) (B) -1) (B) -1) (B) -12) (B) -12. (A)  (A) 12.5 ( (A) 12.5 ( (A) 12.5 ( (A) 12.5 ( (A) 12.5 ( (A) 12.5 ( (A) 12.5 ( (A) 12.5 ( (A) 12.5 ( (A) 12.5 ( (A) 12.5 ( (A) 12.5 ( (A) 12.5 ( (A) 12.5 ( (A) 12.5 ( (A) 12.5 ( (A) 12.5 ( (A) 12.5 (,False,True,captured
gsm8k_491,gsm8k,0.6B,8,deterministic,42,13.0787,248.02,50.32,256,19.57,481,196,61,0.4075,3.21,False," 

Let me solve this problem step by step.

First, I need to find out how many eggs. First, I need to find out how many eggs. First, I need to find out how many eggs can hold 1. First, I need to find out how many eggs. First, I need to find out how many eggs can hold 24. First, I need to find out how many eggs. First, I need to find out how many eggs can hold 24 eggs. Each tray can hold 24 eggs. He has 64 eggs and 2 trays can hold 24 eggs each tray can hold 24 eggs each tray can hold 24 eggs each tray can hold 24 eggs. First, I need to find out how many eggs. First, I need to find out how many eggs can hold 24 eggs. Each tray can hold 24 eggs. Each tray can hold 24. First, I need to find out how many eggs. First, I need to find out how many eggs can hold 24 eggs each tray can hold 24 eggs each tray can hold 24 eggs. He has 64 eggs and 2 trays can hold 24",False,True,captured
gsm8k_492,gsm8k,0.6B,8,deterministic,42,17.4349,240.34,67.43,256,14.68,646,175,81,0.2709,2.16,False," 

First, we first, first, we first, we first need to calculate the cost of the family-size pizza cost of the problem, first, we need to determine the cost of the family-size pizza cost of the problem, first, we need to determine the cost of the problem, first, we need to determine the cost of the problem, we first need to determine the cost of the family-size pizza cost of family-size pizza cost of family-size pizza cost of family-size pizza cost of family-size pizza: 

First, we need to determine the cost of the problem, first, we need to determine the cost of the problem, we first need to determine the cost of the family-size pizza cost of family-size pizza: 

First, we need to determine the cost of the problem, we need to calculate the cost of the family-size pizza first, first, we need to determine the cost of the problem, we first, first, we need to determine the cost of the problem, we first need to calculate the cost of the family-size pizza first, we first, first, we need to determine the cost of the problem, we need to calculate the total cost, first, we need to determine the cost of the problem, we need to calculate the total cost Sally",False,True,captured
gsm8k_498,gsm8k,0.6B,8,deterministic,42,19.5156,240.51,75.59,256,13.12,722,166,91,0.2299,1.82,False," 

Okay, let me. Brianne and Ashley are making Greek orange pie. Ashley brought five boxes with ten oranges in the question is about Brianne and Ashley are making Greek orange pie. Ashley brought five boxes with ten oranges in each box. Brianne and I need to figure out how many Greek orange pie. Brianne and I need to figure out how many Greek orange pies they have two people are making Greek orange pie. Ashley brought five boxes with ten oranges in the question is about Brianne and Ashley making Greek orange pies can be about Brianne and Ashley are making Greek orange pies. Ashley brought five boxes with ten oranges in each box. Brianne and I need to solve step by step. First, I need to solve step by step. First, I need to solve step by step. First, I need to figure out how many Greek orange pie. Brianne and Ashley are making Greek orange pies can be broken down step by step. First, I need to solve step by step. First, I need to figure out how many Greek orange pie. Ashley brought five boxes with ten oranges in the question is about Brianne and Ashley making Greek orange pie. Ashley brought five boxes with ten oranges in each box. Brianne and I need to figure out how many",False,True,captured
gsm8k_510,gsm8k,0.6B,8,deterministic,42,21.276,242.52,82.48,256,12.03,789,156,100,0.1977,1.56,False," (Assume that he burns 10 calories per day for each day.500 calories per day for each day he consumes  calories per day.5 calories per day for every day,000 calories per day and consumes 10 calories per day for each day. (Assume that he burns 1000000000 calories per day and consumes 20 calories per day for every day,00 calories per day for each day.5 calories per day for every pound of his daily calories per day. (Assume that he burns 10 calories per day for each day he is a day.5 calories per day per day. (Assume that he burns 10 calories per day for each day he is in the first,00 calories per day for every day, and consumes 20 calories per day and consumes 10000 calories per day for every day,000000 calories per day for every day, and he consumes.5 calories per day per day. (Assume that he burns  calories per day for each day he consumes  calories per day for every day, and he consumes.5 calories per day per pound of weight in the first ",False,True,captured
gsm8k_512,gsm8k,0.6B,8,deterministic,42,17.3245,239.89,67.0,256,14.78,642,176,81,0.2741,2.17,False," 

Step 2. So, first, find out of water per kilometer. So, first, find out how many kilometers. So, first, find out how many kilometers Hannah needs to drink. So, first, find out how many kilometers Hannah needs to drink 1 km. So, first, we need to drink. So, first, we need to find out how many kilometers she runs 1 km. So, the problem. So, the problem says that for each kilometer. So, the first, so first, find out how many kilometers Hannah needs to drink. So, if she runs 1 km. So, the problem says Hannah needs to drink 60 ml of water per kilometer. So, first, find out how many kilometers Hannah needs to drink. So, if she runs 1 km. So, for each kilometer. So, the first, find out how many kilometers Hannah needs to drink 1 km. So, for each kilometer. So, first, find out how many kilometers Hannah needs to drink 1 km. So, for each kilometer. So, first, we need to find out how many kilometers she runs 1 km. So, for each kilometer. So, first, find",False,True,captured
gsm8k_522,gsm8k,0.6B,8,deterministic,42,18.7089,241.44,72.42,256,13.68,694,167,89,0.2406,1.88,False,"  Answer: 274274>
Okay, let's see. I need to figure out the number >

Final Answer: 2427>
Okay, let's see answer >

Final Answer: 24
Okay, let's see answer >

Final Answer: 24
Step-by-1>
Okay, let me think>
Okay, let me think>
Okay, let's see answer >

Okay, let's see answer >

Okay, let's see answer >

Okay, let's see answer >

Okay, let's see answer >

Okay, let's see answer >

Okay, let's see answer >

Okay, let's see.>

Okay, let's see answer >

Okay, let's see.>

Okay, let's see.>

Okay, let's see. I need to calculate the total quarts per hour>
Okay, let me think>
Okay, let's see answer >

Okay, let's see. I need to calculate the total quarts picked quarts>

Okay, let's see answer >

Okay, let's see. I need to calculate the total quarts picked per hour>
Okay, let's see answer >

Okay, let's see. I need to calculate the total quarts per hour for the number >

",False,True,captured
gsm8k_524,gsm8k,0.6B,8,deterministic,42,22.163,238.27,85.98,256,11.55,823,151,105,0.1835,1.44,False," 

Final Answer: <number>
Final Answer 

Final Answer: 1
Okay, let's see. Jackson is planting tulips. 1
Okay, let me think through the number is 1
Okay, let me

To solve this problem, we need to determine the number of rows Jackson needs to be 12: 1
Okay, let me

To solve this problem step by step:

Okay, let me

To solve this problem, 12: 10

Final Answer: 10

To solve this problem, we need to find the number of rows Jackson will be 12: 10

Wait, I need to be 12: 10

To solve this problem, we need to determine the number of rows for the number is 12.

To solve this problem, we need to determine the number of rows for the problem. 12

To solve this problem, we need to determine the number of rows for each row
Okay, let's number is 12.

To solve this problem, we need to determine how many rows of the number is 14

To solve this problem, we need to determine the number of rows for each row of the number",False,True,captured
gsm8k_525,gsm8k,0.6B,8,deterministic,42,27.1101,240.8,105.37,256,9.44,1007,130,127,0.1291,1.02,False," 

Answer: 18>
Okay, let's see. Heather has 24>
Okay, let me think > 

Okay, let me think > 

Okay, let me think > 

Okay, let me think > 

Okay, let me think > 

Okay, let me think > 
Okay, let me think > 

Okay, let me think > 
Okay, let me think through the number >

Okay, let me think > 

Okay, let me think through the problem step-by-18>
Okay, let me think through the problem step-by-1>
Okay, let me think through the problem step by the number >

Okay, let me think through the problem step by step.

Okay, let me think > 

Okay, let me think through the problem step by step.

Okay, let me think through the problem step by step.

Okay, let me think through the problem step-by-1>
Okay, let'something>
Okay, let me think through the problem step by step.

Okay, let me think through this is the number >

Okay, let me think through this is the number of the number >

Okay, let'something>
Okay, let'something>
Okay, let'something>
Okay, let'something>
Okay,",False,True,captured
gsm8k_526,gsm8k,0.6B,8,deterministic,42,22.5863,241.77,87.63,256,11.33,840,151,105,0.1798,1.44,False," 

Answer: 12.>

Okay, let's see. So,number>
Okay, let's see the number >

Okay, let me think > 

Okay, let me think > 

Okay, let me think > 

Okay, let's see the number >

Okay, let's see the number >

Okay, let's see the number >

Okay, let's see the thought process > 

Okay, let me think > 

Okay, let's see the thought process > 

Okay, let's see the thought process > 

Okay, let's see the thought process and then the number >

Okay, let's see the thought process > 

Okay, let's see.>

Okay, let's see the number >

Okay, let's see. The difference in the number >

Okay, let's see. The problem is the number >

Okay, let's see. The problem solution steps >

Okay, let's see. The problem is the number here>

Okay, let's see. The problem solution steps here>

Okay, let's see. The problem solution steps here >

Okay, let's see. The problem is the number here>

Okay, let's see.>

Okay, let's see. The problem solution steps here >

Okay, let's see.",False,True,captured
gsm8k_528,gsm8k,0.6B,8,deterministic,42,20.071,243.95,77.75,256,12.75,744,162,95,0.2177,1.71,False," 

First, let's find the problem. 

First, let's find out loud and make sure I need to find the number of chairs that is the problem. 

First, let's find out loud and clear and make sure I don't skip the problem. 

First, let's find out how many chairs that is the problem says that is the first. 

First, let's find out how many sofas and make sure I don't skip any way. 

First, let's find out how many sofas Ophelia has 1. 

First, let's find out how many sofas and make sure I don't make sure. 

First, let's find out how many sofas and make sure I don't make sure I need to find the total number of sofas and chairs that is the first. 

We are the problem. 

First, let's find out how many sofas Ophelia has 1. First, I need to find the total number of sofas and chairs that they have. 

First, let's find out how many sofas Ophelia has 1. First, I need to find the total number of sofas and make sure I need to find the total number of sofas and chairs that Ophelia has 1. 

First,",False,True,captured
gsm8k_531,gsm8k,0.6B,8,deterministic,42,21.2568,239.73,82.42,256,12.04,788,158,99,0.2005,1.6,False," 

Let me solve this problem step by step.

Okay, let's see. There are 48 people are riding the problem step 1. Start with the problem step 1. Start with the problem step by step.

Okay, let me solve the problem step by step.

Okay, let me solve the problem step by step.

Okay, let me solve the problem step by step.

Okay, let me solve the problem step by step.

Okay, let's see, we start with 48 people on the bus.
Okay, let's see, we start with 48 people on the bus.
Okay, let's see. 

Initially, there are 48 people are riding the bus initially, we start with 1. 

Okay, let me solve the problem step by step.

Okay, let me solve the problem step by step.

Okay, let's see, we start with 48 people on the first, we start with 48 people are riding the bus initially, we start with 48 people on the first stop, we start with 48 people on the bus initially, we start with 48 people on the bus initially, there are 48 people on the problem step by step.

Okay, let",False,True,captured
gsm8k_535,gsm8k,0.6B,8,deterministic,42,26.3823,241.54,102.51,256,9.7,982,134,123,0.1365,1.09,False," 

Okay, let's see how many candies did not in my first. 

Okay, let me think
Okay, let me. 

Okay, let me. 

Okay, let me. 

First, I need to find out how many candies George has to find out how many candies that George has 1. 

Okay, let me think
Okay, let me. 

First, I need to find out how many candies Nick had twice, starting with the problem. 

Okay, let me think
Okay, let me think
Okay, let me. 

First, I need to find out how many candies Nick had twice, starting by first. 

First, I need to find out how many candies Nick had twice as many candies that George has to find out how many candies Nick had twice, starting by first understanding the relationships. 

First, I need to find out how many candies Nick had twice as many candies that George has 1. Let me think about Nick had twice as many candies as George. So, starting with the problem says that George has to find out how many candies George has 1. Let me think about Nick had twice as many candies as George. So, starting with the information given the problem says that Nick had twice as many",False,True,captured
gsm8k_536,gsm8k,0.6B,8,deterministic,42,23.1191,240.64,89.72,256,11.07,859,148,109,0.1723,1.36,False," 

Answer: 14>
Okay, let's see. The answer >

Okay, let's see above number >

Okay, let me think > 

Okay, let me think > 

Okay, let me think > 

Okay, let's see above number + 4>
Okay, let me think > 

Okay, let me think > 

Okay, let's see above number + 2>
Wait, I need to find the correct answer here>
Okay, let's see above number + 2>
Okay, let me think > 

Okay, let's see above number + 2>
Wait, I need to find the answer here>
Okay, let's see above number + 2>
Wait, I need to find Anne is the correct answer here>
Okay, let's see.>

Okay, let's see above number + 2>
Wait, no number >

Okay, let's see above number + 2>
Wait, no number>
Okay, let'solution>
Okay, let's see above number + 2>
Wait, no.>

Okay, let's see above number + 2>
Wait, no.>

Okay, let's see.>

Okay, let's see above number + 2>
Wait, no.>

Okay",False,True,captured
gsm8k_537,gsm8k,0.6B,8,deterministic,42,14.928,239.47,57.6,256,17.15,554,187,70,0.3375,2.67,False," 

First, let's calculate the thickness of each step by step-by-step:

We are the problem, we need to calculate the thickness of the problem, we need to calculate the thickness of each book and find the thickness of the four books, we need to calculate the thickness of each book thickness of the four books, we need to calculate the thickness of the problem, we need to calculate the total thickness, we need to calculate the thickness of the problem, we need to calculate the total thickness of the four books, we need to calculate the thickness of the four books, we need to calculate the thickness of the four books, we need to calculate the thickness of the four books, we need to calculate the thickness of the four books, we need to calculate the thickness of the four books, we need to calculate the thickness of the four books, we need to calculate the thickness of the four books, we need to calculate the thickness of the four books, we need to find the thickness of the four books, we need to calculate the thickness of the four books, we need to calculate the thickness of the four books, we need to calculate the thickness of the four books, we need to find the total thickness of the four books, we need to calculate the thickness of the",False,True,captured
gsm8k_540,gsm8k,0.6B,8,deterministic,42,18.1294,239.32,70.16,256,14.12,673,171,86,0.2541,1.99,False," 

First, we have to find out how much the problem. 

First, we need to find out how much the problem. 

First, we need to find out how much each step by step. 

Okay, let's see if I can. 

First, we have to find out how much the problem is about the problem. 

First, we have to find out how much the problem is about the problem is the problem is the problem is the first. 

First, we have to find out how much the eldest boy's share is 1. 

First, we need to find out how much each step by step. 

Okay, let's see if I can. 

First, we have to find out how much the eldest boy's share is 1. First, we have to find out how much the eldest boy's share is 1. First, we need to find out how much each step by step. 

Okay, let's see if I can. 

First, the total amount shared among 3 boys. 

First, we need to find out how much each step by step. 

Okay, let's see if I can. 

First, the total amount shared among 3 boys. So, the problem is the problem is",False,True,captured
gsm8k_544,gsm8k,0.6B,8,deterministic,42,23.5485,239.06,91.41,256,10.87,875,146,111,0.1669,1.32,False," 

Okay, let's see. Jeff gets 4 times as much as Brad. Let's value is 833333
Okay, let me think. So, let me

Let's value is 80

Let me solve the answer is 80.

Step 1: Let's value is 80.

Step-by-step: 833
Okay, let me think carefully: 833
Okay, let me think carefully: 80

Let me solve the problem. 

Okay, let me think carefully: 80

Let's value is 80.

Step-by- 80

Let me solve the problem step by step:

Let's value is 80.

Step-by- 80

Step 1: Let's value is 80.

Step-by-step: 

Okay, let me think. 

Okay, let me

Let's value is 80.

Step-by- 80

Step-by-step: 80

Step 1: Let's denote the answer is 80.

Step-by-step: 

Okay, let's value is 80.

Step-by- 80

Step-by-step: 

Let me solve the",False,True,captured
gsm8k_547,gsm8k,0.6B,8,deterministic,42,23.0283,242.02,89.36,256,11.12,856,147,109,0.1717,1.35,False," (Note: Each call is made to a new family that has been notified family that has been notified. family that has not yet-unrelated family that has not yet notified family that has not been notified. Each call is made to a different family, and each family that has been notified. family that has not yet-unnot yet-unrelated family. family that has not yet been notified. Each family that has not yet notified family that has not yet-unrelated family. No one new family, and each family is a new family, and each family is notified family that has not yet been notified. Each family is a new family, and no one already notified family that has not been notified. Each family is notified family, and each family is only one new family, and each family is only notified family, and each family is notified family, and each family is notified family, and each family is notified only one new family, and each family is notified only once, and each family is notified only once.)

Okay, let's see the same person who has been notified. The problem is about a phone tree where Ali's family that has been notified. family that has not yet notified family, and each family that has not yet notified family.)

Okay, let's see the same",False,True,captured
gsm8k_562,gsm8k,0.6B,8,deterministic,42,25.4225,241.61,98.75,256,10.07,942,137,119,0.1454,1.15,False," 

Answer: 180>
Okay, let's see the number >

Okay, let me think > 

Okay, let me think > 

Okay, let me think > 

Okay, let me think > 

Okay, let's see the number >

Okay, let me think about 180>
Okay, let me think through the number >

Okay, let me think about this is the number >

Okay, let'something>
Okay, let me think about this is the answer >

Okay, let'something>
Okay, let'something>
Okay, let'something>
Okay, let'something>
Okay, let's try to find the answer here>

Okay, let me think about 180 degrees >

Okay, let me think through the process steps >

Okay, let me think about this is the answer here>

Okay, let'something>
Okay, let'something>
Okay, let's try to find the answer here >

Okay, let'something>
Okay, let's try to find the answer here>
Okay, let's try to find the answer here>
Okay, let's try to figure out of the sun'something>
Okay, let'something>
Okay, let's try to find the answer here >

Okay, let'something",False,True,captured
gsm8k_571,gsm8k,0.6B,8,deterministic,42,22.9421,235.67,89.04,256,11.16,851,149,108,0.1751,1.38,False," 

Final Answer: <200>

 

Final Answer: <200>

Wait, that is that is that is not sure, but let me check the cost of the problem is that is that is not correct. The total cost is the sum of the spaying the cost of the problem is that is not correct. The total cost is the sum of the spaying the cost of spaying cost of the problem is to the cost of spaying cost of spaying cost is that is not correct. Let me rethinking
Wait, that is that is not correct. Let me rethinking
Wait, that is not correct. Let me re-explanation: 

Final Answer: <200> Step-by- Spaying cost $200 is that is that is not correct. Let me check the cost of spaying cost of spaying cost is that correct. The total cost is the spaying cost is that correct. The total cost is the spaying cost is that correct? Wait, that is not sure, but let me check the problem again to the cost of spaying cost of spaying cost is 200 + 3 vaccines: 

Final Answer: <200> 

Wait, that is not correct.",False,True,captured
gsm8k_576,gsm8k,0.6B,8,deterministic,42,22.6151,238.03,87.75,256,11.32,840,151,106,0.1798,1.42,False," 

Answer: 120>

Okay, let's see. Michael wants the number >

Okay, let me think > 

Okay, let me think > 

Okay, let me think > 

Okay, let me think > 

Okay, let me think > 

Okay, let's see below>

Okay, let me think > 

Okay, let's see below>

Okay, let'something>
Okay, let me think > 

Okay, let's see below>

Okay, let'something>
Okay, let'something>
Okay, let's see below>

Okay, let's see below>

Okay, let's see below>

Okay, let's see below >

Okay, let's see below>

Okay, let's see below >

Okay, let's see below >

Okay, let's see below >

Okay, let's see.>

Okay, let's see below>

Okay, let's see below>

Okay, let's see. Michael's total cost is the answer >

Okay, let's see below>

Okay, let's see. Michael's total cost is $120>

Okay, let'something>
Okay, let's see. Michael's total cost is $<number>

Okay, let's see. Michael's total cost is $<number",False,True,captured
gsm8k_578,gsm8k,0.6B,8,deterministic,42,24.9904,238.3,97.07,256,10.24,929,139,118,0.1496,1.18,False," 

Okay, let's see if I start by identifying the problem says that is the problem. 

Okay, let me think
Okay, let me. 

Okay, let me. 

Okay, let me. 

First, I need to find the value of the number train. 

Okay, let me. 

First, I need to find the value of the number train. 

Okay, let me think
Okay, let me. 

First, I need to find the value of the expression. 

Let me solve the problem says that is the first. 

First, I need to find the value of the expression. 

Let me solve the problem step by step. 

Okay, let me. 

Okay, let me. 

Okay, let's. 

First, I need to find the value of the number train. 

Okay, let me think
Okay, let's see if I start by identifying the problem. 

Okay, let me think
Okay, let me. 

Okay, let's see if I start by identifying the operations. 

First, I need to find the final answer:

First, I need to find the value of the expression. 

Let me solve the problem step by step. 

Okay, let's see if I",False,True,captured
gsm8k_580,gsm8k,0.6B,8,deterministic,42,17.6869,239.4,68.42,256,14.47,657,174,83,0.2648,2.1,False," Let's first, we know that the oven is off by the same percentage for any recipe. So, the oven is 468. So, the oven is off by a. First, we need to find the percentage difference between 452. First, we need to find the temperature is 468. So, the percentage error: 

First, we need to find the percentage difference between the problem: 

First, we need to find the percentage difference between the problem: Maggie's oven is malfunctioning. When she sets it's off by the same percentage for any recipe. So, the oven is malfunctioning oven is 468. So, the percentage error: the problem: 

First, we need to find the percentage error: 

First, we need to find the percentage difference between 450 and 46. First, we need to find the percentage difference between 450 and 4520. First, we need to find the percentage difference between the problem is 46. First, we need to find the percentage difference between the problem is about the problem: 

First, we need to find the percentage difference between the problem is about the percentage error: 

First, we need to",False,True,captured
gsm8k_581,gsm8k,0.6B,8,deterministic,42,14.0669,238.51,54.23,256,18.2,520,191,65,0.3673,2.94,False," 

Let me solve this problem step by step.

First, I need to find the total time in the first movie is 1 hour and 30 minutes. First, I need to find the total time in minutes.

First, I need to find the total time in minutes.

First, I need to find the total time in minutes for the first movie, I need to find the total time in minutes for both movies. First, I need to find the total time in minutes for both movies. First, I need to find the total time Max is  First, I need to find the total time Max is 1 hour and 30 minutes. First, I need to find the total time Max is 1 hour and 30 minutes. First, I need to find the total time Max is 1 hour and 30 minutes.

First, I need to find the total time Max is 1 hour and 30 minutes. First, I need to find the total time Max is 1 hour and 30 minutes. First, I need to find the total time for the first movie is 1 hour and 30 minutes. First, I need to find the total time Max is 1 hour and 30 minutes.",False,True,captured
gsm8k_583,gsm8k,0.6B,8,deterministic,42,20.1933,243.38,78.23,256,12.68,750,161,95,0.2147,1.69,False," 

Let me think... First, I need to find out how many dishes that Judy brought a dozen cups. Judy's how many dishes that Judy's how many dishes Judy's how many dishes Judy's how many dishes Judy's number of dishes Judy's number of dishes Judy's number of dishes and understand the number of dishes Judy's how many dishes Judy's number of dishes and understand the problem. Let me think... 

Okay, let's start by understanding the problem. Judy bought a dozen cups, how many dishes that Judy's how many dishes Judy's number of dishes Judy's number of dishes and understand the problem. Judy's how many dishes Judy's number of dishes and understand the problem. Judy's how many dishes Judy brought by Judy's number of dishes Judy's number of dishes and cups and understand the problem. Judy's how many dishes Judy brought by Judy and understand the problem. Judy's number of dishes Judy's number of dishes and cups. She bought by Judy's number of dishes and cups. She bought by Judy and understand the problem. Judy's number of dishes and cups. She bought a dozen cups, which is 1. Judy's number of dishes Judy's number of dishes and cups. She bought a dozen cups. Judy's number of dishes and understand",False,True,captured
gsm8k_585,gsm8k,0.6B,8,deterministic,42,17.7708,238.08,68.76,256,14.41,656,171,85,0.2607,2.01,False," 

First, let's calculate the total hours each step by step:

First, let's break down the problem step by step:

First, let's break down the problem, we need to calculate the total hours each worked on the problem, we need to calculate the total earnings, we need to calculate the total earnings for Jill's problem, we need to calculate the total earnings of the problem, we need to calculate the total earnings for Jill's problem, we need to calculate the total earnings of the problem, we need to calculate the total earnings of the problem, we need to calculate the total earnings of the problem, we need to calculate the total earnings for Jill's problem, we need to calculate the total earnings for Jill's earnings, we need to calculate the total earnings of the problem, we need to calculate the total earnings, we need to calculate the total earnings of the problem, we need to calculate the total earnings for Jill's earnings, we need to calculate the total hours worked on the problem, we need to calculate the total earnings, we need to calculate the total earnings of the problem, we need to calculate the total earnings for Jill's earnings, we calculate the total hours worked by step by step:

First, let's calculate how much more than the problem,",False,True,captured
gsm8k_586,gsm8k,0.6B,8,deterministic,42,22.0414,243.07,85.48,256,11.61,818,154,103,0.1883,1.5,False," 

Step 1: Calculate the total calories burned

First, then multiply the aerobics and running. 

She does she burns from aerobics and running. 

Step 2 hours doing aerobics. 

She does she burns from aerobics. 

She does she burn from aerobics and then multiply the aerobics and then multiply the time spent doing aerobics and running. 

Step  for each activity. For aerobics and then multiply the aerobics and running. 

Step 2 hours doing aerobics: 

Aerobics: 

Aerobics: 2 hours *during aerobics and then multiply the time spent doing aerobics: 

Aerobics: 2 hours *  for each activity. For aerobics and then multiply by Hannah does she burn during aerobics and running. 

Aerobics: 2 hours *  for each activity. For aerobics, then multiply by  for each activity. For aerobics and then multiply by 500 calories/hour *during aerobics and then multiply by 500 calories/hour *  for each activity. For aerobics: 

Aerobics: ",False,True,captured
gsm8k_587,gsm8k,0.6B,8,deterministic,42,25.3413,242.53,98.43,256,10.1,943,136,121,0.1442,1.12,False," 

Answer: 100 >

Okay, let's see below>

Okay, let me think > 

Okay, let me think > 

Okay, let me think > 

Okay, let me think > 

Okay, let's see below>

Okay, let's see below>

Okay, let's see below>

Okay, let's try to find the number >

Okay, let me think > 

Okay, let's see below>

Okay, let's try to find the answer >

Okay, let's see below>

Okay, let's try to find the answer step-by-10>

Okay, let's see below>

Okay, let's try to solve the number >

Okay, let's try to find the answer here>

Okay, let's try to find the answer step-by-150>

Okay, let's try to find the answer step-by-step-by-Step-by-Step Explanation: 100 >

Okay, let'something>
Okay, let's try to solve the number >

Okay, let's try to find the answer step-by-step explanation here>

Okay, let's try to solve the problem step by step and then the number >

Okay, let's try to solve the problem step by step and end of the number >

Okay",False,True,captured
gsm8k_588,gsm8k,0.6B,8,deterministic,42,12.2453,239.8,47.08,256,20.91,452,200,57,0.4425,3.51,False," 

First, we need to find the average of three measurements, we need to find the average of three measurements, we need to find the average of three typing speed problem, we need to find the average of three measurements, we need to find the average of the three measurements, we need to find the average of three measurements, we need to find the average of the three measurements, we need to find the average of three typing speed problem, we need to find the average of three measurements, we need to find the average of three typing speed problem, we need to find the average of three measurements, we need to find the average of three typing speed problem, we need to find the average of three measurements, we need to find the average of three typing speed problem, we need to find the average of three measurements, we need to find the average of three measurements, we need to find the average of three measurements, we need to find the average of the three measurements, we need to find the average of three typing speed problem, we need to find the average of three measurements, we need to find the average of three typing speed problem, we need to find the average of the problem, we need to find the average of three typing speed problem, we need to find",False,True,captured
gsm8k_591,gsm8k,0.6B,8,deterministic,42,22.289,246.7,86.44,256,11.49,829,152,105,0.1834,1.45,False," 

Final Answer: <number>
Final Answer 

Final Answer: 10

Let's value: 110

Final Answer: 44 times the weight of the Affenpinscher: 44 times the Mastiff's weight is 10 pounds for the problem step-by-step: 110 pounds. 

Final Answer: <number

Let's value is 1777770

Let's value is 176660

Final Answer: 44 times the weight of the Affenpinscher: 10 pounds for the Affenpinscher: 44 times the Mastiff weighed 10 pounds. The first dog is 110 pounds for the problem step-by-step:

Let's value is 17770

Final Answer: 17660
Okay, let's see the Mastiff's weight is 10 pounds for the Affenpinscher. 

Final Answer: 44 times the Mastiff's weight is 44 times the Mastiff's weight is 17770
Okay, let's see the Mastiff's weight is 44 times the weight of the Papillon. 

Final Answer",False,True,captured
gsm8k_599,gsm8k,0.6B,8,deterministic,42,14.475,239.39,55.83,256,17.69,536,189,67,0.3526,2.82,False," Also, if the store has 3 more

Wait, the same animals, how many legs in the same animals, how many legs in total doves, how many legs in total do the pets in the same animals, how many legs in total do the pets in the store, how many legs in total do the pets in the same animals, how many legs would that are added to the number of birds, how many legs in total do the pets in the store, how many legs in total do the pets in the same animals, how many legs would that be  birds, how many legs in total do the pets, how many legs in total do the pets in the store, how many legs in total do the pets in the store, how many legs in total do the pets in the store, how many legs in total do the pets, how many legs in total do the pets in the store, how many legs in total do the pets in the store, how many legs in total do the pets in the store, how many legs in total do the pets in the store, how many legs in total do the pets, how many legs would that be 3 more birds, how many legs in total do the pets, how many legs in total do the pets",False,True,captured
gsm8k_608,gsm8k,0.6B,8,deterministic,42,19.2049,240.42,74.37,256,13.33,712,167,89,0.2346,1.88,False," 

Step 1: Calculate the total amount Joe has before any discount. The total amount Joe has $25 +  is spending on the shirt and shorts before any discount on the shirt and shorts cost of the shirt and shorts cost of the shirt and shorts before any discount on the shirt and shorts before any discounts for the shirt and shorts before any discounts for the shirt and shorts before any discounts. 

Step 1. 

Step 2: Calculate the discount. 

Step 2: Joe has $50. 

Step 250. 

Step 250. 

Step 2: Joe has $50. The total amount Joe has $25 + $25 +  is spending before any discounts for the shirt and shorts before any discounts. 

Step 2: Calculate the total amount Joe has $25 + $35 = $25 +  is spending before any discounts. 

Step 2: Calculate the total amount Joe has to buy the shirt and shorts before any discounts. The total amount Joe has is spending on the shirt and shorts before any discounts. 

Step 2: Calculate the total amount Joe has to pay for the shirt and shorts before any discounts for the shirt and shorts before any discounts. 

",False,True,captured
gsm8k_612,gsm8k,0.6B,8,deterministic,42,21.9019,244.71,84.93,256,11.69,812,153,103,0.1884,1.49,False,"  (Note: 1 pound = 16 ounces.)

Okay, let's see. I think and 12 ounces.)

Okay, let's see, 12 ounces.)

Okay, let's say 16 ounces.)

Okay, let's see, 12 ounces.)

Okay, let's say 16 ounces.)

Okay, let's see, 16 ounces.)

Okay, let's see, 16 ounces.)

Okay, let's see. 12 ounces.)

Okay, let's see, 16 ounces.)

Okay, let's see. 16 ounces.)

Okay, let's see. I think and 1/12 ounces.)

Wait, the problem is not 16 ounces.)

Okay, let's see, 16 ounces.)

Okay, let's see. 16 ounces.)

Okay, let's see, 16 ounces.)

Okay, let's see. I think and write 16 ounces.)

Okay, let's say 16 ounces.)

Okay, let's see. I think that is not 16 ounces.)

Okay, let's see. I think and 1/16 ounces.)

Okay, let's see. I think that the problem. 16",False,True,captured
gsm8k_615,gsm8k,0.6B,8,deterministic,42,19.5078,239.35,75.56,256,13.12,722,165,91,0.2285,1.81,False," 

Okay, let's see. Scarlett bought 10.00 + 10.00 + 10.00 + 10.00 + 10.00 + 2: 10.00 + 10.00 + 10.00 + 2: 2: 2: 25

Let's value is 10.00 + 2.5

Let's value is 10.00 + 2. Let's break it down step by step:

Let's value is 10.00 + 2: 2: 2: 25

Wait, I need to be 10.00 + 2.5

Let's value is 10.00 + 10

Let's value is 10.00 + 10.00 + 10.00 + 2.5

Let's value is 10.00 + 10.00 + 2: 25

Let's value is 10.00

Let's value is 10.00 + 1",False,True,captured
gsm8k_616,gsm8k,0.6B,8,deterministic,42,17.0812,239.85,66.04,256,14.99,631,178,79,0.2821,2.25,False," 

Let me solve this problem step by step.

Okay, let's see. Jane planted a beanstalk'stall steps:
Okay, let me solve the first week: 

Week 1: The beanstalk was 3 inches tall after the first week, the first week: 

Week 1: The beanstalk was 3 inches tall after the first week, the beanstalk'stall. After the first week, the first week: 

Week 1: The beanstalk was 3 inches tall after the first week, the beanstalk's height after the first week, the first week, the beanstalk's height after the first week, the beanstalk's height after the first week is 3 inches after the first week, the first week, the beanstalk's height after each week, the beanstalk's height after the first week, the beanstalk's height after the first week is 1. After the first week, the beanstalk was 3 inches tall after the first week, the beanstalk's height after the first week is 1. After the first week, the beanstalk was 1. After the first week, the beanstalk was 3 inches tall after the first week. After the first week, the beanstalk",False,True,captured
gsm8k_618,gsm8k,0.6B,8,deterministic,42,15.4907,242.88,59.8,256,16.53,572,184,73,0.3217,2.52,False," 

First, we need to find the total seats in the auditorium, we need to find the total seats in the auditorium, we need to find the total seats in the auditorium, we need to find the total number of students, we need to determine the total seats in the school auditorium problem, we need to find the total number of seats in the school auditorium problem, we need to find the total number of seats in the auditorium, we need to determine the total number of seats in the auditorium, we need to determine the total number of seats in the auditorium problem, we need to determine the total number of seats in the auditorium, we need to determine the total number of seats in the auditorium has 4 rows of seats, we need to find the total number of seats in the school auditorium problem, we need to determine the total number of seats in the auditorium has 4 rows of seats, each step by step:

First, we need to find the total number of students, we need to determine the total number of seats in the auditorium has 4 rows of seats, each with step by step:

First, we need to find the total seats in the auditorium, we start by step by step:

",False,True,captured
gsm8k_622,gsm8k,0.6B,8,deterministic,42,18.3141,243.34,70.87,256,13.98,680,172,85,0.2529,2.02,False," 

Let me think. 

Okay, let's break this down step by step by step how many pieces of gum Jim's how many pieces of how many pieces of gum Jim's how many pieces of gum Jim's how many pieces of gum Jim chews he chews he chews 1 piece of how many pieces of gum Jim's how many pieces of gum Jim chews he chews 1 piece for how many pieces of gum Jim chews he chews 1 piece for every 20 how many pieces of gum Jim chews during the total gum Jim's how many pieces of gum Jim chews during the school day, how many pieces of gum Jim chews during the total gum Jim's total gum Jim's total gum. 

Okay, let's break down how many pieces of gum Jim chews he chews 1 piece of how many pieces of gum Jim chews during the school day, how many pieces of gum Jim's how many pieces of gum Jim chews during the total gum Jim has Jim's total gum. He chews 1 piece for every 20 how many pieces of gum Jim chews during the total gum Jim has. He chews he chews 1 piece for how many pieces of gum Jim chews during",False,True,captured
gsm8k_623,gsm8k,0.6B,8,deterministic,42,14.9432,240.31,57.66,256,17.13,553,186,71,0.3363,2.62,False," 

Let me solve this problem step by step.
Okay, let's see. The problem says that she will be 16 years old in 1. First, I need to find out Charmaine will be 16 years old in 1. First, I need to find out Charmaine will be 16 years old in 1. First, I need to find out Charmaine will be 16 years old in 1. First, I need to find out Charmaine will be 16 years old in 12 years from now. 

Okay, let me first, I need to find out how old Charmaine will be 1. First, I need to find out how old Charmaine will be 16. First, I need to find out Charmaine will be 16 years old in 12 years from now. 

Okay, let me first, I need to find out how old Charmaine's first, I need to find out how old Charmaine's first, I need to find out Charmaine will be 16 years old in 12 years from now. 

Okay, let me first, I need to find out Charmaine will be 16 years old. First, I",False,True,captured
gsm8k_628,gsm8k,0.6B,8,deterministic,42,17.6045,238.59,68.1,256,14.54,651,174,83,0.2673,2.1,False," 

Answer: 40 inches is 3 feet. The answer is 3 feet.3 feet.33 feet. The answer is 3. 

Wait, that is 3 feet. 3 feet.333 feet. Wait, that can't be right? Wait, that is 3 feet. 3 feet is 3 feet. The answer is 3. 

Wait, that is 3 feet. 3 feet is 3 feet. 3 feet. Wait, that can't be right.3 feet. Wait, that can't be right. Wait, that is 3 feet. 40 inches is 3 feet. 3 feet.3 feet. Wait, that can't be right. Wait, that can't be right. Wait, that can't be right. Wait, that can't be right. Wait, that can't be right. Wait, that can't be right. Wait, that can't be right. Let me think process:3 feet. Wait, that can't be right. Wait, 3 feet.3 feet. Wait, that can't be right. Let me think process:3 feet. Wait, that can't be right. Let me think.3 feet.",False,True,captured
gsm8k_631,gsm8k,0.6B,8,deterministic,42,18.4557,240.0,71.43,256,13.87,686,171,86,0.2493,1.99,False," 

First, I need to find the total price for the price of a. 

First, I need to find the price of the price of a gold jewel. 

First, I need to find the price of the price of a gold price of the price of a diamond price of a diamond price of a diamond price of a diamond is the price of a gold price of a diamond price is the price of a gold jewel. 

First, I need to find the price of the price of a gold price is the first. 

First, I need to find the price of the price of a gold price is the first step by first. 

First, I need to find the price of the price of a gold price is the first step. 

First, I need to find the price of a diamond price of the price of a gold price of the price of a gold price of a diamond is the first. 

First, I need to find the price of the price of a gold price is 1. 

First, I need to find the price of a diamond price is the first step by first finding the price of each step by first. 

First, I need to find the price of a gold price is 1. First, I need to find the",False,True,captured
gsm8k_640,gsm8k,0.6B,8,deterministic,42,22.2662,248.63,86.34,256,11.5,832,153,104,0.1839,1.47,False," 

Final Answer: <number>
Final Answer 

Final Answer: 450000

Final Answer: 4550000

Final Answer: 445, let's value: 4500

Final Answer: 445,000

Let's value: 4500

Final Answer: 430

Final Answer: 445,000

Let's break down to the total cost is 45, let's break down:

Final Answer: 445,000

Let's value is 450000
Okay, let's see the total cost is 45, let's break down:

Let's value: 4550000
Okay, let's break down:

Final Answer: 445,000

Let me

Final Answer: 4450

Final Answer: 4450

Final Answer: <number>
Okay, let's see the total cost is 450

Final Answer: <number>
Okay, let's see the total cost of the problem step by step:

Final Answer: 44500",False,True,captured
gsm8k_651,gsm8k,0.6B,8,deterministic,42,25.4115,242.16,98.7,256,10.07,946,137,119,0.1448,1.15,False," 

Answer: 1200>

Okay, let's see below>
Okay, let me think > 

Okay, let me think > 

Okay, let me think > 

Okay, let's see below>
Okay, let's see below>
Okay, let's try to find the answer >

Okay, let me think > 

Okay, let's see below>
Okay, let's try to find the answer here>

Okay, let's see below>
Okay, let's try to find the answer step-by-1212120>

Okay, let's see below>
Okay, let's try to find the answer step-by-step explanation here>

Okay, let's see below>
Okay, let's try to solve the number >

Okay, let's see below>
Okay, let's try to solve this is the number >

Okay, let's try to find the answer here >

Okay, let's try to find the answer step by step and then the number >

Okay, let's try to find the answer step-by-120>

Okay, let's try to figure out of the first month sales in the number >

Okay, let's try to find the answer step-by-10>

Okay, let's try to figure out the",False,True,captured
gsm8k_655,gsm8k,0.6B,8,deterministic,42,13.551,240.2,52.2,256,18.89,501,194,63,0.3872,3.08,False," 

First, we need to find out this problem, we need to find the number of pages left to write, we need to find the number of pages left to write, we first, we need to determine the problem, we need to determine the number of pages Shiela's problem, we need to determine the number of pages Shiela's problem, we need to determine the number of pages Shiela's problem, we need to determine how many pages Shiela's problem, we need to determine the number of pages Shiela's problem, we need to determine the number of pages Shiela's problem, we need to determine how many pages Shiela's problem, we need to determine how many pages Shiela's problem, we need to determine how many pages Shiela's problem, we need to determine how many pages Shiela's problem, we need to determine how many pages Shiela's problem, we need to determine the number of pages Shiela's problem, we need to determine how many pages Shiela's problem, we need to determine how many pages Shiela's problem, we need to determine how many pages Shiela's problem, we need to determine how many pages Shiela's problem, we need to determine how many pages Shiela's problem, we",False,True,captured
gsm8k_658,gsm8k,0.6B,8,deterministic,42,28.1303,239.21,109.38,256,9.1,1051,124,133,0.118,0.93,False," 

Okay, let's try to figure out this problem. Okay, let's figure out the cooking time for rice, beans. Okay, let's figure out the cooking time for pork cooking time for the cooking time for the cooking time for the cooking time for pork cooking time for the cooking time for each food to find the cooking time for pork cooking time for pork cooking time for pork cooking time for pork and then to find the cooking time for pork cooking time for pork cooking time for pork and beans. Okay, let's try to figure out the cooking time for rice, I need to find the cooking time for each food's figure out the cooking time for each food's figure out the cooking times for the cooking time for rice, pork cooking time for the cooking time for each food's figure out the cooking times for each food's figure out the cooking times for each food's cooking time for the cooking time for pork cooking time for pork cooking time. Okay, let's try to figure out the time for rice, I need to find the cooking time for pork cooking time for pork cooking time. Okay, let's break down the information about the problem. Okay, let's break down the problem into the cooking time for rice, beans. Okay, let's break down the",False,True,captured
gsm8k_661,gsm8k,0.6B,8,deterministic,42,23.1368,237.44,89.8,256,11.06,861,147,110,0.1707,1.34,False," 

Okay, let's see. Roger wants to be 12: 126

Final Answer: 126

Wait, that is 5

Final Answer: 5

Okay, let's value: 126

Wait, that is 52: 4

Final Answer: 50

Final Answer: 50

Step 12: 5* 

Okay, let's see the total cost is 1

Final Answer: 50

Step 1: 4

Okay, let me

Final Answer: 50

Step-by-step: 126

Wait, I need to be 126

Final Answer: <number

Final Answer: 50

Step 1: Calculate the cost of the coffee first, let me

Final Answer: 50

Step 1: Calculate the cost of the coffee first. 

Okay, let me

Final Answer: <number>
Okay, let's see the total cost is 1

Final Answer: <number>
Okay, let's see the total cost is $1

Final Answer: <number>
Okay, let's see the problem. 

Okay, let's see the total cost",False,True,captured
gsm8k_672,gsm8k,0.6B,8,deterministic,42,18.2728,240.87,70.71,256,14.01,676,171,85,0.253,2.01,False," (The total number of days in the month is thirty days.)

Okay, let me is thirty days.)

Okay, let's say  is thirty days.)

Okay, let's say  is thirty days.)

Wait, the problem says ""is thirty-one month is thirty days.)

Okay, let's calendar is thirty days.)

Okay, let's say  is thirty days.)

Wait, the problem says ""over the past thirty days is thirty days.)

Okay, let's say  is thirty days.)

Wait, the problem says ""over the past thirty days is thirty days.)

Okay, let me is thirty days.)

Wait, the problem says ""over the past thirty days is thirty days.)

Wait, the month is thirty days.)

Wait, the problem says ""over the past thirty days is thirty days.)

Wait, the problem says ""over the past thirty days is thirty days.)

Wait, the problem says ""over the past thirty days is thirty days.)

Okay, let me try to figure is thirty days.)

Wait, the problem says ""over the past thirty days is thirty days.)

Wait, the problem says ""over the past thirty days.)

Okay, let me try to be  is thirty days.)

Wait, the problem says ""over the past thirty days is thirty days.)

Wait",False,True,captured
gsm8k_673,gsm8k,0.6B,8,deterministic,42,17.3702,240.35,67.18,256,14.74,641,176,81,0.2746,2.17,False," Let's solve this step by step.
Step 1: Let's solve for the problem: Let's first, we know that Janey has 2: Let's solve for the number 1: Let's represent the number of books Sally has x is to the problem: Let's define the problem. Let's define the problem: Let's define the variables: Let's define the variables: Let's define the variables: Let's let's first, we know that Janey has 21: Let's represent the number of books Sally has as a: Let's define the variables: Let's define the variables. Let's define the variables. Let's define the variables. Let s: Let's define the variables. Let s: Let's define the variables. Let s be careful, and the problem. Let's define the variables: Let's define the variables. Let s: Let's define the variables. Let s: Let's define the variables. Let s: Let's define the variables. Let s: Let's define the variables. Let's solve for the number of books Sally has. Let's solve this problem, we know that Janey has 21 books. Let's define the variables: Let's define the variables. Let s:",False,True,captured
gsm8k_677,gsm8k,0.6B,8,deterministic,42,27.6437,244.84,107.45,256,9.26,1030,126,131,0.1223,0.96,False," 

Answer: 46666>
Okay, let's see. So,number>
Okay, let me think > 

Okay, let me think > 

Okay, let me think > 

Okay, let me think > 

Okay, let me think > 
Okay, let me think > 

Okay, let me think > 

Okay, let'solution>
Okay, let me think > 

Okay, let's see the number >

Okay, let me think > 
Okay, let me think > 
Okay, let's see the number >

Okay, let'solution>
Okay, let's see the number >

Okay, let'solution>
Okay, let'solution>
Okay, let'solution>
Okay, let's see the number here>
Okay, let'solution>
Okay, let's see the answer >

Okay, let'solution>
Okay, let's see.>

Okay, let's see the number >

Okay, let's see the number >

Okay, let's see.>

Okay, let's see. Carol and then the number >

Okay, let'solution>
Okay, let's see. So, the number >

Okay, let's see. Carol and then the number here>
Okay, let's see. So Carol and then the",False,True,captured
gsm8k_678,gsm8k,0.6B,8,deterministic,42,20.7186,239.71,80.31,256,12.36,771,160,97,0.2075,1.65,False," 

First, we first, first, we first, we first determine the amount Karen's the problem, first, we need to find out how much Karen earns in step by step-by-step:

First, we need to determine the problem, first, we need to determine the problem, we first determine the amount Karen earns in step by step:

1. Lorie's the problem, we first determine Karen's earnings, first, we need to determine the problem, we first determine Karen's earnings, we first determine Karen's earnings, we first determine Karen's hourly wage problems like this, first, we need to determine the amount Karen earns in two-step-by-step:

First, we need to determine the problem, we first determine Karen's earnings, we first determine Karen's hourly rate problems like this, we first determine Karen's earnings, we first determine Karen's hourly rate. 

First, we first, first, we need to find out how much Karen earns in two-step-by-step:

1. Determine the problem, we first determine Karen's hourly rate problems like this, we need to find out how much Karen earns in two-step-by-step:

1. Lorie's the problem, we need to find out how much Karen earns in two-step-by-step:

1.",False,True,captured
gsm8k_681,gsm8k,0.6B,8,deterministic,42,15.4997,240.84,59.84,256,16.52,575,185,72,0.3217,2.57,False," 

First, I need to find the problem. 

First, I need to find out of the problem. 

First, I need to find out how many cookies. 

First, I need to find out how many cookies. 

First, I need to find out how many cookies. 

First, I need to find out how many cookies. 

First, I need to find out how many cookies do the problem is the problem. 

First, I need to find out how many cookies. 

First, I need to find out how many cookies. 

First, I need to find out how many cookies do the problem. 

First, I need to find out how many cookies do the problem. 

First, I need to find the problem. 

First, I need to find out how many cookies. 

First, I need to find out how many cookies do the problem. 

First, I need to find the problem is the first. 

First, I need to find out how many cookies. 

First, I need to find out how many cookies do the problem. 

First, I need to find the problem is the first step by defining the variables. 

First, I need to find out how many cookies. 

First, I need to find",False,True,captured
gsm8k_687,gsm8k,0.6B,8,deterministic,42,26.7218,243.29,103.84,256,9.58,995,132,125,0.1327,1.06,False," 

Answer: 14212121>

Okay, let's try to solve this problem step-by-121>

Okay, let me think>
Okay, let me think>
Okay, let me think>
Okay, let me think>
Okay, let me think>
Okay, let's try to find the correct answer here>

Okay, let me think>
Okay, let me think about 12>
Okay, let'something>
Okay, let's try to find the answer here>

Okay, let's try to find the answer here>

Okay, let's try to find the answer step-by-12>
Okay, let's try to find the answer step-by-1>
Okay, let's try to find the answer step-by-step-by-Step-by-12>
Okay, let's try to solve the correct answer >

Okay, let's try to find the answer here >

Okay, let's try to find the answer step-by-1>
Okay, let's try to solve the correct answer here>

Okay, let's try to solve the correct answer here>

Okay, let's try to be sure,number>
Okay, let's try to find the answer here >

Okay, let's try to solve the problem step",False,True,captured
gsm8k_705,gsm8k,0.6B,8,deterministic,42,21.8676,240.86,84.81,256,11.71,811,154,103,0.1899,1.5,False," 

Okay, the problem says the problem. The problem. The problem. The problem. The problem says it's  is 5 times faster than her turtle. The problem. The problem. The problem says it's  is 5 times faster than her turtle. The problem. The question. The problem. The problem. The problem says it's 5 times faster than her turtle. The problem. The problem says it's 5 times faster than her turtle. The problem says it's 5 times faster than her turtle. The problem says it's 5 times faster than her turtle. Wait, the problem says the problem. The problem says it's 5 times faster than her turtle. The problem says that's speed is 5 times faster than her turtle. So the problem. The problem says the problem. The question. The problem says it's 5 times faster than her turtle. The problem says it's 5 times faster than her turtle. Wait, the problem says the problem. The question. The problem says that's speed is 5 times faster than her turtle. The problem. The question. The problem says it's 5 times faster than her turtle. The problem says it's 5 times faster than her turtle. The problem",False,True,captured
gsm8k_706,gsm8k,0.6B,8,deterministic,42,33.5579,239.41,130.66,256,7.63,1250,99,158,0.0792,0.63,False," 

Answer:                                                  3>
Okay, let's see. The firefighters need to fundraise for the number >

Okay, let me think > 

Okay, let me think > 

Okay, let me think > 

Okay, let me think > 

Okay, let me think > 

Okay, let me think > 
Okay, let me think > 

Okay, let me think > 
Okay, let's see below>
Okay, let me think > 

Okay, let me think > 

Okay, let'solution>
Okay, let me think > 
Okay, let's see below>
Okay, let'solution>
Okay, let'solution>
Okay, let's see below>
Okay, let's see below>
Okay, let's see below >

Okay, let's see below>
Okay, let's see below >

Okay, let's see below >

Okay, let's see.>

Okay, let's see below>
Okay, let's see.>

Okay, let's see. The total hours>

Okay, let",False,True,captured
gsm8k_709,gsm8k,0.6B,8,deterministic,42,11.2586,238.12,43.22,256,22.74,414,205,52,0.4952,3.94,False,  (B) 100 (B) 100000000 (B) 12 (B) 12 (B) 1200 quarts (B) 1200 quarts (B) 12000 (B) 1200 quarts (B) 12000 (B) 1200 quarts (B) 12000 (B) 1200 quarts (B) 12000 (B) 1200 qu (B) 1200 quarts (B) 12000 (B) 1200 quarts (B) 12000 (B) 1200 qu (B) 1200 quarts (B) 12000 (B) 1200 qu (B) 1200 qu (B) 1200 quarts (B) 12000 (B) 1200 qu (B) 1200 qu (B) 120,False,True,captured
gsm8k_721,gsm8k,0.6B,8,deterministic,42,25.0124,245.28,97.13,256,10.23,931,140,117,0.1504,1.2,False," 

Okay, let's break down the different parts of the problem. Okay, let me to figure out how many steps to figure out how many taps each foot's figure out the total number of taps for each part of the problem. Okay, let me to figure out how many taps each foot makes sure I need to calculate the total number of taps for each foot during the total taps per minute. Okay, let me to figure out how many taps each foot makes during the total taps per minute. When her total taps per minute when her total taps per minute when her arms are down the total taps from the total taps from the problem. The problem is to figure out how many taps each foot makes during the different parts of the problem. The problem is to figure out how many taps she dances with both hands-on the total number of taps for each part of the problem. The problem is to figure out how many taps she dances for each part of the problem. The problem is about the total number of taps for each foot's figure out how many taps each foot makes during the different periods of the total taps from the problem. The problem is about the problem. The problem is about the problem. The problem is about the problem. Helga's figure out how many taps each",False,True,captured
gsm8k_726,gsm8k,0.6B,8,deterministic,42,26.1772,241.25,101.71,256,9.78,974,134,123,0.1376,1.09,False," 

Okay, let's see. I need to solve this problem step by step.

Okay, let me

Let me solve this problem. 

Okay, let me

Let me solve this problem step by step:

Let me solve this problem step by step.

Okay, let me

Let me solve this problem step by step.

Okay, let me

Let's number is 1

Let's number is 16

Okay, let me think through the length of one of Bobby's shoe length of the length of one of Bobby's shoe length of the length of one of Bobby's shoe length of one of Bobby’s answer is 1

Let me solve this problem step by step.

Okay, let me

Let's number is 16

Okay, let's number is 16. 

Okay, let me think through the process:

Let me solve this problem step by step.

Okay, let me

Okay, let me

Okay, let's see the length of one of Bobby's shoe length of the length of one of Bobby’s answer is 16

Let me solve this step by step:

Let me solve this problem step by step.

Okay, let's number is 16. 

Okay, let's number is 1",False,True,captured
gsm8k_730,gsm8k,0.6B,8,deterministic,42,13.7336,241.14,52.91,256,18.64,506,193,64,0.3814,3.02,False,"  (B) 10 packs of gum (B) 12.  (B) 12.  (B) 110

Okay, let's see. Parker chews  (B)  (B) 10 packs of gum (B) 12 packs of gum (B) 12. (B) 12. (B) 12. (B) 11 packs of gum (B) 12. (B) 110 packs of gum (B) 12. (B) 11 packs of gum (B) 12 packs of gum (B) 12. (B) 11 packs of gum (B) 12 packs of gum (B) 12 packs of gum (B) 12 packs of gum (B) 12 packs of gum (B) 12 packs of gum (B) 12 packs of gum (B) 12 packs of gum (B) 12 packs of gum (B) 12 packs of gum (B) 12 packs of gum (B) 12 packs of gum (B)",False,True,captured
gsm8k_731,gsm8k,0.6B,8,deterministic,42,21.8478,252.89,84.69,256,11.72,809,155,102,0.1916,1.52,False," 

Final Answer: <number>
Final Answer 

Final Answer: 2: 2: 2

To solve this problem, we need to determine the number is 3

To solve this problem step by step:

First, let me: 3

To solve this problem step by step and Explanation: 3

Step 1: Calculate the total number of smores needed: 2: 2

To solve this problem, 3

To solve this problem, 2: 2

Step-by-step: 2

Step 1

To solve this problem, we need to determine the total smores needed. To solve this problem. To solve this problem, we need to determine how many boxes of the number is 2. To solve this problem, we need to determine the total number of smores needed, 3

To solve this problem, we need to determine how many boxes of graham crackers will be 3

To solve this problem, we need to determine how many boxes of graham crackers are 3

Step 3

To solve this problem, we need to determine how many boxes of graham crackers are needed. Let's number is 2. To solve this problem, we need to determine how many",False,True,captured
gsm8k_738,gsm8k,0.6B,8,deterministic,42,22.4497,240.1,87.1,256,11.4,836,151,106,0.1806,1.42,False," 

Okay, let's see if I can. 

Okay, let me think
Okay, let me. 

Okay, let me. 

Okay, let me. 

First, I need to find out how many more carefully. 

Okay, let me. 

First, I need to find the problem. 

Okay, let me think
Okay, let me. 

First, I need to find out how many more carefully. 

First, I need to find out how many more carefully. 

First, I need to find out how many more books Clara has 1. 

Okay, let's. 

First, I need to find out how many more carefully. 

First, I need to find out how many more books. 

First, I need to find out how many more books Clara has 1. Let me define the problem. 

Okay, let's. 

First, I need to find out how many more books Clara has 1. Let me define the problem. 

Okay, let's. 

Okay, let's. 

First, I need to find out how many more books. 

First, I need to find out how many more books. 

First, I need to find out how many more books Clara has 1",False,True,captured
gsm8k_745,gsm8k,0.6B,8,deterministic,42,20.3407,239.52,78.83,256,12.59,752,160,96,0.2128,1.67,False," 

Okay, let's see the profit is 1

Final Answer: <number

Final Answer: <number>
Okay, let's see the profit is 18000

Final Answer: <number

Final Answer: <number>
Okay, let's value is 18000

Final Answer: <number>
Final Answer: <number>
Okay, let's see the profit is 18000

Final Answer: <number>
Final Answer: 1800
Okay, let me think carefully: 1

Final Answer: <number

Final Answer: <number>
Okay, let me

Final Answer: <number>
Okay, let me

Final Answer: <number>
Final Answer: <number>
Okay, let's see the profit is 18000

Wait, I need to calculate the profit is 18000

Final Answer: <number>
Final Answer: 1800
Okay, let me think carefully: 18000

Step 18000

Final Answer: <number>
Final Answer: 1800
Okay, let me think carefully: 1800
Okay, let me",False,True,captured
gsm8k_749,gsm8k,0.6B,8,deterministic,42,14.3058,239.97,55.16,256,17.89,529,190,67,0.3592,2.84,False," 

Wait, the problem says ""fifty-four students are to be separated into six groups of equal size. If the activity requires 12 groups of them to be separated into six groups of equal size."" Let me check the students are to be separated into six groups of equal size."" Let me check the students are to be separated into six groups of equal size. If the activity requires 12 groups of them are to be separated into six groups of equal size. If the activity requires 12. Let me check again. The problem says: "" students are to be separated into six groups of equal size. If the activity requires 12 groups of them are to be separated into six groups of them to be separated into six groups of equal size."" Let me check the students are to be separated into six groups of equal size. If the activity requires 12 groups of them are to be separated into six groups of them to be separated into six groups of equal size. If the activity requires 12 groups, but the next to be separated into six groups of equal size."" Let me check again. The problem says: "" students are to be separated into six groups of equal size. If the activity requires 12 groups of them are to be",False,True,captured
gsm8k_750,gsm8k,0.6B,8,deterministic,42,26.2471,238.2,102.0,256,9.75,974,134,123,0.1376,1.09,False," 

Answer: 1484848480>
Okay, let's see. Candy'something>
Okay, let me think > 

Okay, let me think > 

Okay, let me think > 

Okay, let me think > 

Okay, let me think > 

Okay, let's see the number >

Okay, let me think > 

Okay, let me think > 
Okay, let me think > 

Okay, let's see the number >

Okay, let'something>
Okay, let's see the number >

Okay, let's see the number >

Okay, let's see the thought process > 

Okay, let's see the number here>

Okay, let's see the thought process > 

Okay, let's see the thought process > 

Okay, let's see the thought process > 

Okay, let's see the thought process and then the number >

Okay, let's see the thought process > 

Okay, let's see the thought process and then the number here>

Okay, let's see the thought process and then put final answer > 

Okay, let's see.>

Okay, let's see the number >

Okay, let's see.>

Okay, let's see. Candy'something>
Okay, let's",False,True,captured
gsm8k_751,gsm8k,0.6B,8,deterministic,42,18.0915,246.09,69.98,256,14.15,668,172,84,0.2575,2.05,False,"  (Note: Each banana is a unit, so the answer is a unit is a unit, is a unit, is a unit, is a single banana is a unit, is a unit, is a unit, is a single banana is 1 banana is a unit, is a unit, is a single banana is 1 unit is a unit, is a unit, is a unit, is a unit, is a single banana is 1 unit, and the problem is not a single banana is a unit, is a unit, is a single banana is 1 banana is a unit, banana is a unit, banana is a unit.)

Okay, let's see. So, and the problem is not a whole number of course, and the problem is not about 1 banana = 1, and the problem is not about 11 banana is a unit, and the problem is not about the problem is not about 1 banana = 1, and the problem is not about the problem is not about the problem is not about the number of bananas is a unit, and the problem is not about the number of bananas is the problem is a single banana is 1 banana = 1, and the problem is not about the number of bananas is the",False,True,captured
gsm8k_756,gsm8k,0.6B,8,deterministic,42,22.0085,241.9,85.36,256,11.63,818,153,103,0.187,1.49,False," 

Final Answer: <number>
Final Answer 

Final Answer: 2: 2: 22: 22

Step 2: 2: 22: 22

Final Answer: 22

Let me think:
Okay, let me

Let me think about the number is 22

Let me think about the number is 22.

Let me think about this is 22.

Step 1: Let's number is 22.

Step-by-step: 22

Let me think about the number is 22. 

Final Answer: 22

Let me think about the number of the number is 22. 

Let me think about this is 22.

Step 1: Let's denote the number of votes against it is 22

Let me think about this is a

Let me think about this is a

Let me think about this step by step:

Let me think about this is 22.

Step 1: Let's number is 22.

Step-by-step: 

Final Answer: 22

Step 1

Let me think about this step by step:

Let's number is 22.

Step-by-step:",False,True,captured
gsm8k_770,gsm8k,0.6B,8,deterministic,42,15.6071,243.36,60.25,256,16.4,577,184,73,0.3189,2.52,False," 

First, we need to calculate the total number of vanilla scents sold vanilla scents, we need to calculate the total number of vanilla scents sold vanilla scents sold vanilla scents sold vanilla scents sold: 

First, we need to calculate the total number of the problem, we need to calculate the total number of vanilla scents, we need to calculate the total number of vanilla scents sold: 

First, we need to calculate the total number of the problem, we need to determine the total number of vanilla scents sold and find the problem, we need to calculate the total number of vanilla scents sold: 

First, we need to calculate the total number of the problem, we need to determine the difference in the problem, we need to determine the total number of vanilla scents sold and find the total sales, we need to calculate the total number of vanilla scents, we need to calculate the total number of vanilla scents sold: 

First, we need to determine the total number of vanilla scents sold vanilla scents sold: 

First, we need to calculate the total number of the problem, we need to determine the difference in total sales, we need to calculate the total number of the problem, we need to determine the difference in",False,True,captured
gsm8k_771,gsm8k,0.6B,8,deterministic,42,20.9977,242.29,81.39,256,12.19,777,158,98,0.2033,1.61,False," 

Let me think. Let me think. 

Okay, let's see, let's the money Bennet's the money Bennet's the money from the money Bennet's total money Bennet's total earnings from the money Bennet's total earnings from the money from the money Bennet's total earnings from the eggplants sold the money from the eggplants contributes to the money Bennet's total earnings from the eggplants he made from the money Bennet's total earnings from the eggplants. Let me think. Let me much Bennet's total earnings from the eggplants. Let me think. First, I can he made from the money Bennet's total earnings from the eggplants. Let me think. First, I can he made from the eggplants. He sells 20 eggplants are the money from the eggplants contributes to the total money Bennet's total earnings from the eggplants he made from the eggplants. He sells 20 eggplants at the money Bennet's total earnings from the eggplants. Let me think. First, I can he made from the eggplants. He sells 20 eggplants at the money from the eggplants he made from the eggplants. He sells 20 eggplants at the",False,True,captured
gsm8k_772,gsm8k,0.6B,8,deterministic,42,34.6282,239.57,134.86,256,7.39,1289,95,162,0.0737,0.59,False," 

Answer:                              30>

Okay, let's see. Tatiana has                                        30>
Okay, let me think > 

Okay, let me think > 

Okay, let me think > 

Okay, let me think > 

Okay, let me think > 

Okay, let me think > 

Okay, let's see below>
Okay, let me think > 

Okay, let me think > 
Okay, let me think > 

Okay, let's see below>
Okay, let'soccer>

Okay, let me think > 

Okay, let's see below>
Okay, let's see below>
Okay, let's see below >

Okay, let me think > 

Okay, let's see below>
Okay, let'soccer>

Okay, let'soccer>

Okay, let'soccer>

Okay, let's see below >

Okay, let's see below >

Okay, let's see.>

Okay, let's",False,True,captured
gsm8k_773,gsm8k,0.6B,8,deterministic,42,18.7004,239.5,72.4,256,13.69,690,167,89,0.242,1.88,False," 

Okay, let's see. Anthony starts here is 1

Let me solve this step by step:

Let me solve this step by step:

Okay, let's see the number is 1

Let me solve this step by step:

Okay, let's see the number is 1

Let me solve this step by step.

Let me solve this step by step:

Let me solve this step by step:

Let me solve this step by step.

Let me solve this step by step.

First, Anthony gave 1/2 of his pencils to Brandon received: 10

Let me solve this step by step.

First, Anthony gave 1/2 of his pencils to Brandon received: 10

Let me solve this step by step.

First, Anthony gave 1/2 of his pencils to Brandon received: 10

Let me solve this step by step.

First, let's number is 1

Let's number is 10

Let's number is 10. 

Okay, let's see the number is 10. 

Let me solve this step by step.

First, Anthony gave 1/2 of his pencils to Brandon received: 10

Let me check: 10

Let",False,True,captured
gsm8k_783,gsm8k,0.6B,8,deterministic,42,19.1532,247.81,74.14,256,13.37,709,167,90,0.2355,1.86,False," Let's define the variables. We know that Bob had 7 fish: We know that Bob had 7 fish in the initial number of orange fish in the beginning with the initial number of orange fish: We know that Bob originally, we know that Bob had 7 fish in the initial number of orange fish: 3
We know that Bob originally, we know that Bob originally, we know that Bob originally, we know that Bob originally, Bob had 7 fish: We know that Bob originally, Bob had 7 fish: 3 orange and foremost, we know that Bob originally, we know that Bob originally, Bob had 7 fish: 3 orange and foremost, we know that Bob originally had 7 fish: 3 orange, we know that Bob originally, we know that Bob originally, we know that Bob originally, we know that Bob originally, we know that Bob originally had 7 fish: 3 orange, 7 fish in the initial number of orange fish: 3
We know that Bob originally, Bob had 7 fish: 3 orange and foremost, we know that Bob originally had 7 fish in the initial number of fish in the beginning with the original fish in the beginning, we know that Bob originally, we know",False,True,captured
gsm8k_784,gsm8k,0.6B,8,deterministic,42,20.4789,241.36,79.36,256,12.5,760,162,95,0.2132,1.71,False," (Round to the nearest whole number)
Answer (Round to the nearest whole number: <number: <number>
Okay, let's see. I got from the user: <number>
Okay, let me in the question: <number>
Okay, let me think:
Okay, let me in the box: <number>
Okay, let me in the box: \boxed{1: <number>
Okay, let's format: <number>
Okay, let's format: <number>
Okay, let's format: <number>
Okay, let's see below:
Okay, let me think:
Okay, let me in the box:
Okay, let's format: <number>
Okay, let's format: <number>
Okay, let's format: <number>
Okay, let's format: <number>
Okay, let's format: <number>
Okay, let's see below:
Okay, let's format: <number>
Okay, let's format: <number>
Okay, let's format: <number>
Okay, let's see below:
Okay, let's format: <number>
Okay, let's format: <number>
Okay, let's format: <number>
Okay, let's format: <number>
Okay, let's",False,True,captured
gsm8k_792,gsm8k,0.6B,8,deterministic,42,22.5441,244.42,87.45,256,11.36,837,152,105,0.1816,1.45,False," 

Final Answer: <number>
Final Answer 

Final Answer: 30 days in dollars. 

Final Answer: 30 days in dollars: 75
Okay, let's value is 75
Okay, let me think carefully: 30 days * 10 = 10 bottle caps per day is 75
Okay, let me think carefully: 10 bottle caps per day: 75
Okay, let me think through the steps:

To determine the number is 75
Okay, let me. 

Final Answer: <number>
Okay, let me think carefully: 10 bottle caps per day: 750

Final Answer: 750
Final Answer: 750
Final Answer: 750

Final Answer: <number>
Okay, let's see the number is 750. 

Final Answer: <number>
Okay, let's value is 750. So, 30
Okay, let's value is 750. So, the number is 750. 

Final Answer: 750

Final Answer: <number>
Okay, let's value is 750.",False,True,captured
gsm8k_796,gsm8k,0.6B,8,deterministic,42,18.6271,242.19,72.1,256,13.74,690,170,87,0.2464,1.95,False," 

Final Answer: <number>
Final Answer 

Final Answer: 1: 1: 20

To solve this problem, we need to calculate the total amount of money the company pays to its total amount is 1: 240000

To solve this step by step:

Step 1: Calculate the total number of employees after three months is 2400000

To solve this step by step. 

To solve this problem is 1: 20

To solve this problem is to the total amount of money the company pays to its total amount of the total amount of the total amount of money the company pays to its total amount of money the total amount of money the company pays to the total amount of money the company pays to its employees after three months. 

To solve this problem, we need to be 1200 employees after three months is 2400000

To solve this problem, we need to calculate the total amount of money the company pays to its total amount of the total amount of money the company pays to its total amount of money the company pays to its employees after three months is 240000. 

To solve this problem,",False,True,captured
gsm8k_804,gsm8k,0.6B,8,deterministic,42,10.8411,246.32,41.55,256,23.61,397,207,50,0.5214,4.14,False,  (B)  (B) 10 (B) 12.  (B) 12.  (B) 120 (B) 120 (B) 120 miles (B) 120 miles (B) 120 miles (B) 120 miles (B) 120 miles (B) 120 miles (B) 120 miles (C) (B) 120 miles (B) 120 miles (C) (B) 120 miles (B) 120 miles (B) 120 miles (B) 120 miles (C) (B) 120 miles (B) 120 miles (C) (B) 120 miles (B) 120 miles (B) 120 miles (C) (B) 120 miles (B) 120 miles (B) 120 miles (B) 120 miles (B) 120 miles (C) (B) 120 miles (B) 1,False,True,captured
gsm8k_807,gsm8k,0.6B,8,deterministic,42,12.9545,237.5,49.87,256,19.76,475,196,61,0.4126,3.21,False, (C) 1) 18) 1) 18 inches (C) 18) 16) 18) 16) 18 inches (C) 18 inches (C) 18 inches (C) 18 inches (C) 18 inches (C) 18 inches (D) 18 inches (C) 18 inches (D) 18 inches (C) 18 inches (C) 18 inches (C) 18 inches (D) 18 inches (C) 18 inches (D) 18 inches (C) 18 inches (D) 18 inches (C) 2) 1) 18 inches (C) 2) 18) 18 inches (C) 18 inches (C) 18 inches (D) 18 inches (C) 18 inches (D) 18 inches (C) 18 inches (C) 18 inches (D) 18 inches (C) 18 inches (D) 18 inches (C) 2) ,False,True,captured
gsm8k_811,gsm8k,0.6B,8,deterministic,42,33.4795,240.45,130.35,256,7.65,1244,101,156,0.0812,0.65,False," 

Answer:                                                      142142>
Okay, let's see. Felix made $105 during the week. To find the number >

Okay, let me think > 

Okay, let me think > 

Okay, let me think > 

Okay, let me think > 

Okay, let me think > 

Okay, let me think through the number >

Okay, let me think through the process steps >

Okay, let me think through the process steps here>
Okay, let me think > 

Okay, let me think through the process steps here>
Okay, let'something>
Okay, let's see the number >

Okay, let'something>
Okay, let'something>
Okay, let's see the number >

Okay, let'something>
Okay, let's see the thought process > 

Okay, let's see the number >

Okay, let'something>
Okay, let's see the thought process > 

Okay, let's see the thought process > 

Okay, let's",False,True,captured
gsm8k_812,gsm8k,0.6B,8,deterministic,42,17.6515,246.33,68.26,256,14.5,657,173,84,0.2633,2.06,False," 

Final Answer: <number>
Final Answer 

Final Answer: 10

Final Answer: 13

Final Answer: 13

Final Answer: 130

Final Answer: 130

Final Answer: <number

Final Answer: 130

Final Answer: 130

Final Answer: <number>
Okay, let's see. Rose is picking flowers in the vase. 1: 1: 1: 3

Final Answer: 130

Step 10

Final Answer: 130

Step 1: 1: 1: 3

Final Answer: 130

Final Answer: 130

Step 1: Calculate the total number is 1: 1: 3* 

Final Answer: 130

Step-by-step-by-step:

Final Answer: 130

Step 1: Calculate the total number is 1: 3

Final Answer: 130

Step-by-step-by-step:

Step 1: Calculate the total number of the total petals is 1: 3*5= 10

Final Answer: 13

Final Answer:",False,True,captured
gsm8k_818,gsm8k,0.6B,8,deterministic,42,17.9099,237.77,69.3,256,14.29,661,172,85,0.2602,2.02,False," 

Okay, let's try to figure out this problem. Okay, let me to find out how many cars Joe has initially determine how many cars that Joe's find out how many cars Joe's find out how many cars Joe has. Since Joe has twice as many cars as Robert, I need to find out how many cars Joe has initially determine how many cars Joe's initial information about the number of cars Joe's find out how many cars Joe has initially determine how many cars Joe's initial number of the number of cars Joe has. Since Joe's find out how many cars Joe's find out how many cars Joe has initially determine how many cars Joe has initially determine how many cars Joe has initially determine how many cars Joe has. Since Joe's find out how many cars Joe has initially determine how many cars Joe has. Since Joe's find out how many cars Joe has initially determine how many cars Joe has. Since Joe has twice as many cars as Robert, I need to find out how many cars Joe has to find out how many cars Joe has initially determine how many cars Joe has. Since Joe's find out how many cars Joe has initially determine how many cars Joe has. Since Joe's find out how many cars Joe has initially. Okay, let's try to find out",False,True,captured
gsm8k_828,gsm8k,0.6B,8,deterministic,42,17.1013,240.55,66.12,256,14.97,631,177,80,0.2805,2.21,False," 

Step 1: 40 + 100 = 140. Step 100000 = 100 = 100. Step 100 = 100. 

Step 2000 = 100 = 100. 

Step 100 = 140 = 100 = 100. 

Step 200 = 40 = 80 = 100 = 100. 

Step 200 = 40. Step 1: 100 = 140 = 100. Step 100 = 40 = 100. 

Step 100 = 100 = 140 = 80 = 120 = 60 = 100 = 100. 

Step 200 = 40. She has to find the total money from her father's money from her father's money = 100. 

Step 1: 100 = 140 = 80 = 120",False,True,captured
gsm8k_844,gsm8k,0.6B,8,deterministic,42,20.5066,239.5,79.48,256,12.48,757,161,96,0.2127,1.68,False," 

Okay, let's try to solve this problem. So, the question. So, step by step. So, first, let me read the problem step by step. So, first. So, first. So, first. So, first. So, first. So, first. So, first. So, first. So, first. So, first. So, first. So, first. So, first. So, the problem step by step. First, I need to find the problem step by step. First, I need to find the problem step by step. First, I need to find the problem step by step. First, I need to find the total number of socks and dishes they have together. So, the problem step by step. First, I need to find the total number of socks and dishes they have. So, the problem step by step. First, I need to find the total number of socks and dishes they have together. So, the problem step by step. First, I need to find the total number of socks and see. So, the problem step by step. First, I need to find the total number of socks and see. So, the question. So, the problem step by step. First,",False,True,captured
gsm8k_845,gsm8k,0.6B,8,deterministic,42,10.2761,244.8,39.34,256,24.91,376,210,47,0.5585,4.47,False," (C) 13) 13) 13, (C) 13, (D) 13, (C) 13, (C) 13, (D) 13, (C) 13, (D) 13, (C) 13, (D) 13, (C) 13, (D) 13, (C) 13, (D) 13, (C) 13, (D) 13, (C) 13, (C) 13, (D) 13, (C) 13, (C) 13, (D) 13, (C) 13, (D) 13, (C) 13, (C) 13, (D) 13, (C) 13, (D) 13, (C) 13, (D) 13, (C) 13, (D) 13, (C) 13, (C) 13, (D)",False,True,captured
gsm8k_846,gsm8k,0.6B,8,deterministic,42,15.2261,245.64,58.75,256,16.81,560,187,70,0.3339,2.67,False," 

Answer: 10 minutes is the inter

Okay, let's see. Vicki is planning a pop concert ation. The total time for each group takes 10 minutes is the intermission. So, so the total time for the intermission. So, the intermission. So, the total time for each group is 2 + 2. So, the intermission. So, the total time for each group is 2 + 2. So, the intermission. So, the total time for the intermission. So, the total time for the intermission. So, the total time for the intermission. So, the total time for the intermission. So, the total time for the intermission. So, the total time for each group is 2 + 2. So, the total time for each group is 2 + 10 minutes is the intermission. So, the total time. So, the total time for each group is 2 + 10 minutes is the intermission. So, the total time. So, the total time for the intermission. So, the total time for the intermission. So, the total time for the intermission. So, the total time",False,True,captured
gsm8k_847,gsm8k,0.6B,8,deterministic,42,14.7837,240.76,57.03,256,17.32,545,187,69,0.3431,2.71,False," 

First, we need to calculate the total amount after 3 years with the problem, we need to calculate the total amount after 3 years with simple interest problems involving simple interest problems involving simple interest, we need to calculate the total amount Brenda's problem, we need to calculate the total amount Brenda's investment problems involving simple interest, we need to calculate the total amount Brenda's investment problem, we need to calculate the total amount Brenda's investment problem, we need to calculate the problem, we need to calculate the total amount Brenda's investment problem, we need to calculate the problem, we need to calculate the total amount Brenda's investment problem, we need to calculate the problem, we need to calculate the total amount Brenda's investment problem, we need to calculate the total amount Brenda will be careful step by step:

First, we need to determine the total amount after 3 years with the problem, we need to calculate the total amount after 3 years with simple interest, we need to calculate the total amount Brenda's investment problem, we need to calculate the problem, we need to calculate the total amount Brenda's investment problem, we need to calculate the problem, we need to calculate the total amount Brenda's investment problem, we need to calculate the total amount Brenda will be the",False,True,captured
gsm8k_848,gsm8k,0.6B,8,deterministic,42,22.4693,238.64,87.18,256,11.39,833,151,105,0.1813,1.44,False," 

Answer: 10 >

Okay, let's see. The problem is about 10>
Okay, let'something>
Okay, let me think > 

Okay, let me think > 

Okay, let me think > 

Okay, let me think > 

Okay, let's see the correct answer >

Okay, let'something>
Okay, let me think > 

Okay, let's see the correct answer here>

Okay, let'something>
Okay, let's see the correct answer here>

Okay, let's see the correct answer here>

Okay, let's see the thought process > 

Okay, let's see the correct answer here>

Okay, let's see the thought process > 

Okay, let's see the thought process > 

Okay, let's see the thought process > 

Okay, let's see the thought process and then the number >

Okay, let's see the thought process and then put final answer >

Okay, let's see.>

Okay, let's see the correct answer here>

Okay, let's see. The problem is the correct answer here>

Okay, let'something>
Okay, let's see. The problem solution steps >

Okay, let's see. The answer >

Okay, let's see. The problem solution",False,True,captured
gsm8k_851,gsm8k,0.6B,8,deterministic,42,19.172,243.04,74.23,256,13.35,713,167,90,0.2342,1.86,False," To solve this problem, you should first write the total number of pairs of shoes per month, then the total number of pairs of shoes he total number of pairs of the total number of pairs of shoes he total number of pairs of shoes he total number of pairs of shoes he total number of pairs of shoes he buys 1260 as many steps to find the total number of pairs of shoes he buys in the total number of pairs of shoes he buys in the form the total number of pairs of shoes he buys in the form the total number of pairs of shoes he buys in the form the given information given information and solve for the total number of pairs of shoes he buys in a formula for the number of pairs of shoes per month cost per pair = total number of pairs of shoes per year in the form the total number of pairs of shoes he total number of pairs of shoes he buys in the form of the total amount spent on shoes each step by the total number of pairs of shoes he total number of pairs of shoes he buys in a formula for the total number of pairs of shoes he total number of pairs of shoes he buys in a formula for the total cost per pair = total cost per pair = total cost per pair = total cost / write the total number of",False,True,captured
gsm8k_852,gsm8k,0.6B,8,deterministic,42,11.6985,242.59,44.93,256,21.88,431,203,54,0.471,3.76,False," 

Wait, the problem says that you buy 3 baskets of green food and red food. Wait, the problem says that you buy 3 baskets of green food and red food. Wait, the problem says that you buy 3 baskets of green food and red food. Wait, the problem says that you buy 3 baskets of green food and red food. Let me check the red food and red food and red food and red food, but it says that you buy 3 baskets of green food and red food, but it says ""3 baskets of green food and red food. Let me check again. The problem says: ""3 baskets of green food and red food. Let me check again. The problem says: ""3 baskets of green food and red food. Wait, the problem says that you buy 3 baskets of green food and red food. Wait, the problem says that you buy 3 baskets of green food and red food. Let me check again. The problem says: ""3 baskets of green food and red food. Let me check again. The problem says: ""3 baskets of green food and red food. Wait, the problem says that you buy 3 baskets of green food and red food. Let me check again. The problem says",False,True,captured
gsm8k_856,gsm8k,0.6B,8,deterministic,42,33.7867,243.48,131.54,256,7.58,1254,99,157,0.0789,0.63,False," 

Answer:                                                10>
Okay, let's see. Mr. Jackson has to be sure,number>
Okay, let me think through the correct answer >

To solve this problem step-by-10>
Okay, let me think > 

Okay, let me think > 

Okay, let me think > 

Okay, let me think through the correct answer here>

Okay, let me think > 

Okay, let's see the correct answer here>

Okay, let's see the correct answer here>
Okay, let's see the correct answer here>
Okay, let'something>
Okay, let's see the correct answer here>

Okay, let's see the correct answer here>

Okay, let's see the thought process > 

Okay, let me think through the problem step-by-10>
Okay, let's see the correct answer here>
Okay, let'something>
Okay, let'something>
Okay, let's see the thought process > 

Okay, let's see the thought process > 

Okay, let's see",False,True,captured
gsm8k_863,gsm8k,0.6B,8,deterministic,42,18.5763,244.53,71.89,256,13.78,690,170,87,0.2464,1.95,False," 

First, I need to find the total coins. 

First, I need to find out loud and explain the problem. 

First, I need to find out loud and clear and explain the steps:

Okay, let's see. The problem says that the problem. 

First, I need to find out loud and clear and concise and explain my first. 

First, I need to find out how many silver coins. 

First, I need to find out how many silver coins. 

First, I need to find out how many silver coins. 

First, I need to find out how many silver coins. 

First, I need to find out how many silver coins. 

First, I need to find out how many silver coins. 

First, I need to find out how many times. 

First, I need to find out how many silver coins. 

First, I need to find out how many silver coins. 

First, I need to find out how many silver coins. 

First, I need to find out how many silver coins does not in my first. 

First, I need to find out how many silver coins. 

First, I need to find out how many silver coins. 

First, I need to find out how many silver",False,True,captured
gsm8k_868,gsm8k,0.6B,8,deterministic,42,23.3525,242.42,90.63,256,10.96,867,148,109,0.1707,1.36,False," 

Okay, so many jello cups Greg needs to be sure cups Greg needs to be sure to make. 30 kids x jello cups Greg needs to be sure to make.  There are needed jello cups Greg needs to make for the total jello cups Greg needs to make for the party cups Greg needs to make for the party.  There are 30 kids and then we need.  The problem is 3-ounce box of the total jello cups Greg needs to make for the party.  There are 30 kids x jello cups Greg needs to make for the total jello cups Greg needs to make for the party.  There are 30 kids and each box of the total jello cups Greg needs.  The problem is asking for the party cups Greg needs.  The problem.  The problem is 3-ounce box of jello Greg needs to be sure to make.  The problem is asking for.  The problem is asking for.  The problem is asking for the total cost for the party cups Greg needs to make.  There are 30 kids and each kid needs to make of the total number of jello cups Greg needs to make for the party.  There are 3",False,True,captured
gsm8k_869,gsm8k,0.6B,8,deterministic,42,19.6542,242.66,76.12,256,13.03,730,165,92,0.226,1.79,False," 

Final Answer: <number>
Final Answer 

Final Answer: 1: 50

Final Answer: 500

Final Answer: <number

Final Answer: 500

Step 10

Final Answer: 500

Final Answer: <number>
Okay, let's see. The problem is 1: 50

Final Answer: 500

Step 1: 50

Final Answer: <number>
Okay, let me: 500

To solve this problem. 

Final Answer: 500

Final Answer: <number>
Okay, let me: 500

Step 1: Calculate the total cost of the phones: 50

Final Answer: 1: 4000 - 1: 500

Step 1: 4000 - (1: 4000 - (10

Final Answer: 500

Step 1: Calculate the total cost of the phones: 500

To solve this problem step by step:

Okay, let me: 50

Final Answer: 500

Step 1: Calculate the total cost",False,True,captured
gsm8k_871,gsm8k,0.6B,8,deterministic,42,11.8201,241.23,45.41,256,21.66,434,202,55,0.4654,3.67,False, (C) 13) 130) 130 (C) 2) 1) 130 (C) 1) 130 (C) 1) 130 (C) 132) 130) 130 (C) 1) 130 (C) 1) 130 (C) 1) 130 (C) 1) 130 (C) 132) 130 (C) 132) 130 (C) 132) 130 (C) 132) 130 (C) 132) 130 (C) 132) 130 (C) 130) 130 (C) 132) 130 (C) 132) 130 (C) 130) 130 (C) 132) 130 (C) 132) 130 (C) 13,False,True,captured
gsm8k_874,gsm8k,0.6B,8,deterministic,42,20.1528,239.67,78.09,256,12.7,741,163,94,0.22,1.73,False," 

First, we first, first, we first, we first find the rate per hour first, first, we need to find the problem, first find the rate per hour first, we first, first find the rate per hour first. 

First, we need to find the rate per hour first, first, we need to find out this problem, first find the rate per hour first. Ella's problem, first find the rate per hour first. Ella's problem, we first find Ella's earnings, first find the rate per hour first. Ella's earnings problem, we first find Ella's earnings problem, we first find Ella's earnings problem, we first need to find the rate per hour first. 

First, we need to determine the rate at the problem, first find the rate per hour first, first, we need to find out this problem, we first find Ella's earnings problem, we first find Ella's earnings problem, we first determine the rate at the same rate problems like this problem, first find Ella's earnings problem, we first determine the rate at the same rate, first find the rate per hour first. Ella's earnings problem, we first find Ella's earnings problem, we first determine the rate at the same rate, we first find Ella's",False,True,captured
gsm8k_875,gsm8k,0.6B,8,deterministic,42,18.7622,241.2,72.63,256,13.64,696,169,87,0.2428,1.94,False," 

First, we first, we start by step by step:

First, we need to find the problem, we first, we start by calculating the total number of marbles Paul's the problem, we first need to find the total marbles first, we first, we start by calculating the total number of marbles Paul has left, we first need to find the total marbles first. 

First, we need to find the total marbles first, we start by finding the number of marbles Paul's the problem, we need to find the total marbles first. Paul's the problem, we need to find the total marbles first. Paul's the problem step by step:

First, we need to find the total marbles first, we start by calculating the total number of marbles Paul has left, we need to find the total marbles first. Paul's the problem step by step:

1. Start by step by step:

1. Paul initially, we first, we need to find the total marbles first, we need to find the total marbles first. 

First, we need to find the total marbles first. 

First, we need to find the total marbles first. Paul's the problem step by step:

1. **",False,True,captured
gsm8k_886,gsm8k,0.6B,8,deterministic,42,23.1155,242.65,89.7,256,11.07,850,150,107,0.1765,1.4,False," 

Final Answer: <number>
Final Answer 

Final Answer: 30

Final Answer: 2

Let me try: 30

Let me try: 2

Let me try to the number is 2

Let me try to the number of the number is 240

Final Answer: 20

Final Answer: 20

Step 30

Final Answer: 40

Step 1

Let me try to the problem. 

Let me try to figure out the number of microphones that he wants to arrange 30

Let's number is 2

Let's number is 20

Final Answer: 40

Step 1: 20

Wait, I need to be 30

Let's number is 2

Let's number is 20. 

Let me try to the number is 240

Step 1: Determine the number of microphones that can be found: 20

Let me try to figure out the number of microphones that can be 350

Final Answer: 2

Let me try to figure out the number of microphones that can be found: 20

Wait, I",False,True,captured
gsm8k_887,gsm8k,0.6B,8,deterministic,42,14.7387,242.43,56.85,256,17.37,541,188,69,0.3475,2.72,False," 

First, let's break down the problem step by step:

First, let's break down the problem step by step:

1. First, we need to calculate the total number of birds, we need to calculate the total number of birds Jerry's problem, we need to calculate the total number of birds Jerry's bird counting the problem, we need to calculate the total number of birds Jerry's bird counting problem, we need to calculate the total number of birds, we need to calculate the total number of birds, we need to calculate the total number of birds, we need to calculate the total number of birds, we need to calculate the total number of birds, we need to calculate the total number of birds, we need to calculate the total number of birds, we need to calculate the total number of birds, we need to calculate the total number of the problem, we need to calculate the total number of birds, we need to calculate the total number of birds, we need to calculate the total number of birds, we need to calculate the total number of birds, we need to calculate the total number of birds, we need to calculate the total number of birds, we need to calculate the total number of birds, we need to calculate the total number of birds, we need",False,True,captured
gsm8k_888,gsm8k,0.6B,8,deterministic,42,25.0586,237.9,97.34,256,10.22,931,140,117,0.1504,1.2,False," 

Let me solve this problem step by step.

Okay, let's see. Lani baked 1. First, we start by step 1. First, we start by step 1: 

Okay, let me first, so first, Lani baked 55 cookies. She baked 55 cookies. She baked 5555555 cookies. She baked 5555 cookies. She baked 55 cookies. She ate 5555555 cookies. She baked 55 cookies. She ate 555 cookies. She baked 55 cookies. She baked 55 cookies. She ate 555 cookies were in the problem: 

Okay, let'step 1. First, I need to find out how many cookies were in the total number of cookies Lani baked 1. First, we start by step.

Okay, let me solve the total number of cookies is 55 cookies. She ate 5 cookies. She baked 55 cookies. She ate 555 cookies. She baked 55 cookies. She ate 1. First, we start by finding the total number of cookies Lani baked 1. Lani baked 5",False,True,captured
gsm8k_889,gsm8k,0.6B,8,deterministic,42,17.9441,254.88,69.37,256,14.27,664,173,84,0.2605,2.06,False," 

Step 2. Let's see the orchid
petals for the orchids. Let's see the problem. Let's see, then multiply the number of orchids by the number of petals for the orchids.  petals for the orchids. Let's see, Joelle's petals for the orchids. There are 5 orchids, then multiply by the orchid petals for the orchids. 5 orchid
petals for the orchids.  petals for the orchids. There are 5 orchids, and petals for the orchids. There are 5 orchids, and each type of flowers. Let's see, Joelle's orchids'petals for the orchids. 5 orchid
petals for the orchids. 5 orchid petals for the orchids. 5 orchid petals. There are 5 orchids, and each orchid petals. There are 5 orchids, and each orchid petals. There are 5 orchids, and each orchid petals. There are 5 orchids, and each type of flowers. So, the total petals for the orchids. Let's see, Joelle's orchids' petals for the orchids. There are",False,True,captured
gsm8k_892,gsm8k,0.6B,8,deterministic,42,17.9439,240.33,69.43,256,14.27,662,173,84,0.2613,2.06,False, Let's find out the price of the price of a be the price of one carrot cost of the price of a carrot cost of one carrot cost of one carrot be the price of one carrot. Let's find out the total cost for the price of a be the price of one carrot. Let's find out the total cost of the total cost for the cost of one carrot cost of one carrot be the price of one carrot. The total cost for the cost of one carrot. Let's find out the total cost of the total cost for the week. The total cost for the salad cost of one carrot cost of one carrot be x be the price of one carrot. The total cost for the salad cost $ x be the price of one carrot. The cost of one carrot cost of one carrot be x dollars be the price of one carrot. The cost of one carrot be the price of one carrot be the price of one carrot be the price of one carrot. The cost of one carrot be x be the price of one carrot. The cost of one carrot be x dollars be the cost of one carrot be the price of one carrot be the price of one carrot. The cost of one carrot be x dollars. Let's find out the total cost of the total cost of the,False,True,captured
gsm8k_894,gsm8k,0.6B,8,deterministic,42,25.0344,241.56,97.23,256,10.23,927,141,116,0.1521,1.22,False," 

Answer: 160>

Okay, let's try to figure out the number >

Okay, let me think > 

Okay, let me think > 

Okay, let me think > 

Okay, let me think > 

Okay, let's try to find the number >

Okay, let me think > 

Okay, let's try to find the answer >

Okay, let's try to find the answer here>

Okay, let's try to find the answer here>

Okay, let's try to find the answer step-by-160>

Okay, let'solution>
Okay, let's try to find the answer here>

Okay, let's try to find the answer step-by-10>

Okay, let's try to figure out of the problem solution steps >

Okay, let's try to figure out the number >

Okay, let's try to figure out the answer >

Okay, let's try to figure out this is the number >

Okay, let's try to figure out this is the answer >

Okay, let's try to figure out of the problem.>

Okay, let's try to figure out this is the answer here>

Okay, let's try to figure out of the problem. Let me think > 

Okay, let's try to",False,True,captured
gsm8k_896,gsm8k,0.6B,8,deterministic,42,16.391,254.14,63.28,256,15.62,604,181,76,0.2997,2.38,False," 

Answer: 10 times a month,Answer: 10 times a month, 3 hours each time, 3 hours each time 3 hours per time 3 hours per time 3 hours, 3 hours each time 3 hours each time 3 hours, 3 hours each time 3 hours, 3 hours each time, 3 hours each time, so 3 hours per time is 10 times a month, 3 hours each time 3 hours each time 3 hours, 3 hours each time, 3 hours each time, so 10 times a month, 3 hours each time 3 hours each time 3 hours, 3 hours each time, 3 hours each time, so 10 * 3 hours per time per time per time per time 3 hours each time, 3 hours each time, so 10 * 3 hours = 30 hours. 3 hours per time per time 3 hours each time, so 10 times a month, 3 hours each time 3 hours each time, so 10 times 3 hours each time 3 hours each time, so 10 times 3 hours each time 3 hours",False,True,captured
gsm8k_898,gsm8k,0.6B,8,deterministic,42,20.3732,239.7,78.95,256,12.57,755,159,97,0.2106,1.64,False," 

Final Answer: <number>
Final Answer 

Final Answer: 100

Wait, that is 1

Final Answer: 600

Final Answer: 600

Wait, that is 60 miles. 

Final Answer: 60

Final Answer: 60

Wait, that is 60 miles. 

To solve this problem, we need to calculate the total distance is 1

Final Answer: 600

Final Answer: 60

Final Answer: <number

Final Answer: 60

Final Answer: <number>
Okay, let's see. The problem states the total distance is 1

Final Answer: 60

Final Answer: 60

Wait, I need to be careful with explanation: 1

Final Answer: 1

Final Answer: 600

Final Answer: 1

Final Answer: 1

Final Answer: 1

Final Answer: 12: 10

Final Answer: 600

Final Answer: 1

Final Answer: <number>
Okay, let's see the total distance is 600

Final Answer: <number>
Okay, let me

",False,True,captured
gsm8k_901,gsm8k,0.6B,8,deterministic,42,16.0028,240.44,61.81,256,16.0,592,182,74,0.3074,2.46,False," 

Wait, the problem says that Calvin is making soup for his family for dinner. He has a pot of soup for his family soup for his family soup for his family soup for his family for his family soup for his family for his family for his family for his family for dinner, but the question: ""soup for his family for his family soup for his family for dinner, but the question is making soup for his family for dinner. He has a pot with enough soup to fill four adult soup for his family soup for his family for dinner. He has a pot with enough soup to fill four adult soup for his family for his family soup for dinner, but the question is about soup for his family for dinner. He has a pot with enough soup to fill four adult's bowls or eight child's bowls. Let me. Let me re: ""soup for his family for dinner. He has a pot of soup for his family for dinner. He has a pot with enough soup to fill four adult's bowls of soup for his family for dinner. He has a pot with enough soup to fill four adult's bowls or eight child's bowls. Let me re: the soup for his family for dinner. He has a pot of soup for his family for dinner. He has",False,True,captured
gsm8k_906,gsm8k,0.6B,8,deterministic,42,15.0176,242.39,57.94,256,17.05,549,187,69,0.3406,2.71,False," 

Okay, let me. So first, I need to figure out how many blue shoe box with 7 blue shoe box with 7 blue shoe boxes and 9 red shoe boxes with 7 blue shoe box with 7 blue shoe boxes and 9 red shoe boxes with 7 blue shoe boxes and 9 red shoe boxes and red shoe boxes and red shoe boxes and red shoe boxes and red shoe boxes. He has 7 blue shoe box with 7 blue shoe boxes and 9 red shoe boxes and red shoe boxes and red shoe boxes. He has 7 blue shoe boxes and 9 red shoe boxes and red shoe boxes. He has 7 blue shoe boxes and 9 red shoe boxes and red shoe boxes. He has 7 blue shoe boxes and 9 red shoe boxes. Wait, the problem says he has 7 blue shoe boxes and 9 red shoe boxes. Wait, the problem says he has 7 blue shoe boxes and 9 red shoe boxes. Wait, the problem says he has 7 blue shoe boxes with 7 blue shoe boxes and 9 red shoe boxes with 7 blue shoe boxes and 9 red shoe boxes and red shoe boxes. He has 7 blue shoe boxes and 9 red shoe boxes. Wait",False,True,captured
gsm8k_910,gsm8k,0.6B,8,deterministic,42,19.504,240.86,75.54,256,13.13,722,165,92,0.2285,1.79,False," 

Step 20 is the size of Farmer Brown's farm is the size of Farmer Brown's farm is 200 acres. The first. The first. The problem. The first. The problem. The question is the size of Farmer Brown's farm.
Step 2: This is the size of Farmer Brown's farm is 200 acres is the size of Farmer Brown's farm. The first farm is Farmer Brown's farm is the size of Farmer Brown's farm is 200 acres is the size of Farmer Brown's farm. 

Step  is the size of Farmer Brown's farm. The first farm is Farmer Brown's farm is 200 acres is the size of Farmer Brown's farm. 

Step 20 is the size of Farmer Brown's farm. The problem. The problem. The question is asking for the total for Farmer Brown's farm is the size of Farmer Brown's farm. The first farm is 200 is the size of Farmer Brown's farm. 

Step 2: This is the size of Farmer Brown's farm. The problem. The question is asking for the total number of acres for Farmer Brown's farm is the size of Farmer Brown's farm. 

Step 2: This is the",False,True,captured
gsm8k_914,gsm8k,0.6B,8,deterministic,42,17.5055,241.34,67.7,256,14.62,648,175,81,0.2701,2.16,False," 

First, we need to determine how many tune-ups, first, we need to find out how many miles driven miles driven miles driven in 30 days: 

First, we need to determine how many tune-ups, we need to determine how many tune-ups, we need to determine how many tune-ups Jon's problem, first calculate the total miles driven in the problem, we need to determine how many tune-ups Jon's car tune-ups needed tune-ups, first calculate the total miles driven in the month, first, we need to find out how many miles driven miles: 

First, we need to find out how many tune-ups, first calculate the total miles driven in the month:  this problem, first, we need to find out how many miles driven miles:  this problem, we need to determine how many tune-ups, first calculate the total miles driven in the month, first calculate the total miles driven in the month:  this problem, we need to determine how many tune-ups Jon's car tune-ups, first calculate the total miles driven in the month, first calculate the total miles driven in the month, first calculate the total miles driven in the problem, first calculate the total miles driven in the month, first calculate the total miles driven in the month",False,True,captured
gsm8k_921,gsm8k,0.6B,8,deterministic,42,14.6744,242.98,56.59,256,17.45,541,187,70,0.3457,2.67,False," 

Let me solve this problem step by step.

First, we know that the loaf has 24 slices. Abby can eat 2 slices a day. First, we need to find out how many slices per day. First, we need to find out how many days. First, we need to find out how many slices per day. So, the loaf of bread has 24 slices. Abby can eat 2 slices a day. Josh can eat twice as much as follows:

First, I need to find out how many days. First, we need to find out how many slices per day. So, Josh can eat twice as much as follows:

First, I need to find out how many days the loaf of bread has 1. First, we need to find out how many slices per day. So, Josh can eat twice as much as follows:

First, we know that the loaf has 24 slices. First, we need to find out how many slices per day. So, Josh can eat twice as much as follows:

First, we know that the loaf has 24 slices. First, we need to find out how many slices per day. So, Josh can eat twice as much as Abby can eat 1. First,",False,True,captured
gsm8k_923,gsm8k,0.6B,8,deterministic,42,19.4126,238.4,75.19,256,13.19,719,167,90,0.2323,1.86,False," Let's solve this step by step.
Step 1: First, we need to find out how many cups of tea: First, we need to find out how many cups are the total number 1: First, we need to find out how many cups of tea: First, we need to find out how many cups of tea: First, we need to find out how many cups of the total number 1: Determine how many total number 1: Determine how many cups are the total number of the total number of cups is to solve the total number of cups is to solve the problem: First, we need to find out how many cups of tea: First, we need to find out how many total number 1: Determine how many cups are used: First, we need to find out how many cups of tea: First, we need to find out how many total number of the total number of cups is 1: Determine the total number of cups is to solve the problem:
First, we need to find out how many cups of tea: First, we need to find out how many total number of the problem: We know that there are 27 cups total number 1: Determine how many total number 1: Determine how many cups are",False,True,captured
gsm8k_926,gsm8k,0.6B,8,deterministic,42,12.5787,245.28,48.37,256,20.35,464,196,60,0.4224,3.27,False," 

Wait, the problem says that it is the last day of the month and it's a Friday of the month's last day of the month and it's a Friday. So, the last day of the month and it's a Friday. So, the last day of the month and it's a Friday. So, the last day of the month and it's a Friday. So, the problem says that it is the last day of the month's last day of the month and it's a Friday. So, the problem says that it is the last day of the last day of the month and it's a Friday of the month and it's a Friday. So, the last day of the month and it's a Friday. So, the problem says that it is the last day of the last day of the month and it's a Friday of the month and it's a Friday. So, the problem says that it is the last day of the month and it's a Friday. So, the problem says that it is the last day of the last day of the month and it's a Friday of the month and it's a Friday. Let me re last day of the month and it's a Friday. Let me re-read the problem again, the",False,True,captured
gsm8k_932,gsm8k,0.6B,8,deterministic,42,15.0713,238.15,58.17,256,16.99,557,187,70,0.3357,2.67,False," 

First, let's break down the problem step by step:

Let's break down the problem step by step:

1. Let's break down the problem step by step:

Let's break down the problem step by step:

Let's break down the problem step by step by step by step-by-step:

First, let's break down the problem step by step:

1. Let's break down the problem step by step:

Let's break down the problem step by step by step-by-step:

First, let's break down the problem step by step:

Let's break down the problem step by step:

Let's break down the problem step by step:

Let's break down the problem step by step by step-by-step reasoning step by step-by-step:

First, let's break down the problem step by step:

Let's break down the problem step by step by step-by-step reasoning step by step:

Let's break down the problem step by step:

1. First, let's break down the problem step by step:

1. First, let's break down the problem step by step:

Let's break down the problem step by step:

Let's break down the problem step by step:

Let's break down the problem step by step:

Let's break down the problem step",False,True,captured
gsm8k_942,gsm8k,0.6B,8,deterministic,42,19.8462,241.41,76.88,256,12.9,741,164,93,0.2213,1.76,False," 

Final Answer: <number>
Final Answer 

Final Answer: 40 + 35*350

To determine the total charge is 10500

To determine the total charge for the problem. 40 + 40

To determine the total charge for Patty's Plumbing charges for the problem. Let's value is 1050

To determine the total charge for Patty's Plumbing charges a. 40 + 40 + 40 + 40 + 350

Final Answer: 140 + 35* 40 + 40 + 40 + 40 + 350

Final Answer: 140 + 35*350

Final Answer: 350

To determine the total charge for Patty's Plumbing charges a base on the problem. Let's solve this is 1050

To determine the total charge for Patty's Plumbing, 40 + 35 = 40 + 35* 40 + 350

Final Answer: 140 + 35* 40 + 35* 40 + ",False,True,captured
gsm8k_943,gsm8k,0.6B,8,deterministic,42,19.1357,242.44,74.09,256,13.38,710,167,90,0.2352,1.86,False," (Do not use the dollar sign in your answer.)

Okay, let's see. James buys  answer.)

Okay, let me)

Okay, let me)

Okay, let me)

Okay, let me)

Okay, let me)

Okay, let's see the answer.)

Okay, let me)

Okay, let's see the answer.)

Okay, let's answer.)

Okay, let's see the answer.)

Okay, let's see the answer.)

Okay, let's see the example. answer.)

Okay, let's answer.)

Okay, let's see the example.  answer.)

Okay, let's see the example.  answer.)

Okay, let's see the example)

Okay, let's see the example)

Okay, let's see the example)

Okay, let's see the example)

Okay, let's see the example)

Okay, let's see the example)

Okay, let's see. answer.)

Okay, let's see the example. answer.)

Okay, let's see. answer.)

Okay, let's see. James's answer.)

Okay, let's see. James's total answer.)

Okay, let's see. James buys. answer.)

Okay, let's see. James's total answer.)

Okay, let's see. James's total answer.)

",False,True,captured
gsm8k_944,gsm8k,0.6B,8,deterministic,42,20.9992,238.91,81.41,256,12.19,784,158,98,0.2015,1.61,False," 

Final Answer: <number>
Final Answer 

Final Answer: <number>
Final Answer: 1. 

Final Answer: <number>
Okay, let's see. Jen has different typeset

To calculate the total amount Jen will earn is 1.5* 

Final Answer: <number>
Okay, let's see the total is 6* 

Final Answer: <number>
Final Answer: <number>
Okay, let's see the total is 6*1.5 + 1. 

To calculate how much will be 1.5*6= 1.5*6=9, let me: 6

To calculate how much will she will be 6

To calculate how much Jen will earn $1.50

To calculate how much Jen will earn $2: 6

To calculate how much Jen will earn $2: 6

To calculate how much Jen will earn $2: 6* 

Final Answer: <number>
Final Answer: <number>
Final Answer: <number>
Final Answer: <number>
Final Answer: <number>
Okay, let's see the total is 6*1.5 + 1. 

Final Answer: <number>
Final Answer: <",False,True,captured
gsm8k_945,gsm8k,0.6B,8,deterministic,42,14.3057,255.57,55.1,256,17.89,528,190,66,0.3598,2.88,False,  (C) 1) 1) 1) 13) 15) 15) 15 hours (C) 15 hours (C) 16) 15) 15 hours (C) 1) 15 hours (C) 16) 14) 16) 15 hours (C) 18) 14) 16) 14) 15 hours (C) 1) 15 hours (C) 1) 15 hours (C) 14) 16) 14) 16) 14) 16) 14) 16) 14 hours (C) 18) 14 hours (C) 18) 14 hours (C) 14) 16) 14 hours (C) 14) 16 hours (C) 18) 14 hours (C) 14) 16 hours (C) 14) 16) 15) 15 hours (C) 1,False,True,captured
gsm8k_953,gsm8k,0.6B,8,deterministic,42,21.2511,245.62,82.37,256,12.05,790,157,100,0.1987,1.57,False," (Note: 1 hour = 60 minutes. So, 1 hour = 60 minutes. Wait, that day. So, 1 hour = 60 minutes. Wait, that's? Wait, that's? Wait, that's not 0 minutes. Wait, that's not possible minutes. Wait, that's not correct? Wait, that's not correct? Wait, that's not correct? Wait, that's not correct? Wait, that's not correct? Wait, that's not correct. So, 0 minutes)

Wait, the problem is a.m. to 0 minutes. Wait, that day. 0 minutes)

Wait, the note: 0 minutes)

Wait, the problem is a typo, 0 minutes)

Wait, the note says 0 minutes)

Wait, the note says 1 hour = 6 minutes, 0 minutes. So, 1 hour = 6 minutes, 0 minutes. 0 minutes. 0 minutes. 0 minutes. 0 minutes)

Wait, the problem is a typo, 1 minutes. So, 1 hour = 60 minutes)

Wait, the note says 1 hour = 0 minutes. 0 minutes)

Wait, the",False,True,captured
gsm8k_967,gsm8k,0.6B,8,deterministic,42,15.4883,238.28,59.8,256,16.53,572,185,72,0.3234,2.57,False," 

First, let's break down the problem step by step:

First, let's break down the problem step by step:

1. Nani is the problem, let's break down, let's break down the problem step by step:

1. Nani is 8 years old.
First, let's break down the problem step by step-by-step-by-step:

First, let's break down the problem step by step:

First, let's break down the problem step by step-by-step:

1. Nani is 8 years old.
First, let's break down the problem step by step-by-step:

1. Nani is 8 years old. 

First, let's break down the problem step by step-by-step:

1. Nani is 8 years old. 

First, let's break down the problem step by step:

1. Nani is  this problem, let's break down the problem, let's break down the problem step by step:

First, let's break down the problem step by step-by-step:

1. Nani is 8 years old. 

First, we need to calculate the ages of each step by step-by-step:

1. Nani is 8 years old. 

First, let's break down",False,True,captured
gsm8k_969,gsm8k,0.6B,8,deterministic,42,25.851,239.85,100.44,256,9.9,961,135,122,0.1405,1.11,False," 

Okay, let's see. John is 30

Let me think carefully: 300

Let me think carefully: 1

Let me think through step by step:

Final Answer: 300

Wait, let me think carefully: 300

Let me think through step-by-step: 300

Wait, I need to calculate the total cost step by step:

Final Answer: 600
Okay, let me

Let me think through step by step:

John is 300

Final Answer: 600
Okay, let me think carefully: 1

Okay, let me

Let me think through step-by-step: 1

Okay, let's value is 300

Wait, I need to calculate the total cost of the problem. 

Okay, let me

Let me think through step-by-step: 300

Step 1: Determine the total is 1

Let me think through step-by-step reasoning: 300

Wait, I need to figure out the total cost is 1

Okay, let's value is 1

Okay, let's value is 12: 120

Let me think",False,True,captured
gsm8k_970,gsm8k,0.6B,8,deterministic,42,16.6458,240.64,64.33,256,15.38,616,179,78,0.2906,2.29,False," 

First, we first, we start by step by step:

First, we know that Carlton's team has 13 players. Zeke's baseball problem, we first, we start by noting that the problem, we start by finding the problem, we start by finding the total number of players in both teams, we start by finding the total number of players in both teams, we first, we need to find the total number of players in both teams, we first, we need to find the total number of players in both teams combined players in the problem, we start by noting that the problem, we start by noting that Carlton's team has 13 players. 

First, we know that Carlton's team has 13 players. Zeke's baseball problem, we need to find the total number of players in both teams combined players in the problem, we start by noting that the problem is to find the total number of players in both teams combined, we start by noting that the problem is asking for the total number of players in both teams combined, we start by noting that Carlton's team has 13 players. Zeke's baseball problem, we need to find the total number of players in both teams combined, we start by noting that Carlton's",False,True,captured
gsm8k_974,gsm8k,0.6B,8,deterministic,42,15.1352,241.93,58.4,256,16.91,559,185,72,0.3309,2.57,False," 

Let me solve this problem step by step. 

First, I need to find out of the total cost of the three books cost of the total cost of the total cost of the books. First, I need to find the total cost of the books. First, I need to find the total cost of the books. First, I need to find out of the total cost of the books. First, I need to find out of the total cost of the books, first, I need to find the total cost of the books first, first, I need to find out of the total cost of the books, first, I need to find out of the total cost of the books, he needs to buy the total cost of the books is the total cost of the three books is the total cost of the books. First, I need to find out of the total cost of the books, first, I need to find out of the total cost of the books, he needs to buy the three books cost of the total cost of the books. 

First, I need to find out of the total cost of the books, first, I need to find out how much does he needs to be careful with the total cost of the books is the first, first, I",False,True,captured
gsm8k_978,gsm8k,0.6B,8,deterministic,42,16.1458,238.91,62.38,256,15.86,597,182,75,0.3049,2.43,False," 

Step 1: 40% ofStep 100 is 100 is 40% of $100 is 100 is 40% of $100. The price of the blue car price of $100 is 40% of $100 is 40% of $100 is 40% of $100. The price of the blue car price of the blue car's price is 100 is 40% of $100. The blue car price of $100 is $100 is 40% of $100. The blue car price is 100 is 40% of $100. The blue car price is 100 is 40. The price of the blue car is $10.40 × $100 is $100 is 40% of $100. The blue car price is 100 is 40. The blue car price is 100 is 40. So, the price of the blue car price of $100 is $4",False,True,captured
gsm8k_981,gsm8k,0.6B,8,deterministic,42,18.952,242.23,73.37,256,13.51,702,168,89,0.2393,1.89,False," 

Final Answer: <number>
Final Answer 

Final Answer: 12: 12

Step 12: 1

Final Answer: 7

Final Answer: 7

Final Answer: 7

Final Answer: 7

Step 1: Determine the total is 1

Final Answer: 7

Final Answer: 7

Step 1

Final Answer: <number

Final Answer: 7

Step 1: 7

Final Answer: 7

Step 1: Determine the total amount of crawfish he caught 1

Final Answer: 7

Step-by-step-by-step:

Final Answer: 7

Step 1: Determine the total amount of crawfish Joe caught 12: 7

Final Answer: 7

Step-by-step-by-step:

Step 1: Determine the amount of crawfish he caught 12: 1

Final Answer: 7

Step-by-step-by-step:

Step 1: Determine the total amount of crawfish Joe caught 3
Okay, let's see the total is 1

Final Answer: <number>
Okay, let's see the total is 10

Final Answer: 7

Final Answer:",False,True,captured
gsm8k_982,gsm8k,0.6B,8,deterministic,42,16.4996,239.98,63.76,256,15.52,611,180,77,0.2946,2.34,False," 

First, we first, we first, we need to find the number of students in Mr. Roper's class problem, we first, we need to find out the problem, we first, we need to find out the problem, we need to find the number of students in each part of the class are football players, which groups, we first find the number of students in each part of the problem, we first find the number of football players: 

First, we need to find out the problem, we need to find the number of students in each part of the problem, we need to find the number of students, we first find the number of football players:  this problem, we need to find the number of students in each group of the class are football players, we first find the number of football players:  this problem, we need to determine the number of students in each part of the problem, we need to find the number of students in each part of the problem, we need to find the number of students in each part of the problem, we need to find the number of students in each group of the class are football players, so, we need to find the number of students in each part of the problem, we need to find the",False,True,captured
gsm8k_983,gsm8k,0.6B,8,deterministic,42,13.9668,237.4,53.84,256,18.33,512,192,64,0.375,3.0,False," 

Okay, let's see. The problem says Charlie has boots that are five times the size of Charlie has boots that are five times the size of Sophie's shoe sizes. So Charlie has boots that are five times the boots that Charlie has boots that Charlie has boots that are five times the size of Sophie's shoe sizes. So Charlie has boots that are five times the size of Sophie's shoe sizes. Charlie has boots that are five times the size of Charlie has boots that are five times the size of Sophie's shoe sizes. Charlie has boots that are five times the size of Charlie has boots that are five times the size of Charlie has boots that are five times the size of Charlie has boots that are five times the size of Charlie has boots that are five times the size of Charlie has boots that are five times the size of Charlie has boots that are five times the size of Charlie has boots that are five times the size of Charlie has boots that are five times the size of Charlie has boots that are five times the size of Charlie has boots that are five times the size of Charlie has boots that are five times the size of Charlie has boots that are five times the size of Charlie has boots that are five times the size of Charlie has boots that are five times the size of",False,True,captured
gsm8k_989,gsm8k,0.6B,8,deterministic,42,13.5914,242.8,52.35,256,18.84,502,194,63,0.3865,3.08,False, (C) 15) 2) 2) 2) 15 minutes (C) 2) 15 minutes (C) 2) 15 minutes (C) 15 minutes (C) 15 minutes (C) 15 minutes (D) 2) 15 minutes (C) 15 minutes (D) 2) 2) 15 minutes (C) 15 minutes (C) 15 minutes (D) 2) 15 minutes (C) 15 minutes (C) 2) 15 minutes (C) 2) 15 minutes (C) 15 minutes (C) 15 minutes (C) 15 minutes (C) 2) 15 minutes (C) 15 minutes (C) 15 minutes (D) 2) 15 minutes (C) 2) 15 minutes (C) 15 minutes (C) 15 minutes (D) 2) 15 minutes (C) 15 minutes (C) 15 minutes (C) 2) 15 minutes (,False,True,captured
gsm8k_990,gsm8k,0.6B,8,deterministic,42,21.6626,237.96,84.02,256,11.82,808,155,102,0.1918,1.52,False," 

Final Answer: <number>
Final Answer 

Final Answer: 0

Final Answer: 2

Final Answer: 2

Final Answer: 2

Final Answer: 2

Step 0

Final Answer: 2

Step-by-step: 0

Final Answer: 2

Step-by-step explanation: 0

Let's value is 2

Final Answer: 2

Step 0

Final Answer: 0

Final Answer: 2

Step-by-step explanation: 2

Final Answer: 2

Step-by-step-by-step:

Okay, let's see the final answer is 2.

Let's value is 2. 

Final Answer: <number

Final Answer: <number>
Okay, let's see the final answer is 2.

Let's value is 2. 

Let's value is 2. So, let me

Final Answer: <number>
Okay, let me

Final Answer: <number>
Okay, let's try: 0

Let's value is 2

Final Answer: <number>
Okay, let's try: 2

Step 0

Let's value is 2. 

Let's break down to the final answer is 2.

",False,True,captured
gsm8k_998,gsm8k,0.6B,8,deterministic,42,15.3435,240.63,59.23,256,16.68,569,184,72,0.3234,2.56,False," 

Let me think... First, I need to find out how many cookies there are the total number of cookies. There were 100 guests at the total the total the total the total number of cookies. There were 100 guests at the total the total number of cookies. There were 100 guests at the total number of cookies. There were 100 guests at the total number of cookies. There were 100 guests at the total number of cookies. There are the total number of cookies. There were 100 guests, let me to find out how many cookies there are  find out how many cookies there are  find out how many cookies there are in the total number of cookies. There were 100 guests at the total number of cookies. There were 100 guests at the total number of cookies. There are the total number of cookies. There are the total number of cookies. There are 1. Let me think... 

Okay, let's see how many cookies were  find out how many cookies there are in the total number of cookies. There are the total number of cookies. There are the total number of cookies. There are the total number of cookies. There are  find",False,True,captured
gsm8k_999,gsm8k,0.6B,8,deterministic,42,21.7697,238.04,84.44,256,11.76,810,155,102,0.1914,1.52,False," (Round to the whole number is the percentage: <number>
Okay, let's see. The problem is the percentage: <number>
Okay, let me: <number>
Okay, let me: <number>
Okay, let me: <number>
Okay, let me: <number>
Okay, let's see the percentage: <number>
Okay, let me: <number>
Okay, let's answer: <number>
Okay, let me think:
Okay, let me: <number>
Okay, let's answer: <number>
Okay, let's answer: <number>
Okay, let's answer is the percentage of the watermelon that each adult gets is the percentage: <number>
Okay, let me think:
Okay, let me: 1 (Round to the percentage: <number>
Okay, let's answer is the percentage of the watermelon that each adult percentage: <number>
Okay, let's answer is the percentage of the watermelon that each adult percentage: <number>
Okay, let's answer is the percentage of the watermelon that each adult gets 1 (Round to the whole number)
Okay, let's answer is the percentage of the watermelon that each adult percentage: <number>
Okay, let's answer is",False,True,captured
gsm8k_1004,gsm8k,0.6B,8,deterministic,42,16.9496,238.71,65.53,256,15.1,626,178,79,0.2843,2.25,False," Let's start by finding the number of chocolate bars in each box for each person, we know that Peter has 4 boxes with the same number of chocolate bars in each box. So, the number of chocolate bars in each box for Peter has 1. First, we need to find the difference in the number of chocolate bars per box. First, we need to find out of chocolate bars in each box for Peter has 1. Find the number of chocolate bars in each box for Peter has 64 divided by 4 is 64 divided by the number of chocolate bars in each box. So, the number of chocolate bars in each box for Peter has 1. Find the number of chocolate bars in each box for each box. First, we need to find the difference in the number of chocolate bars per box between the number of chocolate bars in each box for Peter has 1. Find the number of chocolate bars in each box for Peter has 4 boxes. First, we need to find out of 1. Determine how many chocolate bars in each box for Peter has 4 boxes for each person has 64 chocolate bars in each box. So, the number of chocolate bars in each box. First, we need to find out of ",False,True,captured
gsm8k_1005,gsm8k,0.6B,8,deterministic,42,12.7401,237.24,49.03,256,20.09,471,198,59,0.4204,3.36,False, (C) 150 (C) 150 (C) 12) 150 (C) 150 (C) 150 (C) 12) 150 (C) 2) 150 (C) 2) 150 (C) 11) 150 (C) 2) 150 (C) 2) 150 (C) 2) 150 (C) 1) 150 (C) 2) 150 (C) 1) 150 (C) 1) 150 (C) 11) 150 (C) 2) 150 (C) 2) 150 (C) 11) 150 (C) 1) 150 (C) 1) 150 (C) 1) 150 (C) 1) 150 (C) 2) 150 (C) 11) 150 (C,False,True,captured
gsm8k_1007,gsm8k,0.6B,8,deterministic,42,15.647,244.65,60.4,256,16.36,578,183,73,0.3166,2.51,False," 

First, let's break down the problem step by step:

First, let's break down the problem step by step:

1. First, we need to determine the total number of sticks, we need to find the total number of sticks, we need to determine the total number of sticks, we need to find the problem, we need to determine the total number of sticks, we need to find the total number of sticks, we need to find the total number of sticks. 

First, let's break down the information given problem, we need to find the total number of sticks. 

First, let's break down the information given:

First, let's break down the problem step by step:

1. 

First, let's break down the information given:

- 

First, let's break down the information given:

- 

First, let's break down the information given:

- Number of blue sticks: 

First, let's break down the information given:

- Number of blue sticks = 9 red sticks: 

First, we need to find the total number of sticks. 

First, let's break down the information given:

- Number of red sticks = 9 red sticks: 

First, we need to find the total number of sticks. 

First",False,True,captured
gsm8k_1014,gsm8k,0.6B,8,deterministic,42,18.3809,241.07,71.14,256,13.93,677,171,86,0.2526,1.99,False," (Include tax and peaches and pears (Include tax and peaches and pears are $.5 each, apples $.50 are $.50 cents are $.5 each cost $.5 each, apples and apples and kiwis and apples and kiwis and apples are $.5 each, apples and kiwis and apples are $.5 each, apples are $.5 each cost $.5 each, including tax) are $.5 each, apples are $.75 cents are $.5 each, apples and kiwis and apples are taxed at 100 are $.5 each, apples are $.50 are $.5 each, apples and kiwis are $.5 each, apples are $.5 each, apples and kiwis are taxed at 10%)?

Wait, the tax is 10% of $.5 each, apples and apples and kiwis are $.5 each, apples $.50 cents each cost $.5 each, including tax, apples and kiwis are $.5 each, apples are $.5 each cost $.5 each, including tax, apples and kiwis are taxed at 10%)?

Wait, the question is a bit confusing, apples and kiwis are taxed at 10%)?

Wait, the question is $.5 each",False,True,captured
gsm8k_1024,gsm8k,0.6B,8,deterministic,42,16.4346,242.32,63.5,256,15.58,608,179,78,0.2944,2.29,False," 

Step 1: Calculate the total earnings from cookies.
Step 2: Calculate the total amount of cookies.
Step 2 cookies.
Step 2 cookies.
Cookies. cookies.
Cookies. Since she sold 80 cookies at the cookies.
Step 2: Calculate the total amount of cookies.
Cookies. Since she sold 80 cookies at $1 cookies.
Cookies. Since she sold 80 cookies at $1 each.
Step 80 cookies.
Step 2: Calculate the total amount given the cookies.
Cookies. Since she sold cookies.
Step 2: Calculate the total amount given the cookies.
Step 1. cookies.
Cookies. Since she sold 80 cookies at the cookies.
Cookies. Since she sold 80 cookies.
Step 2: Calculate the total amount given the cookies.
Step 2 cookies.
Cookies. Since she sold 80 cookies at the cookies.
Step 2: Calculate the total cookies.
Cookies. Since she sold 80 cookies.
Step 2: Calculate the cookies.
Step 2: Calculate the total amount of cookies.
Cookies. Since she sold 80 cookies.
Step 2: Calculate the total amount given the cookies.
Step 2: Calculate the total cookies.
Cookies.",False,True,captured
gsm8k_1026,gsm8k,0.6B,8,deterministic,42,19.6043,238.33,75.94,256,13.06,726,164,93,0.2259,1.76,False," 

First, we need to calculate the daily ore production for the problem, we need to calculate the daily ore production for one dwarf's the problem, we need to calculate the total ore mined by one dwarf's the problem, let's break down the problem, we need to calculate the total ore mined by  this problem, we need to calculate the total amount of ore mined by one dwarf's the problem, let's break down the problem step by step:

First, we need to determine the daily ore mining problem, we first, we first, we first, we need to determine the daily ore mining problem, we need to calculate the total ore mined by  this problem, we need to determine the daily ore production for one dwarf with the given problem, we need to calculate the total amount of ore mined by one dwarf's the problem, let's break it, we need to calculate the total amount of ore mined by one dwarf's daily ore production for the total ore mining problem, we need to calculate the total amount of ore mined by step by step:

First, we need to determine the daily ore mining problem, we need to calculate the total ore mined by 40 dwarves with steel pickaxes can be careful step by step:

12

First, we",False,True,captured
gsm8k_1049,gsm8k,0.6B,8,deterministic,42,14.7384,237.68,56.87,256,17.37,543,189,68,0.3481,2.78,False," Let's solve this step by step.
Step 1: First, find the total number of books is to find the number 1: First, find the number 1: Find the number of English books: First, find the number of English books. First, find the number of English books. Half of the total number of books is 50.
First, we have 50 books total number 1: Find the number of English books. First, find the number of English books. First, find the number of English books. First, find the number of English books. Half of the total number of books is 50.
First, we need to find the number of English books. Half of the total number of books is 50.
First, we need to find the number of English books. Half of the total number of books is 50: First, find the number of English books. Half of the total number of books is 50.
First, we need to find the number of English books. First, find the number of English books. Half of the total number of books is 50.
First, we need to find the number of English books. Half of the total number of books is 5",False,True,captured
gsm8k_1054,gsm8k,0.6B,8,deterministic,42,20.9591,241.51,81.25,256,12.21,779,158,99,0.2028,1.6,False," 

Final Answer: <number>
Final Answer 

Final Answer: 24800

To calculate the total cost is 24800

To calculate the total cost by: 24800

To calculate the cost is 240

To calculate the cost of the problem is to the total cost is 2400. To calculate the cost of the problem is 2400
Okay, let's value is 2400. 

Final Answer: 2400
Final Answer: 2400

Step 2: 2400
Okay, let me think carefully: 24800

To calculate the cost is $2: 240

To determine the total cost is 2400. 

Wait, I need to be 2: 2400
Okay, let me think carefully: 240

To calculate the cost of the problem is 2400. To calculate the cost of the problem is 2400. To calculate the cost of the problem is 2400

To calculate the cost of the problem is 2400. To calculate",False,True,captured
gsm8k_1056,gsm8k,0.6B,8,deterministic,42,10.7285,240.53,41.13,256,23.86,396,207,50,0.5227,4.14,False," (Assume that the laundry machine can only (Assume that the laundry machine can only run once per week, and that Greg can only run once per week, and that Greg can wash one load at a time. (Assume that the laundry machine can only (Assume that the laundry machine can only (Assume that the laundry machine can only (Assume that the laundry machine can only (Assume that the laundry machine can only (Assume that the laundry machine can only (Assume that the laundry machine can only (Assume that the laundry machine can only (Assume that the laundry machine can only (Assume that the laundry machine can only (Assume that the laundry machine can only (Assume that the laundry machine can only (Assume that the laundry machine can only (Assume that the laundry machine can only (Assume that the laundry machine can only (Assume that the laundry machine can only (Assume that the laundry machine can only (Assume that the laundry machine can only (Assume that the laundry machine can only (Assume that the laundry machine can only (Assume that the laundry machine can only (Assume that the laundry machine can only (Assume that the laundry machine can only (Assume that the",False,True,captured
gsm8k_1068,gsm8k,0.6B,8,deterministic,42,19.8982,240.7,77.09,256,12.87,739,163,94,0.2206,1.73,False," 

Let me try to figure out the number the number the number the steps. Let me figure out how many sub in the number the number of course need to find out the number the number of course need to find out how many sub in the problem. Let me figure out how many meatball sub sandwiches. Let me read the problem again to figure out how many sub in the problem, I need to find out how many meatball sub sandwiches. Sidney ordered 3 less than ten meatball sub in the problem, I need to find out how many meatball sub in the problem, I need to find out how many meatball sub in the problem, I need to figure out how many meatball sub sandwiches Sidney ordered  need to find out how many meatball sub sandwiches. Let me read the problem again to make sure I understand the number the number of course need to find out how many sub in the problem, I need to figure out how many meatball sub sandwiches Sidney ordered  need to find out how many meatball sub sandwiches. Let me read the problem again carefully read the problem again to make sure I understand it's important information given that Sidney ordered 3 less than ten meatball sub sandwiches. Sidney ordered 3 less than ten meatball sub in the",False,True,captured
gsm8k_1069,gsm8k,0.6B,8,deterministic,42,19.5221,244.9,75.6,256,13.11,723,164,92,0.2268,1.78,False," 

Final Answer: <number>
Final Answer 

Final Answer: 3

Final Answer: 300

Step 160

Final Answer: 300

Step-by-step-by-step: 1

Final Answer: 300

Step 1: 3

Final Answer: 300

Step-by-step-by-step:

Final Answer: 300

Step-by-step-by-step:

Step 1: Determine the number of trucks that had mechanical failures. 1

Final Answer: <number>
Okay, let's see. Mr. Hezekiah had 20 trucks initially, 1

Final Answer: 300

Step-by-step-by-step:

Step 1: Determine the number of trucks that had mechanical failures. 1600

Final Answer: 1

Final Answer: 300

Step-by-step-by-step:

Step 1: Determine the total number is 3

Final Answer: <number>
Okay, let's see the total number of tons of fertiliser that reached the total number is 3

Final Answer: <number>
Okay, let me: 3

Final Answer: <number>
Okay, let me: 30",False,True,captured
gsm8k_1070,gsm8k,0.6B,8,deterministic,42,24.1826,242.14,93.88,256,10.59,901,143,113,0.1587,1.27,False,"  (Let me know if you need to check (Let me know if you need to check the question again))

Okay, let's see. So, but I have the promotion details about the promotion details about the promotion details about the promotion.)

Okay, let's see if the promotion details about the promotion.)

Okay, let me on the promotion details about the promotion.)

Okay, let me on the promotion.)

Okay, let me on the promotion.)

Okay, let's see if the promotion.)

Okay, let's see if the promotion applies to the total cost for any of the promotion details about the promotion.)

Okay, let me on the promotion.)

Okay, let's answer)

Okay, let me on the promotion.)

Okay, let's see if the promotion applies to the  the promotion details about the promotion.)

Answer:  the promotion details about the promotion.)

Answer: 2) the promotion.)

Okay, let's answer)

Okay, let's see if the promotion applies to the 6 pounds of butter is not sure about the promotion.)

Okay, let's see if the promotion applies to the 6 pounds of the promotion applies to the total cost for  the promotion.)

Okay, let's see if the promotion applies to the  the promotion.)

Okay, let's",False,True,captured
gsm8k_1071,gsm8k,0.6B,8,deterministic,42,15.3747,241.58,59.35,256,16.65,568,185,72,0.3257,2.57,False," 

First, we need to calculate the total cost, we need to calculate the total cost, we need to determine the total cost, we need to determine the total number of guests, we need to calculate the total cost of the problem, we need to calculate the total cost of the party cost, we need to calculate the total cost of the party cost, we need to calculate the total number of guests: 

First, we need to determine the total number of guests, we need to calculate the total cost, we need to determine the total number of guests, calculate the total number of guests: 

First, we need to determine the total number of guests, calculate the total number of guests:  this problem, we need to determine the total number of guests, calculate the cost, we need to calculate the total number of the problem, we need to calculate the total cost, we need to determine the total number of guests, calculate the cost, we need to calculate the total number of the problem, we need to determine the total number of guests, calculate the problem, we need to determine the total number of guests, calculate the cost, we need to calculate the total number of guests: 

First, we need to determine the total number of the problem, we need",False,True,captured
gsm8k_1072,gsm8k,0.6B,8,deterministic,42,19.5119,240.07,75.58,256,13.12,723,166,91,0.2296,1.82,False," 

First, we need to find out this problem, we need to find out this problem, we need to determine how much money Maggie and find the problem, we need to calculate the amount of money each person's problem, we need to find out this problem, we need to determine how much money Maggie and Riza each person's problem, we need to determine how much money Maggie and Riza each had $ \boxed{1. 

First, we need to find out how much money Maggie and find the total money problems involving fractions, we need to find out how much money Maggie and find the total money they each person's money problems involving fractions, we need to calculate the amount of money each person had $ \frac{1}{4} of her money, we need to find out how much money Maggie and Riza have $ \frac{1}{40

First, we need to find out how much money problems involving fractions, we need to calculate the amount of money each person had initially, we need to determine how much money Maggie and Riza each person's remaining money, we need to calculate the amount of money left, we need to find out how much money Maggie and find the total amount of money left, we need to calculate the amount of",False,True,captured
gsm8k_1075,gsm8k,0.6B,8,deterministic,42,17.8234,240.12,68.95,256,14.36,656,173,83,0.2637,2.08,False," 

Final Answer: <number>
Final Answer 

Final Answer: <number>
Final Answer: 100

Final Answer: <number>
Okay, let's try again: 10

Final Answer: <number>
Final Answer: <number

Final Answer: <number>
Final Answer: <number

Final Answer: 100

Wait, that is 100.

Okay, let's value is 100.

Okay, let me think carefully: 10

Final Answer: <number>
Final Answer: <number

Final Answer: 100

Final Answer: <number>
Final Answer: 100

Final Answer: <number>
Final Answer: <number

Final Answer: <number>
Okay, let me

Final Answer: <number>
Okay, let me

Final Answer: <number>
Final Answer: <number

Final Answer: 100

Final Answer: <number>
Final Answer: <number

Final Answer: 100

Final Answer: <number>
Okay, let me

Final Answer: <number>
Final Answer: 100

Final Answer: 0

Final Answer: <number>
Okay, let's try again

",False,True,captured
gsm8k_1082,gsm8k,0.6B,8,deterministic,42,12.0407,240.87,46.27,256,21.26,444,201,56,0.4527,3.59,False,  (C) 1 hour (C) 1 hour (C) 1. 1 hour (C) 1.5 hours (C) 1 hour (C) 1 hour (D) 1 hour (C) 1 hour (C) 1 hour (D) 1 hour (C) 1 hour (D) 1 hour (C) 1. 1 hour (C) 1 hour (C) 1 hour (D) 1 hour (C) 1 hour (D) 1 hour (C) 1.5 hours (C) 3 hours (C) 1 hour (D) 1 hour (C) 1 hour (D) 1 hour (C) 1. 1 hour (C) 1. 1 hour (C) 1 hour (D) 1 hour (C) 1 hour (D) 1 hour (C) 1. 1 hour (C) 1 hour (D) 1 hour (C) 1 hour (D) 1 hour (C) 1.5 hours (C) 3 hours (D) 1 hour (E) 1 hour,False,True,captured
gsm8k_1089,gsm8k,0.6B,8,deterministic,42,18.3478,242.35,71.0,256,13.95,680,172,85,0.2529,2.02,False," (Assume that the ball is perfectly elastic (Assume that the ball is perfectly elastic. (Assume that the ball is perfectly elastic)

Wait, no, wait, so that is a second bounce. (Assume that the ball is perfectly elastic)

Wait, no, wait, that is, so that is, no, wait, that is, no energy is a second bounce. (Assume that the ball is a second time, so that the first, so that the first, so that the ball. (Assume that the ball is perfectly elastic (Assume that the ball is perfectly elastic)

Wait, no, that is, no, wait, that's note: the first, so that the ball. (Assume that the ball is perfectly elastic. (Assume that the ball is perfectly elastic (Assume that the ball is perfectly elastic)

Wait, no, that's note: this time, but that is, no energy is conserved, so that the ball bounces to 2/3rds of course, so that the ball. (Assume that the ball is perfectly elastic. (Assume that the ball is perfectly elastic. (Assume that the ball is perfectly elastic. (Assume that the ball is perfectly",False,True,captured
gsm8k_1091,gsm8k,0.6B,8,deterministic,42,16.3662,239.39,63.24,256,15.64,605,180,77,0.2975,2.34,False," What is the total amount of money earned by the orchard?

Wait, the question?

Wait, the question is a bag?

Wait, the question seems to be a repetition of the same process of the orchard?

Wait, the question seems to be a repetition. the orchard?

Wait, the question seems to be a repetition. Maybe the orchard?

Wait, the question seems to be a repetition. Maybe the question?

Wait, the question seems to be a repetition. Maybe the question is the orchard?

Let me check the orchard?

Wait, the question is a bag?

Wait, the question is a bit?

Wait, the question seems to be a repetition. Maybe the question is the orchard?

Let me check the orchard?

Wait, the question seems to be a repetition. Maybe the question?

Wait, the question seems to be a repetition. Maybe the question?

Wait, the question is the orchard?

Let me check the question again. the orchard?

Wait, the question seems to be a repetition. Maybe the question is the orchard?

Let me try to sell?

Wait, the question seems to be a repetition. Maybe the question?

Wait, the question seems to be a repetition. Maybe the question is the orchard",False,True,captured
gsm8k_1102,gsm8k,0.6B,8,deterministic,42,20.1722,244.17,78.15,256,12.69,749,162,95,0.2163,1.71,False," 

Final Answer: <number>
Final Answer 

Final Answer: 1

Final Answer: 85.00 - 15. 

Final Answer: <number

Final Answer: 1

Final Answer: 11

Final Answer: <number>
Okay, let's see. Sheila had a

Final Answer: 12: 1

Final Answer: <number>
Okay, let's see the new balance is 10

Final Answer: <number>
Okay, let's see the new balance is 85. 

Final Answer: 1

Final Answer: 12: 11

Final Answer: 110

Final Answer: 10

Final Answer: 12: 1150

Final Answer: 12: 10

Final Answer: 12: 100

Final Answer: <number>
Okay, let's see the new balance is 85.00 - 10

Final Answer: 1250

Final Answer: 120

Final Answer: <number>
Okay, let's see the new balance on the new balance is $1250

Final Answer: <number",False,True,captured
gsm8k_1107,gsm8k,0.6B,8,deterministic,42,12.4762,236.85,48.0,256,20.52,461,199,58,0.4317,3.43,False," Let's say that the school has 1 Let's say that the school has 1 Let's say that the school has 10 students. Let's say that the school has 1 Let's say that the school has 1 Let's say that the school has 1 Let's say that the school has 1 Let's say that the school has 1 Let's say that the school has 1 Let's say that the school has 10 students. Let's say that the school has 10 students. Let's say that the school has 10 students. Let's say that the school has 10 students. Let's say that the school. Let's say that the school has 10 students. Let's say that the school. Let's say that the school has 100000000 students. Let's say that the school has 10 students. Let's say that the school has 10 students. Let's say that the school. Let's say that the school has 100% as the total number of students,00 students. Let's say that the school has 10 students. Let's say that the school. Let's say that the school",False,True,captured
gsm8k_1108,gsm8k,0.6B,8,deterministic,42,19.4453,240.86,75.31,256,13.17,717,167,90,0.2329,1.86,False," 

Final Answer: <number>
Final Answer 

Final Answer: 19 + 26
Okay, let's see. My mom bought a
Okay, let's see the total cost is 19 + 19 + 26 = 19 + 26 = 19 + 26 = 19 + 26 = 19 + 26 = 19 + 26 = 4
Okay, let me think:
Okay, let me. 

Final Answer: 19 + 26
Okay, let me think:
Okay, let me. 

To find the total cost is 19 + 26 - 19 + 19 + 19 + 19 + 2: 19 + 26 = 19 + 26 = 450

Final Answer: 19 + 2: 19 + 26
Okay, let's value is 19 + 26 - 19 + 19 + 2: 19 + 26 = 19 + 2: 19 + 2: 19 + 2",False,True,captured
gsm8k_1110,gsm8k,0.6B,8,deterministic,42,25.5758,241.72,99.35,256,10.01,951,138,119,0.1451,1.16,False," 

Answer: 125 miles per day.>

Okay, let's see. Soledad needs to be sure,number>
Okay, let's see the correct answer here>
Okay, let me think > 

Okay, let me think > 

Okay, let me think > 

Okay, let me think through the correct answer >

Okay, let me think > 

Okay, let's see the correct answer here>
Okay, let'solution>
Okay, let me think > 

Okay, let's see the correct answer here>
Okay, let'solution>
Okay, let'solution>
Okay, let's see the thought process > 

Okay, let me think through the problem step-by-150>
Okay, let me think through the problem step by step,number>
Okay, let's see. Soledadjective>
Okay, let's see the correct answer here>
Okay, let's see the correct answer here>
Okay, let's see the thought process > 

Okay, let's see the correct answer here>
Okay, let's see the thought process > 

Okay, let's see.>

Okay, let's see. Soledad needs to be sure,number>
Okay, let'solution>
Okay, let's see.",False,True,captured
gsm8k_1115,gsm8k,0.6B,8,deterministic,42,23.0406,242.8,89.4,256,11.11,856,146,110,0.1706,1.33,False," 

Final Answer: <number>
Final Answer 

Final Answer: 1

Let me solve this problem. 

Final Answer: 5

Let me solve this problem step by step:

Let me

Let me solve this step by step:

Okay, let's see, let's see the problem step by step:

Let me solve this problem step by step and Explanation: 16

Let me solve this step by step:

Okay, let's see the problem step by step:

Let me solve this step by step:

Okay, let's see the problem step by step.

Okay, let's see the problem step by step.

Okay, let's see the problem step by step.

Anna's value: 16 - 4

Let me solve this step by step.

Okay, let's see the problem step by step.

Okay, let's see. 

Final Answer: 5

Step 16

Let me solve this step by step.

Okay, let's see, let's see the problem step by step:

Let me solve this step by step.

Okay, let's see. Anna had a total spent $2

Let's value: 5

Let me solve this step by step.

First, let's see the problem. 

",False,True,captured
gsm8k_1122,gsm8k,0.6B,8,deterministic,42,18.8873,248.64,73.09,256,13.55,701,169,88,0.2411,1.92,False," 

Let me solve this problem step by step.

First, let me solve the problem step by step and the total number of toys produced by the 1. 

First, I need to find out how many toys per hour.

First, I need to find out how many toys per hour.

First, I need to find out how many toys per hour.

First, I need to find out of the workers produce 1. 

Okay, let's see, we know that there are 5 workers. 2 of them. 

First, I need to find the total number of toys produced by the 400 toys are 1. First, I need to find out how many toys per hour.

First, I need to find out of the workers produce 6 toys per hour.

First, I need to find out how many toys per hour.

First, let me first, we know that there are 5 workers. 2 of them. 

Okay, let me solve the total number of toys produced by the 400 toys are 5 workers are 1. First, I need to find out how many toys are produced in the total number of toys per hour.

First, I need to find out of the workers produce 6 toys",False,True,captured
gsm8k_1128,gsm8k,0.6B,8,deterministic,42,20.4241,238.72,79.16,256,12.53,759,161,96,0.2121,1.68,False," 

Final Answer: <number>
Final Answer 

Final Answer: 10

Final Answer: 10

Let's number is 10

Let's number is 10. 

Okay, let's see the answer is 10.

Okay, let me: 16

Let me solve this step by step. 

Okay, let me: 16

Let's number is 10. 

Okay, let me think carefully: 16

Let's number is 10. So, two years ago, Liam was 16

Let me solve this step by step. 

Okay, let me: 10

Final Answer: 10

Step 16

Let me solve this step by step. 

Okay, let me: 10

Final Answer: 10

Step 1: 10

Final Answer: 10

Step 1: 10

Step 1: 10

Final Answer: 10

Step 1

Let me solve this step by step. 

Okay, let me: 10

Step 1: Determine the answer is 10.

Step 1

Let me solve this step",False,True,captured
gsm8k_1129,gsm8k,0.6B,8,deterministic,42,13.398,242.83,51.59,256,19.11,495,194,63,0.3919,3.08,False," 

Let me think... First, I need to find out how many eggs each person painted. Let me start by setting up equations for each person's how many eggs each person's how many eggs each person's how many eggs each person painted by setting up equations. Let me start by setting up equations. Let me start by setting up equations. Let me start by assigning variables to find out how many eggs each person painted. Let me how many eggs each person painted. Let me start by setting up equations. Let me define variables for each person. Let me start by identifying the variables. Let me assign variables to the number of eggs each person painted. Let's how many eggs each person painted. Let me start by setting up equations. Let me define variables for each person how many eggs each person painted. Let me start by setting up equations. Let me define variables for each person how many eggs each person painted. Let me start by setting up equations. Let me define variables for each person. Let me assign variables. Let me start by assigning variables to the number of eggs each person painted. Let's how many eggs each person painted. Let me start by setting up equations. Let me define variables for each person. Let me assign variables. Let me start by assigning variables",False,True,captured
gsm8k_1132,gsm8k,0.6B,8,deterministic,42,15.5279,238.77,59.96,256,16.49,573,184,73,0.3211,2.52,False," 

Let me think... First, I need to find out how much her brother's find out what is to find out how much her brother's find out how much her brother earns $5000 per month, let me think... First, I need to find out how much her brother's find out how much her brother earns. Since Valerie earns $5000 per month, which is the amount of money. Let me think... First, I need to find out how much her brother's find out how much her brother earns. If Valerie earns $5000 per month. Let me think... First, I need to find out how much her brother earns. Since Valerie's find out how much her brother earns. If Valerie earns $5000 per month, which is the amount her brother's find out how much her brother earns. Since Valerie earns $5000 per month, which is the amount her brother's salary of course. 

Okay, let me to find out how much her brother earns. Since Valerie earns $5000 per month. Let me start by figuring out how much her brother earns. Since Valerie earns $5000 per month, which is the amount her brother's find out how much",False,True,captured
gsm8k_1135,gsm8k,0.6B,8,deterministic,42,11.605,236.22,44.58,256,22.06,428,203,54,0.4743,3.76,False," 

First, calculate the total number of blue birds, we need to calculate the total number of blue birds in all the birds in the trees, we need to calculate the total number of blue birds in all the birds in the trees, we need to calculate the total number of blue birds in the problem, we need to calculate the total number of blue birds in the problem, we need to calculate the total number of blue birds in the problem, we need to calculate the total number of blue birds in the problem, we need to calculate the total number of blue birds in the problem, we need to calculate the total number of blue birds in the problem, we need to calculate the total number of blue birds in the problem, we need to calculate the total number of blue birds in the problem, we need to calculate the total number of blue birds in the problem, we need to calculate the total number of blue birds, we need to calculate the total number of blue birds in the trees, we need to calculate the total number of the problem, we need to calculate the total number of the problem, we need to calculate the total number of blue birds in the trees, we need to calculate the total number of the problem, we need to calculate the total number of blue birds in",False,True,captured
gsm8k_1141,gsm8k,0.6B,8,deterministic,42,17.8615,238.21,69.11,256,14.33,663,174,83,0.2624,2.1,False," (Note: 1 dozen = 1 (Note: 1 dozen = 12 eggs.5 eggs.5 quire. 12 eggs)

Wait, the note says 1 dozen = 1.5 quire of 12 eggs.)

Wait, the note says 1 dozen = 1. 1. 12 eggs)

Wait, the note says 1 dozen = 12 eggs)

Wait, the note says 1 dozen = 12 eggs)

Okay, let's see. The problem is about 1. 12 eggs)

Wait, the note says 1 dozen = 12 eggs)

Wait, the note says 1 dozen = 12 eggs)

Okay, let's)

Wait, the note says 1 dozen = 12 eggs)

Wait, the note says 1 dozen = 12 eggs)

Okay, let's)

Wait, the note says 1 dozen = 12 eggs)

Okay, let's see,2 eggs.5 eggs. Wait, the note says 1 dozen = 12 eggs)

Wait, the note says 1 dozen = 12 eggs)

Okay, let's see,2 eggs)

Wait, the note says 1",False,True,captured
gsm8k_1143,gsm8k,0.6B,8,deterministic,42,14.4745,240.09,55.82,256,17.69,535,189,68,0.3533,2.78,False," A. 100 B.  A. 100000000 C. 300 C. 300 D. 300 C. 300 D. 300

Wait, that's not enough to 300 C. 300 D. 4500 C. 300 C. 300 D. 4500 C. 300 D. 300 C. 300 D. 4500 C. 300 D. 4500 C. 300 D. 300 C. 300 D. 300 C. 300 D. 4500 C. 300 D. 4500 C. 300 D. 300 C. 300 D. 4500 C. 300 D. 300 C. 4500 C. 300 C. 300 D. 4500 C. 30000 C.",False,True,captured
gsm8k_1147,gsm8k,0.6B,8,deterministic,42,22.8624,245.65,88.69,256,11.2,831,152,104,0.1829,1.46,False,"  (Note: She can draw scenes in different sizes)

Okay, so she wants to complete the same day to work on the same day to work on the same day.)

Okay, so she wants to complete the same day.)

Okay, so she wants to complete the project, but she can only on the same day.)

Okay, so she wants to complete the project, but she can only draw on the same day.)

Okay, so she wants to complete the project as long as she doesn't affect her time, but she can only on the same day.)

Okay, so she wants to complete the project as long as she doesn't draw on the same day.)

Okay, so she can work on the same day.)

Okay, so she can work on different sizes on the same day.)

Okay, so she can work on different sizes each day, but she can only draw on the same day.)

Okay, let's sizes on the same day.)

Okay, so she wants to complete the same day.)

Okay, let's say, but she can only draw on the same day.)

Okay, let's say,  on the same day.)

Okay, let's say,  on the same day.)

Okay, let's say, on the same day.)

Okay, let",False,True,captured
gsm8k_1148,gsm8k,0.6B,8,deterministic,42,16.6359,241.21,64.29,256,15.39,617,178,78,0.2885,2.28,False," 

First, we first, first, we first, we first need to find out this problem, first, we need to determine how many eggs each child receives, first, we need to determine how many eggs each child receives  this problem, first, we need to determine how many eggs each child receives, first, we need to determine the problem, first, we need to determine how many eggs each child receives, first, we need to determine the problem, we first, first, we first, we first need to find out how many eggs each child receives, we first need to find out how many eggs each child gets the problem, first, we need to determine how many eggs each child receives, we first need to determine the problem, we first need to determine the problem, we start by determining the problem, we first need to determine the problem, we start by determining the total number of eggs, we first need to determine the total number of eggs, we start by determining the total number of eggs Chatty's problem, we first need to determine the total number of eggs, we start by determining the total number of eggs Chatty's problem, let's first, first, we first, first, we need to find out how many eggs each child gets the",False,True,captured
gsm8k_1150,gsm8k,0.6B,8,deterministic,42,24.7354,241.53,96.05,256,10.35,921,141,116,0.1531,1.22,False," 

First, Patricia's problem, we need to follow these problems like a problem, we need to follow these problems like this problem, we need to follow the problem, we need to follow the steps:

Patricia initially, we need to calculate the problem, we need to follow the steps:

Patricia initially, we start by step by step:

Patricia initially, we start with step by step-by-step:

1. Patricia starts with Patricia's problem, we need to follow these problems like this, we start by step by step:

1. Patricia starts with Patricia's problem, we need to track the number of roses Patricia's problem, we start by step-by-step:

1. Patricia starts with 30- 

First, Patricia's problem, we need to follow these steps:

1. Start by step by step:

1. Patricia starts with Patricia's problem, we need to track the number of roses Patricia's problem, we need to calculate the total roses, we start with the problem, we start by step-by-step:

1. Patricia starts with 30- 

Patricia initially, we start by step-by-step:

1. Patricia starts with Patricia's problem, we need to track the number of roses Patricia's problem, we need to track the",False,True,captured
gsm8k_1154,gsm8k,0.6B,8,deterministic,42,18.1932,260.1,70.33,256,14.07,675,172,85,0.2548,2.02,False," Let's solve this step by step.
Step 1: First, find the problem: First, find out of the problem: First, find out how many carrots Mason eats 1: First, find out how many carrots Mason eats 1: First, find out how many carrots Mason eats 4: First, find out how many carrots Mason eats on weekdays: There are 5 weekdays in the problem: First, find out how many carrots Mason eats 1: Find the total number of weekdays: First, find out how many carrots Mason eats 4: Calculate the total number of carrots Mason eats 1: Find the total number of carrots he eats 1: Find the total number of carrots he eats on weekdays: There are 5 weekdays in a: First, calculate the total number of carrots he eats on weekdays: There are 5 weekdays in a week. First, find out how many carrots Mason eats 4 carrots eaten on weekdays: 4: First, find out how many carrots Mason eats 4: Calculate the total number of carrots Mason eats 4: Calculate the total number of carrots Mason eats 4: Calculate the total number of carrots eaten on weekdays: 4 carrots eaten on weekdays: 4 carrots eaten on weekdays: 4",False,True,captured
gsm8k_1157,gsm8k,0.6B,8,deterministic,42,23.1591,240.47,89.88,256,11.05,861,147,110,0.1707,1.34,False," 

Okay, let's see the answer is 3. 

Okay, let's see the answer is 3.5

Final Answer: 3.5

Step 3

Final Answer: 3

Final Answer: 3

Final Answer: 3

Final Answer: 3

Final Answer: <number

Final Answer: 3

Step 1: 3

Final Answer: 3

Step-by-step: 3

Final Answer: 3

Step 3

Final Answer: <number

Final Answer: <number

Final Answer: <number>
Okay, let's see the answer is 3.5 feet.

Okay, let's see the answer is 3.5 feet.

Okay, let's see the problem step by step:

Final Answer: 3

Final Answer: 3

Step 1: Determine the answer is 3. 

Okay, let's see the answer is 3.5 feet.

Step 1

Final Answer: <number

Final Answer: 3

Final Answer: <number>
Okay, let's see the answer is 3.5 feet. 

Okay, let's see the problem step by step:

Okay, let's see the problem step by",False,True,captured
gsm8k_1163,gsm8k,0.6B,8,deterministic,42,21.715,239.22,84.22,256,11.79,808,155,101,0.1918,1.53,False," 

Let me think... First, I need to figure out how many face mask. Okay, let me to find out how many face mask. Okay, let me to find out how many face mask two times every time he goes out. So, I need to figure out how many face mask. Okay, let me think... 

Okay, let me to find out how many face masks Tyrion changes his face mask two times every time he goes out how many face mask. Okay, let me think... 

Okay, let me think about how many face mask. Okay, let me think about how many face mask two times every time he goes out. So, I need to figure out how many face masks per hour how many face mask. Tyrion changes his face mask two times every time he goes out three times a day. So, each time he goes out, he uses two masks per hour how many face masks per hour how many face masks per day. He changes his face mask two times every time he goes out how many face masks Tyrion changes his face mask two times every time he goes out three times a day. So, each day. Okay, let's find out how many face masks Tyrion changes his face mask two times every time he goes",False,True,captured
gsm8k_1167,gsm8k,0.6B,8,deterministic,42,14.2821,241.64,55.06,256,17.92,528,190,66,0.3598,2.88,False," 

Step 1: 1/5 ofStep 100 is 100 is 100 is 100 is 100 divided by 5 is 100 is 100 is 100 divided by 5, so 1/5 of $100 is $20. So, 100 is 100 divided by 5 is 20. So, 100 is 20. So, 100 is 20. So, 100 is 20. So Sophia's $100 is 100 is 20 is 100 is 100 is 20. So Sophia's $100 is 1000 is 20. So Sophia's $100 is 1000 is 20. So Sophia's $100 is 1000 is 20. So Sophia's $100 is 1000 is 20. So Sophia gave to calculate 100 is 20. So, 100 is 20. So",False,True,captured
gsm8k_1172,gsm8k,0.6B,8,deterministic,42,22.3456,240.22,86.69,256,11.46,830,153,104,0.1843,1.47,False," 

Okay, let's see. Alice counts clouds. Let's number is 3 + 3 + 3 + 63
Okay, let's number is 3 + 3 + 63

Final Answer: 3
Okay, let's number is 3 + 63

Final Answer: 3
Okay, let's number is 3 + 6 + 3 + 6 + 1

Final Answer: 3
Okay, let's see the total is 3 + 6 + 1

Final Answer: 3 + 3
Okay, let's see the total number is 3 + 63
Okay, let's see the problem. Let's number is 3 + 63

Final Answer: <number

Final Answer: 3
Okay, let's see the total is 3 + 6 + 3 + 6 + 12: 3 + 6 + 1

Final Answer: 3 + 3 + 6 + 12: 3 + 63
Okay, let's see. Let's break this is 3 + 6 + 3 + 6 + 1

Final Answer: 3",False,True,captured
gsm8k_1176,gsm8k,0.6B,8,deterministic,42,24.0623,247.02,93.39,256,10.64,899,143,113,0.1591,1.27,False," 

Answer: 3>
Okay, let's try to figure out this problem solution steps >

Okay, let me think>
Okay, let me think>
Okay, let me think>
Okay, let me think>
Okay, let's try to find the number of days before he has to recycle this is the number >

Okay, let me think>
Okay, let me think>
Okay, let'something>
Okay, let's try to find the answer >

Okay, let me think>
Okay, let's try to find the answer here>

Okay, let's try to find the answer here>

Okay, let'something>
Okay, let'something>
Okay, let's try to find the answer step-by-10>
Okay, let's try to find the answer step by the number >

Okay, let's try to find the answer step by step,number>
Okay, let's try to figure out of the chalk is the number >

Okay, let'something>
Okay, let's try to figure out the answer step-by-1>
Okay, let's try to figure out this is the answer here>

Okay, let's try to figure out of the box > 

Okay, let'something>
Okay, let's try to figure out of the box",False,True,captured
gsm8k_1179,gsm8k,0.6B,8,deterministic,42,25.6909,244.31,99.79,256,9.96,957,136,121,0.1421,1.12,False," (Round to the drilled and correct answer: <number>
Okay, let's see. James has 30 teeth. The dentist fixes: <number>
Okay, let me: <number>
Okay, let me: <number>
Okay, let me: <number>
Okay, let me: <number>
Okay, let's see the percentage: <number>
Okay, let me: <number>
Okay, let's see the percentage: <number>
Okay, let's answer: <number>
Okay, let me think:
Okay, let me: <number>
Okay, let's see the percentage: <number>
Okay, let's answer: 1: <number>
Okay, let's answer: 5

First, let me: <number>
Okay, let's see. James' Answer: 1: 1: <number>
Okay, let's answer is the percentage is the percentage: <number>
Okay, let's answer is the percentage of the percentage: <number>
Okay, let's answer is the percentage of the percentage is the percentage is the percentage is the percentage of the percentage is the percentage of teeth fixed teeth fixed: <number>
Okay, let's answer is the percentage of teeth fixed, the percentage is",False,True,captured
gsm8k_1184,gsm8k,0.6B,8,deterministic,42,14.4825,237.52,55.86,256,17.68,536,189,67,0.3526,2.82,False," 

First, we need to calculate the total cost of the coal order cost of the problem, we need to calculate the total cost of the coal cost of the problem, we need to calculate the total cost of the coal cost of the order cost of the order cost of the problem, we need to calculate the total cost of the problem, we need to calculate the total cost of the problem, we need to calculate the total cost of the problem, we need to calculate the total cost of the problem, we need to calculate the total cost of the problem, we need to calculate the total cost of the problem, we need to calculate the total cost of the order, we need to calculate the total cost of the coal cost of the order, we need to calculate the total cost of the coal cost of the order, we need to find the total cost of the coal cost of the order, we need to find the total cost of the coal order cost of the order cost of the order cost of the order, we need to calculate the total cost of the problem, we need to calculate the total cost of the problem, we need to calculate the total cost of the problem, we need to calculate the total cost of the order, we need to calculate the total cost of the",False,True,captured
gsm8k_1188,gsm8k,0.6B,8,deterministic,42,13.6346,245.02,52.51,256,18.78,500,194,63,0.388,3.08,False,  (C) 16 (C) 16 (D) 16 (C) 16 (C) 16 (D) 16 (C) 16 (D) 16 (C) 216 (C) 16 (C) 16 (D) 16 (C) 21 (C) 16 (D) 16 (C) 216 (C) 121 (C) 16 (D) 16 (C) 21 (C) 16 (D) 16 (C) 21 (C) 16 (D) 16 (C) 18 (C) 16 (D) 16 (C) 21 (C) 21 (C) 16 (D) 16 (C) 21 (D) 16 (E (C) 21 (C) 16 (D) 16 (C) 21 (C) 28 (C) 121 (C) 21 (C),False,True,captured
gsm8k_1191,gsm8k,0.6B,8,deterministic,42,15.3223,241.52,59.14,256,16.71,566,185,72,0.3269,2.57,False," 

First, we need to calculate the cost of color cost of the problem, we need to calculate the cost of color cost of color cost of the problem, we need to calculate the total cost, we need to calculate the total cost, we need to calculate the total cost of the hair length of the problem, we need to calculate the total cost of the problem, we need to calculate the total cost of the hair length of hair length of hair length change the problem, we need to calculate the total cost of the problem, we need to calculate the total cost of the problem, we need to calculate the total cost of the problem, we need to calculate the total cost of the problem, we need to calculate the total cost of the problem, we need to calculate the total cost of the problem, we need to calculate the total cost of the problem, we need to calculate the total cost of the problem, we need to calculate the total cost, we need to calculate the total cost of the problem, we need to calculate the total cost of the problem, we need to calculate the total cost of the problem, we need to calculate the total cost of the problem, we need to calculate the total cost of the problem, we need to calculate the total cost, we need",False,True,captured
gsm8k_1193,gsm8k,0.6B,8,deterministic,42,23.6162,240.68,91.67,256,10.84,881,146,111,0.1657,1.32,False," 

Final Answer: <number>
Final Answer 

Final Answer: 1

Final Answer: 3.00 for the total is 1

Final Answer: 1

Final Answer: <number

Final Answer: <number>
Okay, let's see. Jason has to the total amount of the total is 1

Final Answer: <number>
Okay, let's see the total is 1

Final Answer: <number>
Okay, let me

Final Answer: <number>
Okay, let me

Final Answer: <number>
Final Answer: 12: 1

Final Answer: <number>
Okay, let's see the total is 18.5

Final Answer: 12: 15

Final Answer: 15

Final Answer: 15

Step 12: 15

Final Answer: 15

Step 12. To calculate the total earnings for the total is 3.00 for the problem. Let's value is 1

Final Answer: <number>
Okay, let's see the total amount is 3.00 + 3.00 for the problem. Let's break down to the total amount is 3.",False,True,captured
gsm8k_1194,gsm8k,0.6B,8,deterministic,42,19.5487,241.88,75.71,256,13.1,724,165,92,0.2279,1.79,False," 

Final Answer: <number>
Final Answer 

Final Answer: 3000
Okay, let's see. So, 3000
Okay, let me think carefully: 3000
Okay, let me: 3000
Final Answer: 1

Final Answer: 12: 3000
Final Answer: 3000
Final Answer: 3000
Final Answer: 3000

Final Answer: 1

Final Answer: 1200
Okay, let's see the number is 1

Final Answer: <number

Final Answer: 1200
Okay, let me: 1200
Final Answer: 1200
Okay, let's see the number is 1200. 

Final Answer: <number>
Okay, let me: 1200
Final Answer: 1200
Okay, let me: 1200
Final Answer: 1200
Okay, let's see the number is 1200. 

Step 3000
Okay, let's number is 12",False,True,captured
gsm8k_1198,gsm8k,0.6B,8,deterministic,42,14.792,239.38,57.07,256,17.31,547,188,69,0.3437,2.72,False," 

First, let's break down the problem step by step:

Let's break down the problem step by step:

** the problem, we need to calculate the total number of trees planted by Mr. 

First, let's break down the problem step by step:

** the problem, we need to calculate the total number of trees planted by Mr. Julius in two days of the problem, we need to calculate the total number of the problem, we need to calculate the total number of trees planted on the problem, we need to calculate the total number of the problem, we need to calculate the total number of trees planted by Mr. Julius in the first, we need to calculate the total number of trees planted by Mr. Julius over two days of the problem, we need to calculate the total number of trees planted on the first, we need to calculate the total number of trees planted trees, we need to calculate the total number of trees planted on the first day, Mr. Julius's problem, we need to calculate the total number of the problem, we need to calculate the total number of trees planted by Mr. Julius in the first day, Mr. Julius's tree- 

First, let's break down the problem step by step by step:

**Day 1:",False,True,captured
gsm8k_1204,gsm8k,0.6B,8,deterministic,42,20.4361,240.07,79.2,256,12.53,750,161,96,0.2147,1.68,False," 

First, the total shells found 1. 

First, the total number of shells found by Alphas found 40% of the shells found 1. First, the total number of shells is the total shells found by each step by first. 

First, the total number of shells is the total number of shells found by Alphas found 40% of the shells found by first. 

Total number of shells is the total number of shells is the total number of shells is the first. 

First, the total number of shells is the total number of shells is the total number of shells is the first step by first finding the number of shells found by Alphas is the total shells found by each step of the total shells found by each team Alphas found 40% of the shells found by each step of the total number of shells found by Alphas found 40% of the shells found by each team Alphas found 40% of the shells found 1. First, the total number of shells is 1. First, the total number of shells is 700 shells found by each step by first finding the number of shells found by each step by first finding the number of shells found by each step by first",False,True,captured
gsm8k_1210,gsm8k,0.6B,8,deterministic,42,19.7332,239.82,76.44,256,12.97,732,165,92,0.2254,1.79,False," 

Final Answer: <number>
Final Answer 

Final Answer: 10

Final Answer: 2: 2: 28

Final Answer: 288

Final Answer: 288

Final Answer: <number>
Okay, let's see. Jolene and Explanation: 

First, we need to find out how many balloons were thrown balloons. 

To determine the total number of balloons they had initially, they threw 2: 28

Final Answer: 288

Step 10

Final Answer: 288

Step 1: 10
Okay, let me

Final Answer: 288

Step 10

Final Answer: 288

Final Answer: <number>
Okay, let's see the total balloons. 

To determine the total number of balloons they had initially, they threw 28

Final Answer: <number>
Okay, let me

Final Answer: <number>
Okay, let's see the total balloons = 10
Okay, let me

Okay, let me

Final Answer: <number>
Okay, let's see. Jolene and her friends started

Final Answer: <number>
Okay,",False,True,captured
gsm8k_1212,gsm8k,0.6B,8,deterministic,42,20.0339,239.59,77.62,256,12.78,743,164,93,0.2207,1.76,False," 

Let me think... First, I need to find out the capacity of each class capacity of the capacity of each class's the capacity of John's class capacity of each class's the capacity of John's class capacity of each class for each class capacity of each class for John's class capacity of each class for John's class capacity of each class for John's class capacity. The capacity of each class for each class's the capacity of John's class capacity. The capacity of each of the capacity of each class for John's class capacity. Since Ali's class capacity of the capacity of John's class capacity. The capacity of each of the capacity of John's class capacity. Since Ali's class capacity, what the capacity of John's class capacity. Since Ali's class capacity, which numbers of the capacity of John's class capacity. Since Ali's class has the capacity of John's class capacity. Since Ali's class has a few things. The capacity of each of the capacity of John's class capacity. Since Ali's class has a few things. The problem. The capacity of each class capacity of each class for John's class capacity. Since Ali's class has a capacity of 1/ the capacity of John's class capacity. Since Ali's class has a capacity of",False,True,captured
gsm8k_1213,gsm8k,0.6B,8,deterministic,42,26.633,240.06,103.5,256,9.61,990,132,125,0.1333,1.06,False," 

Answer: 12655555>

Okay, let's see. Stephen borrowed $300 + 122222555>

Okay, let'something>
Okay, let me think>
Okay, let me think>
Okay, let me think>
Okay, let me think>
Okay, let me think>
Okay, let's try to find the correct answer here>

Okay, let me think>
Okay, let me think>
Okay, let's see the correct answer >

Okay, let's see the correct answer here>

Okay, let'something>
Okay, let'something>
Okay, let's try to find the answer here>

Okay, let's try to find the answer here>

Okay, let's try to find the answer step-by-122255>

Okay, let's try to find the answer step-by-step explanation here>

Okay, let's try to find the answer step-by-step explanation here >

Okay, let's try to figure out of the money>

Okay, let's try to find the answer here>

Okay, let's see the correct answer here>

Okay, let's try to figure out the total amount in the twelfth month.>

Okay, let's try to",False,True,captured
gsm8k_1214,gsm8k,0.6B,8,deterministic,42,24.8696,241.27,96.58,256,10.29,924,139,117,0.1504,1.19,False," 

Final Answer: <number>
Final Answer 

Final Answer: 5

Step 5

Final Answer: 5

Step-by-step: 5

Final Answer: <number

Final Answer: 5

Step-by- 5

Step 5

Step 1
Okay, let's see. Jordan has 5

Final Answer: 5

Step-by-step: 5
Okay, let me. 5

Step 1
Okay, let me. 2
Okay, let me. Let's break this is 5

Final Answer: 5

Step-by- 5

Step-by-step: 

Final Answer: 5

Step-by-step: 5

Step 1: 5
Okay, let me. Let's break down to the number is 5. 5

Step 1: Determine the total number of diapers per day is 5. 

Final Answer: <number>
Okay, let me think carefully: 5

Step 5

Step 1: 5
Okay, let me think carefully: 5

Step-by-step: 

Final Answer: <number>
Okay, let's number is 5. 

Step 1
Okay, let's number",False,True,captured
gsm8k_1215,gsm8k,0.6B,8,deterministic,42,21.0674,243.13,81.66,256,12.15,786,157,100,0.1997,1.57,False,"  (Note: The answer is the number of red jelly beans, not the percentage of the number of red jelly beans in the jar.  jelly beans, not the number of red jelly beans in the jar is  jelly beans, not the percentage of the actual jelly beans, not the percentage of the actual number of red jelly beans in the jar.  jelly beans, not the percentage.)

Okay, let's see the number of red jelly beans, not the percentage.)

Okay, let's see the number of red jelly beans in the jar.  jelly beans, not the percentage.)

Okay, let's see the number of red jelly beans in the jar.  jelly beans, not the percentage.)

To solve the number of red jelly beans in the jar is 900.  jelly beans, not the percentage.)

Okay, let's see the number of red jelly beans in the jar.  beans, not the percentage.)

To solve the problem is  jelly beans, not the percentage.)

To solve the problem step by step, not the percentage.)

Okay, let's see the number of red jelly beans he was  jelly beans, not the percentage.)

To solve this is 900.  beans, not the percentage.)

To solve this is 9",False,True,captured
gsm8k_1224,gsm8k,0.6B,8,deterministic,42,26.9743,240.05,104.84,256,9.49,1005,130,127,0.1294,1.02,False," Please put your answer in a box.
Final Answer: <number>
Okay, let's see. The problem says that the answer: \boxed{}.

Okay, let me.

To solve this problem, we have to be sure to be sure to be sure to be sure to be sure to be in a

Final Answer: \boxed{}.

Okay, let's see the answer: \boxed{}.

Okay, let's see the answer: \boxed{Answer
Okay, let's see the answer: \boxed{5

Final Answer: \boxed{5}

Okay, let's answer: \boxed{}.

Okay, let's see the answer is the answer: \boxed{5}

Wait, the answer: \boxed{5}

Okay, let me think: \boxed{}.

Okay, let me.

To solve this is the answer is the answer is the answer is \boxed{}.

Okay, let's see the answer is \boxed{}.

Okay, let's see the answer is \boxed{}.

Okay, let's see the problem: \boxed{}.

Okay, let's see the problem: It rained 2 inches on Monday. <number>
Okay, let me.

To solve this problem: \boxed{}.

Okay,",False,True,captured
gsm8k_1234,gsm8k,0.6B,8,deterministic,42,15.0565,238.39,58.11,256,17.0,557,187,70,0.3357,2.67,False," 

Regina wrote 9 novels last year, we need to find the problem, we need to find the problem, we need to determine the problem, we need to determine the total novels Regina's problem, we need to find the total novels Regina's problem, we need to determine the total number of novels Regina's problem, we need to determine the total number of novels Regina has written this problem, we need to determine the total number of novels Regina has written this year, we need to find the total novels Regina wrote  this problem, we need to determine the total number of novels Regina has written this problem, we need to determine the total number of novels Regina has written this problem, we need to determine the total number of novels Regina has written this problem, we need to determine the number of novels Regina has written this year, we need to find the total novels Regina wrote  this problem, we need to determine the number of novels Regina has written this year, we need to find the total number of novels Regina wrote  this problem, we need to determine how many novels Regina has written this year, we need to find the total number of novels Regina's problem, we need to determine the number of novels Regina has written this year, we need to find the total",False,True,captured
gsm8k_1238,gsm8k,0.6B,8,deterministic,42,24.5709,240.37,95.41,256,10.42,914,142,115,0.1554,1.23,False," 

Okay, let's see. Bud spends on making macaroni and cheese in the total cost of cheese is 36

Final Answer: 3652: 365

Final Answer: 1. 

Okay, let's value: 365

Final Answer: 1. Let's value: 1. Let's break down to the total cost per week: 12: 12: 120

Final Answer: 120

Final Answer: 120

Step 36

Final Answer: <number

Final Answer: 120

Step 1. 

Okay, let's see the total cost per week is 120. 

Okay, let's break down to the problem. Let's break down:

Final Answer: 120

Step 1: 120

Step-by-step: 365

Final Answer: <number>
Okay, let's see the total cost per week is 120. 

Step 1: Calculate the total cost per week: 120

Step-by-step: 

Okay, let's break down to the problem is 365

Final Answer:",False,True,captured
gsm8k_1240,gsm8k,0.6B,8,deterministic,42,23.227,244.8,90.13,256,11.02,862,148,109,0.1717,1.36,False," 

Answer: 4>
Okay, let's see. Elly has 4>
Okay, let'something>
Okay, let me think > 

Okay, let me think > 

Okay, let me think > 

Okay, let me think > 

Okay, let's see the number >

Okay, let me think > 

Okay, let's see the number >

Okay, let'something>
Okay, let me think > 

Okay, let's see the number >

Okay, let'something>
Okay, let's see the thought process > 

Okay, let's see the number >

Okay, let's see the thought process > 

Okay, let's see the thought process > 

Okay, let's see the thought process > 

Okay, let's see the thought process and then the number >

Okay, let's see the thought process and then put final answer >

Okay, let's see the thought process and then put final answer here>

Okay, let's see the thought process and then put the number >

Okay, let's see.>

Okay, let's see the number >

Okay, let's see the number here>

Okay, let's see.>

Okay, let's see. Elly needs to be sure,number>
Okay, let's",False,True,captured
gsm8k_1241,gsm8k,0.6B,8,deterministic,42,19.4842,242.91,75.46,256,13.14,723,165,91,0.2282,1.81,False," 

Final Answer: <number>
Final Answer 

Final Answer: <number>
Okay, let's see. Rose bought five dozens of eggs. She bought 1

Final Answer: <number>
Okay, let's see the profit is 1

Final Answer: <number>
Final Answer: 2: 1

Final Answer: <number>
Okay, let me

Final Answer: <number>
Final Answer: <number>
Okay, let me

Final Answer: <number>
Final Answer: <number>
Okay, let's see the profit is 1

Final Answer: 12: 12: 12: 12

Final Answer: <number>
Okay, let me

Final Answer: <number>
Final Answer: 12

Step 12: <number>
Okay, let me

Okay, let me

Final Answer: <number>
Final Answer: 12

Step 1: 12

Step 1

Final Answer: <number>
Final Answer: 2: 12: 12

Final Answer: <number>
Final Answer: 12

Step 1: Calculate the total cost of the profit is 2: 12

Step",False,True,captured
gsm8k_1245,gsm8k,0.6B,8,deterministic,42,15.3548,237.69,59.28,256,16.67,570,185,72,0.3246,2.57,False," 

Let me think... First, I need to find out how many strawberry cubes Mary's the number of strawberry cubes and define variables. Let me define variables. Let me define variables. Let me define the number of strawberry cubes and define variables. Let me define the number of strawberry cubes. Let me define variables. Let me define the number of strawberry cubes. Let me define variables. Let me define the number of strawberry cubes. Let me define variables. Let me define the number of strawberry cubes. Let me define variables. Let me define variables. Let me define the number of strawberry cubes. Let me think... Let me think... Let me define variables. Let me define the number of strawberry cubes. Let me define variables. Let me define variables. Let me define the number of strawberry cubes. Let me define variables for the number of strawberry cubes. Let me define variables. Let me define the number of strawberry cubes. Let me define variables. Let me define variables. Let me define the number of strawberry cubes. Let me define variables for the number of strawberry cubes. Let me call the number of strawberry cubes as a way to find out how many strawberry cubes and define variables for the number of strawberry cubes and define variables for the number of strawberry cubes and define variables for the",False,True,captured
gsm8k_1246,gsm8k,0.6B,8,deterministic,42,13.4216,238.4,51.7,256,19.07,494,195,62,0.3947,3.15,False," 

First, we need to calculate the total number of points, we need to calculate the total number of points, we need to calculate the total number of points, we need to calculate the total number of the problem, we need to calculate the total number of points Ara's total points, we need to calculate the total number of points Ara's total points, we need to calculate the total number of points Ara's total points, we need to calculate the total number of points Ara's total points, we need to calculate the total number of points, we need to calculate the total number of points, we need to calculate the total number of points, we need to calculate the total number of points, we need to calculate the total number of points, we need to calculate the total number of points, we need to calculate the total number of the problem, we need to calculate the total number of points, we need to calculate the total number of points, we need to calculate the total number of the problem, we need to calculate the total number of points Ara's total points, we first, we need to calculate the total number of points, we need to calculate the total number of the problem, we need to calculate the total number of the problem, we need to calculate the",False,True,captured
gsm8k_1251,gsm8k,0.6B,8,deterministic,42,10.4827,242.12,40.16,256,24.42,384,208,48,0.5417,4.33,False,  (C) 15 minutes (C) 15 minutes (C) 15 minutes (D) 15 minutes (C) 15 minutes (C) 15 minutes (D) 15 minutes (C) 15 minutes (C) 15 minutes (D) 15 minutes (C) 15 minutes (D) 15 minutes (C) 15 minutes (C) 15 minutes (C) 15 minutes (D) 15 minutes (C) 15 minutes (D) 15 minutes (C) 15 minutes (C) 15 minutes (D) 15 minutes (C) 15 minutes (C) 15 minutes (D) 15 minutes (C) 15 minutes (D) 15 minutes (C) 2) 15 minutes (C) 15 minutes (D) 15 minutes (C) 2) 15 minutes (C) 15 minutes (D) 15 minutes (C) 2) 15 minutes (C) 2) 15 minutes (C) 2,False,True,captured
gsm8k_1252,gsm8k,0.6B,8,deterministic,42,17.6197,243.02,68.14,256,14.53,651,174,82,0.2673,2.12,False," 

Okay, let's try to figure out this problem. So, Dominick problem. So, the problem. So, the problem. So, the problem. So, the problem says that problem. So, the problem. So, the problem. So, the problem. So Dominick problem. So Dominick problem. So Dominick problem. So Dominick problem. So Dominick problem. So Dominick problem. So Dominick problem. So Dominick problem. So, step by step. So, the problem. So, Dominick problem. So Dominick problem. So Dominick problem. So, the problem. So Dominick problem. So Dominick problem. So, the question. So, Dominick problem. So Dominick problem. So, the question. So Dominick problem. So Dominick problem. So, the question. So Dominick problem. So, the question. So Dominick problem. So, the question says. So, Dominick problem. So Dominick problem. So, the question. So Dominick problem. So, the question says. So Dominick problem. So, the question. So Dominick problem. So, the question says. So Dominick problem. So, the question says. So Domin",False,True,captured
gsm8k_1259,gsm8k,0.6B,8,deterministic,42,24.045,240.5,93.35,256,10.65,887,145,112,0.1635,1.29,False," (June has 30 days)
Okay, let's see. So, step-by-step:
Okay, let's think:
Okay, let's think:
Okay, let's think:
Okay, let's think:
Okay, let's think:
Okay, let's see the question: <number>
Okay, let's think:
Okay, let's think:
Okay, let's see the question: <number>
Okay, let's see the question: <number>
Okay, let's see the question by first, step-by-step:
Okay, let's think: <number>
Okay, let's see the question by first calculating the total number of doughnuts made by first, then the question: <number>
Okay, let's see the question by first calculating the total number of doughnuts made in the question: <number>
Okay, let's see the steps:
Okay, let's think: <number>
Okay, let's see the steps:
Step 1: Determine the total doughnuts per day: <number>
Okay, let's see the steps:
Step 1: Determine the number: <number>
Okay, let's see the steps below:
Okay, let's see the steps below:
Okay, let's see the steps below:
Okay",False,True,captured
gsm8k_1261,gsm8k,0.6B,8,deterministic,42,22.9782,238.5,89.18,256,11.14,856,150,107,0.1752,1.4,False," 

Final Answer: <number>
Final Answer 

Final Answer: 1
Okay, let's see. Alicia needs to the total cost per week: 2: 1
Okay, let me

To solve this step by step:

To solve this is 1
Okay, let me

To solve this problem. 

Final Answer: 170

To solve this problem, we need to calculate the total cost for 1
Okay, let's see the total cost for 1
Okay, let's see the total cost for 5 weeks. 

Okay, let me

To solve this problem, we need to calculate the total cost for 130

To solve this problem, we need to calculate the total cost for each type: 1
Okay, let's see. Alicia's weekly dry-cleaning cost is 5* 

Final Answer: 175 weeks. 

Okay, let's value: 2: 2: 2300

To solve this problem, we need to calculate the total cost for 135 weeks. 135

To solve this problem, we need to calculate the total cost for 135

To solve this problem, we need to calculate",False,True,captured
gsm8k_1273,gsm8k,0.6B,8,deterministic,42,16.3912,240.33,63.34,256,15.62,608,180,76,0.2961,2.37,False," 

Let me think... First, I need to find out how many marbles Dallas has after receiving the total marbles that Dallas's total marbles that Dallas has  how many marbles Dallas's total marbles after the total marbles that Dallas has after the total number of marbles Dallas's total marbles after the marbles Dallas's total marbles after the transaction. So, Dallas's total marbles after the total marbles that Dallas has after receiving the marbles. So, Mazie's total marbles after the total marbles that Dallas has after receiving the marbles. So, Mazie's total marbles after giving how many marbles Dallas's total marbles after the total marbles that Dallas has after receiving from the total number of marbles Dallas's total marbles after the transaction. Wait, let's total marbles that Dallas has  how many marbles Dallas has after receiving the marbles. So, Mazie's total marbles after giving some information about the total marbles that Dallas has after receiving from the problem. So, Mazie's total marbles after giving some to find out how many marbles Dallas's total marbles after the total marbles that Dallas has after receiving from Mazie's total marbles after giving some",False,True,captured
gsm8k_1281,gsm8k,0.6B,8,deterministic,42,16.71,242.54,64.58,256,15.32,619,178,79,0.2876,2.25,False," 

Let me solve this problem step by step.

First, I need to find out how much feed per day, and then the total amount of feed each pig eats 1. First, I need to find out how much feed is 1. First, I need to find out how much feed per day, each pig eats 4 pounds of feed per day, each pig eats 1. First, I need to find out how much feed per day, each pig eats 4 pounds of feed per day, each pig eats 4 pounds of feed twice a day, and then the total amount of feed consumed per day, and then I need to find the total amount of feed consumed by step 1: 

First, I need to find out how much feed per day, each pig eats 4 pounds of feed per day, each pig eats 4 pounds of feed per day, each pig eats 4 pounds of feed twice a. First, I need to find out how much feed per day, each pig eats 4 pounds of feed per day, each pig eats 4 pounds of feed twice a. First, I need to find out how much feed does each pig eat in the total feed per day, and then I need to find the total amount",False,True,captured
gsm8k_1288,gsm8k,0.6B,8,deterministic,42,23.5981,243.48,91.59,256,10.85,878,147,110,0.1674,1.34,False," 

Final Answer: <number>
Final Answer 

Final Answer: 160

Final Answer: 12: 12: 1600

Final Answer: 1684 weeks. 

Okay, let's number is 12: 12600

Final Answer: <number

Final Answer: 160

Final Answer: <number>
Okay, let's see the total time is 15 minutes is 12: 12600
Okay, let's number is 120

Final Answer: <number>
Okay, let's break this is 15 minutes is 120

Final Answer: <number>
Okay, let's break it's number is 1200

Final Answer: 12600
Okay, let's break it down to the total time she spends on meditation and yoga. 

Final Answer: 1600
Final Answer: 16840

Final Answer: 1680

Final Answer: <number>
Okay, let's see the total time she spends on the total time spent on meditation and yoga in minutes. 

Final Answer: 168",False,True,captured
gsm8k_1293,gsm8k,0.6B,8,deterministic,42,22.1506,239.89,85.92,256,11.56,821,153,104,0.1864,1.47,False," (Assume that a week has 7 days.)

Okay, let's see. The company works days.)

Okay, let's.)

Okay, let's say, and that is a day(six days.)

Okay, let's say, and that the company produces the company works days.)

Okay, let's say,  days.)

Okay, let's say,  days.)

Okay, let's say, 7 days.)

Okay, let's say, 7 days.)

Okay, let's say, 7 days.)

Okay, let's see the company works days.)

Okay, let's say, 7 days.)

Okay, and that the company produces the company produces 5000 bars per day.)

Okay, let's say, 7 days.)

Wait, the question: days.)

Okay, let's say, 7 days.)

Okay, let's say, 7 days.)

Okay, let's say, 7 days.)

Okay, let's say, 7 days.)

Okay, and that the company produces the company produces the company works days.)

Okay, let's say, 7 days.)

Okay, and that the company produces the company produces the company produces 5000 bars per day.)

Okay, let's say, ",False,True,captured
gsm8k_1299,gsm8k,0.6B,8,deterministic,42,17.4407,243.34,67.44,256,14.68,647,176,81,0.272,2.17,False," 

First, let's break down the problem step by step:

First, let's break down the problem, we need to calculate the total amount left, we need to calculate the total amount left, we need to calculate the total amount Janet's the problem, we need to calculate the total amount Janet's the problem, we need to calculate the total amount left, we need to calculate the total amount Janet's the problem step by step:

First, let's break down the problem step by step:

1. Calculate the total amount left, we need to calculate the total amount Janet's the problem step by step:

1. Calculate the total amount spent on ice cream, $3.50 + the problem, we need to calculate the total amount Janet's problem, we need to calculate the total amount Janet's problem, we need to calculate the total amount spent, we need to calculate the total amount Janet's problem, we need to calculate the total amount spent, we need to calculate the total amount Janet spent on ice cream: 

First, let's break down the problem step by step:

1. 

First, let's break down the problem step by step:

1. 

First, let's break down the problem step by step by step:

1. Calculate the",False,True,captured
gsm8k_1301,gsm8k,0.6B,8,deterministic,42,19.0987,243.09,73.94,256,13.4,705,168,89,0.2383,1.89,False," 

Okay, let's break down the total number of cookies he has  to calculate the total number of the total number of cookies he has in total number of cookies he has  to calculate the total number of cookies Randy's figure out the total number of cookies Randy's figure out how many cookies. Okay, let's break down the total number of cookies he has  to calculate the total number of cookies Randy's figure out how many cookies he has  to calculate the total number of cookies Randy's figure out how many cookies Randy's figure out how many cookies Randy's figure out how many cookies Randy's figure out how many cookies Randy's total number of cookies he has  to calculate the total number of cookies Randy's total number of cookies he has initially calculate the total number of cookies Randy's figure out how many cookies Randy's total number of cookies he has initially calculate the total number of cookies Randy has to calculate the total number of cookies Randy's figure out how many cookies Randy's figure out how many cookies Randy has to calculate the total number of cookies Randy has to calculate the total number of cookies Randy has initially calculate the total number of cookies Randy has. Okay, let's break down the total number of cookies he has  to calculate the total number of cookies Randy has to",False,True,captured
gsm8k_1308,gsm8k,0.6B,8,deterministic,42,15.7892,240.08,60.98,256,16.21,582,184,73,0.3162,2.52,False," 

First, we first, we start by step by step:

First, we need to find the total number of eggs in both baskets, we first, we start by determining the problem, we first, we need to find the total number of eggs in both baskets, we start by determining the total number of eggs in both baskets, we start by determining the number of eggs in the second basket: 

First, we need to determine the number of eggs in the second basket first, we start by determining the total number of eggs in both baskets, we first need to find the total number of eggs in both baskets, we first, we start by determining the number of eggs in the second basket: 

First, we need to determine the number of eggs in the second basket first, we start by determining the number of eggs in the second basket, we first determine the number of eggs in the second basket first, we start by determining the number of eggs in the problem, we need to find the total number of eggs in both baskets, we start by determining the number of eggs in the problem, we need to determine the number of eggs in the second basket first, we start by determining the number of eggs in the problem, we need to determine the number of eggs in the",False,True,captured
mmlu_abstract_algebra_0,mmlu,0.6B,8,deterministic,42,1.2586,239.83,32.86,32,25.43,40,28,5,0.7,5.6,False," The answer is D. 6
Okay The answer is D. 6
Okay, let's see. I need to find the degree of the field",False,True,captured
mmlu_abstract_algebra_1,mmlu,0.6B,8,deterministic,42,2.4359,242.31,70.76,32,13.14,83,20,13,0.241,1.54,False, The index of the subgroup generated by p in S_5 is the symmetric group S_5 is the symmetric group S_5 is the order to S_,False,True,captured
mmlu_abstract_algebra_2,mmlu,0.6B,8,deterministic,42,3.1517,239.73,93.93,32,10.15,111,19,14,0.1712,1.36,False," C. 0,1

So I need to find all zeros in Z_5 be the polynomial be the polynomial f(x) = x^5 +",False,True,captured
mmlu_abstract_algebra_3,mmlu,0.6B,8,deterministic,42,4.9444,246.83,151.53,32,6.47,176,9,23,0.0511,0.39,False, D. The question D. The question D. So the answer step by analyzing the two statements. The question D. So the question D. So the question,False,True,captured
mmlu_abstract_algebra_4,mmlu,0.6B,8,deterministic,42,3.3938,242.32,101.66,32,9.43,118,16,17,0.1356,0.94,False," C

Wait, the problem is supposed to find the product of the polynomials f(x) is supposed to find the product of the problem is supposed to find",False,True,captured
mmlu_abstract_algebra_5,mmlu,0.6B,8,deterministic,42,4.1327,241.29,125.53,32,7.74,147,13,20,0.0884,0.65,False," C. So the answer. So the question. So the question. So the question. So, so the problem. So the answer. So the question.",False,True,captured
mmlu_abstract_algebra_6,mmlu,0.6B,8,deterministic,42,4.6772,237.72,143.21,32,6.84,167,10,23,0.0599,0.43,False, A. The question. The question. The question is this out the answer A. So the question. The question. The question. The question. So the,False,True,captured
mmlu_abstract_algebra_7,mmlu,0.6B,8,deterministic,42,3.9672,244.64,120.08,32,8.07,140,13,19,0.0929,0.68,False," C. So, the question by analyzing each statement one step by analyzing each statement one by analyzing each statement one by one.

First, I have to check the",False,True,captured
mmlu_abstract_algebra_8,mmlu,0.6B,8,deterministic,42,2.6578,239.84,78.0,32,12.04,93,21,12,0.2258,1.75,False, B. The degree of the field extension Q(sqrt(2) + sqrt(3)) over Q. The question: the degree of the field extension Q(sqrt,False,True,captured
mmlu_abstract_algebra_9,mmlu,0.6B,8,deterministic,42,2.4123,247.99,69.82,32,13.27,81,20,13,0.2469,1.54,False," A

I need to find all zeros of the polynomial x³ + 2x + 2 in Z_7 is the answer. So the problem is",False,True,captured
mmlu_abstract_algebra_10,mmlu,0.6B,8,deterministic,42,3.3887,244.75,101.42,32,9.44,118,16,17,0.1356,0.94,False," A, let's statements 1 and 2, let's analyze each statement, let's analyze each statement, let's analyze each statement carefully, let's",False,True,captured
mmlu_abstract_algebra_11,mmlu,0.6B,8,deterministic,42,3.9046,240.18,118.21,32,8.2,137,14,19,0.1022,0.74,False," C

Wait, I need to analyze the set A = {1, 2,  me think through the process this be the set A = {1",False,True,captured
mmlu_abstract_algebra_12,mmlu,0.6B,8,deterministic,42,3.2314,240.89,96.47,32,9.9,112,17,16,0.1518,1.06,False, B. The question. The question. The question. So the order of the factor group (Z_11 x Z_15. The question.,False,True,captured
mmlu_abstract_algebra_13,mmlu,0.6B,8,deterministic,42,2.8128,248.46,82.72,32,11.38,97,18,14,0.1856,1.29,False, B. The polynomial x³ + 2x² + 2x^3 + 2x² + 2x + 2x^3,False,True,captured
mmlu_abstract_algebra_14,mmlu,0.6B,8,deterministic,42,3.0157,237.41,89.62,32,10.61,105,18,15,0.1714,1.2,False, The maximum possible order for an element of S_n is the maximum possible order for n is the least common multiple (symmetric group S_n is the least common,False,True,captured
mmlu_abstract_algebra_15,mmlu,0.6B,8,deterministic,42,4.4054,239.92,134.37,32,7.26,156,11,21,0.0705,0.52,False, A. The question. The question. The question has to answer A. The question. So the question. The question. So the question. So the question,False,True,captured
mmlu_abstract_algebra_16,mmlu,0.6B,8,deterministic,42,1.7444,243.91,48.4,32,18.34,57,24,8,0.4211,3.0,False," The inverse of -i in the multiplicative group {1, -1, i, -i group {1, -1, i, -i group",False,True,captured
mmlu_abstract_algebra_17,mmlu,0.6B,8,deterministic,42,2.0791,241.97,59.26,32,15.39,71,23,9,0.3239,2.56,False," To compute the product of two elements in the ring Z_5 x Z_9, we perform component-wise product ring Z_5 x Z_9 ring",False,True,captured
mmlu_abstract_algebra_18,mmlu,0.6B,8,deterministic,42,2.6938,247.62,78.91,32,11.88,93,21,12,0.2258,1.75,False," D. Let's the statement about the set of all real numbers under the usual multiplication operation is not a group, we need to analyze the properties of a group",False,True,captured
mmlu_abstract_algebra_19,mmlu,0.6B,8,deterministic,42,3.5372,243.86,106.24,32,9.05,125,16,17,0.128,0.94,False," A. So, I need to check each statement one by one. So, I need to check both statements. 

First, I need to check both statements",False,True,captured
mmlu_abstract_algebra_20,mmlu,0.6B,8,deterministic,42,4.7322,241.41,144.87,32,6.76,168,10,23,0.0595,0.43,False, A. The problem A. The problem A. So the answer. The problem A. So the question. The question. The question. So the question.,False,True,captured
mmlu_abstract_algebra_21,mmlu,0.6B,8,deterministic,42,3.3556,242.06,100.44,32,9.54,117,16,16,0.1368,1.0,False," A

Wait, the problem is the problem is to find the sum of the polynomials in Z_8[x] need to find the sum of the problem",False,True,captured
mmlu_abstract_algebra_22,mmlu,0.6B,8,deterministic,42,3.1894,245.27,94.97,32,10.03,111,17,16,0.1532,1.06,False," A. Let me think about these statements one by one. Let me think about these statements one by one.

First, I need to check each statement one by",False,True,captured
mmlu_abstract_algebra_23,mmlu,0.6B,8,deterministic,42,2.5543,237.08,74.75,32,12.53,88,21,11,0.2386,1.91,False," D. abelian group

The set of all nth roots of unity under multiplication of the set of all the set of all nth roots of unity under multiplication form",False,True,captured
mmlu_abstract_algebra_24,mmlu,0.6B,8,deterministic,42,3.5037,243.75,105.16,32,9.13,119,18,15,0.1513,1.2,False," A A A A
Answer: A
Answer: True, A A A
Answer: A
Answer: A
Answer: A
Answer: A",False,True,captured
mmlu_abstract_algebra_25,mmlu,0.6B,8,deterministic,42,1.8878,243.42,53.05,32,16.95,63,25,8,0.3968,3.12,False," C
Answer: C C
Answer: C C C
Answer: C
Answer: C
Answer: C
Answer: C
Answer: C",False,True,captured
mmlu_abstract_algebra_26,mmlu,0.6B,8,deterministic,42,4.5631,247.29,139.22,32,7.01,162,9,23,0.0556,0.39,False, C. The question. The question. The question is this out the answer C. So the question. The question. The question is about these statements  out,False,True,captured
mmlu_abstract_algebra_27,mmlu,0.6B,8,deterministic,42,3.5808,243.28,107.66,32,8.94,127,17,16,0.1339,1.06,False," B

The question is about the question is the question is about the question is about determining whether the polynomial 8x³ + 6x² - ",False,True,captured
mmlu_abstract_algebra_28,mmlu,0.6B,8,deterministic,42,3.79,240.25,114.51,32,8.44,134,14,18,0.1045,0.78,False," D. Let me think through this step through this step through this step through this problem. Let me think through this step by the statements one by one. 

",False,True,captured
mmlu_abstract_algebra_29,mmlu,0.6B,8,deterministic,42,3.6917,243.46,111.23,32,8.67,129,15,18,0.1163,0.83,False," A. So, I need to check each statement one by one. So, I need to check both statements. 

First, I need to check both statements",False,True,captured
mmlu_abstract_algebra_30,mmlu,0.6B,8,deterministic,42,3.9122,241.57,118.41,32,8.18,139,13,19,0.0935,0.68,False," A. So the answer. So the question. So the question. So the question. So, so the question. So, there. So the answer.",False,True,captured
mmlu_abstract_algebra_31,mmlu,0.6B,8,deterministic,42,3.4039,252.12,101.67,32,9.4,120,17,15,0.1417,1.13,False," B

Question is a
Question is a group (G, .) is a group (G, .) is a group (G, .) where",False,True,captured
mmlu_abstract_algebra_32,mmlu,0.6B,8,deterministic,42,3.938,246.06,119.1,32,8.13,139,13,19,0.0935,0.68,False," A. So, I need to check each statement one by one. So, I need to check both statements and the two statements one by one. 

First",False,True,captured
mmlu_abstract_algebra_33,mmlu,0.6B,8,deterministic,42,3.8387,242.72,116.0,32,8.34,136,14,18,0.1029,0.78,False," C

Question is abelian group (G, 0) is answ question is abelian, the question is about the question is abelian, so",False,True,captured
mmlu_abstract_algebra_34,mmlu,0.6B,8,deterministic,42,4.9609,244.83,152.13,32,6.45,177,8,24,0.0452,0.33,False," C

The answer: 

But wait, but why is that the answer: 

But wait, but I need to check the answer: 

Let me explain",False,True,captured
mmlu_abstract_algebra_35,mmlu,0.6B,8,deterministic,42,2.5211,242.44,73.5,32,12.69,87,21,12,0.2414,1.75,False," B. The degree of the field extension Q(sqrt(2), sqrt(2, the degree of the field extension Q(sqrt(2), the degree of the",False,True,captured
mmlu_abstract_algebra_36,mmlu,0.6B,8,deterministic,42,3.6558,242.94,110.09,32,8.75,128,14,18,0.1094,0.78,False," The product is 22

Step-by-2222

Step-by-Step-by multiplying 20 and -8 gives the product of the",False,True,captured
mmlu_abstract_algebra_37,mmlu,0.6B,8,deterministic,42,2.2693,240.36,65.45,32,14.1,76,22,11,0.2895,2.0,False, D. The polynomial x^2 - 12 does not satisfy the polynomial x^2 - 12 does not satisfy the polynomial x^2 -,False,True,captured
mmlu_abstract_algebra_38,mmlu,0.6B,8,deterministic,42,3.3036,242.39,98.75,32,9.69,115,15,17,0.1304,0.88,False," B. The generator for the finite field Z_7, for the generator for the finite field Z_7. The question about the generator for the generator for",False,True,captured
mmlu_abstract_algebra_39,mmlu,0.6B,8,deterministic,42,3.8022,239.75,114.92,32,8.42,134,14,19,0.1045,0.74,False," D. So, the first understand the two statements. So, the first statement is the two statements. 

First, I need to figure out the two statements",False,True,captured
mmlu_abstract_algebra_40,mmlu,0.6B,8,deterministic,42,4.293,239.99,130.74,32,7.45,152,12,21,0.0789,0.57,False," C

Question is a*b is a group. The problem is about the problem is a*b is a group. The question is about the problem is about the",False,True,captured
mmlu_abstract_algebra_41,mmlu,0.6B,8,deterministic,42,2.6813,240.6,78.73,32,11.93,93,21,12,0.2258,1.75,False, B. The characteristic of the ring Z_3 x  the characteristic of the characteristic of the ring Z_3 x  the characteristic of the ring Z_,False,True,captured
mmlu_abstract_algebra_42,mmlu,0.6B,8,deterministic,42,4.1793,241.97,127.01,32,7.66,148,13,20,0.0878,0.65,False," C. So the answer step by analyzing the two statements. So the question C. So the question C. So the question C. So, so the answer",False,True,captured
mmlu_abstract_algebra_43,mmlu,0.6B,8,deterministic,42,4.4747,240.93,136.57,32,7.15,159,12,21,0.0755,0.57,False, C. The question. The question. The question is this out the answer C. So the question. The question. The question is about these two statements.,False,True,captured
mmlu_abstract_algebra_44,mmlu,0.6B,8,deterministic,42,3.7049,243.48,111.66,32,8.64,131,14,18,0.1069,0.78,False," C. So the answer. So the question. So the question. So, so the question. So, so the question. So, we have two statements",False,True,captured
mmlu_abstract_algebra_45,mmlu,0.6B,8,deterministic,42,3.5347,243.75,106.16,32,9.05,125,17,16,0.136,1.06,False," C. So, the question. So, the question. So, the question is about group theory. So, the question. So, the question is about",False,True,captured
mmlu_abstract_algebra_46,mmlu,0.6B,8,deterministic,42,3.915,240.94,118.52,32,8.17,138,14,19,0.1014,0.74,False," C. So, the question by analyzing each statement one step by analyzing each statement one by analyzing each statement one by one. So, the question by analyzing each",False,True,captured
mmlu_abstract_algebra_47,mmlu,0.6B,8,deterministic,42,2.7065,240.84,79.54,32,11.82,93,20,13,0.2151,1.54,False," The correct answer is C. 1.
 The correct answer: 

The polynomial x^3 + x^2 + c is the polynomial x^3 +",False,True,captured
mmlu_abstract_algebra_48,mmlu,0.6B,8,deterministic,42,1.7931,243.45,49.99,32,17.85,59,23,10,0.3898,2.3,False," A. True, True
Answer:
A

. True, True
The correct answer is A. True, True. True, True
The correct answer",False,True,captured
mmlu_abstract_algebra_49,mmlu,0.6B,8,deterministic,42,3.5917,241.74,108.06,32,8.91,127,15,17,0.1181,0.88,False, The maximum order of the maximum order of an element of the maximum order of an element in the maximum order of an element in the direct product of cyclic groups have,False,True,captured
mmlu_abstract_algebra_50,mmlu,0.6B,8,deterministic,42,3.6387,240.04,109.63,32,8.79,127,14,19,0.1102,0.74,False," D. False, True

Let's correctness of the statements about the two statements about the two statements about the two statements, let's analyze the truth values of",False,True,captured
mmlu_abstract_algebra_51,mmlu,0.6B,8,deterministic,42,2.6116,240.18,76.5,32,12.25,90,21,12,0.2333,1.75,False," The correct answer is C. 1
 The correct answer: 

The polynomial x^3 + cx^2 +  The correct answer is C. ",False,True,captured
mmlu_abstract_algebra_52,mmlu,0.6B,8,deterministic,42,1.4404,242.59,38.64,32,22.22,47,27,6,0.5745,4.5,False," A
Answer: A
Answer: A
Answer: B
Answer: A
Answer: A
Answer: B
Answer: A
Answer:",False,True,captured
mmlu_abstract_algebra_53,mmlu,0.6B,8,deterministic,42,4.0896,244.22,124.04,32,7.82,145,12,20,0.0828,0.6,False," C. The answer. The question C. The question C. So the answer step by analyzing the two statements. First, I need to check the answer C",False,True,captured
mmlu_abstract_algebra_54,mmlu,0.6B,8,deterministic,42,2.6217,238.2,76.89,32,12.21,91,20,13,0.2198,1.54,False, B. The degree of the field extension Q(sqrt(2. The degree of the degree of the field extension Q(sqrt(2) the degree of the field,False,True,captured
mmlu_abstract_algebra_55,mmlu,0.6B,8,deterministic,42,2.32,245.64,66.91,32,13.79,80,23,10,0.2875,2.3,False," A. True, True

Answer: A. True, True

Answer: True, True, True, True

Answer: A. True, True

",False,True,captured
mmlu_abstract_algebra_56,mmlu,0.6B,8,deterministic,42,3.2493,244.71,96.92,32,9.85,113,17,16,0.1504,1.06,False," C. So, the question. So, the question. So, the question. So, the question is about irreducibility over different. So, the",False,True,captured
mmlu_abstract_algebra_57,mmlu,0.6B,8,deterministic,42,3.0165,242.54,89.48,32,10.61,105,18,15,0.1714,1.2,False," B. The generator for the finite field Z_11, for the generator for the finite field Z_11. The question about the generator for the",False,True,captured
mmlu_abstract_algebra_58,mmlu,0.6B,8,deterministic,42,3.3535,244.35,100.3,32,9.54,117,17,16,0.1453,1.06,False," D. So, I need to check the two statements one by one. So, I need to check the statements one by one. 

First, I need",False,True,captured
mmlu_abstract_algebra_59,mmlu,0.6B,8,deterministic,42,3.8413,243.18,116.07,32,8.33,135,15,18,0.1111,0.83,False," A

** statements one by one. 

First, one by one ations one by one. 

Starting with Statement 1: ""statements one by one",False,True,captured
mmlu_abstract_algebra_60,mmlu,0.6B,8,deterministic,42,3.6551,242.8,110.07,32,8.75,128,15,18,0.1172,0.83,False," A. Let me think about the two statements and the two statements one by one. Let me think about these statements one by one. 

First, I need",False,True,captured
mmlu_abstract_algebra_61,mmlu,0.6B,8,deterministic,42,3.8459,239.97,116.32,32,8.32,135,14,19,0.1037,0.74,False," A. So, we have two statements. So, we have two statements. So, the step by analyzing each statement one step by analyzing each statement carefully.",False,True,captured
mmlu_abstract_algebra_62,mmlu,0.6B,8,deterministic,42,3.7826,240.68,114.25,32,8.46,134,13,19,0.097,0.68,False," C. So the answer. So the question. So the question. So the question. So, so the answer is C. Let's out the answer.",False,True,captured
mmlu_abstract_algebra_63,mmlu,0.6B,8,deterministic,42,2.1929,240.88,62.97,32,14.59,75,22,10,0.2933,2.2,False," A A A A
Answer: A
Answer: A
Answer: A
Answer: not anti-symmetric
Answer: A
Answer: A
",False,True,captured
mmlu_abstract_algebra_64,mmlu,0.6B,8,deterministic,42,2.5871,238.66,75.76,32,12.37,89,21,12,0.236,1.75,False, B. The question: How many homomorphisms are there from the number of homomorphisms from the number of homomorphisms from the number,False,True,captured
mmlu_abstract_algebra_65,mmlu,0.6B,8,deterministic,42,4.7243,240.63,144.64,32,6.77,169,8,24,0.0473,0.33,False," C. So the right now. So the question. So the question. So, which is about fields and rings. So the right now. The question.",False,True,captured
mmlu_abstract_algebra_66,mmlu,0.6B,8,deterministic,42,2.6319,255.8,76.65,32,12.16,90,21,12,0.2333,1.75,False," A. True, True

Wait, I need to check both statements one by one. 

First, I need to check both statements one by one. 

",False,True,captured
mmlu_abstract_algebra_67,mmlu,0.6B,8,deterministic,42,1.5115,240.43,41.0,32,21.17,49,25,7,0.5102,3.57,False," The correct answer is D.
Answer:
To The correct answer is D.
Answer:
To determine which condition for a subset H of a group (G, the",False,True,captured
mmlu_abstract_algebra_68,mmlu,0.6B,8,deterministic,42,2.9781,241.95,88.26,32,10.74,102,17,16,0.1667,1.06,False," A $x^4 + 4$ in $x^4 + 4$ in $ \boxed{A}$

To factorization.

The polynomial",False,True,captured
mmlu_abstract_algebra_69,mmlu,0.6B,8,deterministic,42,2.3443,241.93,67.82,32,13.65,80,23,10,0.2875,2.3,False," A. True, True

Answer: A. True, True

Answer: True, True, True, True

Answer: A. True, True

",False,True,captured
mmlu_abstract_algebra_70,mmlu,0.6B,8,deterministic,42,3.8709,243.71,117.01,32,8.27,135,14,19,0.1037,0.74,False, C. So we need to find the inverse of an inverse of a in this out the inverse of a in this out the inverse of an inverse element. So,False,True,captured
mmlu_abstract_algebra_71,mmlu,0.6B,8,deterministic,42,4.3374,241.22,132.14,32,7.38,155,13,20,0.0839,0.65,False," B

Question is the question is the question is the question is asking is the question is the degree of the field extension Q(sqrt(2)*sqrt(3",False,True,captured
mmlu_abstract_algebra_72,mmlu,0.6B,8,deterministic,42,4.6534,244.31,142.23,32,6.88,165,11,22,0.0667,0.5,False," A

Question is asking is asking is asking is asking for the remainder when I need to find the problem is asking is asking for the remainder when I need to",False,True,captured
mmlu_abstract_algebra_73,mmlu,0.6B,8,deterministic,42,2.6477,239.19,77.69,32,12.09,91,21,12,0.2308,1.75,False, B. The characteristic of the ring Z_3 x Z_3 x such a ring Z_3 x Z_3. The characteristic of the ring Z,False,True,captured
mmlu_abstract_algebra_74,mmlu,0.6B,8,deterministic,42,3.8043,242.25,114.91,32,8.41,134,14,18,0.1045,0.78,False," A. So, the question by analyzing each statement one step by analyzing each statement one by analyzing each statement one by one. 

First, I need to determine",False,True,captured
mmlu_abstract_algebra_75,mmlu,0.6B,8,deterministic,42,3.462,240.91,103.91,32,9.24,122,17,16,0.1393,1.06,False," C. So, we have here. So, we have here. The question. So, we have two statements. So, we have two statements. So",False,True,captured
mmlu_abstract_algebra_76,mmlu,0.6B,8,deterministic,42,4.6095,244.01,140.82,32,6.94,165,10,22,0.0606,0.45,False, C. The question. The question. The question is this out the answer C. So the question. The question. The question. The question is this question,False,True,captured
mmlu_abstract_algebra_77,mmlu,0.6B,8,deterministic,42,3.493,241.76,104.88,32,9.16,123,15,17,0.122,0.88,False, The characteristic of a positive integer n if the smallest positive integer n if the ring has to be determined by the least positive integer n such that n*(A.,False,True,captured
mmlu_abstract_algebra_78,mmlu,0.6B,8,deterministic,42,3.9386,240.44,119.3,32,8.12,140,13,19,0.0929,0.68,False," D. So, the question by analyzing each statement one step by analyzing each statement one by analyzing each statement one by one.

First, I have to check two",False,True,captured
mmlu_abstract_algebra_79,mmlu,0.6B,8,deterministic,42,4.7289,241.04,144.77,32,6.77,168,10,23,0.0595,0.43,False, A. The problem A. The problem A. So the answer. The problem A. So the question. The question. The question. So the question.,False,True,captured
mmlu_abstract_algebra_80,mmlu,0.6B,8,deterministic,42,3.8732,239.95,117.2,32,8.26,136,13,19,0.0956,0.68,False," C. So, the question by analyzing each statement one step by analyzing each statement one by analyzing each statement one by one. 

First, I have to determine",False,True,captured
mmlu_abstract_algebra_81,mmlu,0.6B,8,deterministic,42,4.4718,238.71,136.55,32,7.16,159,11,22,0.0692,0.5,False, A. The question. The question. The question is this out the answer A. The question. The question is about these statements  out the answer. The,False,True,captured
mmlu_abstract_algebra_82,mmlu,0.6B,8,deterministic,42,2.8802,244.67,85.02,32,11.11,101,20,13,0.198,1.54,False," A. True, True

Answer: A. True, True

The first, True, True, True, True

Answer: A. True, True",False,True,captured
mmlu_abstract_algebra_83,mmlu,0.6B,8,deterministic,42,3.9255,246.27,118.69,32,8.15,138,14,19,0.1014,0.74,False," C. So, the question by analyzing each statement one step by analyzing each statement one by analyzing each statement one by one.

First, I need to determine the",False,True,captured
mmlu_abstract_algebra_84,mmlu,0.6B,8,deterministic,42,3.7189,244.0,112.09,32,8.6,131,14,18,0.1069,0.78,False," C. So the answer. So the question. So the question. So, so the question. So, so the question. So, we have two statements",False,True,captured
mmlu_abstract_algebra_85,mmlu,0.6B,8,deterministic,42,3.9606,242.23,119.95,32,8.08,140,13,19,0.0929,0.68,False," C. So, the question by analyzing each statement one step by analyzing each statement one by analyzing each statement one by one.

First, I have to check both",False,True,captured
mmlu_abstract_algebra_86,mmlu,0.6B,8,deterministic,42,4.023,246.03,121.84,32,7.95,141,13,20,0.0922,0.65,False," A. So, the question by analyzing each statement one step by analyzing each statement one by analyzing each statement one by one.

First, I have to determine the",False,True,captured
mmlu_abstract_algebra_87,mmlu,0.6B,8,deterministic,42,4.4468,242.89,135.61,32,7.2,158,10,22,0.0633,0.45,False," A

The problem is about linear transformation T is the problem is the problem is about a linear transformation T from the problem is about linear transformation T from the problem",False,True,captured
mmlu_abstract_algebra_88,mmlu,0.6B,8,deterministic,42,5.091,239.91,156.49,32,6.29,182,7,25,0.0385,0.28,False," A

Question is the question is the question is the question is the problem is the question is the problem is to compute the product of the question is the problem",False,True,captured
mmlu_abstract_algebra_89,mmlu,0.6B,8,deterministic,42,3.659,239.87,110.29,32,8.75,129,14,18,0.1085,0.78,False," C. So, the question. So, the question. So, the question is about permutations and functions. So, the right now. So, the question",False,True,captured
mmlu_abstract_algebra_90,mmlu,0.6B,8,deterministic,42,3.342,243.93,99.94,32,9.58,117,17,16,0.1453,1.06,False," A. So, I need to check each statement one by one. So, I need to check both statements. 

First, I need to check both statements",False,True,captured
mmlu_abstract_algebra_91,mmlu,0.6B,8,deterministic,42,2.9763,240.86,88.24,32,10.75,103,18,15,0.1748,1.2,False," B. 4Z, 2 + 4Z

Wait, the answer: 4Z

Wait, the answer: 4Z

Wait",False,True,captured
mmlu_abstract_algebra_92,mmlu,0.6B,8,deterministic,42,4.4273,237.85,135.14,32,7.23,158,11,21,0.0696,0.52,False, D. The question by analyzing each option one step by analyzing each option one by analyzing each option step by step. The question by analyzing each option one by analyzing,False,True,captured
mmlu_abstract_algebra_93,mmlu,0.6B,8,deterministic,42,3.0128,243.54,89.33,32,10.62,105,18,15,0.1714,1.2,False, The maximum possible order for an element of S_n is the maximum possible order for n is the least common multiple (symmetric group S_n is the least common,False,True,captured
mmlu_abstract_algebra_94,mmlu,0.6B,8,deterministic,42,4.2718,240.65,130.04,32,7.49,153,12,20,0.0784,0.6,False," D. So, the question by analyzing each statement one step by analyzing each statement one by analyzing each statement carefully. So, the question by analyzing each statement carefully",False,True,captured
mmlu_abstract_algebra_95,mmlu,0.6B,8,deterministic,42,3.7324,245.58,112.48,32,8.57,131,13,19,0.0992,0.68,False," A. So the answer. So the question. So the question. So the question. So, the answer is A. But first. So the question.",False,True,captured
mmlu_abstract_algebra_96,mmlu,0.6B,8,deterministic,42,5.3816,238.07,165.92,32,5.95,194,7,26,0.0361,0.27,False," A

Question is the question is the question is the question is the polynomial is the question is asking is the question is asking is the polynomial x² + ",False,True,captured
mmlu_abstract_algebra_97,mmlu,0.6B,8,deterministic,42,3.9296,239.97,119.02,32,8.14,138,13,20,0.0942,0.65,False, B. The question again. The question again. The question is the question again. The problem. The question again. The question is about this problem. The,False,True,captured
mmlu_abstract_algebra_98,mmlu,0.6B,8,deterministic,42,2.6468,238.98,77.67,32,12.09,90,19,14,0.2111,1.36,False," D. 6
Answer: 6
Answer: 6
Answer:
The order of the element (4, 2) of the order of",False,True,captured
mmlu_abstract_algebra_99,mmlu,0.6B,8,deterministic,42,4.0077,243.64,121.42,32,7.98,142,14,19,0.0986,0.74,False," B. Let's analyze each statement, let's analyze each statement carefully analyze each statement carefully analyze each statement carefully.

** of the statements, let's analyze each",False,True,captured
mmlu_college_chemistry_0,mmlu,0.6B,8,deterministic,42,1.9368,242.59,54.65,32,16.52,65,24,9,0.3692,2.67,False, The rate of a zero-order reaction is independent of the concentration of the reactant. In a zero-order reaction means that the rate of the reaction is independent of,False,True,captured
mmlu_college_chemistry_1,mmlu,0.6B,8,deterministic,42,1.882,242.31,52.89,32,17.0,63,24,9,0.381,2.67,False," C. region of the IR spectrum

The correct answer is C. most organic functional groups absorb in a characteristic region of the IR spectrum

The correct answer is",False,True,captured
mmlu_college_chemistry_2,mmlu,0.6B,8,deterministic,42,1.4654,241.82,39.47,32,21.84,48,26,6,0.5417,4.33,False," C
Answer: C C
Answer: C C C
Answer: C C C
Answer: C
Answer: C
Answer: C
Answer",False,True,captured
mmlu_college_chemistry_3,mmlu,0.6B,8,deterministic,42,3.5786,249.41,107.39,32,8.94,126,15,17,0.119,0.88,False," A

To balance the given is:

2

To balance the given is:

2 MnO4− + 3 MnO4− + 6:",False,True,captured
mmlu_college_chemistry_4,mmlu,0.6B,8,deterministic,42,1.7053,237.33,47.35,32,18.76,57,25,8,0.4386,3.12,False," B. only for constant pressure processes
Answer:
. only for constant pressure processes

Answer: B. only for constant pressure processes
B. only for constant",False,True,captured
mmlu_college_chemistry_5,mmlu,0.6B,8,deterministic,42,1.8189,241.57,50.88,32,17.59,61,24,8,0.3934,3.0,False," The correct answer is B. 9 lines The correct answer is B. 9 lines. 

The EPR spectrum of a nitronyl nitroxides",False,True,captured
mmlu_college_chemistry_6,mmlu,0.6B,8,deterministic,42,2.2391,246.3,64.28,32,14.29,75,23,10,0.3067,2.3,False," A. Neutrons
Answer:
A. Neutrons
Answer: Neutrons
Answer:
A. Neutrons
Answer: A.",False,True,captured
mmlu_college_chemistry_7,mmlu,0.6B,8,deterministic,42,2.0088,240.11,57.05,32,15.93,67,22,10,0.3284,2.2,False, D. Unpaired electrons are required for both paramagnetism and ferromagnetism and only. Unpaired electrons are required for both paramagnetism is D,False,True,captured
mmlu_college_chemistry_8,mmlu,0.6B,8,deterministic,42,3.9552,241.88,119.79,32,8.09,141,14,19,0.0993,0.74,False," D. The question. The question. The question. So the answer. The question. So the question. So the question. So, the question. So",False,True,captured
mmlu_college_chemistry_9,mmlu,0.6B,8,deterministic,42,3.6417,241.37,109.69,32,8.79,128,14,19,0.1094,0.74,False," B
Answer:
B

The T1 B
Answer:
Answer: B
Answer: T2 T2. T2. T1 is the T",False,True,captured
mmlu_college_chemistry_10,mmlu,0.6B,8,deterministic,42,2.746,247.11,80.61,32,11.65,96,21,12,0.2188,1.75,False," D. 11.30 ppm
. 1111. 1. 1. The 1H Larmor frequency of benz",False,True,captured
mmlu_college_chemistry_11,mmlu,0.6B,8,deterministic,42,3.8221,251.26,115.19,32,8.37,135,12,20,0.0889,0.6,False, C. Let me. Let me try to work through the question is the question is about 13C nuclei in a molecule in this is the question is,False,True,captured
mmlu_college_chemistry_12,mmlu,0.6B,8,deterministic,42,3.2017,242.31,95.46,32,9.99,112,18,15,0.1607,1.2,False," D

To estimate the β-hyperfine value for the β-hyperfine structure the question is about hyperfine structure the question is about estimating the β-h",False,True,captured
mmlu_college_chemistry_13,mmlu,0.6B,8,deterministic,42,1.5849,248.32,43.12,32,20.19,52,25,7,0.4808,3.57,False, B. 1:9:36:84:126:12642:126:126:1,False,True,captured
mmlu_college_chemistry_14,mmlu,0.6B,8,deterministic,42,2.1027,238.37,60.14,32,15.22,71,24,9,0.338,2.67,False," C. is often too low to enable direct detection by EPR is often too low to enable direct detection by EPR

The correct answer is C. The",False,True,captured
mmlu_college_chemistry_15,mmlu,0.6B,8,deterministic,42,2.8051,245.9,82.55,32,11.41,97,19,13,0.1959,1.46,False," A
Answer: A. The magnetic moment (μI) of a nucleus) of a nucleus) of a nucleus is given by the formula μ = g",False,True,captured
mmlu_college_chemistry_16,mmlu,0.6B,8,deterministic,42,3.7436,238.71,113.06,32,8.55,132,15,18,0.1136,0.83,False," D. I and III only

The normal modes of carbon dioxide has the normal modes of course. I and E. I and III only

The normal modes",False,True,captured
mmlu_college_chemistry_17,mmlu,0.6B,8,deterministic,42,3.3372,249.05,99.62,32,9.59,117,18,15,0.1538,1.2,False, D. The correct. The correct. The correct answer is D. The correct answer is D. Because the ligands can display optical isomerism only when,False,True,captured
mmlu_college_chemistry_18,mmlu,0.6B,8,deterministic,42,3.073,240.94,91.36,32,10.41,106,16,16,0.1509,1.0,False," D. 

The correct answer is D. 

Wait, the only. 

The correct answer is D. Protons and neutrons are fundamental property. 

",False,True,captured
mmlu_college_chemistry_19,mmlu,0.6B,8,deterministic,42,2.9364,243.34,86.87,32,10.9,102,17,15,0.1667,1.13,False," A A A A
Answer:  A A
Answer: A
Answer: A
Answer: A
Answer: A
Answer:  A
",False,True,captured
mmlu_college_chemistry_20,mmlu,0.6B,8,deterministic,42,1.9967,237.1,56.76,32,16.03,66,22,11,0.3333,2.0,False," D
Okay, let's see. The question is asking which of the options are asking is an n-type semiconductor. The options are A. The question is",False,True,captured
mmlu_college_chemistry_21,mmlu,0.6B,8,deterministic,42,2.8783,243.15,85.01,32,11.12,100,19,14,0.19,1.36,False," A. 37Cl have I = 0. 37Cl have I = 0. 

Wait, the 37Cl have I",False,True,captured
mmlu_college_chemistry_22,mmlu,0.6B,8,deterministic,42,1.9148,247.43,53.79,32,16.71,64,25,8,0.3906,3.12,False," D. 4.0 × 10. 4.0 × 10^−9

The correct answer is D. 4.",False,True,captured
mmlu_college_chemistry_23,mmlu,0.6B,8,deterministic,42,3.7429,243.56,112.88,32,8.55,132,14,19,0.1061,0.74,False," D. 

Wait, the correct. 

Wait, the correct. 

Wait, butane has five distinct chemical shifts. Let me think. 

Wait,",False,True,captured
mmlu_college_chemistry_24,mmlu,0.6B,8,deterministic,42,2.568,239.85,75.1,32,12.46,89,20,13,0.2247,1.54,False," D. Oxide
Answer:
D. Oxide
Answer: Silicon is most commonly found in the form of silicate
Answer: Silicon is most commonly",False,True,captured
mmlu_college_chemistry_25,mmlu,0.6B,8,deterministic,42,2.8515,242.34,84.17,32,11.22,99,20,13,0.202,1.54,False," D. 31P

To determine which nuclide has an NMR frequency of 317. 31P. 31P",False,True,captured
mmlu_college_chemistry_26,mmlu,0.6B,8,deterministic,42,3.2249,246.55,96.08,32,9.92,112,15,17,0.1339,0.88,False," A
The statement I only. Raoult’s law states that the partial pressure of each component at the partial pressure of each component's explanation: I only",False,True,captured
mmlu_college_chemistry_27,mmlu,0.6B,8,deterministic,42,4.1327,248.6,125.29,32,7.74,147,12,20,0.0816,0.6,False," D. The problem. The question. The question. The question. So the answer. The question. So the question. So the question. So, so",False,True,captured
mmlu_college_chemistry_28,mmlu,0.6B,8,deterministic,42,2.0695,244.84,58.86,32,15.46,70,23,10,0.3286,2.3,False," D. D. I, II, and III

Answer: D. D. I, II, and III

The correct. D. I, II",False,True,captured
mmlu_college_chemistry_29,mmlu,0.6B,8,deterministic,42,3.7619,242.56,113.53,32,8.51,134,16,17,0.1194,0.94,False," C

Question is Henry's Law of Henry's Law constant is Henry's Law of Henry's law is Henry's Law constant for CO2 dissolved in water at",False,True,captured
mmlu_college_chemistry_30,mmlu,0.6B,8,deterministic,42,2.5149,242.48,73.3,32,12.72,87,22,11,0.2529,2.0,False," B

Wait, the student did five titrations and got a mean of the student did five titrations and got a mean result of 0.",False,True,captured
mmlu_college_chemistry_31,mmlu,0.6B,8,deterministic,42,3.1189,256.05,92.35,32,10.26,109,17,15,0.156,1.13,False, A is the hyperfine splitting is the hyperfine splitting in field units of mT and hyperfine splitting in field units of mT is the hyperfine splitting,False,True,captured
mmlu_college_chemistry_32,mmlu,0.6B,8,deterministic,42,3.3319,249.45,99.43,32,9.6,117,17,16,0.1453,1.06,False, B. (NO3(aq) →  (NO3) is the correct answer. (NO3)2O3(aq) →  (,False,True,captured
mmlu_college_chemistry_33,mmlu,0.6B,8,deterministic,42,4.0058,244.03,121.35,32,7.99,141,13,20,0.0922,0.65,False," D. D. The correct answer is D.
Answer: D
D
D
D. D. The statement D. D. The statement D.",False,True,captured
mmlu_college_chemistry_34,mmlu,0.6B,8,deterministic,42,4.0636,246.99,123.12,32,7.87,143,13,20,0.0909,0.65,False," A

The g is to calculate the average of the hyperfine structure of the sodium atom, we need to use the formula for the given the hyperfine structure",False,True,captured
mmlu_college_chemistry_35,mmlu,0.6B,8,deterministic,42,3.6246,245.52,109.0,32,8.83,127,14,18,0.1102,0.78,False," B. The spin angular momentum of a
Answer: B. The spin angular momentum $ L = I *momentum of  B.  B. ",False,True,captured
mmlu_college_chemistry_36,mmlu,0.6B,8,deterministic,42,4.6859,240.38,143.4,32,6.83,167,9,23,0.0539,0.39,False, C- question is asking isotope isotope isotope is about the question is asking isotope 13C nucleus of the question is asking isotope ,False,True,captured
mmlu_college_chemistry_37,mmlu,0.6B,8,deterministic,42,4.4668,240.73,136.32,32,7.16,159,10,23,0.0629,0.43,False," B

The linewidth is given the NMR, we use the formula:

The linewidth in NMR, we use the relation between the two, we use the",False,True,captured
mmlu_college_chemistry_38,mmlu,0.6B,8,deterministic,42,2.9507,240.31,87.43,32,10.85,103,20,13,0.1942,1.54,False," C

The question is about finding isotope isotope 43Ca has a spin angular momentum with the question is about the maximum value of the z-component",False,True,captured
mmlu_college_chemistry_39,mmlu,0.6B,8,deterministic,42,3.0846,244.55,91.62,32,10.37,106,17,16,0.1604,1.06,False," A
Answer: A. the lowest melting point, we need to consider the types of intermolecular forces, we need to consider the nature, we need",False,True,captured
mmlu_college_chemistry_40,mmlu,0.6B,8,deterministic,42,4.1013,243.38,124.45,32,7.8,146,14,19,0.0959,0.74,False, B. The question. The question. The question. The question is about nuclear binding energy. The question. The question is about nuclear binding energy. The question,False,True,captured
mmlu_college_chemistry_41,mmlu,0.6B,8,deterministic,42,3.5963,239.82,108.27,32,8.9,128,17,16,0.1328,1.06,False, D. The question. The question. The question is about the right here. The question. The question is about predicting the hyperfine value for the EPR,False,True,captured
mmlu_college_chemistry_42,mmlu,0.6B,8,deterministic,42,3.0062,243.69,89.11,32,10.64,105,18,14,0.1714,1.29,False," B. In liquid ammonia is B. In liquid ammonia is B. In liquid ammonia, in liquid ammonia is B. In liquid ammonia, the strongest base in",False,True,captured
mmlu_college_chemistry_43,mmlu,0.6B,8,deterministic,42,3.3255,250.17,99.21,32,9.62,117,18,15,0.1538,1.2,False," A. nβ = nαeq

Wait, the correct. nβ = nαeq

Wait, the correct. nβ = nαeq",False,True,captured
mmlu_college_chemistry_44,mmlu,0.6B,8,deterministic,42,3.1422,242.86,93.53,32,10.18,110,17,15,0.1545,1.13,False," A
Answer:
To calculate the Q-factor A
The Q-factor (Quality factor (Quality factor (Quality factor (Quality factor (Q is given by the",False,True,captured
mmlu_college_chemistry_45,mmlu,0.6B,8,deterministic,42,4.028,242.87,122.1,32,7.94,143,13,19,0.0909,0.68,False," C-13C NMR frequencies, we use the formula is the 13C NMR frequencies, we use the formula:

The difference in ",False,True,captured
mmlu_college_chemistry_46,mmlu,0.6B,8,deterministic,42,2.0556,243.75,58.45,32,15.57,70,24,9,0.3429,2.67,False, A. 0.050 M AlCl3 dissociates. 0.050 M AlCl3. 0.050,False,True,captured
mmlu_college_chemistry_47,mmlu,0.6B,8,deterministic,42,1.9254,241.34,54.33,32,16.62,64,24,9,0.375,2.67,False," A
Answer: B
Answer: C A
Answer: B
Answer: D
Answer: B
Answer: B
Answer: D
Answer",False,True,captured
mmlu_college_chemistry_48,mmlu,0.6B,8,deterministic,42,4.0227,240.82,122.0,32,7.95,141,11,21,0.078,0.52,False," A. 

Planck's quantum theory explained the ultraviolet catastrophe, which was the first proposed that the energy of oscillators in the energy of the energy of",False,True,captured
mmlu_college_chemistry_49,mmlu,0.6B,8,deterministic,42,2.4489,242.42,71.18,32,13.07,85,22,11,0.2588,2.0,False," D. D. 9.4 mCi

The correct: D. 9.4 mCi

The correct: D. 9.4",False,True,captured
mmlu_college_chemistry_50,mmlu,0.6B,8,deterministic,42,2.3802,240.19,69.03,32,13.44,81,20,12,0.2469,1.67,False," The orbital angular momentum quantum number, l, determines the shape of the orbital angular momentum quantum number determines the shape of the orbital. The value for an electron is",False,True,captured
mmlu_college_chemistry_51,mmlu,0.6B,8,deterministic,42,3.2956,238.36,98.62,32,9.71,116,18,15,0.1552,1.2,False, D. The question. The question. The question. The question is the question. The question is about this question. The question is about this question. The,False,True,captured
mmlu_college_chemistry_52,mmlu,0.6B,8,deterministic,42,3.7317,264.17,111.86,32,8.58,131,14,18,0.1069,0.78,False," A is the splitting in units of mT, Gauss, we need to convert the given frequency (A is the correct answer A is the correct answer. The",False,True,captured
mmlu_college_chemistry_53,mmlu,0.6B,8,deterministic,42,3.2727,240.66,97.81,32,9.78,115,17,16,0.1478,1.06,False," A

Okay, let's tackle this question. The question is about 5f orbitals are partially filled in the 5f orbitals are partially filled",False,True,captured
mmlu_college_chemistry_54,mmlu,0.6B,8,deterministic,42,3.4812,242.7,104.47,32,9.19,122,15,17,0.123,0.88,False, A. The question. The question. The question is this out the spin density on the central carbon atom of malonic acid radical. The question is about the,False,True,captured
mmlu_college_chemistry_55,mmlu,0.6B,8,deterministic,42,2.954,241.21,87.51,32,10.83,102,18,15,0.1765,1.2,False," C. number of photons absorbed

Wait, the number of photons absorbed

Wait, the answer is C. But wait, the number of photons absorbed

Wait",False,True,captured
mmlu_college_chemistry_56,mmlu,0.6B,8,deterministic,42,1.2295,246.04,31.73,32,26.03,38,26,7,0.6842,3.71,False, C. A large deviation of g from ge is expected when λ is large and the energy difference between the SOMO and the lowest lying excited state when λ is,False,True,captured
mmlu_college_chemistry_57,mmlu,0.6B,8,deterministic,42,2.2372,250.89,64.08,32,14.3,75,20,12,0.2667,1.67,False," D. 1.433 x 10^-26 J T-1

The magnetic moment of 10. 10^-",False,True,captured
mmlu_college_chemistry_58,mmlu,0.6B,8,deterministic,42,2.8616,245.63,84.39,32,11.18,99,20,13,0.202,1.54,False," A

The spin-lattice relaxation rate is given by the equation: τ =  by the equation τ = 1 ns. The spin-lattice relaxation rate",False,True,captured
mmlu_college_chemistry_59,mmlu,0.6B,8,deterministic,42,2.5619,245.62,74.72,32,12.49,88,22,11,0.25,2.0,False," A. The question: Of the following ionic substances, which has the greatest lattice enthalpy. The question: Of the following ionic substances, which",False,True,captured
mmlu_college_chemistry_60,mmlu,0.6B,8,deterministic,42,1.5956,242.2,43.66,32,20.06,52,25,8,0.4808,3.12,False, The correct answer is B. CH3Cl The correct answer is B. CH3Cl. The correct answer is B. CH3Cl. The correct answer,False,True,captured
mmlu_college_chemistry_61,mmlu,0.6B,8,deterministic,42,2.2801,240.23,65.8,32,14.03,78,22,10,0.2821,2.2,False," A
Answer:
To calculate the equilibrium polarization of 13C nuclei in a magnetic field of  of  of 13C nuclei in a magnetic",False,True,captured
mmlu_college_chemistry_62,mmlu,0.6B,8,deterministic,42,3.6425,242.52,109.68,32,8.79,128,16,16,0.125,1.0,False," A

The magnetic moment μI = g is given by the formula μI = g is given is given is given by the formula μI = g *",False,True,captured
mmlu_college_chemistry_63,mmlu,0.6B,8,deterministic,42,2.0855,242.75,59.45,32,15.34,70,23,10,0.3286,2.3,False," D. D. I, II, and III

Answer: D. D. I, II, and III

The correct. D. I, II",False,True,captured
mmlu_college_chemistry_64,mmlu,0.6B,8,deterministic,42,2.141,242.31,61.25,32,14.95,73,22,10,0.3014,2.2,False, A. The correct answer is A. Nuclear magnetic resonance. The correct answer is A. Nuclear magnetic resonance. The correct answer is A. Nuclear magnetic resonance is,False,True,captured
mmlu_college_chemistry_65,mmlu,0.6B,8,deterministic,42,2.7657,242.91,81.38,32,11.57,96,20,13,0.2083,1.54,False, D. The Heisenberg uncertainty principle states the Heisenberg uncertainty principle states the Heisenberg uncertainty principle states that is the correct. The Heisenberg,False,True,captured
mmlu_college_chemistry_66,mmlu,0.6B,8,deterministic,42,3.3545,241.85,100.41,32,9.54,118,18,15,0.1525,1.2,False," D. Br(g) + Br(g) 

The dissociation energy is the correct. Br(g) + Br(g) 

The dissociation energy is the",False,True,captured
mmlu_college_chemistry_67,mmlu,0.6B,8,deterministic,42,3.9705,246.68,120.12,32,8.06,140,13,19,0.0929,0.68,False," A

The magnetogyric ratio (gyric ratio (gyric ratio (gyric ratio (gyrometric ratio (gyromagnetic ratio (γ (",False,True,captured
mmlu_college_chemistry_68,mmlu,0.6B,8,deterministic,42,3.0052,237.4,89.28,32,10.65,103,17,16,0.165,1.06,False, D. D. helium atom is D. helium atom is D. helium atom is the question is D. helium atom is the one by the question is D,False,True,captured
mmlu_college_chemistry_69,mmlu,0.6B,8,deterministic,42,2.1231,258.58,60.15,32,15.07,71,23,10,0.3239,2.3,False," The answer is B. 2R
 The answer: 

The limiting high-temperature molar heat capacity at constant volume heat capacity at constant volume for a",False,True,captured
mmlu_college_chemistry_70,mmlu,0.6B,8,deterministic,42,4.2055,241.77,127.86,32,7.61,149,14,19,0.094,0.74,False," D
Okay, so the question is asking is more stable oxidation states of the question is more stable oxidation states of the question is more stable than the +3",False,True,captured
mmlu_college_chemistry_71,mmlu,0.6B,8,deterministic,42,2.0701,244.51,58.89,32,15.46,70,23,10,0.3286,2.3,False," D. reduced mass

Answer: D
Answer. reduced mass
Answer: D
Answer: D. reduced mass

D. reduced mass

Answer:",False,True,captured
mmlu_college_chemistry_72,mmlu,0.6B,8,deterministic,42,2.0464,241.77,58.22,32,15.64,69,23,10,0.3333,2.3,False," D. 4
Answer:
D. 4
Answer: The number of allowed energy levels for the 55Mn has 4 allowed energy",False,True,captured
mmlu_college_chemistry_73,mmlu,0.6B,8,deterministic,42,1.6981,237.83,47.11,32,18.84,57,24,8,0.4211,3.0,False, A carbonic acid is not generally considered to be a carbonic acid is not generally considered to be a carbonic acid is not generally considered to be a carbon,False,True,captured
mmlu_college_chemistry_74,mmlu,0.6B,8,deterministic,42,3.2414,240.47,96.81,32,9.87,113,17,16,0.1504,1.06,False, B.90 nm falls within the ultraviolet.90 nm falls within the ultraviolet region of the spectrum is in the ultraviolet.90 nm,False,True,captured
mmlu_college_chemistry_75,mmlu,0.6B,8,deterministic,42,4.0267,249.01,121.86,32,7.95,142,12,20,0.0845,0.6,False," B. The rotational correlation time (τc) for a small protein, we start by the given in the given in the given in the given problem, we",False,True,captured
mmlu_college_chemistry_76,mmlu,0.6B,8,deterministic,42,3.1092,247.61,92.31,32,10.29,109,19,14,0.1743,1.36,False, D. The question. The question. The question is about measuring trace amounts of CFCs in air sample. The question. The question is about measuring trace,False,True,captured
mmlu_college_chemistry_77,mmlu,0.6B,8,deterministic,42,2.4559,240.93,71.45,32,13.03,85,22,11,0.2588,2.0,False, A. The principal allotropes of elemental boron are composed of B12 icosahedra structures of the principal allotropes of elemental bor,False,True,captured
mmlu_college_chemistry_78,mmlu,0.6B,8,deterministic,42,2.7263,242.63,80.12,32,11.74,93,20,13,0.2151,1.54,False," A A A A
Answer: A
Answer: It has little effect.
Answer: A
Answer: It has little effect.
Answer: It has little",False,True,captured
mmlu_college_chemistry_79,mmlu,0.6B,8,deterministic,42,4.0035,240.62,121.38,32,7.99,143,13,19,0.0909,0.68,False," B. The correct answer is B, we need to identify a
Answer: **options is classified as a conjugate acid-base pair, we need to recall",False,True,captured
mmlu_college_chemistry_80,mmlu,0.6B,8,deterministic,42,3.0488,237.87,90.68,32,10.5,107,18,14,0.1682,1.29,False, D. Zn²+ ion that is D. Zn2+ ion has no unpaired electrons. Zn2+ is a diamagnetic ion is,False,True,captured
mmlu_college_chemistry_81,mmlu,0.6B,8,deterministic,42,3.0026,241.48,89.07,32,10.66,105,17,15,0.1619,1.13,False," B

The question is about finding is the ratio of the equilibrium polarizations of an electron and a proton are asking is the question is the question is about finding",False,True,captured
mmlu_college_chemistry_82,mmlu,0.6B,8,deterministic,42,3.9263,239.92,118.91,32,8.15,138,13,20,0.0942,0.65,False," A, we start superscript T2, we start superscript 2 end-to determine the value of T2, we start with the given that is the",False,True,captured
mmlu_college_chemistry_83,mmlu,0.6B,8,deterministic,42,2.3546,240.4,68.2,32,13.59,81,22,11,0.2716,2.0,False," D. The molecular geometry of thionyl chloride, SOCl. The molecular geometry of thionyl chloride, SOCl2. The molecular geometry of th",False,True,captured
mmlu_college_chemistry_84,mmlu,0.6B,8,deterministic,42,1.7313,259.97,47.46,32,18.48,56,24,9,0.4286,2.67,False," D. I and III only

Answer: D. I and III only

The correct answer is D. I and III only
Answer:
Answer: D",False,True,captured
mmlu_college_chemistry_85,mmlu,0.6B,8,deterministic,42,2.6902,254.42,78.57,32,11.9,93,21,12,0.2258,1.75,False," A
Answer:
The expected resonant field A
Answer: A. The correct answer is A. The correct answer is A. The correct answer is A",False,True,captured
mmlu_college_chemistry_86,mmlu,0.6B,8,deterministic,42,2.3608,251.09,68.06,32,13.55,80,21,11,0.2625,1.91,False," A

The relative occupancies of the α and β spin energy levels for a radical species with g =  A

The correct answer is A. The correct",False,True,captured
mmlu_college_chemistry_87,mmlu,0.6B,8,deterministic,42,1.8376,238.53,51.58,32,17.41,61,24,9,0.3934,2.67,False, D. D. Potassium hydrogen phthalate is D. Potassium hydrogen phthalate is D. Potassium hydrogen phthalate is D. Pot,False,True,captured
mmlu_college_chemistry_88,mmlu,0.6B,8,deterministic,42,2.8332,240.06,83.65,32,11.29,97,17,15,0.1753,1.13,False," D
Okay, so the question is asking which property is lower for argon than for neon. So the question is asking is lower of the question is lower",False,True,captured
mmlu_college_chemistry_89,mmlu,0.6B,8,deterministic,42,2.7931,251.73,81.98,32,11.46,96,18,15,0.1875,1.2,False," B. The chemical shift of [Ru(NH3)6] of [Ru(NH3)6]2+, we need to understand that [Ru",False,True,captured
mmlu_college_chemistry_90,mmlu,0.6B,8,deterministic,42,3.1718,238.64,94.62,32,10.09,112,19,14,0.1696,1.36,False," A A A A
Answer: A
Answer:  A A A
Answer: A
Answer: A
Answer: A
Answer: A
",False,True,captured
mmlu_college_chemistry_91,mmlu,0.6B,8,deterministic,42,3.8996,244.2,117.92,32,8.21,138,14,19,0.1014,0.74,False," D. 

The second law is always increases.  increases.  A spontaneous process is always increases.  A spontaneous process is one increases.  A spontaneous",False,True,captured
mmlu_college_chemistry_92,mmlu,0.6B,8,deterministic,42,1.8391,242.95,51.49,32,17.4,61,24,8,0.3934,3.0,False," The correct answer is B. 9 lines The correct answer is B. 9 lines. 

The EPR spectrum of a nitronyl nitroxides",False,True,captured
mmlu_college_chemistry_93,mmlu,0.6B,8,deterministic,42,1.796,241.04,50.16,32,17.82,59,25,8,0.4237,3.12,False," A. A. Cu, Fe, Co

Answer: A. Cu, Fe, Co is A. Cu, Fe, Co

The correct answer is",False,True,captured
mmlu_college_chemistry_94,mmlu,0.6B,8,deterministic,42,2.5202,242.86,73.46,32,12.7,87,22,11,0.2529,2.0,False," B
Answer: 

The R-branch in the vibrational-rotational spectrum of the R-branch of the vibrational-rotational spectrum of a",False,True,captured
mmlu_college_chemistry_95,mmlu,0.6B,8,deterministic,42,3.1102,245.71,92.4,32,10.29,109,18,15,0.1651,1.2,False, D. The question: Which of the following atoms has the lowest electron affinity. The question: Which of the following atoms has the lowest electron affinity. The question,False,True,captured
mmlu_college_chemistry_96,mmlu,0.6B,8,deterministic,42,4.6408,241.26,141.92,32,6.9,165,9,24,0.0545,0.38,False, C. The radius decreases as the atomic number increases down a. The radius of a. The radius of a given by the following the smaller for a. The,False,True,captured
mmlu_college_chemistry_97,mmlu,0.6B,8,deterministic,42,2.6311,243.56,77.02,32,12.16,89,19,14,0.2135,1.36,False," D
Okay, let's see. The question is asking is the NMR frequency of 31P is the question is the question is asking is the",False,True,captured
mmlu_college_chemistry_98,mmlu,0.6B,8,deterministic,42,1.3979,239.62,37.36,32,22.89,45,27,6,0.6,4.5,False," B
The answer is B. The E B
The answer is B. The E
The answer is B. The E
The answer is B.",False,True,captured
mmlu_college_chemistry_99,mmlu,0.6B,8,deterministic,42,2.8985,241.19,85.72,32,11.04,100,18,14,0.18,1.29,False," D. SCl2 is the least likely to behave as a Lewis acid strength of Lewis acids, we need to understand the behavior as a Lewis acid, we",False,True,captured
mmlu_computer_security_0,mmlu,0.6B,8,deterministic,42,2.7587,237.81,81.32,32,11.6,96,20,12,0.2083,1.67,False, C. Whitebox fuzzing is Whitebox fuzzing is a whitebox. Whitebox fuzzing is a whitebox. Whitebox fuzzing is a style,False,True,captured
mmlu_computer_security_1,mmlu,0.6B,8,deterministic,42,4.6913,252.84,143.18,32,6.82,166,9,23,0.0542,0.39,False," C
Okay, let's break the client certificate, so the server certificate, so the server certificate, so the server certificate, so the server certificate, so",False,True,captured
mmlu_computer_security_2,mmlu,0.6B,8,deterministic,42,2.024,253.16,57.12,32,15.81,68,24,9,0.3529,2.67,False," C. When a client connects to a server, the server compares the ticket's explanation: When a client connects to a server, the server compares the ticket's",False,True,captured
mmlu_computer_security_3,mmlu,0.6B,8,deterministic,42,3.2475,238.57,97.06,32,9.85,114,17,15,0.1491,1.13,False, A. In Message Confidentiality in the context of message confidentiality ensures that the transmitted message must make sense to only the transmitted message confidentiality ensures that the transmitted message is,False,True,captured
mmlu_computer_security_4,mmlu,0.6B,8,deterministic,42,1.8176,245.53,50.71,32,17.61,60,24,9,0.4,2.67,False," The correct answer is B. DaCryptic The correct answer is B. DaCryptic

The correct answer is B. DaCryptic

The answer is",False,True,captured
mmlu_computer_security_5,mmlu,0.6B,8,deterministic,42,2.0299,242.59,57.66,32,15.76,68,22,10,0.3235,2.2,False," B. Buffer-overrun

Answer:
The correct. Buffer-overrun

Answer is B. Buffer-overrun. Buffer-overrun is a widespread app's a",False,True,captured
mmlu_computer_security_6,mmlu,0.6B,8,deterministic,42,2.9291,255.05,86.26,32,10.92,102,19,14,0.1863,1.36,False, C. The validator always forbids all indirect loads or stores (all indirect loads or stores (all indirect loads or stores to the validator always forbids all indirect,False,True,captured
mmlu_computer_security_7,mmlu,0.6B,8,deterministic,42,2.0852,244.35,59.38,32,15.35,70,22,11,0.3143,2.0,False," A. Freenet
Answer:
A. Freenet
Answer: Freenet
Answer:
A. Freenet
Answer: Freen",False,True,captured
mmlu_computer_security_8,mmlu,0.6B,8,deterministic,42,2.6744,238.43,78.58,32,11.97,93,21,12,0.2258,1.75,False," A. No storage check in the external memory
 processing power check is the correct answer is the correct answer is the correct answer is A. No string boundary checks",False,True,captured
mmlu_computer_security_9,mmlu,0.6B,8,deterministic,42,1.9424,243.63,54.8,32,16.47,65,24,9,0.3692,2.67,False," B
Answer:
B

Explanation: The B
Answer:
B

Explanation: The Diffie-Hellman key point of the Diffie-Hellman",False,True,captured
mmlu_computer_security_10,mmlu,0.6B,8,deterministic,42,2.4189,242.12,70.22,32,13.23,82,22,11,0.2683,2.0,False," A. around""; instead of creating a very large number, a. around""; instead of creating a very large number, a. around""; instead of creating a",False,True,captured
mmlu_computer_security_11,mmlu,0.6B,8,deterministic,42,3.3538,253.11,100.02,32,9.54,117,16,17,0.1368,0.94,False," A

The question is about the security of a hash function is a hash function is a hash function is a hash function is a hash function that the question is",False,True,captured
mmlu_computer_security_12,mmlu,0.6B,8,deterministic,42,4.0339,242.36,122.31,32,7.93,143,13,19,0.0909,0.68,False," C. Forward secrecy is the concern, Bob's and Bob's concern, Bob's concern, the concern, Bob's concern, we need to ensure that even",False,True,captured
mmlu_computer_security_13,mmlu,0.6B,8,deterministic,42,2.1425,240.3,61.36,32,14.94,73,22,10,0.3014,2.2,False," B
Answer:
Answer: D

The B
Answer: D
Answer:
Answer: D

The AH Protocol provides source authentication and data integrity, the",False,True,captured
mmlu_computer_security_14,mmlu,0.6B,8,deterministic,42,3.2202,238.86,96.17,32,9.94,113,17,15,0.1504,1.13,False," C is not a security exploit. C is not a security exploit.  injection, cross-site scripting (C. C is not a security exploit. E
",False,True,captured
mmlu_computer_security_15,mmlu,0.6B,8,deterministic,42,3.1346,241.54,93.32,32,10.21,109,18,15,0.1651,1.2,False," B
Answer:
B

Explanation: The central node in the central node in the central node in the context of the central node in the context of 8",False,True,captured
mmlu_computer_security_16,mmlu,0.6B,8,deterministic,42,3.0662,241.05,91.13,32,10.44,107,17,15,0.1589,1.13,False, B is 128 bits in MD-5 message digest in MD-5 message digest in MD-5 is 128 bits. The message,False,True,captured
mmlu_computer_security_17,mmlu,0.6B,8,deterministic,42,1.3708,243.91,36.35,32,23.34,43,25,7,0.5814,3.57,False," A. It is a scanner which works by injecting. It is a scanner which works by injecting packets to a range of addresses, and inferring what? Wait",False,True,captured
mmlu_computer_security_18,mmlu,0.6B,8,deterministic,42,1.1305,242.54,28.64,32,28.31,35,28,5,0.8,5.6,False," A. Escape queries
Answer:
A. Escape. Escape queries
Answer:
A. Escape. Escape queries
Answer:
A. Escape. Escape queries
",False,True,captured
mmlu_computer_security_19,mmlu,0.6B,8,deterministic,42,1.6089,244.37,44.02,32,19.89,52,25,7,0.4808,3.57,False," D. 

The correct answer is D. Taking care to avoid activities during a penetration test that might attract attention, e.g., by operators or IDS services.",False,True,captured
mmlu_computer_security_20,mmlu,0.6B,8,deterministic,42,3.1379,240.7,93.46,32,10.2,108,17,16,0.1574,1.06,False, A transport layer vulnerabilities are not a transport layer vulnerabilities are not a transport layer vulnerability is not a transport layer vulnerability. Transport layer vulnerabilities typically refers to a transport layer,False,True,captured
mmlu_computer_security_21,mmlu,0.6B,8,deterministic,42,2.603,251.51,75.86,32,12.29,89,21,12,0.236,1.75,False," D
Answer:
D

Answer:
D D
Answer: Blinding adds a random amount of time to the correct. Blinding adds a random amount of",False,True,captured
mmlu_computer_security_22,mmlu,0.6B,8,deterministic,42,3.6013,246.46,108.22,32,8.89,126,15,18,0.119,0.83,False," C
Okay, let's try to figure this out. The paper's timing channel is the timing channel is the timing channel is the only timing channel is the",False,True,captured
mmlu_computer_security_23,mmlu,0.6B,8,deterministic,42,3.3999,238.05,101.99,32,9.41,119,16,17,0.1345,0.94,False, C. Key encryption is advantageous over symmetric key cryptography because it is advantageous over Symmetric key cryptography requires a key exchange process of key encryption is advantageous over Symmetric,False,True,captured
mmlu_computer_security_24,mmlu,0.6B,8,deterministic,42,2.2702,245.1,65.33,32,14.1,77,22,11,0.2857,2.0,False," A
Answer:
A

The Silk Road A
Answer: A. The Silk Road was a huge marketplace of the Dark Web specifically famous for selling illegal drugs",False,True,captured
mmlu_computer_security_25,mmlu,0.6B,8,deterministic,42,1.6966,242.48,46.91,32,18.86,56,25,7,0.4464,3.57,False," C. Dark web

Answer:
The correct answer. Dark web is the unknown segment of the Deep Web. Dark web is the unknown segment of the Deep Web",False,True,captured
mmlu_computer_security_26,mmlu,0.6B,8,deterministic,42,1.6084,243.48,44.03,32,19.9,52,25,8,0.4808,3.12,False," B. When the STP solver times out on a constraint query for a particular path, the EXE assumes that the query is not satisfiable and stop executing",False,True,captured
mmlu_computer_security_27,mmlu,0.6B,8,deterministic,42,1.2363,239.06,32.17,32,25.88,39,28,5,0.7179,5.6,False," B. Sender’s Public key

Answer: B. Sender’s Public key

Answer: B. Sender’s Public key

Answer: B. Sender’s Public",False,True,captured
mmlu_computer_security_28,mmlu,0.6B,8,deterministic,42,1.7825,254.15,49.3,32,17.95,59,25,8,0.4237,3.12,False," C. 

The correct answer is C. 

The correct answer is C. Compiling the program with address sanitizer (ASAN) will make the source of",False,True,captured
mmlu_computer_security_29,mmlu,0.6B,8,deterministic,42,1.5153,245.4,40.97,32,21.12,49,26,7,0.5306,3.71,False," D

Choices: A, B, C D

Choices: A, B, D

Choices: A, B, C, D D

Choices:",False,True,captured
mmlu_computer_security_30,mmlu,0.6B,8,deterministic,42,2.0906,237.52,59.78,32,15.31,72,24,9,0.3333,2.67,False," D. IP Network Browser
Answer:
D. IP Network Browser
Answer: IP Network Browser
Answer:
D. IP Network Browser
Answer:
D.",False,True,captured
mmlu_computer_security_31,mmlu,0.6B,8,deterministic,42,2.5208,242.88,73.48,32,12.69,88,21,11,0.2386,1.91,False," D. WPA3
Answer:
D. WPA3
Answer: WPA3
Answer: WPA3
Answer:
D. WPA",False,True,captured
mmlu_computer_security_32,mmlu,0.6B,8,deterministic,42,3.5437,244.73,106.42,32,9.03,125,15,17,0.12,0.88,False," C
Okay, let's try to figure this out. The OKD. The OKD. The OKD. The OKD. The OKD to",False,True,captured
mmlu_computer_security_33,mmlu,0.6B,8,deterministic,42,1.8295,240.19,51.27,32,17.49,62,25,8,0.4032,3.12,False," C. Session layer
Answer: C. Session layer
Answer: C. Session layer

Answer: C. Session layer
Answer: C. Session layer",False,True,captured
mmlu_computer_security_34,mmlu,0.6B,8,deterministic,42,1.4397,241.64,38.65,32,22.23,47,27,6,0.5745,4.5,False," D. All of the above
Answer:
D. All of the above
Answer:
D. All of the above
Answer:
D. All of the",False,True,captured
mmlu_computer_security_35,mmlu,0.6B,8,deterministic,42,3.407,245.75,101.97,32,9.39,120,17,16,0.1417,1.06,False," D. up, and so starts to reject requests

Wait, no, wait, and so starts to reject requests

Wait, but the buffer overflow occurs when",False,True,captured
mmlu_computer_security_36,mmlu,0.6B,8,deterministic,42,3.5129,238.03,105.64,32,9.11,123,16,17,0.1301,0.94,False," C
Answer:
C
Answer: C. A
Answer: C. A
Answer:
A digital signature needs a public-key system. A
Answer",False,True,captured
mmlu_computer_security_37,mmlu,0.6B,8,deterministic,42,1.8882,238.6,53.21,32,16.95,64,25,8,0.3906,3.12,False," D. Network or transport layer

Answer:
D. Network or transport layer

Answer: Network or transport layer

Answer: D. Network or transport layer

",False,True,captured
mmlu_computer_security_38,mmlu,0.6B,8,deterministic,42,2.1123,245.23,60.23,32,15.15,71,22,10,0.3099,2.2,False," B. The correct answer is B. It depends on the details of the MAC. The question is whether the MAC is secure, we need to consider the following",False,True,captured
mmlu_computer_security_39,mmlu,0.6B,8,deterministic,42,1.822,240.03,51.03,32,17.56,60,25,8,0.4167,3.12,False," C. Snort is a
Answer:
C. Snort
Answer:
C. Snort
Answer:
C. Snort
Answer:
C.",False,True,captured
mmlu_computer_security_40,mmlu,0.6B,8,deterministic,42,1.9684,242.17,55.69,32,16.26,66,24,9,0.3636,2.67,False," B. Condentiality

Answer:
B. Condentiality

Answer: B. Condentiality

Answer: Condentiality

Answer: B.",False,True,captured
mmlu_computer_security_41,mmlu,0.6B,8,deterministic,42,2.5265,242.27,73.69,32,12.67,87,22,11,0.2529,2.0,False," B. 4-way handshake
Answer:
B

### Explanation:
The process by the process by the process by the IEEE 802.11",False,True,captured
mmlu_computer_security_42,mmlu,0.6B,8,deterministic,42,1.3521,242.14,35.8,32,23.67,43,27,6,0.6279,4.5,False," B. Message Integrity

Answer:
B. Message. Message Integrity

Answer: B. Message Integrity

Answer: B. Message Integrity

Answer: B.",False,True,captured
mmlu_computer_security_43,mmlu,0.6B,8,deterministic,42,2.1476,241.61,61.48,32,14.9,73,23,10,0.3151,2.3,False," D. D. SQL queries based on user input

Answer: D. SQL queries based to the question: D. SQL queries based on user input

Answer",False,True,captured
mmlu_computer_security_44,mmlu,0.6B,8,deterministic,42,3.8787,247.13,117.15,32,8.25,137,12,20,0.0876,0.6,False," C
Okay, let's try to figure this out. So the client certificate, so the server certificate, so the server certificate, so the server certificate,",False,True,captured
mmlu_computer_security_45,mmlu,0.6B,8,deterministic,42,2.0872,235.15,59.74,32,15.33,72,24,9,0.3333,2.67,False," D. Wireshark
Answer:
D. Wireshark
Answer: Wireshark
Answer:
D. Wireshark
Answer:
D.",False,True,captured
mmlu_computer_security_46,mmlu,0.6B,8,deterministic,42,1.3401,245.68,35.3,32,23.88,42,27,6,0.6429,4.5,False," B. backdoor

Answer:
The correct answer. backdoor is a method in which a computer security mechanism is bypassed untraceable for accessing the computer",False,True,captured
mmlu_computer_security_47,mmlu,0.6B,8,deterministic,42,2.9813,241.79,88.37,32,10.73,103,18,15,0.1748,1.2,False," CBF, because CBF, because CBF is not a block cipher operating mode. CBF, because CBF is not a standard block c. C",False,True,captured
mmlu_computer_security_48,mmlu,0.6B,8,deterministic,42,2.5407,243.8,74.09,32,12.6,87,20,12,0.2299,1.67,False," A. 

The correct answer is A. 

The corrects possibly modifies requests (and responses) between a web browser and web server
Okay, so I",False,True,captured
mmlu_computer_security_49,mmlu,0.6B,8,deterministic,42,2.4761,244.15,72.0,32,12.92,85,22,11,0.2588,2.0,False, C. Buffer- boundary checks. Buffer-overflow may remain as a bug in apps if boundary checks are not done fully. Buffer-overflow may remain as a,False,True,captured
mmlu_computer_security_50,mmlu,0.6B,8,deterministic,42,3.8096,241.29,115.11,32,8.4,135,15,18,0.1111,0.83,False, C++. Buffer overflow is C++. Buffer overflow errors. C++. Buffer overflow errors are C++. Buffer- C++. Buffer overflow errors are common buffer-overflow errors,False,True,captured
mmlu_computer_security_51,mmlu,0.6B,8,deterministic,42,2.4472,238.83,71.24,32,13.08,84,21,12,0.25,1.75,False," D. All of the above

Encryption and decryption provide secrecy, or confidentiality, but wait, no, the correct. All of the above

Encryption and decryption",False,True,captured
mmlu_computer_security_52,mmlu,0.6B,8,deterministic,42,0.9787,240.76,23.8,32,32.7,30,29,4,0.9667,7.25,False," A. IM – Trojans

Answer:
A. IM – Troj

Answer:
A. IM – Troj

Answer:
A. IM –",False,True,captured
mmlu_computer_security_53,mmlu,0.6B,8,deterministic,42,1.3228,245.41,34.75,32,24.19,42,26,6,0.619,4.33,False," B. 56

Answer:
B. 56

The subkey length at each round of DES is 56 is the correct answer.",False,True,captured
mmlu_computer_security_54,mmlu,0.6B,8,deterministic,42,2.9282,241.23,86.68,32,10.93,101,17,15,0.1683,1.13,False, A is a-based fuzzing generates each different input by modifying a prior input. Based fuzzing generates each different input by modifying a prior input is a-based fuzz,False,True,captured
mmlu_computer_security_55,mmlu,0.6B,8,deterministic,42,2.8354,239.78,83.73,32,11.29,99,20,13,0.202,1.54,False," C. Passive, active, and interactive scanning types of the types of scanning are the types of scanning are the types of scanning. Passive, active, and interactive",False,True,captured
mmlu_computer_security_56,mmlu,0.6B,8,deterministic,42,1.3767,241.51,36.62,32,23.24,44,27,6,0.6136,4.5,False," A. Message Nonrepudiation

Answer: A. Message Nonrepudiation

Answer: A. Message Nonrepudiation
Answer: A.",False,True,captured
mmlu_computer_security_57,mmlu,0.6B,8,deterministic,42,3.343,245.91,99.9,32,9.57,117,16,16,0.1368,1.0,False," D. The proxy rewall filters at the network layer. The proxy firewall filters at the network layer. The proxy firewall filters at the network layer
Answer:
",False,True,captured
mmlu_computer_security_58,mmlu,0.6B,8,deterministic,42,1.3304,243.84,35.05,32,24.05,42,26,6,0.619,4.33,False," B
Answer:
Answer: D

The correct answer is D. Transport Layer Security Protocol. The correct answer is D. Transport Layer Security Protocol. The correct",False,True,captured
mmlu_computer_security_59,mmlu,0.6B,8,deterministic,42,3.4377,241.58,103.1,32,9.31,120,16,17,0.1333,0.94,False," D. Tor browser
Answer: A special tool is necessary for entering the network which is asking about a bit confusing, a bit confusing, a special tool is",False,True,captured
mmlu_computer_security_60,mmlu,0.6B,8,deterministic,42,2.5104,241.52,73.19,32,12.75,87,22,11,0.2529,2.0,False," A
Answer:
A

Answer: By overwriting the return address to point to the return address of the code. By overwriting the return address to point",False,True,captured
mmlu_computer_security_61,mmlu,0.6B,8,deterministic,42,2.4454,246.33,70.94,32,13.09,83,20,12,0.241,1.67,False," A

Answer:
The digest created by a hash function is A

Answer:
The correct answer is A. Modication detection code (MDC) hash function",False,True,captured
mmlu_computer_security_62,mmlu,0.6B,8,deterministic,42,3.4922,246.26,104.71,32,9.16,124,17,16,0.1371,1.06,False," A
Answer: A. The encryption scheme $ E $ E is semantically secure encryption scheme $ E $ is semantically secure under chosen plaintext attack (CP",False,True,captured
mmlu_computer_security_63,mmlu,0.6B,8,deterministic,42,2.6833,242.59,78.73,32,11.93,94,21,12,0.2234,1.75,False," D. UNIX
Answer:
Answer: D. UNIX
Answer: UNIX
Answer: UNIX
Answer:
Answer: D. UNIX
Answer:
Answer:",False,True,captured
mmlu_computer_security_64,mmlu,0.6B,8,deterministic,42,3.1329,242.38,93.24,32,10.21,110,17,16,0.1545,1.06,False," D. The attacker resends a captured message, and the site accepts it is the correct. The site accepts it is the correct answer is the site accepts it",False,True,captured
mmlu_computer_security_65,mmlu,0.6B,8,deterministic,42,3.499,241.99,105.07,32,9.15,123,17,16,0.1382,1.06,False," C is the correct answer is the correct answer is the correct answer. 

**Statement 1 is the correct answer is the correct answer is the correct answer.",False,True,captured
mmlu_computer_security_66,mmlu,0.6B,8,deterministic,42,2.6259,242.83,76.87,32,12.19,91,21,12,0.2308,1.75,False," B. Wireless security
Answer: What is the term for the term that refers to the conceptually asking for the term that refers to the anticipation of unauthorized access",False,True,captured
mmlu_computer_security_67,mmlu,0.6B,8,deterministic,42,3.5679,243.24,107.25,32,8.97,125,16,17,0.128,0.94,False, A. Penetration testing provides the question is A. Penetration testing provides a. Penetration testing provides a. Results are often reproducible. Penetration testing,False,True,captured
mmlu_computer_security_68,mmlu,0.6B,8,deterministic,42,1.815,241.56,50.76,32,17.63,61,25,8,0.4098,3.12,False," B. Metasploit
Answer:
B. Metasploit

The Metasploit

Answer: B. Metasploit
Answer:
B. Met",False,True,captured
mmlu_computer_security_69,mmlu,0.6B,8,deterministic,42,2.092,245.96,59.55,32,15.3,71,24,9,0.338,2.67,False," B.  xor c.  No, I cannot compute the key. Yes, the key is k = m xor c.  No, I cannot compute",False,True,captured
mmlu_computer_security_70,mmlu,0.6B,8,deterministic,42,3.6572,245.03,110.07,32,8.75,128,14,19,0.1094,0.74,False," C
Okay, let's try to figure this out. The paper's timing channel is the timing channel is the timing channel is the only optimizations CR and MR",False,True,captured
mmlu_computer_security_71,mmlu,0.6B,8,deterministic,42,1.3359,237.97,35.42,32,23.95,43,27,6,0.6279,4.5,False," B. Message Integrity

Answer:
B. Message. Message Integrity

Answer: B. Message Integrity

Answer: B. Message Integrity

Answer: B.",False,True,captured
mmlu_computer_security_72,mmlu,0.6B,8,deterministic,42,2.1417,242.94,61.25,32,14.94,73,23,10,0.3151,2.3,False," C
Answer:
Answer: C

Answer: C
Answer: C
Answer: C
Answer: C
Answer: C
Answer: C
",False,True,captured
mmlu_computer_security_73,mmlu,0.6B,8,deterministic,42,3.9926,237.66,121.13,32,8.01,142,12,20,0.0845,0.6,False," D
Answer:
D
Answer: D. A
Answer: D. A
Answer:
A. A
Answer: D
Answer:
A.",False,True,captured
mmlu_computer_security_74,mmlu,0.6B,8,deterministic,42,1.7194,240.21,47.72,32,18.61,56,24,9,0.4286,2.67,False," B. It is a sequence of nops preceding injected shellcode, useful when the return address is unknown return address is unknown
Okay, so I injected shell",False,True,captured
mmlu_computer_security_75,mmlu,0.6B,8,deterministic,42,2.2097,239.2,63.56,32,14.48,75,23,10,0.3067,2.3,False," A
Answer:
A
Explanation: A A
Answer: The correct answer is A. A
Answer:
A
Explanation: A
Answer:
A",False,True,captured
mmlu_computer_security_76,mmlu,0.6B,8,deterministic,42,2.5106,250.6,72.9,32,12.75,86,22,11,0.2558,2.0,False," D. B and C

Answer: B and C

The correct answer is D. B and C. B and C

Answer: D. B and",False,True,captured
mmlu_computer_security_77,mmlu,0.6B,8,deterministic,42,3.7589,240.27,113.5,32,8.51,133,16,17,0.1203,0.94,False," C. Buffer-overflow

Answer: In a _____________ is asking about the type is asking about a buffer- The correct answer is C. Buffer-",False,True,captured
mmlu_computer_security_78,mmlu,0.6B,8,deterministic,42,2.4313,244.02,70.56,32,13.16,83,19,13,0.2289,1.46,False, D. EtterPeak is a popular tool used for network analysis in multiprotocol diverse network analysis of the question is a correct answer is a correct answer is,False,True,captured
mmlu_computer_security_79,mmlu,0.6B,8,deterministic,42,1.772,244.91,49.26,32,18.06,58,24,9,0.4138,2.67,False," C. Base Transceiver Station

Answer: C. Base Transceiver Station

The correct answer is C. Base Transceiver Station that is Base Transceiver Station",False,True,captured
mmlu_computer_security_80,mmlu,0.6B,8,deterministic,42,2.0666,242.62,58.84,32,15.48,70,23,10,0.3286,2.3,False," D. buffer

The correct answer is D. buffer. D. buffer. D. buffer. D. buffer. A. stack is D. buffer.",False,True,captured
mmlu_computer_security_81,mmlu,0.6B,8,deterministic,42,3.6211,236.25,109.19,32,8.84,127,15,18,0.1181,0.83,False, C. WPA (TKIP (TKIP (TKIP) is a. WPA (TKIP) is a temporary key integrity and AES is a,False,True,captured
mmlu_computer_security_82,mmlu,0.6B,8,deterministic,42,3.0969,243.36,92.05,32,10.33,108,18,15,0.1667,1.2,False," A. buffer
Answer:
A. buffer

. buffer is the system crashes when a search box that the system crashes when a search box is the system crashes",False,True,captured
mmlu_computer_security_83,mmlu,0.6B,8,deterministic,42,1.036,241.18,25.64,32,30.89,32,29,4,0.9062,7.25,False," C. WPS
The answer is C. WPS
TheThe answer is C. WPS
TheThe answer is C. WPS
The",False,True,captured
mmlu_computer_security_84,mmlu,0.6B,8,deterministic,42,1.7817,242.91,49.64,32,17.96,59,24,9,0.4068,2.67,False," B. Open, half-open, closed
Answer. Open, half-open, closed

Answer: B. Open, half-open, closed
Answer: B",False,True,captured
mmlu_computer_security_85,mmlu,0.6B,8,deterministic,42,2.0981,238.82,59.98,32,15.25,70,22,11,0.3143,2.0,False," A
Answer:
A

Explanation: WEP (Wired Equivalent Privacy) is the least strong security encryption standard. WPA3P A
Answer:
",False,True,captured
mmlu_computer_security_86,mmlu,0.6B,8,deterministic,42,1.8366,243.7,51.39,32,17.42,60,23,9,0.3833,2.56,False," C. could have different addresses depending on when its containing function is called. could have different addresses depending on when its containing function is called
Okay, so could",False,True,captured
mmlu_computer_security_87,mmlu,0.6B,8,deterministic,42,2.542,241.72,74.2,32,12.59,88,21,12,0.2386,1.75,False," A A A A
Answer: A
Answer: A
Answer: A
Answer: Local variables
Answer: A
Answer: A
Answer:",False,True,captured
mmlu_computer_security_88,mmlu,0.6B,8,deterministic,42,3.8843,241.52,117.51,32,8.24,137,13,19,0.0949,0.68,False, D. The question. The question. The question. The question is a stream cipher and see. The question. The question is a stream cipher can a bit,False,True,captured
mmlu_computer_security_89,mmlu,0.6B,8,deterministic,42,4.5315,241.76,138.38,32,7.06,163,10,22,0.0613,0.45,False, A is the process aims to restricts aim to restricts aim to restrict what operations or access control is the process aims to restrict what operations or data and authentication,False,True,captured
mmlu_computer_security_90,mmlu,0.6B,8,deterministic,42,1.9361,241.52,54.66,32,16.53,65,23,9,0.3538,2.56,False," C. Receiver site

Answer:
C. Receiver site

Answer: C. Receiver site

Answer: The message must be encrypted at the sender site and Receiver",False,True,captured
mmlu_computer_security_91,mmlu,0.6B,8,deterministic,42,3.0362,242.05,90.13,32,10.54,106,19,14,0.1792,1.36,False, C. A backdoor is a backdoor. A backdoor is a method. A backdoor is a method. A backdoor is a hidden part of,False,True,captured
mmlu_computer_security_92,mmlu,0.6B,8,deterministic,42,4.5855,243.86,140.05,32,6.98,164,11,22,0.0671,0.5,False, A. The IP header is the IP header is the correct IP header is the correct answer is the IP header is the correct answer. The IP header is the,False,True,captured
mmlu_computer_security_93,mmlu,0.6B,8,deterministic,42,3.6416,245.37,109.56,32,8.79,128,15,17,0.1172,0.88,False," C, we need to understand the conceptually not an example of presentation layer issues, we need to understand what is not an example of presentation layer issues, we",False,True,captured
mmlu_computer_security_94,mmlu,0.6B,8,deterministic,42,2.8929,245.92,85.39,32,11.06,100,18,15,0.18,1.2,False," A. True, True
Answer:
A. True, True

The OKWS (The OKWS (The OKWS design would becauses the file",False,True,captured
mmlu_computer_security_95,mmlu,0.6B,8,deterministic,42,2.57,235.0,75.32,32,12.45,89,21,12,0.236,1.75,False, A. To identify live systems. To identify live systems. To identify live systems. A. To identify live systems. To identify live systems. A ping sweep,False,True,captured
mmlu_computer_security_96,mmlu,0.6B,8,deterministic,42,2.4157,242.97,70.09,32,13.25,83,22,11,0.2651,2.0,False, A. The four Primary Security Principles related to messages are **Security Principles related to messages are **Security Principles related to messages are **Security Principles related to messages are,False,True,captured
mmlu_computer_security_97,mmlu,0.6B,8,deterministic,42,2.5846,237.92,75.7,32,12.38,89,19,13,0.2135,1.46,False," The answer is C. Morris Worm
Answer The answer is C. Morris Worm was the first buffer overflow attacks are you should be precise and Explanation: The Morris",False,True,captured
mmlu_computer_security_98,mmlu,0.6B,8,deterministic,42,1.5738,237.47,43.11,32,20.33,51,24,8,0.4706,3.0,False," C. SMS Trojan
Answer:
Answer: C. SMS Trojan
Answer:
C. SMS Trojan
Answer:
C. SMS Trojan
Answer:
C.",False,True,captured
mmlu_computer_security_99,mmlu,0.6B,8,deterministic,42,3.6509,240.66,110.01,32,8.77,129,15,18,0.1163,0.83,False," C
Answer:
To determine which of the C
Answer: C. The question's options is not a
Answer:
Answer: C. The three options",False,True,captured
mmlu_econometrics_0,mmlu,0.6B,8,deterministic,42,1.8065,245.05,50.37,32,17.71,61,24,8,0.3934,3.0,False," A. 99% of the time in repeated samples, the interval would contain the true value of the parameter. 99% of the time in",False,True,captured
mmlu_econometrics_1,mmlu,0.6B,8,deterministic,42,2.393,243.14,69.35,32,13.37,82,22,11,0.2683,2.0,False, C. The PP test incorporates an automatic correction for autocorrelated residuals in the test regression. The PP tests. The PP tests. The PP test incorporates an,False,True,captured
mmlu_econometrics_3,mmlu,0.6B,8,deterministic,42,2.8841,241.16,85.26,32,11.1,100,18,14,0.18,1.29,False, D. The linear probability model. The linear probability model. The linear probability model (D. The linear probability model. The linear probability model (D) Which,False,True,captured
mmlu_econometrics_4,mmlu,0.6B,8,deterministic,42,4.3791,238.61,133.56,32,7.31,156,11,21,0.0705,0.52,False," C, we need to evaluate each option, we need to evaluate each option C, we need to analyze each option, we need to analyze each option:

C",False,True,captured
mmlu_econometrics_5,mmlu,0.6B,8,deterministic,42,2.6465,244.16,77.5,32,12.09,90,18,14,0.2,1.29,False," B

Okay, let's tackle this question step is the Ljung-Box Q* statistics and Ljung-Box Q* test is the L",False,True,captured
mmlu_econometrics_6,mmlu,0.6B,8,deterministic,42,2.9438,240.82,87.19,32,10.87,102,17,15,0.1667,1.13,False, B. The correct answer is B. The term. The correct. The term. A parsimonious model is one that includes as the data. The term,False,True,captured
mmlu_econometrics_7,mmlu,0.6B,8,deterministic,42,4.0264,241.65,122.09,32,7.95,142,12,20,0.0845,0.6,False," D. D is D is correct. The question: D is D is correct. Continuously compounded returns, the following the following the following question: Why:",False,True,captured
mmlu_econometrics_8,mmlu,0.6B,8,deterministic,42,2.2619,246.85,65.0,32,14.15,77,23,10,0.2987,2.3,False," B

Answer: 

Answer: B

Answer: B

Answer: 

Answer: B

Answer: B

The standard GARCH(1,1",False,True,captured
mmlu_econometrics_9,mmlu,0.6B,8,deterministic,42,3.232,239.42,96.53,32,9.9,114,17,15,0.1491,1.13,False, B. The question. The question. The question is about the GARCH-M model. The question. The question is about the GARCH-M model. So,False,True,captured
mmlu_econometrics_10,mmlu,0.6B,8,deterministic,42,2.8025,250.82,82.31,32,11.42,97,19,14,0.1959,1.36,False," B. 

Bootstrapping is preferred when the distributional properties of the data are correct. 

Bootstrapping is arespective

Explanation: Bootstr",False,True,captured
mmlu_econometrics_12,mmlu,0.6B,8,deterministic,42,3.3639,242.07,100.71,32,9.51,118,17,16,0.1441,1.06,False, D. Because in model adequacy because it is because it is because it is because it is not because it is because it is not because it is not because,False,True,captured
mmlu_econometrics_15,mmlu,0.6B,8,deterministic,42,3.4209,251.77,102.23,32,9.35,112,18,15,0.1607,1.2,False," A. 

Explanation: The ARCH(q) models are correct. 

Explanation: The ARCH(q) models are correct. The ARCH(q) models are correct.",False,True,captured
mmlu_econometrics_16,mmlu,0.6B,8,deterministic,42,3.0343,265.93,89.3,32,10.55,104,17,15,0.1635,1.13,False, A. A. (ii) and (iv) only includes statements are (A. A. (ii) and (iv) only includes statements (A,False,True,captured
mmlu_econometrics_17,mmlu,0.6B,8,deterministic,42,2.9582,244.51,87.54,32,10.82,103,18,15,0.1748,1.2,False," B

Question is about the algebraic representation of the fitted regression line is about the question is about the algebraic representation of the fitted regression line is about the",False,True,captured
mmlu_econometrics_18,mmlu,0.6B,8,deterministic,42,1.7163,238.69,47.66,32,18.65,57,24,8,0.4211,3.0,False," D. 1 x 1
Answer:
.  D. 1 x 1

The expression $\hat{u}^t \hat{",False,True,captured
mmlu_econometrics_19,mmlu,0.6B,8,deterministic,42,3.6566,242.75,110.13,32,8.75,130,16,17,0.1231,0.94,False," B

The characteristic equation for an MA process is found by setting for an MA process is obtained from the MA process for an MA process is found by setting the",False,True,captured
mmlu_econometrics_20,mmlu,0.6B,8,deterministic,42,3.4886,243.94,104.67,32,9.17,122,14,18,0.1148,0.78,False, B. In the context of regression model is the correct because a non-stochastic variable is non-stochastic means that it is not random and is the correct because,False,True,captured
mmlu_econometrics_22,mmlu,0.6B,8,deterministic,42,2.9738,245.82,88.0,32,10.76,103,19,14,0.1845,1.36,False," D

Answer:
Answer: (i), (ii), (i) (i) Coefficient estimates may be unbiased, and D

Answer:
Answer:",False,True,captured
mmlu_econometrics_23,mmlu,0.6B,8,deterministic,42,2.4035,239.9,69.79,32,13.31,81,20,13,0.2469,1.54,False, B. It will be consistent and unbiased but not efficient. It will be consistent and unbiased but not efficient. It will be efficient. It will be efficient.,False,True,captured
mmlu_econometrics_24,mmlu,0.6B,8,deterministic,42,3.1829,240.33,94.92,32,10.05,112,18,14,0.1607,1.29,False," A, we need to understand the correct, we need to understand the correct answer, we need to understand the consequences of using non-stationary data in levels",False,True,captured
mmlu_econometrics_25,mmlu,0.6B,8,deterministic,42,1.8342,242.11,51.36,32,17.45,61,24,9,0.3934,2.67,False," A
Answer: A
Answer: A
Answer: D
Answer: A
Answer: A
Answer: A
Answer: D
Answer:",False,True,captured
mmlu_econometrics_26,mmlu,0.6B,8,deterministic,42,2.3106,239.68,66.81,32,13.85,80,22,10,0.275,2.2,False," B

Answer:
The correct answer is B B

Answer: A necessary but not sufficient condition for identification. The order condition is a necessary but not sufficient condition",False,True,captured
mmlu_econometrics_27,mmlu,0.6B,8,deterministic,42,3.7925,244.66,114.45,32,8.44,135,16,17,0.1185,0.94,False," D. The statement D. The statement that the statement D. Such an estimator will always be unbiased

The question: An estimator is said to have minimum variance",False,True,captured
mmlu_econometrics_28,mmlu,0.6B,8,deterministic,42,3.644,248.37,109.54,32,8.78,129,15,18,0.1163,0.83,False," A. 

The Dickey-Fuller and the ones are the ones are the disadvantages of the Dickey-Fuller and the ones are correct. The",False,True,captured
mmlu_econometrics_29,mmlu,0.6B,8,deterministic,42,2.5181,241.75,73.43,32,12.71,86,20,13,0.2326,1.54,False," D. The PRF is a description of the process thought to be generating the data.

The population process thought process thought process that is thought process thought to be",False,True,captured
mmlu_econometrics_30,mmlu,0.6B,8,deterministic,42,4.0147,241.85,121.71,32,7.97,140,11,21,0.0786,0.52,False," D. The general to specific, in the context-dependent on the specific to general, in the context of the Hendry's a stepwise to start with the",False,True,captured
mmlu_econometrics_31,mmlu,0.6B,8,deterministic,42,2.827,254.57,82.98,32,11.32,98,19,14,0.1939,1.36,False," B. 

Explanation: (i) is correct because ML estimation is correct. (ii) is incorrect because GARCH models, because (i) is correct",False,True,captured
mmlu_econometrics_32,mmlu,0.6B,8,deterministic,42,3.1883,240.54,95.09,32,10.04,112,17,15,0.1518,1.13,False," D. 

The inclusion of lagged dependent variable. 

The inclusion of lagged dependent variable. 

Wait, but the inclusion of lagged dependent variable.",False,True,captured
mmlu_econometrics_33,mmlu,0.6B,8,deterministic,42,2.2523,241.04,64.88,32,14.21,77,23,10,0.2987,2.3,False, A model that is A model that is A model that is based on financial theory is A model that is based on financial theory is likely to lead to a relatively,False,True,captured
mmlu_econometrics_34,mmlu,0.6B,8,deterministic,42,1.7497,249.96,48.38,32,18.29,58,24,8,0.4138,3.0,False," A. 

The correct answer is A. (ii) and (i) and (iii) are plausible approaches to dealing with residual autocorrelation. 

",False,True,captured
mmlu_econometrics_35,mmlu,0.6B,8,deterministic,42,2.2781,238.3,65.8,32,14.05,73,23,10,0.3151,2.3,False, A. The correct answer is A. The correct answer is A. The roots lie inside the unit circle. The correct answer is A. The roots of the,False,True,captured
mmlu_econometrics_36,mmlu,0.6B,8,deterministic,42,3.599,269.0,107.42,32,8.89,124,13,19,0.1048,0.68,False," A
Okay, let's go through each statement:

(i) Adjusted R-squared is answay is correct answer is correct answer is correct answer is",False,True,captured
mmlu_econometrics_38,mmlu,0.6B,8,deterministic,42,2.5423,240.88,74.24,32,12.59,88,21,12,0.2386,1.75,False," Dickey-Fuller test is used in the Dickey-Fuller test is to the purpose of ""augmenting"" of the Dickey-Full",False,True,captured
mmlu_econometrics_39,mmlu,0.6B,8,deterministic,42,1.6243,243.96,44.53,32,19.7,54,26,7,0.4815,3.71,False," A
Answer: D
Answer: A
Answer: D
Answer: A
Answer: A
Answer: D
Answer: A
Answer:",False,True,captured
mmlu_econometrics_40,mmlu,0.6B,8,deterministic,42,2.5464,252.93,73.98,32,12.57,88,22,11,0.25,2.0,False," C. The correct answer is C. (C
Answer: C. The correct answer is C. (i), (ii), and (iii) only",False,True,captured
mmlu_econometrics_42,mmlu,0.6B,8,deterministic,42,4.4116,244.07,134.44,32,7.25,157,12,21,0.0764,0.57,False, C is as per the given in the answer: C is as per the given instructions: C is as follows the correct answer: C is as follows the correct,False,True,captured
mmlu_econometrics_43,mmlu,0.6B,8,deterministic,42,2.2828,240.58,65.88,32,14.02,76,20,12,0.2632,1.67,False," C
Answer:
Answer: C

The incorrect statement is C. In the classical hypothesis testing framework, the statement that the classical hypothesis testing framework is incorrect statement",False,True,captured
mmlu_econometrics_44,mmlu,0.6B,8,deterministic,42,2.4702,243.09,71.84,32,12.95,85,21,12,0.2471,1.75,False," B, we need to understand the properties of an ARMA(p,q) B, we need to understand the characteristics of an ARMA(p, we need to",False,True,captured
mmlu_econometrics_45,mmlu,0.6B,8,deterministic,42,2.247,244.41,64.6,32,14.24,77,21,11,0.2727,1.91,False," D. 1.96

The question is about finding the critical value for a 2-sided 5% size of course. Let me think through",False,True,captured
mmlu_econometrics_47,mmlu,0.6B,8,deterministic,42,2.184,242.13,62.64,32,14.65,74,23,10,0.3108,2.3,False, A. Pure time-series models are not theoretically motivated. Pure time-series models are not theoretically motivated. Pure time-series models are not theoretically motivated. Structural models are,False,True,captured
mmlu_econometrics_48,mmlu,0.6B,8,deterministic,42,2.5203,242.69,73.47,32,12.7,86,19,13,0.2209,1.46,False," B

Answer: B. In linear regression analysis, the dependent variable is B

In linear regression analysis, the dependent variable is typically, we need to understand",False,True,captured
mmlu_econometrics_49,mmlu,0.6B,8,deterministic,42,4.2749,246.95,129.93,32,7.49,152,12,21,0.0789,0.57,False," A. 

The VARs are correct. 

The VARs in the correct. 

The VARs in the options are correct. The VARs in the",False,True,captured
mmlu_econometrics_50,mmlu,0.6B,8,deterministic,42,2.5152,239.19,73.42,32,12.72,87,20,12,0.2299,1.67,False," A
Answer:
The standard regression model, let's analyze the options:

A
Answer: A

The standard regression model assumes that is true concerning the standard",False,True,captured
mmlu_econometrics_52,mmlu,0.6B,8,deterministic,42,3.4966,247.52,104.81,32,9.15,123,16,17,0.1301,0.94,False, A. The logit and explanation is A. They use a different method of transforming the logit and explanation is that describes the key is A. They use,False,True,captured
mmlu_econometrics_53,mmlu,0.6B,8,deterministic,42,1.7415,239.67,48.44,32,18.38,58,25,8,0.431,3.12,False," C
Answer:
Answer: C

The correct answer is C. The most important disadvantage of the diagonal VECH approach to the most important disadvantage of the diagonal",False,True,captured
mmlu_econometrics_54,mmlu,0.6B,8,deterministic,42,3.5501,254.04,106.32,32,9.01,125,15,17,0.12,0.88,False," A. 

Explanation: If the correct. 

Explanation: If the correct statements are correct. If the excluded variable is uncorrelated with all of the options",False,True,captured
mmlu_econometrics_56,mmlu,0.6B,8,deterministic,42,2.0184,247.02,57.14,32,15.85,67,21,11,0.3134,1.91,False," D. (i), (ii), (iii), and (iv) and (iv) only

Wait, the options are all of the four statements are",False,True,captured
mmlu_econometrics_57,mmlu,0.6B,8,deterministic,42,2.3635,241.21,68.46,32,13.54,82,21,11,0.2561,1.91,False, A. Heteroscedasticity refers to the situation is the correct. Heteroscedasticity refers to the term heteroscedasticity is,False,True,captured
mmlu_econometrics_59,mmlu,0.6B,8,deterministic,42,2.4625,239.44,71.71,32,13.0,84,20,13,0.2381,1.54,False," Bera-Jarque test is a
Answer: B

The Bera-Jarque test is a statistical test, Jarque test is a
Answer",False,True,captured
mmlu_econometrics_60,mmlu,0.6B,8,deterministic,42,3.5306,239.12,106.18,32,9.06,125,17,16,0.136,1.06,False, C. The correct. The correct. The correct answer is correct. The other as the larger samples increase as the sample size increases. The correct answer is C,False,True,captured
mmlu_econometrics_61,mmlu,0.6B,8,deterministic,42,2.2421,244.65,64.43,32,14.27,77,22,10,0.2857,2.2,False," C
Answer:
The correct answer is C. The correct answer is C. The correct answer is C. The typical characteristic of financial asset return time-series are",False,True,captured
mmlu_econometrics_62,mmlu,0.6B,8,deterministic,42,2.3533,269.87,67.21,32,13.6,79,21,12,0.2658,1.75,False," C. (i), (ii), and (iii) only

The correct answer is C. (i), (i) only

Wait, the correct",False,True,captured
mmlu_econometrics_63,mmlu,0.6B,8,deterministic,42,3.9158,242.74,118.49,32,8.17,139,15,18,0.1079,0.83,False," B is as per the question, the fixed effects approach to choose B is as per the given in the answer: The fixed effects approach to estimating a panel model",False,True,captured
mmlu_econometrics_64,mmlu,0.6B,8,deterministic,42,2.1509,241.92,61.58,32,14.88,73,23,10,0.3151,2.3,False," A
Answer: D
Answer: A
Answer: D
Answer: D
Answer: D
Answer: A
Answer: D
Answer:",False,True,captured
mmlu_econometrics_65,mmlu,0.6B,8,deterministic,42,2.5351,240.1,74.03,32,12.62,88,22,11,0.25,2.0,False," A A A A
Answer: A
Answer: A
Answer: A
Answer: A
Answer: Discrete
Answer: A
Answer:",False,True,captured
mmlu_econometrics_66,mmlu,0.6B,8,deterministic,42,2.3943,243.84,69.37,32,13.37,82,22,11,0.2683,2.0,False," C
Answer:
The Johansen cointegration test is a statistical test used to determine the number of the test is a
Answer:
The Johansen c",False,True,captured
mmlu_econometrics_67,mmlu,0.6B,8,deterministic,42,4.1571,253.31,125.93,32,7.7,148,14,19,0.0946,0.74,False," A. 

The variance decompose that is correct. 

The variance decompose that is correct. 

Variance decompositions measure the proportion of the forecast error",False,True,captured
mmlu_econometrics_68,mmlu,0.6B,8,deterministic,42,2.3687,256.24,68.14,32,13.51,81,21,11,0.2593,1.91,False," D
Answer:
Answer: D

Answer: D

Answer: D

Answer: D. The correct approach for a 10-day forecast of the",False,True,captured
mmlu_econometrics_69,mmlu,0.6B,8,deterministic,42,5.2118,245.96,160.19,32,6.14,187,6,26,0.0321,0.23,False," A
Okay, so-called ""R-squared"" value of the answer. The value of the answer. The value of the answer. The value of $",False,True,captured
mmlu_econometrics_70,mmlu,0.6B,8,deterministic,42,3.689,242.4,111.18,32,8.67,131,16,17,0.1221,0.94,False," D

Answer: D. A

A. A

A. (D

A. (ii) and (iv) only

Answer: D

",False,True,captured
mmlu_econometrics_71,mmlu,0.6B,8,deterministic,42,2.3034,252.99,66.14,32,13.89,77,23,10,0.2987,2.3,False," A. The Box-Jenkins approach to diagnostic testing for ARMA

The Box-Jenkins approach to diagnostic testing for ARMA

The Box-Jenkins approach to",False,True,captured
mmlu_econometrics_72,mmlu,0.6B,8,deterministic,42,1.5951,243.21,43.61,32,20.06,53,26,7,0.4906,3.71,False," D. The correct answer is D. Remove any large outliers from the data.
The correct answer is D. Remove any large outliers from the data.
The correct",False,True,captured
mmlu_econometrics_73,mmlu,0.6B,8,deterministic,42,1.8181,241.53,50.86,32,17.6,61,25,8,0.4098,3.12,False," B

Answer:
The fixed effects panel model is also known as the least squares dummy variables approach. The fixed effects panel model is also known as the least squares",False,True,captured
mmlu_econometrics_74,mmlu,0.6B,8,deterministic,42,1.4264,244.38,38.13,32,22.43,43,26,7,0.6047,3.71,False, B. OLS minimises the sum of the squares of the vertical distances from the points to the squares of the vertical distances from the points to the squares of,False,True,captured
mmlu_econometrics_75,mmlu,0.6B,8,deterministic,42,3.314,242.02,99.1,32,9.66,116,16,16,0.1379,1.0,False," B

The question is about the tools for time-series analysis, such as the autocorrelation (e-series analysis, such as the autocorrelation (e",False,True,captured
mmlu_econometrics_76,mmlu,0.6B,8,deterministic,42,3.0879,248.78,91.59,32,10.36,107,16,16,0.1495,1.0,False," A

The answer: (ii) and (iv) only.

The answer: (ii) and (iv) only.

Let me explain why? Let",False,True,captured
mmlu_econometrics_77,mmlu,0.6B,8,deterministic,42,3.9554,238.79,119.89,32,8.09,140,14,19,0.1,0.74,False," A

In this is A

Censored. Censored. Censored. In econometrically, the dependent variable is not B. Truncated Censored",False,True,captured
mmlu_econometrics_78,mmlu,0.6B,8,deterministic,42,2.5328,241.74,73.91,32,12.63,87,21,12,0.2414,1.75,False," A
Answer: D
Answer: C A
Answer: D
Answer: Determining whether  A
Answer: A
Answer: D
Answer",False,True,captured
mmlu_econometrics_80,mmlu,0.6B,8,deterministic,42,2.9962,238.29,88.97,32,10.68,104,17,15,0.1635,1.13,False," D. 36

In a standard form, unrestricted tri-variate VAR(4), we need to calculate the number of parameters in a standard form,",False,True,captured
mmlu_econometrics_81,mmlu,0.6B,8,deterministic,42,3.9002,246.93,117.85,32,8.2,137,13,19,0.0949,0.68,False," D

The question is about structural stability test for the question is the question is about structural stability testing for the unrestricted sum of squares (RSS) of squares (",False,True,captured
mmlu_econometrics_82,mmlu,0.6B,8,deterministic,42,4.6992,245.96,143.65,32,6.81,168,9,24,0.0536,0.38,False," A and D

Okay, let's break down to do not sure is about the user is about the user is about the GARCH(1 is about the",False,True,captured
mmlu_econometrics_83,mmlu,0.6B,8,deterministic,42,3.9596,237.74,120.06,32,8.08,141,12,20,0.0851,0.6,False, C. The question. The question. The question is about near multicollinearity. The question. The question is asking which option by first. The question,False,True,captured
mmlu_econometrics_84,mmlu,0.6B,8,deterministic,42,3.7144,240.96,112.05,32,8.62,131,15,18,0.1145,0.83,False," A A A A
Answer: D
Answer: Stationary process is correct answer: Stationary process
Answer: D
Answer: D
Answer:",False,True,captured
mmlu_econometrics_85,mmlu,0.6B,8,deterministic,42,2.0875,240.46,59.58,32,15.33,70,23,9,0.3286,2.56,False, D. The Durbin Watson test is specifically designed to detect autocorrelation of autocorrelation up to third order. The Durbin Watson test is used for,False,True,captured
mmlu_econometrics_86,mmlu,0.6B,8,deterministic,42,2.1908,245.51,62.75,32,14.61,74,22,11,0.2973,2.0,False," C. The difference between the actual value, y, and the fitted value, y-hat is the correct. The difference between the actual value, and the",False,True,captured
mmlu_econometrics_87,mmlu,0.6B,8,deterministic,42,2.7579,237.99,81.29,32,11.6,96,20,12,0.2083,1.67,False," C

Wait, the question is about applying OLS to each equation in a simultaneous system is a

The question is about applying OLS to each equation in",False,True,captured
mmlu_econometrics_89,mmlu,0.6B,8,deterministic,42,1.6827,245.68,46.36,32,19.02,56,25,7,0.4464,3.57,False," B. B. A multinomial logit

Answer: B. B. A multinomial logit

The correct answer is B. A multinomial log",False,True,captured
mmlu_econometrics_90,mmlu,0.6B,8,deterministic,42,4.61,248.7,140.69,32,6.94,165,10,22,0.0606,0.45,False," B. Wait, no. Wait, no, but wait, but wait, but wait, but wait, but wait, no. Wait, no. Wait",False,True,captured
mmlu_econometrics_91,mmlu,0.6B,8,deterministic,42,2.6996,245.46,79.17,32,11.85,93,20,13,0.2151,1.54,False," A

Answer: A

The random effects approach to estimating a panel model is a method used in panel data modeling panel data modeling panel data modeling is a method",False,True,captured
mmlu_econometrics_92,mmlu,0.6B,8,deterministic,42,3.2559,248.49,97.01,32,9.83,115,18,15,0.1565,1.2,False," C. 

Wait, the correct answer is C. 

Wait, the correct answer is C. (iii) only

Wait, the correct answer is C",False,True,captured
mmlu_econometrics_93,mmlu,0.6B,8,deterministic,42,4.3983,245.91,133.95,32,7.28,158,12,20,0.0759,0.6,False," C. Let's validity, let's analyze the statements:

Let's analyze the statements are the statements (C. Let's analyze the statements:

(i) **",False,True,captured
mmlu_econometrics_94,mmlu,0.6B,8,deterministic,42,4.527,245.23,138.12,32,7.07,162,11,21,0.0679,0.52,False," B. 

The conditions are necessary conditions are necessary conditions are necessary for a series must becaused to be correct. The definition of weakly stationary process.",False,True,captured
mmlu_econometrics_95,mmlu,0.6B,8,deterministic,42,1.6398,242.9,45.06,32,19.51,51,26,7,0.5098,3.71,False," A
Answer: C
Answer: C
Answer: C
Answer: C
Answer: A
Answer: C
Answer: A
Answer:",False,True,captured
mmlu_econometrics_96,mmlu,0.6B,8,deterministic,42,3.0048,248.17,88.92,32,10.65,105,18,14,0.1714,1.29,False, D. The D. The Dickey-Fuller test statistic values are more negative (More negative (More negative (i.e. bigger in absolute value of,False,True,captured
mmlu_econometrics_97,mmlu,0.6B,8,deterministic,42,3.4705,249.1,103.92,32,9.22,123,17,16,0.1382,1.06,False," B. 

The significance level is the correct. 

The significance level is the size of the test is correct. (i) is correct because the significance level",False,True,captured
mmlu_econometrics_98,mmlu,0.6B,8,deterministic,42,1.5512,247.79,42.05,32,20.63,50,24,8,0.48,3.0,False, B. The Engle-Yoo) approach can only detect up to one cointegrating relationship even though there could be more than one cointegranger,False,True,captured
mmlu_econometrics_99,mmlu,0.6B,8,deterministic,42,1.5154,239.92,41.14,32,21.12,49,26,7,0.5306,3.71,False," D

Answer: D D

Answer: D D

Answer: D

Answer: D D

Answer: D D

Answer: D D

Answer",False,True,captured
mmlu_econometrics_100,mmlu,0.6B,8,deterministic,42,3.6081,241.75,108.59,32,8.87,127,14,18,0.1102,0.78,False," B. 2SLS and IV are the 2S

Explanation: OLS is not correct because ILS is not a standard estimation techniques are the",False,True,captured
mmlu_econometrics_101,mmlu,0.6B,8,deterministic,42,1.4029,238.97,37.55,32,22.81,45,26,6,0.5778,4.33,False, D. It is the probability of failing to reject a null hypothesis that was wrong. It is the probability of failing to reject a null hypothesis that was wrong.,False,True,captured
mmlu_econometrics_103,mmlu,0.6B,8,deterministic,42,3.2533,247.49,96.96,32,9.84,113,17,16,0.1504,1.06,False," A. Wait, no, because a stationary process has constant mean and variance and (ii) It has constant mean and variance and (iii) is correct.",False,True,captured
mmlu_econometrics_104,mmlu,0.6B,8,deterministic,42,2.7472,241.88,80.82,32,11.65,95,20,12,0.2105,1.67,False," B
Answer:
To determine the correct condition B
Answer: B

Answer: B. In a and understand the concept of bi-directional feedback in a",False,True,captured
mmlu_econometrics_105,mmlu,0.6B,8,deterministic,42,3.7098,246.42,111.72,32,8.63,132,15,17,0.1136,0.88,False," D

Wait, the question is asking is asking is asking is asking about the question is asking is asking about the statistical significance of the autocorrelation coefficients are",False,True,captured
mmlu_econometrics_106,mmlu,0.6B,8,deterministic,42,3.9512,242.59,119.63,32,8.1,141,15,18,0.1064,0.83,False," C, we need to understand the purpose of goodness of fit statistic, we need to understand the correct, we need to understand the purpose of goodness of fit statistic",False,True,captured
mmlu_econometrics_107,mmlu,0.6B,8,deterministic,42,3.0097,256.44,88.82,32,10.63,104,18,15,0.1731,1.2,False," B. 

Explanation: Antithetic variates are arespective

Explanation: Antithetic variates are a variance reduction technique. 

Explanation: Ant",False,True,captured
mmlu_econometrics_108,mmlu,0.6B,8,deterministic,42,2.5032,243.21,72.9,32,12.78,85,20,13,0.2353,1.54,False, D. The mean squared error (i disproportionately more than small forecast errors. The mean squared error (MSE) is a lot more than small ones more than,False,True,captured
mmlu_econometrics_109,mmlu,0.6B,8,deterministic,42,3.6812,246.67,110.79,32,8.69,121,15,17,0.124,0.88,False, C. The question. The question. The question. The question is about GARCH models and EGARCH models. The question. The question is about the right,False,True,captured
mmlu_econometrics_110,mmlu,0.6B,8,deterministic,42,2.1923,262.18,62.26,32,14.6,73,23,10,0.3151,2.3,False," A
Answer: D
Answer: A
Answer: D
Answer: D
Answer: D
Answer: A
Answer: D
Answer:",False,True,captured
mmlu_econometrics_111,mmlu,0.6B,8,deterministic,42,3.1998,249.45,95.17,32,10.0,112,18,14,0.1607,1.29,False," D. (i), (ii), and (iii) are all three are all three are all correct answer: D. (i), (ii), and",False,True,captured
mmlu_econometrics_112,mmlu,0.6B,8,deterministic,42,2.5663,241.12,75.01,32,12.47,88,19,13,0.2159,1.46,False," B
Answer:
The Engle-Granger test is used to the null hypothesis in the Engle-Granger test, we need to understand the Eng",False,True,captured
mmlu_econometrics_113,mmlu,0.6B,8,deterministic,42,2.3857,249.05,68.93,32,13.41,81,20,12,0.2469,1.67,False," B
Okay, let's go through each statement:

i) The acf and pacf will always be identical at lag one. For statement (i)",False,True,captured
mmlu_us_foreign_policy_0,mmlu,0.6B,8,deterministic,42,1.8921,243.72,53.17,32,16.91,64,24,8,0.375,3.0,False," A
Answer:
A

The United Nations Security Council consists of 15 members, including the Security Council consists of 15 members, including 5",False,True,captured
mmlu_us_foreign_policy_1,mmlu,0.6B,8,deterministic,42,2.828,244.01,83.35,32,11.32,98,19,13,0.1939,1.46,False," A. 

The Gulf of Tonkin Resolution, the involvement in the involvement in Vietnam. 

The Gulf of Tonkin Resolution, the Gulf of Tonkin resolution",False,True,captured
mmlu_us_foreign_policy_2,mmlu,0.6B,8,deterministic,42,3.0735,238.79,91.44,32,10.41,107,18,15,0.1682,1.2,False, D is a nonstate actor is a nonstate actor is a state actors that the question is asking which is not a nonstate actor that poses a nonstate,False,True,captured
mmlu_us_foreign_policy_3,mmlu,0.6B,8,deterministic,42,1.3477,241.83,35.67,32,23.74,43,27,6,0.6279,4.5,False," A
Answer: A
Answer: A
Answer: B
Answer: A
Answer: B
Answer: A
Answer: B
Answer:",False,True,captured
mmlu_us_foreign_policy_4,mmlu,0.6B,8,deterministic,42,3.6631,241.32,110.38,32,8.74,130,16,17,0.1231,0.94,False," D. 

The Strategic Arms Reduction Treaty (the missiles.
The Strategic Arms Reduction Treaty (Sov nuclear missiles.
The answer: The Strategic Arms Reduction Treaty (",False,True,captured
mmlu_us_foreign_policy_5,mmlu,0.6B,8,deterministic,42,1.7767,244.82,49.42,32,18.01,59,24,8,0.4068,3.0,False," D. Both b and c
Answer:
D. Both b and c
Answer:
D
Answer:
D
Answer:
D
Answer: D.",False,True,captured
mmlu_us_foreign_policy_6,mmlu,0.6B,8,deterministic,42,2.107,241.84,60.17,32,15.19,71,23,10,0.3239,2.3,False," A
Answer:
Answer: A

Answer: A
Answer: A
Answer: A
Answer: A
Answer: A
Answer:
Answer:",False,True,captured
mmlu_us_foreign_policy_7,mmlu,0.6B,8,deterministic,42,3.2886,243.39,98.23,32,9.73,115,17,16,0.1478,1.06,False, D. The New Populism is a new populism is the New Populism is a term is the New Populism is a term is the,False,True,captured
mmlu_us_foreign_policy_8,mmlu,0.6B,8,deterministic,42,2.0586,243.86,58.54,32,15.54,68,21,11,0.3088,1.91,False," D. The United States became a creditor country and financial centre, with European war spending boosting the US banks in the aftermath of World War I shifted economic leader in",False,True,captured
mmlu_us_foreign_policy_9,mmlu,0.6B,8,deterministic,42,2.9624,239.07,87.85,32,10.8,104,18,14,0.1731,1.29,False," D

Answer:
D

Answer: D. D

Answer:
D. D. D

Answer:
D. Congress. The correct answer is D,",False,True,captured
mmlu_us_foreign_policy_10,mmlu,0.6B,8,deterministic,42,1.5751,242.55,42.99,32,20.32,51,25,8,0.4902,3.12,False," B
Answer:
B

The Cold War B
Answer:
B

The Cold War context shaped US perceptions of the Third World were shaped by a
Answer",False,True,captured
mmlu_us_foreign_policy_11,mmlu,0.6B,8,deterministic,42,4.7525,241.64,145.51,32,6.73,167,10,22,0.0599,0.45,False, B. The NATO used force in a force in a force in a conflict in a force in a conflict in the force in a conflict in the Balkans.,False,True,captured
mmlu_us_foreign_policy_12,mmlu,0.6B,8,deterministic,42,3.0616,241.33,90.98,32,10.45,107,18,15,0.1682,1.2,False," B
Answer:
Answer: B
The B
Answer: B. According to systemic theory of the primary determinant of a state's foreign policy, according to",False,True,captured
mmlu_us_foreign_policy_13,mmlu,0.6B,8,deterministic,42,1.6368,242.05,44.99,32,19.55,51,25,7,0.4902,3.57,False," D. ALL of the above
Answer:
D. ALL OF THE ABOVE
Answer:
D
Answer:
D
Answer:
D
Answer: D.",False,True,captured
mmlu_us_foreign_policy_14,mmlu,0.6B,8,deterministic,42,2.8039,241.5,82.66,32,11.41,96,18,15,0.1875,1.2,False," B
Answer:
Answer: B. The power to accord official recognition to other countries belongs to the question, we need to analyze the question, we need to",False,True,captured
mmlu_us_foreign_policy_15,mmlu,0.6B,8,deterministic,42,2.5965,242.2,75.95,32,12.32,89,21,12,0.236,1.75,False," B. 

The Moscow Treaty on Strategic Offensive Reductions. 

The Moscow Treaty on Strategic Offensive Reductions, a significant number of their nuclear weapons. 

The",False,True,captured
mmlu_us_foreign_policy_16,mmlu,0.6B,8,deterministic,42,2.9991,239.72,89.01,32,10.67,105,17,15,0.1619,1.13,False," C. to US trade and missionaries. to US trade and missionaries. to US trade and missionaries

The 'open-door notes were the US trade and missionaries.",False,True,captured
mmlu_us_foreign_policy_17,mmlu,0.6B,8,deterministic,42,1.8857,240.63,53.07,32,16.97,63,23,9,0.3651,2.56,False," B. 

The correct answer is B. Costs of free trade are concentrated, but benefits are benefits are dispersed. 

The correct answer is B. The correct",False,True,captured
mmlu_us_foreign_policy_18,mmlu,0.6B,8,deterministic,42,1.8926,240.87,53.28,32,16.91,63,24,8,0.381,3.0,False, C. Limited UN mandate and fear of a protracted conflict. Limited UN mandate and fear of a protracted conflict. Limited UN mandate and fear of a pro,False,True,captured
mmlu_us_foreign_policy_19,mmlu,0.6B,8,deterministic,42,2.7211,240.04,80.03,32,11.76,95,21,12,0.2211,1.75,False," B
Answer:
D

Answer:
D B
Answer: None of the above
Answer:
D
Answer: None of the above
Answer:
D",False,True,captured
mmlu_us_foreign_policy_20,mmlu,0.6B,8,deterministic,42,2.5862,242.49,75.6,32,12.37,89,21,12,0.236,1.75,False," A D
Answer: It indicated that the US would now view all local revolts
Answer: D
Answer: It indicated US reluctance to get involved",False,True,captured
mmlu_us_foreign_policy_21,mmlu,0.6B,8,deterministic,42,2.787,240.37,82.15,32,11.48,97,20,13,0.2062,1.54,False, C. The effects of oil and other natural resource trade on developing states often leads to regime stability. The effects of oil and other natural resource trade on developing states,False,True,captured
mmlu_us_foreign_policy_22,mmlu,0.6B,8,deterministic,42,2.5495,238.77,74.54,32,12.55,87,19,14,0.2184,1.36,False," C
Answer:
Answer: C

The C
Answer: C. The dominant course for foreign policy throughout most of American foreign policy approach that the dominant course",False,True,captured
mmlu_us_foreign_policy_23,mmlu,0.6B,8,deterministic,42,3.1354,238.63,93.44,32,10.21,109,16,16,0.1468,1.0,False, B. The British involvement in the French and Indian War (The British involvement in the French and Indian War (The British had a. The British were a.,False,True,captured
mmlu_us_foreign_policy_24,mmlu,0.6B,8,deterministic,42,2.6211,242.43,76.73,32,12.21,91,21,12,0.2308,1.75,False," B. George Soros
Answer:
B. George. George Soros
Answer: George Soros
Answer: George Soros
Answer:
Answer: B. George Soros",False,True,captured
mmlu_us_foreign_policy_25,mmlu,0.6B,8,deterministic,42,2.9364,242.39,86.9,32,10.9,103,19,13,0.1845,1.46,False," C. help pursue policy goals. help pursue policy goals.
The correct the pursue policy goals. help pursue policy goals.

Wait, the answer is C. the",False,True,captured
mmlu_us_foreign_policy_26,mmlu,0.6B,8,deterministic,42,2.0656,242.17,58.82,32,15.49,70,22,10,0.3143,2.2,False," A
Answer:
Answer: A
The A
Answer: A
Answer:
Answer: A
Answer: A
Answer: A
Answer:
Answer",False,True,captured
mmlu_us_foreign_policy_27,mmlu,0.6B,8,deterministic,42,2.0845,241.54,59.45,32,15.35,71,24,9,0.338,2.67,False," B. 

The key difference between US expansion pre- and post-territory post-1865

The key difference between US expansion pre- and",False,True,captured
mmlu_us_foreign_policy_28,mmlu,0.6B,8,deterministic,42,2.3453,241.83,67.85,32,13.64,80,22,11,0.275,2.0,False, C. That military spending gave the arms industry unwarrantedt. That military spending gave the arms industry unwarrantedt. That military spending gave the arms,False,True,captured
mmlu_us_foreign_policy_29,mmlu,0.6B,8,deterministic,42,2.3311,240.58,67.44,32,13.73,80,22,11,0.275,2.0,False, A. the Security Council. the Security Council. the Security Council. The Security Council. the Security Council. The Security Council holds the real power within the United,False,True,captured
mmlu_us_foreign_policy_30,mmlu,0.6B,8,deterministic,42,2.6926,241.88,79.06,32,11.88,93,20,13,0.2151,1.54,False," C. 

The correct answer is C. 

The correct answer is C. Conservatives and the correct. 

The correct answer is C. Conservatives and the correct",False,True,captured
mmlu_us_foreign_policy_31,mmlu,0.6B,8,deterministic,42,2.6403,240.19,77.42,32,12.12,92,20,12,0.2174,1.67,False," A D
Answer: Provide fora for discussion
Answer: A D
Answer: A
Answer: A D
Answer: A
Answer: A
",False,True,captured
mmlu_us_foreign_policy_32,mmlu,0.6B,8,deterministic,42,1.5476,240.82,42.15,32,20.68,51,26,7,0.5098,3.71,False," D. All of the above
Answer:
D. All of the above
Answer:
D
Answer:
D
Answer:
D
Answer: D.",False,True,captured
mmlu_us_foreign_policy_33,mmlu,0.6B,8,deterministic,42,1.847,239.03,51.87,32,17.33,62,25,8,0.4032,3.12,False," D. third-party negotiator

The correct answer is D. Bilateral talks that do not involve a third-party negotiator

The correct answer is D.",False,True,captured
mmlu_us_foreign_policy_34,mmlu,0.6B,8,deterministic,42,1.6882,245.42,46.54,32,18.96,56,25,7,0.4464,3.57,False, B. The Clinton Administration's policy on the Russian economy. The Clinton Administration's policy on the Russian economy. The Clinton Administration's policy on the Russian economy.,False,True,captured
mmlu_us_foreign_policy_35,mmlu,0.6B,8,deterministic,42,1.3681,243.55,36.28,32,23.39,43,27,6,0.6279,4.5,False," D. 3 or more
Answer:
D. 3 or more
Answer:
D. 3 or more
Answer:
D. 3 or",False,True,captured
mmlu_us_foreign_policy_36,mmlu,0.6B,8,deterministic,42,2.3086,242.98,66.63,32,13.86,77,19,13,0.2468,1.46,False," A. 

The correct answer is A. This would be an 'empire of liberty' is the correct answer. The other people' is the people'",False,True,captured
mmlu_us_foreign_policy_37,mmlu,0.6B,8,deterministic,42,1.5932,241.28,43.61,32,20.09,52,25,8,0.4808,3.12,False," C. guns and butter
Answer:
The trade-off between defense and social spending is often referred to as a choice between guns and butter
Answer:
The trade",False,True,captured
mmlu_us_foreign_policy_38,mmlu,0.6B,8,deterministic,42,2.0754,242.91,59.11,32,15.42,70,21,11,0.3,1.91,False," B. 

The correct answer is B. An opportunity to use to collapse of the Soviet Union to extend US power. 

Wait, the Soviet Union to extend",False,True,captured
mmlu_us_foreign_policy_39,mmlu,0.6B,8,deterministic,42,2.3191,237.34,67.15,32,13.8,80,22,10,0.275,2.2,False, A. The correct answer is A. Realism. The correct answer is A. Realism. Realism. The correct answer is A. Realism.,False,True,captured
mmlu_us_foreign_policy_40,mmlu,0.6B,8,deterministic,42,2.433,240.56,70.72,32,13.15,83,20,12,0.241,1.67,False," B
Answer:
B
Answer: B. According to realists, the fundamental difference between the fundamental difference between the international system and the domestic system's fundamental",False,True,captured
mmlu_us_foreign_policy_41,mmlu,0.6B,8,deterministic,42,3.1811,244.25,94.74,32,10.06,111,17,15,0.1532,1.13,False," D. None of the above

Explanation: The options A, the options A, the options A, the options A, B. None of the above is",False,True,captured
mmlu_us_foreign_policy_42,mmlu,0.6B,8,deterministic,42,3.1941,241.68,95.24,32,10.02,113,18,15,0.1593,1.2,False, D. The 'Philadelphian System' refers to the idea of the United States. The 'in the United States. The 'Philadelphian,False,True,captured
mmlu_us_foreign_policy_43,mmlu,0.6B,8,deterministic,42,1.5611,241.5,42.57,32,20.5,51,26,7,0.5098,3.71,False," D. All of the above
Answer:
D. All of the above
Answer:
D
Answer:
D
Answer:
D
Answer: D.",False,True,captured
mmlu_us_foreign_policy_44,mmlu,0.6B,8,deterministic,42,2.4948,242.51,72.65,32,12.83,86,21,12,0.2442,1.75,False," A. Richard Nixon. Richard Nixon. Richard Nixon. Richard Nixon. Détente, or the relaxing of tensions coupled with the question is about the shift in",False,True,captured
mmlu_us_foreign_policy_45,mmlu,0.6B,8,deterministic,42,4.2153,237.2,128.33,32,7.59,151,14,19,0.0927,0.74,False," C. The correct, we need to understand the conceptually not a component of the 'not a component of the 'not a component of the 'American Creed",False,True,captured
mmlu_us_foreign_policy_46,mmlu,0.6B,8,deterministic,42,1.7418,241.38,48.4,32,18.37,57,24,9,0.4211,2.67,False," C. anticommunism
Answer:
The. anticommunism
Answer:
The correct answer is C. anticommunism. anticommun",False,True,captured
mmlu_us_foreign_policy_47,mmlu,0.6B,8,deterministic,42,1.9294,239.64,54.51,32,16.59,65,24,9,0.3692,2.67,False," D. D. All of the above are true.

Answer: D. All of the above are correct. D. All of the above are true.

Answer",False,True,captured
mmlu_us_foreign_policy_48,mmlu,0.6B,8,deterministic,42,1.8675,237.63,52.58,32,17.14,63,23,9,0.3651,2.56,False," B. the National Security Council.

Answer:
B. the National Security Council. The National Security Council is the correct. The National Security Council is the correct.",False,True,captured
mmlu_us_foreign_policy_49,mmlu,0.6B,8,deterministic,42,1.6714,238.19,46.23,32,19.15,56,25,7,0.4464,3.57,False," B. Ronald Reagan
Answer:
To determine the correct answer, we need to identify the president under which president under which president the largest increase in peacetime",False,True,captured
mmlu_us_foreign_policy_50,mmlu,0.6B,8,deterministic,42,1.5061,246.34,40.64,32,21.25,49,26,7,0.5306,3.71,False," A. 

The correct answer is A. Revelations that the NSA was monitoring the communications of American citizens without obtaining warrants caused a public uproar in 2",False,True,captured
mmlu_us_foreign_policy_51,mmlu,0.6B,8,deterministic,42,3.7293,238.82,112.6,32,8.58,132,15,18,0.1136,0.83,False," A. The Marshall Plan was the European economies in the aftermath of World War II. The Marshall Plan, which was the European economies in Europe. The Marshall Plan",False,True,captured
mmlu_us_foreign_policy_52,mmlu,0.6B,8,deterministic,42,4.6494,241.65,142.19,32,6.88,166,11,22,0.0663,0.5,False," C. Who controls the weapons

The answer the weapons control of course of course of course is a key to; who controls the weapons

The question is about",False,True,captured
mmlu_us_foreign_policy_53,mmlu,0.6B,8,deterministic,42,2.2814,243.67,65.73,32,14.03,77,20,12,0.2597,1.67,False," D. All of the above

Answer: All of the above

The International Institutionalists argue that international institutions are designed to address multiple choice is the correct.",False,True,captured
mmlu_us_foreign_policy_54,mmlu,0.6B,8,deterministic,42,3.7651,241.96,113.65,32,8.5,132,15,18,0.1136,0.83,False," A

The term 'New World Order' was used in the context of the question: A

The term ""A
Answer: A

Answer: A",False,True,captured
mmlu_us_foreign_policy_55,mmlu,0.6B,8,deterministic,42,2.5871,240.76,75.69,32,12.37,89,21,12,0.236,1.75,False," A. the United Nations. the United Nations. the United Nations. The United Nations is correct
Answer:
Answer: A. the United Nations. The United",False,True,captured
mmlu_us_foreign_policy_56,mmlu,0.6B,8,deterministic,42,1.7923,239.78,50.08,32,17.85,60,25,8,0.4167,3.12,False," D. D. Increase in US international influence

D. Increase in US international influence

D. Increase in US international influence

The term 'American multiplication table",False,True,captured
mmlu_us_foreign_policy_57,mmlu,0.6B,8,deterministic,42,1.5585,241.24,42.49,32,20.53,51,26,7,0.5098,3.71,False," D. ALL of the above
Answer:
D. ALL OF THE ABOVE
Answer:
D
Answer:
D
Answer:
D
Answer: D.",False,True,captured
mmlu_us_foreign_policy_58,mmlu,0.6B,8,deterministic,42,2.1301,238.75,61.01,32,15.02,72,23,10,0.3194,2.3,False," B
Answer:
D

Answer:
D B
Answer: None of the above
Answer:
D

Answer:
D
Answer:
D

Answer:
",False,True,captured
mmlu_us_foreign_policy_59,mmlu,0.6B,8,deterministic,42,2.1091,241.0,60.26,32,15.17,72,24,9,0.3333,2.67,False, B. Growing tension between the United States and the Soviet Union. Growing tension between the United States and the Soviet Union. Growing tension between the United States and the,False,True,captured
mmlu_us_foreign_policy_60,mmlu,0.6B,8,deterministic,42,2.0322,243.56,57.7,32,15.75,68,23,10,0.3382,2.3,False," A. Reagan's military spending pressured the Soviet Union to keep up its A. Reagan's first term military spending pressured the scholars claim that Reagan ""A. Reagan",False,True,captured
mmlu_us_foreign_policy_61,mmlu,0.6B,8,deterministic,42,2.8009,243.41,82.5,32,11.42,97,19,14,0.1959,1.36,False," C. American exceptionalism, because American exceptionalism, because American exceptionalism, rooted in the belief that the United States has been a. American exceptionalism,",False,True,captured
mmlu_us_foreign_policy_62,mmlu,0.6B,8,deterministic,42,2.6212,243.01,76.71,32,12.21,91,21,12,0.2308,1.75,False," C
Answer: C. The liberal international economic order are the GATT, IMF, and World Bank for the liberal international economic order are the GATT,",False,True,captured
mmlu_us_foreign_policy_63,mmlu,0.6B,8,deterministic,42,1.6872,242.62,46.6,32,18.97,56,25,7,0.4464,3.57,False," D. All of the above

Answer: All of the above

Answer: D. All of the above

Answer: D. All of the above

",False,True,captured
mmlu_us_foreign_policy_64,mmlu,0.6B,8,deterministic,42,3.751,242.64,113.17,32,8.53,133,16,17,0.1203,0.94,False, A. The international system currently is A. Fewer than 7. The international system currently has been determined by the assistant is A. Fewer than ,False,True,captured
mmlu_us_foreign_policy_65,mmlu,0.6B,8,deterministic,42,1.5878,240.12,43.47,32,20.15,52,26,7,0.5,3.71,False," D

Answer: D D

Answer: D D

Answer: D D D

Answer: D D D

Answer: D

Answer: D

",False,True,captured
mmlu_us_foreign_policy_66,mmlu,0.6B,8,deterministic,42,3.5579,239.28,107.05,32,8.99,125,14,18,0.112,0.78,False, B. The term refers to countries are referred to as 'Rogue States' are referred to as ' is the term ' is the correct. The term refers,False,True,captured
mmlu_us_foreign_policy_67,mmlu,0.6B,8,deterministic,42,2.0587,239.11,58.7,32,15.54,69,21,11,0.3043,1.91,False," D. the Monroe Doctrine.

Answer:
D. the Monroe Doctrine

.

Answer:
D. the Monroe Doctrine. The Monroe Doctrine, the Monroe Doctrine is the",False,True,captured
mmlu_us_foreign_policy_68,mmlu,0.6B,8,deterministic,42,2.4033,238.87,69.82,32,13.32,83,22,11,0.2651,2.0,False, B. Contemporary European liberal democrats tend to object to the answer: They see it as an ideological façade for US imperialism. Contemporary European liberal democrats tend,False,True,captured
mmlu_us_foreign_policy_69,mmlu,0.6B,8,deterministic,42,2.3613,242.61,68.34,32,13.55,80,21,12,0.2625,1.75,False," D. 

The correct answer is D. Both can be viewed as different means of achieving the same liberal ends. 

The reasoning for achieving the same liberal ends",False,True,captured
mmlu_us_foreign_policy_70,mmlu,0.6B,8,deterministic,42,2.5989,239.42,76.11,32,12.31,89,19,13,0.2135,1.46,False, A. Realists tend to object to the influence of exceptionalism can beca. Realists tend to object to the influence of exceptionalism can be explained as,False,True,captured
mmlu_us_foreign_policy_71,mmlu,0.6B,8,deterministic,42,2.2106,237.54,63.65,32,14.48,75,22,11,0.2933,2.0,False, A. Socio-Economic accounts of US Cold War foreign policy is A. Socio-Economic accounts of US Cold War foreign policy is A. Socio,False,True,captured
mmlu_us_foreign_policy_72,mmlu,0.6B,8,deterministic,42,1.8738,243.55,52.59,32,17.08,62,25,8,0.4032,3.12,False," B
Answer: B
Answer: B
Answer: B
Answer: B
Answer: B
Answer: B
Answer: B
Answer:",False,True,captured
mmlu_us_foreign_policy_73,mmlu,0.6B,8,deterministic,42,1.4393,241.71,38.63,32,22.23,47,27,6,0.5745,4.5,False," C. the commanding officers of each branch of the armed services, along with a chairperson and vice chairperson.

The Joint Chiefs of Staff is made up of",False,True,captured
mmlu_us_foreign_policy_74,mmlu,0.6B,8,deterministic,42,2.1148,261.0,59.8,32,15.13,71,24,9,0.338,2.67,False, A. The belief that the United States is different from other major powers because it is concerned not only because it from other major powers because it is concerned not only,False,True,captured
mmlu_us_foreign_policy_75,mmlu,0.6B,8,deterministic,42,2.529,241.95,73.78,32,12.65,87,21,12,0.2414,1.75,False, A. the Federal Bureau of Investigation (FBI) is the Central Intelligence Agency (CIA) is the correct answer is the correct answer is the correct answer,False,True,captured
mmlu_us_foreign_policy_76,mmlu,0.6B,8,deterministic,42,1.7376,241.36,48.27,32,18.42,58,25,8,0.431,3.12,False, D. D. the International Monetary Fund. D. the International Monetary Fund. D. the International Monetary Fund. D. the International Monetary Fund. D.,False,True,captured
mmlu_us_foreign_policy_77,mmlu,0.6B,8,deterministic,42,3.1144,242.39,92.65,32,10.27,103,19,14,0.1845,1.36,False," C. 

Wait, the correct. 

Wait, the answer is C. But the correct. 

Wait, the answer is C? Wait, the answer",False,True,captured
mmlu_us_foreign_policy_78,mmlu,0.6B,8,deterministic,42,1.5696,241.96,42.83,32,20.39,51,25,7,0.4902,3.57,False," D. All of the above
Answer:
D. All of the above
Answer:
D
Answer:
D
Answer:
D
Answer: D.",False,True,captured
mmlu_us_foreign_policy_79,mmlu,0.6B,8,deterministic,42,2.035,240.29,57.89,32,15.72,69,24,9,0.3478,2.67,False," D. All of the above

Answer: All of the above
Answer:
D. All of the above
Answer: D. All of the above

",False,True,captured
mmlu_us_foreign_policy_80,mmlu,0.6B,8,deterministic,42,2.2142,256.87,63.14,32,14.45,74,21,12,0.2838,1.75,False," C. C. Creation of the National Intelligence Director

Answer: C. C. Creation of the National Intelligence Director

The 1. C. Creation of",False,True,captured
mmlu_us_foreign_policy_81,mmlu,0.6B,8,deterministic,42,2.3601,237.61,68.47,32,13.56,80,21,12,0.2625,1.75,False, A. the National Security Council. the National Security Council. the National Security Council. The National Security Council is the correct answer is the National Security Council is the,False,True,captured
mmlu_us_foreign_policy_82,mmlu,0.6B,8,deterministic,42,2.6143,238.93,76.63,32,12.24,90,20,13,0.2222,1.54,False, B is about what drives US foreign policy according to the Marxist perspective is about what drives US foreign policy according to the Marxist perspective is about the Marxist perspective on US,False,True,captured
mmlu_us_foreign_policy_83,mmlu,0.6B,8,deterministic,42,2.6788,239.44,78.69,32,11.95,92,17,15,0.1848,1.13,False," A
Answer:
Answer: D

The A
Answer: D. The correct answer is D. None of the above answer is incorrect answer is incorrect answer",False,True,captured
mmlu_us_foreign_policy_84,mmlu,0.6B,8,deterministic,42,2.2285,259.47,63.52,32,14.36,75,23,10,0.3067,2.3,False, A. The correct answer is A. Realism. The correct answer is A. Realism. The correct answer is A. Realism. The correct answer,False,True,captured
mmlu_us_foreign_policy_85,mmlu,0.6B,8,deterministic,42,3.7147,242.52,112.01,32,8.61,131,15,18,0.1145,0.83,False," C. 

The correct answer is C. The importance of oil. 

The correct
The correct
The answer: The correct
The answer is C.",False,True,captured
mmlu_us_foreign_policy_86,mmlu,0.6B,8,deterministic,42,2.4243,239.18,70.49,32,13.2,83,21,12,0.253,1.75,False, C. secretary of defense. secretary of defense is the head of the military is the head of the executive branch of the United States' s principal civilian adviser on,False,True,captured
mmlu_us_foreign_policy_87,mmlu,0.6B,8,deterministic,42,2.5247,242.3,73.62,32,12.67,86,19,14,0.2209,1.36,False," C
Answer:
Answer: C

The C
Answer: C. Ideational approaches to US foreign policy during the Cold War was the Ideational approaches to",False,True,captured
mmlu_us_foreign_policy_88,mmlu,0.6B,8,deterministic,42,2.4115,237.87,70.12,32,13.27,83,22,11,0.2651,2.0,False," A
Answer:
Answer: D

The A
Answer: D
Answer:
Answer: D

Answer: D

The relationship between President and Congress under",False,True,captured
mmlu_us_foreign_policy_89,mmlu,0.6B,8,deterministic,42,1.5671,240.16,42.8,32,20.42,51,26,7,0.5098,3.71,False," D. All of the above
Answer:
D. All of the above
Answer:
D
Answer:
D
Answer:
D
Answer: D.",False,True,captured
mmlu_us_foreign_policy_90,mmlu,0.6B,8,deterministic,42,4.1436,241.89,125.86,32,7.72,146,11,21,0.0753,0.52,False," B. 

Wait, the correct? Wait, the correct? Wait, the options: the correct? Wait, the answer is B or D. 

Wait",False,True,captured
mmlu_us_foreign_policy_91,mmlu,0.6B,8,deterministic,42,2.1115,240.95,60.34,32,15.16,72,24,9,0.3333,2.67,False," B
The correct answer is B.
The B
The correct answer is B. The correct answer is B. Too many casualties drain the productive power of the",False,True,captured
mmlu_us_foreign_policy_92,mmlu,0.6B,8,deterministic,42,1.7848,244.95,49.67,32,17.93,59,23,9,0.3898,2.56,False, C. The idea that the fall of one state to communism would inexorably lead to the fall of its neighbors. The fall of its neighbors. The idea,False,True,captured
mmlu_us_foreign_policy_93,mmlu,0.6B,8,deterministic,42,4.5437,243.96,138.7,32,7.04,161,11,22,0.0683,0.5,False," A. The Millennium Challenge Corporation (MCC), require recipient, require recipient, require recipient countries, require recipient countries to meet the United States, require recipient countries",False,True,captured
mmlu_us_foreign_policy_94,mmlu,0.6B,8,deterministic,42,3.0336,240.13,90.11,32,10.55,106,18,14,0.1698,1.29,False," The correct answer is D. All of the above. However, this is incorrect. The Bretton Woods Conference on the above. However, this is incorrect because",False,True,captured
mmlu_us_foreign_policy_95,mmlu,0.6B,8,deterministic,42,1.8982,240.88,53.46,32,16.86,64,24,8,0.375,3.0,False," D. Regime type
Explanation: The correct answer is D. Regime type. While regime type is not a good predictor of which states will get nuclear",False,True,captured
mmlu_us_foreign_policy_96,mmlu,0.6B,8,deterministic,42,4.0038,252.78,121.0,32,7.99,141,14,19,0.0993,0.74,False," B. ""B. ""B. ""B"" is B. ""B"" is B. ""A. ""B. ""Democratic enlargement refers to the",False,True,captured
mmlu_us_foreign_policy_97,mmlu,0.6B,8,deterministic,42,1.8066,237.27,50.62,32,17.71,61,25,8,0.4098,3.12,False," B. B. Willful openness to colonization

Answer: B. B. Willful openness to colonization

Answer: B. Willful openness to colonization

",False,True,captured
mmlu_us_foreign_policy_98,mmlu,0.6B,8,deterministic,42,2.6205,239.94,76.79,32,12.21,90,19,13,0.2111,1.46,False," A. The George W Bush administration changed the direction of US foreign policy by criticizing international organizations, based on the information provided is A. The George W. The",False,True,captured
mmlu_us_foreign_policy_99,mmlu,0.6B,8,deterministic,42,3.5899,239.21,108.09,32,8.91,127,16,17,0.126,0.94,False," D
Answer:
D. The quote is from Thomas Jefferson, the statement ""D. The quote ""D. Thomas Jefferson
The quote is from Thomas Jefferson",False,True,captured
cnndm_3,cnndm,0.6B,8,deterministic,42,10.2334,265.66,62.69,160,15.64,377,112,48,0.2971,2.33,False," 

The five Americans who were monitored for three weeks at an Omaha, Nebraska hospital after being exposed to Ebola in Sierra Leone in Omaha, Nebraska, hospital after being exposed to Ebola in Sierra Leone in Omaha, Nebraska, hospital after being exposed to Ebola in Sierra Leone in Omaha, Nebraska, hospital after being exposed to Ebola in Sierra Leone in Omaha, Nebraska, hospital after being exposed to Ebola patients in Omaha, Nebraska, hospital after being exposed to Ebola patients in the Ebola patients in the United States, including a hospital after being exposed to Ebola in Sierra Leone have been released after being treated at an Omaha, Nebraska hospital after being exposed to Ebola in Sierra Leone have been released after being exposed to Ebola in Sierra Leone in Omaha, Nebraska, hospital after being exposed to Ebola patients in the United States after being exposed",False,True,captured
cnndm_31,cnndm,0.6B,8,deterministic,42,15.1285,1418.96,86.22,160,10.58,495,96,64,0.1939,1.5,False," The article discusses several stories of individuals stranded at sea for extended periods, often miraculous survival, highlighting the challenges they survived against all the article discusses several stories of individuals stranded at sea for extended periods, relying on ingenuity and surviving against all the article discusses several stories of individuals stranded at sea for extended periods, relying on ingenuity and luck, ingenuity, often miraculous survival, often miraculous survival. It highlights cases, often miraculous survival, highlighting the challenges they faced, including Louis Jordan, Jose Salvador Alvarenga, Ron Ingraham, a long periods, often miraculous survival. It highlights the article discusses several stories of individuals stranded at sea for extended periods, relying on ingenuity and surviving against all odds, highlighting the challenges they faced, including surviving against all odds, highlighting the challenges, often",False,True,captured
cnndm_70,cnndm,0.6B,8,deterministic,42,8.7466,263.3,53.35,160,18.29,318,121,40,0.3805,3.02,False," A nuclear submarine in a dry dock in Zvyozdochka shipyard in northwestern Russia caught fire at the Zvyozdochka shipyard in northwestern Russia caught fire at the Zvyozdochka shipyard in northwestern Russia caught fire at the Zvyozdochka shipyard in northwestern Russia caught fire at the Zvyozdochka shipyard in northwestern Russia caught fire at the Zvyozdochka shipyard in northwestern Russia caught fire, Russia's Zvyozdochka shipyard in northwestern Russia's Zvyozdochka shipyard in northwestern Russia caught fire, Russia, Russia's Zvyozdochka shipyard caught fire at the Zvyozdochka shipyard in northwestern Russia caught fire at the Zvyozdochka",False,True,captured
cnndm_165,cnndm,0.6B,8,deterministic,42,12.1973,670.68,72.49,160,13.12,431,106,55,0.2459,1.93,False," Jia Jiang, a Chinese-born, American-based entrepreneur, launched a project called ""100 Days of 30-based entrepreneur, 30-year-old who quit his job to pursue entrepreneurship, launched a project after quitting his six-figure job to be a 30-year-old entrepreneur, 30-year-old who quit his job to pursue entrepreneurship, 30-year-old entrepreneur, launched a project called Jia Jiang, 30-year-old entrepreneur, launched the article: Jia Jiang, a Chinese-born, American-based entrepreneur, launched a project called ""100 Days of 30-year-old who quit his job to pursue entrepreneurship, launched the article discusses his project to be a successful entrepreneur, launched a project called ""100 Days of 30-year",False,True,captured
cnndm_297,cnndm,0.6B,8,deterministic,42,7.4118,355.39,44.38,160,21.59,267,127,34,0.4757,3.74,False," A group of six young Minnesota men conspired to join ISIS by any means necessary, according to the to join ISIS by any means necessary to join ISIS by any means necessary, according to the article: ages 19 to 21 to join ISIS by any means necessary, according to the article, ages 19 to 21 to join ISIS by any means necessary, according to join ISIS by any means necessary, according to join ISIS by any means necessary, according to the article, ages 19 to 21 to join ISIS by any means necessary, according to join ISIS by any means necessary, according to join ISIS by any means necessary, according to the article, ages 19 to 21, ages 19 to 21 to join ISIS by",False,True,captured
cnndm_339,cnndm,0.6B,8,deterministic,42,6.6043,389.64,39.09,160,24.23,237,131,30,0.5527,4.37,False," The author of a 2006 novel has accused the ""Avengers"" director and ""The author of a 2006 novel has accused the ""Avengers"" director and ""The author of a 2006 novel has accused the ""Avengers"" director and ""The author of a 2006 novel has accused the ""Avengers"" director and ""The author of a 2006 novel has accused the ""Avengers"" director of a 200 has accused the ""Avengers"" director and ""The author of a 2006 novel has accused the ""Avengers"" director and ""The author of a 2006 has accused the ""Avengers"" director and ""The author of a 20",False,True,captured
cnndm_397,cnndm,0.6B,8,deterministic,42,8.5657,353.8,51.65,160,18.68,311,121,40,0.3891,3.02,False," 

**Summary:**

A Palestinian teenager, Mohammed Abu Khdeir, Mohammed Abu Khdeir, a teenager, Mohammed Abu Khdeir, a teenager, Mohammed Abu Khdeir, a 16-year-old teenager, Mohammed Abu Khdeir, a 16-year-old boy, Mohammed Abu Khdeir, a 16-year-old boy, Mohammed Abu Khdeir, a 16-year-old teenager, Mohammed Abu Khdeir, a 16-year-old boy, Mohammed Abu Khdeir, 16-year-old teenager, Mohammed Abu Khdeir, a 16-year-old teenager, Mohammed Abu Khdeir, was included on an 16-year-old boy, Mohammed Abu Khdeir, 16-year-old teenager,",False,True,captured
cnndm_467,cnndm,0.6B,8,deterministic,42,13.8747,560.16,83.74,160,11.53,502,98,63,0.1952,1.56,False," 

A week after a Japanese court halted the court rejected a petition by rejecting a petitioned rejected a week after a landmark ruling rejected a petition by residents to delay the reactivation of two nuclear reactors in the court rejected a petition by residents to delay the reactivation of two nuclear reactors in the court rejected a petition by residents to delay the rejections a week after a landmark injunction has rejected a petition by residents to delay the rejections a petitioned rejected a petitioned rejected a petitioned rejected a petitioned to restarts rejected a petition by residents to delay the reactivation of two nuclear reactors in the country's southwest, in Japan's decision to reject a petition by residents to delay the rejections a petitioned to restart two nuclear reactors in the country's southwest, rejecting a petition by residents to delay",False,True,captured
cnndm_677,cnndm,0.6B,8,deterministic,42,16.6082,481.78,101.42,160,9.63,610,84,77,0.1377,1.09,False," 

The article discusses how airline award programs vary in terms, with factors such that the availability and the availability and the factors such that the availability of award seats depends on the airline, route by airline by airline by airline, with factors such as airline by airline, with factors like Southwest Airlines offers, with factors like airline by airline, with Southwest Airlines like Southwest Airlines offers, with Southwest Airlines offers the availability and the factors such that the availability of award seats depends on the airline by airline by airline, with Southwest Airlines offers the availability of the availability and the factors that the availability of award seats, with Southwest Airlines offers the most based on the airline by airline, with Southwest Airlines offers the most award seats and the factors such as a lot in terms, with Southwest Airlines offers the most award seats and the factors",False,True,captured
cnndm_692,cnndm,0.6B,8,deterministic,42,9.1424,631.63,53.53,160,17.5,320,120,41,0.375,2.93,False," Ben Affleck, a star of the TV show ""Finding Your Roots,"" requested that the producers of the PBS show ""Finding Your Roots,""Finding Your Roots, requested that the producers of the PBS show ""Finding Your Roots,""Finding Your Roots, lobbied producers of the show ""Finding Your Roots,""Finding Your Roots, lobbied producers of the PBS show ""Finding Your Roots,"" requested that the producers of the PBS show ""Finding Your Roots, lobbied producers to remove references, requested that the producers of the PBS show ""Finding Your Roots, lobbied producers to remove references, requested that the producers of the PBS show ""Finding Your Roots,""Finding Your Roots, lobbied producers to remove references, requested that the producers of the PBS show ""Finding Your Roots,""Finding Your",False,True,captured
cnndm_958,cnndm,0.6B,8,deterministic,42,11.0591,598.0,65.79,160,14.47,392,111,50,0.2832,2.22,False," The Red Cross is calling for an immediate 24-hour ceasefire in Yemen ceasefire in Yemen ceasefire in Yemen ceasefire in Yemen ceasefire in Yemen to save lives in Yemen ceasefire in Yemen to save lives in Yemen, ceasefire in Yemen to save lives in Yemen, where the Red Cross is calling for an immediate 24-hour ceasefire in Yemen ceasefire in Yemen, as the Red Cross is calling for an immediate 24-hour ceasefire in Yemen ceasefire in Yemen to save lives in Yemen, where the Red Cross is calling for an immediate 24-hour ceasefire in Yemen ceasefire in Yemen to save lives in Yemen, where the Red Cross is calling for an immediate 24-hour ceasefire in Yemen ceasefire to save lives in Yemen, where the Red Cross is calling for an immediate 24-hour ceasefire in Yemen ceasefire",False,True,captured
cnndm_965,cnndm,0.6B,8,deterministic,42,11.9691,907.48,69.57,160,13.37,409,109,52,0.2665,2.1,False," Brynn Duncan, 21, has a mast cell activation syndrome, a rare condition called mast cell activation syndrome, a rare condition called mast cell activation syndrome, a rare condition called mast cell activation syndrome, which causes her life-threatening condition called mast cell activation syndrome, a rare condition that causes severe allergic reaction, a rare condition called mast cell activation syndrome, which causes her life with a rare condition called mast cell activation syndrome, a rare condition that causes her life with a rare condition called mast cell activation syndrome, a rare condition that causes her mast cell activation syndrome, a rare condition that causes her mast cell activation syndrome, which causes her to live with, a rare condition called mast cell activation syndrome, which causes her to experience with mast cell activation syndrome, a rare condition that causes her mast cell",False,True,captured
cnndm_1096,cnndm,0.6B,8,deterministic,42,13.3909,400.27,81.7,160,11.95,492,98,63,0.1992,1.56,False," The article discusses the financial struggles of CSKA, who has not being unpaid for three months, leading to a renko, who has not being unpaid for three months, who has not being unpaid for three months, leading him, who has not been paid for three months and his parents to the club, who has not been paid for three months and his family, who has not been paid for three months and his parents to pay for three months without being paid for three months and his family, who has not been paid for three months and his parents to pay rent. Despite the financial issues, including the club, who has not been paid for three months and his family, who has not been paid for three months, leading to a renko, who has not been paid for three months without being",False,True,captured
cnndm_1199,cnndm,0.6B,8,deterministic,42,10.9538,474.38,65.91,160,14.61,397,111,50,0.2796,2.22,False," The article discusses Tottenham's against Wales team-mate Sam Vokes at Burnley against Wales team-mate Sam Vokes of his Wales team-mate Sam Vokes, as he will face Wales team-mate Sam Vokes at Burnley against Wales team-mate Sam Vokes at Burnley, as he faces Wales team-mate Sam Vokes at Burnley against Wales team-mate Sam Vokes at Burnley on Sunday's against Wales team-mate Sam Vokes at Burnley against Wales team-mate Sam Vokes at Burnley, where he will face Wales team-mate Sam Vokes at Burnley against Wales team-mate Sam Vokes at Burnley on Sunday's match against Wales team-mate Sam Vokes at Burnley on Sunday's against Wales team-mate Sam V",False,True,captured
cnndm_1221,cnndm,0.6B,8,deterministic,42,10.0607,272.32,61.56,160,15.9,369,114,47,0.3089,2.43,False," A seven-year-old boy was raped and set on fire by two youths in Pagma Nagar, and set on fire by two youths in fire to fire to fire to fire by two youths in Pagma Nagar, Bhi on fire to fire by two youths in Pagma Nagar, Bhiwandi, a fire to by two youths in Pagma Nagar, Bhi on fire by two youths in Pagma Nagar, Bhiwandi, a suburb of Mumbai, and set on fire by two youths in Pagma Nagar in fire to by two youths in Pagma Nagar, a fire to by two youths in Pagma Nagar, a fire by two youths in Pagma Nagar, Bhi on fire by two youths in Pagma Nagar, and set on fire by two youths in Pagma Nagar",False,True,captured
cnndm_1230,cnndm,0.6B,8,deterministic,42,7.1797,291.03,43.32,160,22.29,261,127,34,0.4866,3.74,False," Harvey Boulter, a pro-Ukip businessman who forced Liam Fox to resign as Defence Secretary, businessman who forced Liam Fox to resign as Defence Secretary, is behind an extraordinary bid to defeat two-time businessman who forced Liam Fox to resign as Defence Secretary, businessman who forced Liam Fox to resign as Defence Secretary who forced Liam Fox to resign as Defence Secretary, is behind an extraordinary bid to defeat a 'golden boy' Tory candidate, businessman who forced Liam Fox to resign as Defence Secretary who forced Liam Fox to resign as Defence Secretary, is behind an extraordinary bid to defeat a 'golden boy' Tory candidate, businessman who forced Liam Fox to resign as Defence Secretary, is behind an extraordinary bid to defeat a 'golden boy' Tory candidate, businessman who forced Liam Fox to resign as Defence Secretary who forced Liam",False,True,captured
cnndm_1375,cnndm,0.6B,8,deterministic,42,10.0156,270.57,61.29,160,15.98,366,113,48,0.3087,2.35,False," 

The article describes a group of meerkats at Indiana's Indianapolis Zoo, which were filmed at Indiana's Indianapolis Zoo, which were filmed at Indiana's Indianapolis Zoo after a

The article describes a group of meerkats at Indiana's Indianapolis Zoo who have been testing their basketball skills at Indiana's Indianapolis Zoo, where they were filmed at Indiana's Indianapolis Zoo who have been testing their basketball skills at Indiana's Indianapolis Zoo who have been practicing basketball skills at Indiana's Indianapolis Zoo who have been practicing basketball at Indiana's Indianapolis Zoo who have been practicing basketball at Indiana's Indianapolis Zoo who have been practicing basketball at Indiana's Indianapolis Zoo who have been practicing basketball at Indiana's Indianapolis Zoo who have been practicing basketball at the Indianapolis Zoo, which were filmed at Indiana's Indianapolis Zoo after getting a makeshift basketball skills.",False,True,captured
cnndm_1379,cnndm,0.6B,8,deterministic,42,10.2471,648.84,60.37,160,15.61,357,114,47,0.3193,2.43,False," 

A holidaymaker, Loushanna Craig, from Birmingham, was stranded in Tenerife after thieves stole her biometric ID card was stranded in Tenerife after her husband Shawn Craig, was stranded in Tenerife after thieves stole her biometric ID card was stranded in Tenerife after thieves stole her biometric ID card was stranded in Tenerife after her husband Shawn Craig, was stranded in Tenerife, from Birmingham, was stranded in Tenerife after thieves stole her biometric ID card was stranded in Tenerife after her husband Shawn Craig from Birmingham, was stranded in Tenerife after her husband Shawn Craig, was stranded in Tenerife, from Birmingham, was stranded in Tenerife, from Birmingham, was stranded in Tenera Craig, from Birmingham",False,True,captured
cnndm_1459,cnndm,0.6B,8,deterministic,42,9.3869,560.36,55.51,160,17.05,333,119,42,0.3574,2.83,False," 

Sam Tomkins, a 26-year-old England full-back, is considering returning to Wigan, is considering returning to Wigan, is considering returning to Wigan after leaving the New Zealand Warriors, is considering returning to Wigan after leaving the New Zealand Warriors, is considering returning to Wigan after cutting short his New Zealand Warriors contract with a career, is considering returning to Wigan after cutting short his New Zealand Warriors contract with the New Zealand Warriors, is considering returning to Wigan, is considering returning to Wigan after cutting short his New Zealand Warriors contract with the New Zealand Warriors, is considering returning to Wigan, is considering returning to Wigan after cutting short his time England full-back, is considering returning to Wigan after cutting short his time England full-back, is considering returning",False,True,captured
cnndm_1579,cnndm,0.6B,8,deterministic,42,12.4643,823.41,73.21,160,12.84,434,106,55,0.2442,1.93,False," The article discusses the upcoming match between Raheem Sterling and Theo Walcott at the upcoming match between Theo Walcott at the upcoming match between Raheem Sterling and Theo Walcott at the Emirates, where they are both players at the Emirates, and Theo Walcott at the Emirates, and their respective clubs, and Theo Walcott at the Emirates, highlighting their contrasting careers of Arsenal's Theo Walcott at the Emirates, where they are at the upcoming match between Raheem Sterling and Theo Walcott at the Emirates, where they are likely head-to-head at the Emirates, where they are at different places in their careers, with Walcott, and Theo Walcott at the Emirates, where they are at the upcoming match between Raheem Sterling and Theo Walcott at the Emirates, highlighting their contrasting",False,True,captured
cnndm_1613,cnndm,0.6B,8,deterministic,42,13.2904,480.8,80.56,160,12.04,484,100,61,0.2066,1.64,False," Tim Bresnan, to make a case for a chance to secure his sights on making a chance to secure his sights on making a case for a chance to secure a chance to secure a recall for the aim to make a case for a recall for a chance to make a case for a recall to make a case for a recall to the aim to secure his sights on making a case for a Test player, to make a case for a recall for the aim of the aim to secure his place to make a case for a recall for the England Test player, to make a case for a recall to make a case for a recall to the aim of the LV= to make a case for a recall to the aim of helping Yorkshire's to make a case for a recall to the aim of helping Yorkshire",False,True,captured
cnndm_1650,cnndm,0.6B,8,deterministic,42,14.8777,610.77,89.73,160,10.75,533,94,67,0.1764,1.4,False," 

The article discusses the article discusses the importance of the article discusses the importance of the article discusses the importance of the article discusses the importance of the article discusses the significance for the article discusses the significance for the first prompted a crucial for the first prompted their  is crucial for their 2

The article discusses the importance for the article discusses the significance of Saturday is crucial for their European football is crucial for their European ambitions are crucial for their European ambitions are crucial for their European ambitions are crucial for their European ambitions, which was crucial for their European ambitions are crucial for their European ambitions, which was a crucial game is crucial for their European ambitions, which was a crucial game for their European ambitions, which was a  is crucial for their European ambitions, as a crucial for the article discusses the significance of Saturday",False,True,captured
cnndm_1793,cnndm,0.6B,8,deterministic,42,7.2025,836.25,40.04,160,22.21,238,131,30,0.5504,4.37,False," Raheem Sterling, a 20-year-old English footballer, has rejected a new contract with Liverpool, has rejected a 20-year-old English footballer, has rejected a new contract offer of £100,00000000000000000000000000000000000000000000000000000000000000000000000000000000000000000000000000000000000000000",False,True,captured
cnndm_1832,cnndm,0.6B,8,deterministic,42,11.8266,359.5,72.12,160,13.53,435,106,55,0.2437,1.93,False," Eden Hazard believes Chelsea are in the lead for the Premier League title after a 2-1 win over Stoke, having won a  after a 2. In a 2-1 win over the article discusses a 2-1 win over Stoke, having won a 2- after a 2- after a 2-1. In a 2-1 win over Stoke City's title after a 2-1 win over Stoke, having won  after a 2-1 win over Stoke, having won 2. In a 2-1 win over Stoke City. In a 2-1 win over Stoke, having won 2-1 against Stoke City, which they have a 2-1 win over Stoke City. In a 2-1",False,True,captured
cnndm_1861,cnndm,0.6B,8,deterministic,42,11.3517,438.98,68.63,160,14.09,406,109,52,0.2685,2.1,False," Melissa Wilson and her team-mates are on the brink of making history by the brink of making history by the brink of making history by the brink of making history as the women's brink of making history by the brink of making history as the women's Oxford-Cambridge Boat Race, the brink of making history by competing in the women's boat race, the brink of making history by competing in the women's Boat Race, marking a historic ground to make history at the  the brink of making history by competing in the women's Boat Race at the  the brink of making history by competing in the women's boat race, the brink of making history by competing in the women's brink of making history by competing in the women's brink of making history by competing in the women's boat race, the",False,True,captured
cnndm_2032,cnndm,0.6B,8,deterministic,42,9.6227,618.12,56.63,160,16.63,338,118,43,0.3491,2.74,False," 

Celtic manager Ronny Deila is seeking to extend the manager Ronny Deila is seeking to extend Jason Denayer and Hearts captain Danny Wilson is seeking to extend Jason Denayer and Hearts captain Danny Wilson are targeting extending the loan of the Scottish football

Celtic manager Ronny Deila is seeking to extend Jason Denayer and Hearts captain Danny Wilson are among his defensive targets. He is trying to convince Manchester City to extend Jason Denayer and Hearts captain Danny Wilson are targeting extending Jason Denayer and Hearts captain Danny Wilson are among his defensive targets. He is trying to convince Manchester City to extend Jason Denayer and Hearts captain Danny Wilson are among his defensive targets. He is trying to convince Manchester City to extend Jason Denayer and Hearts captain Danny Wilson are targeting Jason Denayer and Hearts",False,True,captured
cnndm_2033,cnndm,0.6B,8,deterministic,42,12.3757,561.56,74.3,160,12.93,443,104,57,0.2348,1.82,False," Raymond Billam, 40, admitted benefit fraud by fraudulimately fraudulently claiming £15,000 in a benefit fraudulimately fraudulently claiming £15,0000 in incapacity fraudulimately fraudulently claiming £15,00000000 in a court to fraudulently claiming £15,000000 in a court case of benefit fraud by fraudulently claiming £15,0000 in a court case that he fraudulently claiming £15,000 in a court case that he fraudulently claimed to fraudulently claiming £15,000 in incapacity fraudulimately fraudulently claiming £15,000",False,True,captured
cnndm_2043,cnndm,0.6B,8,deterministic,42,8.2894,257.32,50.52,160,19.3,304,122,38,0.4013,3.21,False," The new chief executive of Rotherham council could be paid up to £40,000 paid up to £40,000 more than the outgoing boss Martin Kimber, who is paid up to £40,000 more than the new chief executive of Rotherham council could be paid up to £40,0 paid up to £40,000 more than the outgoing boss Martin Kimber, paid up to £40,000 paid up to £40,000 paid up to £40,000 paid up to £40,000 paid up to £40,000 paid up to £40,000 paid up to £40,000",False,True,captured
cnndm_2082,cnndm,0.6B,8,deterministic,42,8.9275,339.04,54.02,160,17.92,323,119,42,0.3684,2.83,False," 

Liverpool midfielder Philippe Coutinho believes securing the FA Cup would save their season, as a FA Cup would save their season, FA Cup would save their season, as a key facts and the FA Cup would save their season, FA Cup would save their season, as the FA Cup would save their season, as the FA Cup would save their season, as the FA Cup would save their season, as the FA Cup would save their season, as a FA Cup would save their season, as the Reds' FA Cup would save their season, as the team's FA Cup would save their season, as the Reds' FA Cup would save their season, as the FA Cup would save their season, as the FA Cup would save their season, as the FA Cup would save their season, as a FA",False,True,captured
cnndm_2105,cnndm,0.6B,8,deterministic,42,16.3077,521.91,99.28,160,9.81,595,86,75,0.1445,1.15,False," The article discusses Arsenal's performance in the Premier League, their potential title challenge. It notes that they are not a strong performance, but not a strong performance, despite a strong performance, despite a strong start of their potential title challenge. Despite their strong performance, but not a serious title challenge. It notes that they are not serious title challenge for the most recent strong performance, despite a strong performance, despite a strong start, despite a strong start of the fact that they are the fact that they are the best team strengths such as a strong performance, but also their potential title challenge. Despite their strong performance, they are not serious title challenge. Despite their strong performance, they are not considered as a title challenge. Despite their strong performance, they are not considered as the fact that they are the best",False,True,captured
cnndm_2117,cnndm,0.6B,8,deterministic,42,9.3275,707.68,54.21,160,17.15,321,119,41,0.3707,2.9,False," 

A video has emerged, pregnant Iraq war veteran, pregnant Iraq war veteran, Deanna Robinson, 38 weeks pregnant Iraq war veteran, Deanna Robinson, a pregnant Iraq war veteran, Deanna Robinson, a  pregnant Iraq war veteran, Deanna Robinson, during an arrest. pregnant Iraq war veteran, Deanna Robinson, during an arrest. pregnant Iraq war veteran, Deanna Robinson, during an arrest. pregnant Iraq war veteran, Deanna Robinson, pregnant Iraq war veteran, Deanna Robinson, during an arrest. pregnant Iraq war veteran, Deanna Robinson, during an arrest. pregnant Iraq war veteran, Deanna Robinson, pregnant Iraq war veteran, Deanna Robinson, during an arrest. pregnant Iraq war veteran, Deanna Robinson, pregnant Iraq war veteran, Deanna Robinson, pregnant",False,True,captured
cnndm_2232,cnndm,0.6B,8,deterministic,42,15.9925,549.4,97.13,160,10.0,579,87,74,0.1503,1.18,False," 

2. 

2. Rojo was photographed with family and friends in Portugal during a week off in awoke up to beamed awoke up in a recent vacationed during awoke up in a recent incidentally appeared to be enjoying awoke up in Portugal during a week off in a recent incident, who was recently faced scrutiny after awoke up in Portugal during a week off, who was recently involved in a scandalized his vacationed during a week off in a recent incident, who is in awoke up in Portugal during a week off, posing with his vacationed in a recent incident, was photographed with family and friends in Portugal during a week off in a recent incident, was photographed with family and friends in Portugal during awoke up in Portugal during a week off, posing with his",False,True,captured
cnndm_2253,cnndm,0.6B,8,deterministic,42,13.542,621.37,81.26,160,11.82,485,100,61,0.2062,1.64,False, The article discusses Leeds Rhinos sending Zak Hardaker on an anger management course following a violent incident in a five-match ban and a five-match ban and Elliot Minchella both for an anger management course after a violent incident in a five-match ban and a fine for an anger management course after a violent incident involving a violent incident in a violent incident in a violent incident in February 1. The article discusses the article discusses Leeds Rhinos sending Zak Hardaker on an anger management course following a violent incident in February where he has been involved in a violent incident in a violent incident in February 1. The article discusses Leeds Rhinos sending Zak Hardaker on an anger management course following a violent incident in February where a five-match ban and a five-match ban and a five-match ban and a fine for,False,True,captured
cnndm_2285,cnndm,0.6B,8,deterministic,42,9.684,327.55,58.85,160,16.52,353,116,45,0.3286,2.58,False," Jack Nicklaus, the legendary golfer, Jack Nicklaus, the greatest of all time, at 75 years old, 75 years old, achieved a hole-in his 75 years old, 75 years old, achieved a hole-in-one during the Par-3 Contest at Augusta National, at 75 years old, achieved a hole-in-one during the Par-35555 years old, 75 years old, achieved a hole-in his 75thanked 75 years old, achieved a hole-in his 75th birthday 75 years old, achieved a hole-in his 75th birthday, at 75 years old, achieved a hole-in-one at 75 years old, achieved a hole-in",False,True,captured
cnndm_2288,cnndm,0.6B,8,deterministic,42,13.083,523.24,78.99,160,12.23,470,99,61,0.2106,1.62,False," 

**Summary:**

1. Liverpool's player of the season has been a season has been a competitive season has been a competitive season, with multiple players of the season has been a competitive season, with multiple players contributing players this season has been a competitive season, with multiple players contributing players this season has been a closely contested player of the season has been a competitive season has been a competitive season has been a competitive season has been a competitive season, Luis Suarez was the player of the season has been a competitive season, Luis Suarez was the player of the season last season was Luis Suarez was Luis Suarez was Luis Suarez was Luis Suarez was Luis Suarez was Luis Suarez was the player of the season last season was Luis Suarez, Luis Suarez was Luis Suarez was Luis Suarez was the season has been marked a season",False,True,captured
cnndm_2357,cnndm,0.6B,8,deterministic,42,11.0738,839.28,64.37,160,14.45,380,112,48,0.2947,2.33,False," 

Andy Lee, the Irishman, will 

Andy Lee, after a dramatic 12-round middleweight title fight with a draw in a draw the WBO middleweight title fight Peter Quillin, the American boxer with a draw the WBO middleweight title after a draw in a dramatic 12-round fight against Peter Quillin, the American boxer Peter Quillin, the American boxer Peter Quillin, the American, after a dramatic 12-round fight against Peter Quillin, the American, after a dramatic 12-round fight against Peter Quillin, the American, after a dramatic 12-round middleweight title fight against Peter Quillin, who will leave New York with his head held high after a dramatic 12-round fight against Peter Quillin, the American,",False,True,captured
cnndm_2424,cnndm,0.6B,8,deterministic,42,12.7361,530.63,76.76,160,12.56,459,103,58,0.2244,1.78,False," Mario Balotelli was absent from the FA Cup quarter-final against Blackburn Rovers due to illness, which he was absent due to illness, despite being in Blackburn Rovers due to illness, due to illness, due to illness, which he was not due to illness, which he was not included in the squad but was absent due to illness, due to illness, which he was not included in the squad but was not due to a Blackburn Rovers due to illness, which he was not included in the squad but fell ill with a high temperature, due to illness, which he claimed to Blackburn Rovers due to illness, which he claimed to have been absent from Blackburn Rovers due to illness, which he claimed to have been criticized for illness, despite being in the Blackburn Rovers due to illness",False,True,captured
cnndm_2434,cnndm,0.6B,8,deterministic,42,14.4808,1015.83,84.69,160,11.05,500,97,63,0.194,1.54,False," 

Rory McIlroy is the world No. 

Rory McIlroy is the main, is the main, is the main focus on the course, is the main focus of golfing No. 1-ranked No. 1, is the main focus of the article discusses the world No. 1, is poised to win the Masters and the article discusses the potential champion, is the favorite at large-highest-ranked No. 1, is poised to win the Masters and complete the career Grand Slam by the world No. 1, is poised to win the Masters and complete his four-time No. 1, is the favorite at the Masters champion, is poised to win the Masters and complete his career Grand Slam, is set to win the Masters, is the favorite to",False,True,captured
cnndm_2505,cnndm,0.6B,8,deterministic,42,9.9613,733.4,58.04,160,16.06,342,116,44,0.3392,2.64,False," Patrick Bamford, on loan from Chelsea, Patrick Bamford, on loan from Chelsea, Patrick Bamford, on loan from Chelsea, Patrick Bamford, on loan from Chelsea, equalled Middlesbrough's striker for Middlesbrough's striker for Middlesbrough's striker for Middlesbrough, equalled Middlesbrough's striker, equalled Middlesbrough’s  scored his 15th goal of the season,  scored his 15th goal of the season,  scored his 15th goal of the season,  scored his 15th goal of the Middlesbrough's  scored his 15th goal of the season,  scored his 15th goal of the Middlesbrough's striker for",False,True,captured
cnndm_2708,cnndm,0.6B,8,deterministic,42,10.2824,1061.92,57.99,160,15.56,339,117,44,0.3451,2.66,False," Aaron Ramsey scored a dramatic extra-time goal for Arsenal in the FA Cup final against Burnley, dedicating it to his late grandmother Eileen, the FA Cup final against Burnley's FA Cup final against Burnley, dedicating it to his late grandmother Eileen, the FA Cup final, the FA Cup final against Burnley, dedicating it to his late grandmother Eileen, the FA Cup final against Burnley, dedicating it to his late grandmother Eileen, his FA Cup final, the FA Cup final, the FA Cup final, dedicating it to his late grandmother Eileen, the FA Cup final against Burnley, dedicating it to his late grandmother Eileen, the FA Cup final against Burnley, dedicating the FA Cup final against Burnley, dedicating the FA",False,True,captured
cnndm_2716,cnndm,0.6B,8,deterministic,42,11.9518,410.43,72.59,160,13.39,436,106,55,0.2431,1.93,False," Angelique Kerber won the Family Circle Cup in Charleston, defeating Madison Keys in a three-setter three-setter three-set match that was a three-set match with a score of 6-2, 4-6-6-6-6-2, 4-6, 6-2-6-2-6, 6-2, 4-6, 6-2, 6-2, 4-6-2, 4-6-6-2, 4-6, 6-2, 4-6, 6-2, 4-6, 7-6-6-2, 4-6, 7-5-setter three sets. This was Kerber's fourth",False,True,captured
cnndm_2723,cnndm,0.6B,8,deterministic,42,16.0979,552.76,97.77,160,9.94,585,86,75,0.147,1.15,False," 

Lewis Hamilton insists he is ready for Nico Rosberg's potential underhand tactics should his Mercedes teammate attempt underhand tactics should his Mercedes teammate Nico Rosberg's potential underhand tactics from his Mercedes team-mate Nico Rosberg's potential underh Rosberg's potential underhanded tactics from his Mercedes teammate Nico Rosberg's potential underhanded tactics, and has been in the German, and has been a potential underhanded tactics should his Mercedes teammate attempt anything underhand, and that he is ready for any underhanding Rosberg's potential underhanded tactics, and that he is prepared for any underhanding tactics from his Mercedes teammate Nico Rosberg if his Mercedes teammate Nico Rosberg's potential underhanded tactics, and that he will not to use the German, and that he",False,True,captured
cnndm_2754,cnndm,0.6B,8,deterministic,42,10.3237,249.54,63.36,160,15.5,378,113,48,0.2989,2.35,False," Oriol Romeu, a Chelsea midfielder on a season-long loan at Bundesliga loan at Stuttgart, and Martin Keown predict the weekend's Premier League and FA Cup matches, predicts the weekend's Premier League and FA Cup matches. The key facts and Martin Keown predict the weekend's Premier League and FA Cup matches. The article: a season-long loan at Stuttgart, and Sportsmail's Martin Keown predict the weekend's Premier League and FA Cup matches. a season-long loan at Bundesliga loan at Bundesliga loan at Bundesliga loan at Stuttgart, and Sportsmail's Martin Keown predict weekend's Premier League and FA Cup matches, predicts the weekend's Premier League and FA Cup matches. The article: Chelsea's loan at Stuttgart, and Martin Keown predict the weekend's Premier League and FA Cup matches. The",False,True,captured
cnndm_2790,cnndm,0.6B,8,deterministic,42,7.112,328.26,42.67,160,22.5,258,128,33,0.4961,3.88,False," 

A body was found after a major air-seaft after a major air-sea search mission for a kayaker Stephen Taylor, a 54-year-old kayaker Stephen Taylor, a 54-year-old Stephen Taylor, a 54-year-old kayaker Stephen Taylor, a 54-year-old Stephen Taylor, a 54-year-old Stephen Taylor, a 54-year-old Stephen Taylor, a 54-year-old Stephen Taylor, a 54-year-old Stephen Taylor, a 54-year-old Stephen Taylor, a 54-year-old Stephen Taylor, who was found during a major air-sea search mission for Stephen Taylor, a 54-year-old kayaker Stephen Taylor, a 54-year-old kayaker Stephen Taylor, a ",False,True,captured
cnndm_2797,cnndm,0.6B,8,deterministic,42,11.6924,434.58,70.8,160,13.68,425,107,54,0.2518,1.98,False," 

Nathaniel Clyne, England's first-choice right-back, has been confirmed first-choice right-back, has been named as of the right-back, has been confirmed first-choice right-back, is the right-back, has been confirmed as of the right-back position, has been confirmed as of the right-back position, has been told by manager Roy Hodgson has been confirmed first-choice right-back, is the first-choice right-back, is the first choice right-back, is the first choice right-back according to Roy Hodgson has been confirmed as of the latest right-back, has been confirmed as the right-back, has been confirmed as the first choice right-back, has been confirmed as the first choice right-back, has been confirmed as the first-choice right-back, is the first choice right-back,",False,True,captured
cnndm_2835,cnndm,0.6B,8,deterministic,42,11.1621,451.13,67.36,160,14.33,406,108,52,0.266,2.08,False," The Margaret River Pro saw a dramatic wipe-out with Australian surfer Josh Kerr, who won by Australian surfer Josh Kerr, who was Australian surfer Josh Kerr flipping Australian surfer Josh Kerr flipping Australian surfer Josh Kerr flipping Australian surfer Josh Kerr flipping Australian surfer Josh Kerr, Australian surfer Josh Kerr flipping Australian surfer Josh Kerr, Australian surfer Josh Kerr, Australian surfer Josh Kerr, who was the most impressive one of Australian surfer Josh Kerr flipping Australian surfer Josh Kerr, who was the most impressive one? The article discusses the challenges from Australian surfer Josh Kerr flipping Australian surfer Josh Kerr, who was surfing's Australian surfer Josh Kerr flipping Australian surfer Josh Kerr, who was surfing's Australian surfer Josh Kerr flipping headfirst Australian surfer Josh Kerr flipping Australian",False,True,captured
cnndm_2929,cnndm,0.6B,8,deterministic,42,11.3089,517.33,67.87,160,14.15,407,110,51,0.2703,2.16,False, Andrew Flintoff has called on the English cricketing public to support to support to support to support both the NatWest Twenty20 Blast and England cricketing public to support to show support to show support to show support for support to show support for support for support for support for support for Alastair Cook to support to show support for support for support for Alastair Cook to support both the NatWest Twenty20 Blast and England cricketing public to support both the NatWest Twenty20 Blast and England cricketing public to support both the NatWest Twenty20 Blast and public to support both the NatWest Twenty20 Blast and England cricketing public to support both the NatWest Twenty20 Blast to support both the NatWest Twenty20 Blast to support both the NatWest Twenty2,False,True,captured
cnndm_3009,cnndm,0.6B,8,deterministic,42,10.2167,370.78,61.92,160,15.66,372,114,47,0.3065,2.43,False," Gael Monfils, the Frenchman, Gael Monfils, the 28-year-old, defeated Roger Federer in a thrilling last-16 match at Monte Carlo Masters, Roger Federer, and Gael Monfils, the Frenchman Monfils, the Frenchman Monfils, the Frenchman, defeated Roger Federer, defeated Roger Federer in a thrilling last-16 match at Monte Carlo Masters, defeated Roger Federer in a thrilling last-16 match at the 28, defeated Roger Federer in a thrilling last-18, defeated Roger Federer in a thrilling last-18, defeated Roger Federer in a thrilling last-18, defeated Roger Federer in a thrilling last-18, defeated Roger Federer in a",False,True,captured
cnndm_3017,cnndm,0.6B,8,deterministic,42,10.1041,317.4,61.55,160,15.84,368,114,46,0.3098,2.48,False," Australia captain Michael Clarke believes Kevin Pietersen could play in this summer's Ashes Test series. Pietersen could play in the former England star could play in the upcoming Ashes Test series. Pietersen could play in the upcoming Ashes Test series, who was disengaged from his team-mates during the former England star could return to international cricket. Pietersen could play in this summer's Ashes Test series. Pietersen could play in this summer's Ashes Test series. Pietersen could play in this summer's Ashes Test series. Pietersen could play in this summer's Ashes Test series. Pietersen could play in this summer's potential to be part in the Ashes Test series. Pietersen could play in this summer's Ash",False,True,captured
cnndm_3098,cnndm,0.6B,8,deterministic,42,14.368,1561.28,80.55,160,11.14,464,102,58,0.2198,1.76,False, made a good decision in his choice of players made a good decision. The summer. The article. The summer. The summer. The summer. The summer of the last summer. The summer of  for the last summer. The summer of  for the derby. The summer is a good decision. The summer is a time. The summer is a time. The summer is a time for the derby. The summer is a time for both on the training ground. The summer is a time for both on the training ground. The summer of the  for the derby. The summer is a good decision in the starting the last summer. The summer of the  for the derby. The summer is a time. The summer is a good decision in the starting XI. The summer is a time for both,False,True,captured
cnndm_3130,cnndm,0.6B,8,deterministic,42,10.5499,609.95,62.52,160,15.17,371,114,47,0.3073,2.43,False," 

Borussia Dortmund's Jurgen Klopp 

Borussia Dortmund's Jurgen Klopp has announced his departure from the club after announcing his departure from the club in the summer, who has announced his departure from the club in the summer, who has led the club announced his departure from the club in the summer, who has been announced his departure from the club in the summer, who has been the club announced his departure from the club in the summer, who has been announced his departure from the club in the summer, who has been the club's decision to leave the club after announcing his departure from the club after announcing his departure from the club after announcing his departure from the club, who has been the club's manager announced his departure from the club in the summer, who has been the club's",False,True,captured
cnndm_3227,cnndm,0.6B,8,deterministic,42,14.3861,1156.98,83.2,160,11.12,484,100,61,0.2066,1.64,False," 

Adrian Heath, a former footballer 

Adrian Heath, is the manager of Orlando City manager of English footballer and current manager of Orlando City manager of Orlando City manager of Orlando City manager of Orlando City in the English footballer and current manager of Orlando City in the English Premier League and current manager of Orlando City in MLS team manager of Orlando City in Major League Soccer (now managing Orlando City manager of Orlando City in Major League Soccer (now manager of Orlando City in Major League Soccer (MLS manager of Orlando City in Major League Soccer (MLS manager of Orlando City, is the manager of Orlando City in the manager of Orlando City in Major League Soccer (MLS) and current manager of Orlando City in MLS team manager of Orlando City in Major League Soccer (MLS) team manager of Orlando City",False,True,captured
cnndm_3236,cnndm,0.6B,8,deterministic,42,9.9186,370.71,60.05,160,16.13,361,115,46,0.3186,2.5,False," Rafael Nadal advanced to the quarter-finals of the Monte Carlo Masters after defeating John Isner, while Roger Federer was defeated John Isner, defeating John Isner, defeating John Isner, while Roger Federer's Masters after defeating John Isner, defeating John Isner, while Roger Federer was defeated John Isner, while Roger Federer was defeated John Isner, while Roger Federer was defeated John Isner, while Roger Federer was defeated John Isner, while Roger Federer was defeated John Isner, while Roger Federer was defeated John Isner, while Roger Federer Masters after defeating John Isner, while Roger Federer was knocked out Roger Federer's Masters after defeating John Isner, while Roger Federer's Masters after defeating John Isner, while Roger Feder",False,True,captured
cnndm_3317,cnndm,0.6B,8,deterministic,42,11.4992,489.3,69.24,160,13.91,415,109,52,0.2627,2.1,False," 

David Cameron accused the BBC of peddling 

David Cameron accused the BBC of peddling 'b******* after claiming his favorite sport was foxhunting after claiming he said he said he said he said he said he had a ""b*******"" after claiming he said he said he had a heated rhetoric after claiming his favorite sport was foxhunting. 

David Cameron accused the BBC of peddling 'b*******' after claiming his favorite sport was a ""b*******"" after claiming his favorite sport was a ""b*******"" after being a ""b*******"" after being a ""b*******"" after a ""b*******"" after claiming he said he had a heated rhetoric after a ""b*******"" after being a ""b*******"" after a dispute over the ""b*******"" after claiming his favorite",False,True,captured
cnndm_3319,cnndm,0.6B,8,deterministic,42,10.2311,276.85,62.61,160,15.64,375,114,47,0.304,2.43,False," A Washington, D.C.' the platform onto the platform onto the platform onto the electrified subway tracks in Washington, D.C.' the platform onto electrified subway tracks in Washington, D.C., the platform onto electrified subway tracks in Washington, D.C., the platform onto electrified subway tracks in Washington, the platform onto electrified subway tracks in Washington, the platform onto electrified subway tracks in Washington, D.C.' the platform onto electrified subway tracks in Washington, the platform onto electrified subway tracks in Washington, the platform onto electrified subway tracks in Washington, the platform onto electrified subway tracks in Washington, D.C.' the platform of the platform onto electrified subway tracks in Washington, D.C. subway tracks in Washington, D.C.' the platform onto electrified subway tracks in",False,True,captured
cnndm_3330,cnndm,0.6B,8,deterministic,42,11.987,357.72,73.14,160,13.35,439,106,55,0.2415,1.93,False," James Milner, a Manchester City midfielder, is considering his future at the article: is considering his future at the club is considering his future at the club, is considering his future at the club, is weighing his future is considering his future at the club, is considering his future at the club, is weighing options, is considering his future is considering his future at the club, with a key facts and is considering his future at the club, is weighing his future is considering his future at the club, with a key player, is considering his future at the club, with a contract expires in June and is considering his future at the club, is considering his future at the club, with a contract expires in June and is considering a key facts and entities: is considering his future at the club,",False,True,captured
cnndm_3381,cnndm,0.6B,8,deterministic,42,8.6018,364.5,51.81,160,18.6,313,121,40,0.3866,3.02,False," Tim Sherwood, the Aston Villa boss, Tim Sherwood, the Aston Villa boss, offered encouragement to  offered encouragement to  offered encouragement to 6-year-old Charlie Pye, a six-year-old Charlie Pye, a six-year-old fan, offered encouragement to 6-year-old Charlie Pye, offered encouragement to 6-year-old Charlie Pye, offered encouragement to 6-year-old Charlie Pye is a  offered encouragement to 6-year-old Charlie Pye, offered encouragement to 6-year-old Charlie Pye is a 6-year-old fan named Charlie Pye, a six-year-old fan, Charlie Pye, a six-year-old fan, Charlie Pye, offered encouragement to 6-year-old Charlie Pye, offered encouragement to 6-year-old Charlie Pye",False,True,captured
cnndm_3607,cnndm,0.6B,8,deterministic,42,17.4235,765.5,104.77,160,9.18,618,82,78,0.1327,1.05,False," 

2. The article discusses the contrasting his team upendorse the idea of defending, emphasizing defense-focused on the idea of defending, but acknowledged the idea of defending, but acknowledged the difficulty in the idea of defending, but acknowledged that, but acknowledged the idea of defending, emphasizing defense-focused tactics, but acknowledged that, as he was to defend, emphasizing defense, but acknowledged that defending, but acknowledged that, as he emphasized the idea of defending, emphasizing defense, acknowledging the idea of defending, emphasizing defense, acknowledging the difficulty in defending, emphasizing defense, acknowledging the difficulty in defending, emphasizing defense, acknowledging the difficulty of defending, emphasizing defense, acknowledging the difficulty of defending, count on the idea of defending, emphasizing defense, acknowledging the difficulty of defending, count on defending, emphasizing defense, acknowledging that",False,True,captured
cnndm_3739,cnndm,0.6B,8,deterministic,42,12.213,294.37,74.96,160,13.1,449,104,57,0.2316,1.82,False," 

Diego Maradona, widely regarded as one of the greatest football legend of the greatest football legend of the greatest footballer as one of the greatest football legend of football legend of the greatest footballers as one of the greatest footballers of the greatest footballers as one of the greatest footballers of all the greatest footballer as one of the greatest footballers of all the world's greatest footballers, is one of the greatest footballers of all the world as one of the greatest footballers of all time, is one of the greatest footballers of all time, is one of the greatest footballers of all time, is known for his legendary football legend of the greatest footballers as one of the greatest footballers of all time, is known for his legendary  as one of the greatest",False,True,captured
cnndm_3838,cnndm,0.6B,8,deterministic,42,7.847,406.69,46.79,160,20.39,282,125,36,0.4433,3.47,False," Rafael Nadal defeated Nicolas Almagro 6-1 to reach the third round of the Barcelona Open, reaching the Barcelona Open third round, reaching the third round of the Barcelona Open, reaching the third round of the Barcelona Open, reaching the third round of the Barcelona Open. to reach the third round of the Barcelona Open, reaching the third round of the Barcelona Open, reaching the third round of the Barcelona Open, reaching the third round of the Barcelona Open. to reach the third round of the Barcelona Open, reaching the third round of the Barcelona Open, where he reached the Barcelona Open third round, reaching the third round of the Barcelona Open, reaching the third round of the Barcelona Open. to reach the third round of the Barcelona Open, reaching the third round of the Barcelona Open, reaching the",False,True,captured
cnndm_4036,cnndm,0.6B,8,deterministic,42,13.4176,271.14,82.68,160,11.92,496,97,63,0.1956,1.54,False," Juventus are monitoring Raheem Sterling's situation at Liverpool, a Liverpool, a Liverpool, as they want to strengthen their potential transfer at Liverpool, a Liverpool winger at Liverpool, as they seek to strengthen their squad at Liverpool, aiming to sign at Liverpool, as they seek to strengthen their squad this summer as they want to strengthen their squad this summer as they seek to strengthen their squad this summer, a Liverpool winger as they seek to strengthen their squad this summer. The Serie A side look to strengthen their squad this summer as they seek to strengthen their squad this summer, with the English international winger at Liverpool as they want to strengthen their squad this summer, a Liverpool winger as they seek to strengthen their squad this summer. The Serie A side looking to strengthen their squad this summer. The Serie A side looking",False,True,captured
cnndm_4058,cnndm,0.6B,8,deterministic,42,8.3117,396.83,49.78,160,19.25,301,122,39,0.4053,3.13,False," Steven Naismith, the Everton forward, has been awarded the Barclays Spirit of the Game Awarded the latest recipient of the Barclays Spirit of the Game Award for his selfless than the latest recipient of the Barclays Spirit of the Game Awarded the Barclays Spirit of the Game Award for his selfless than the Barclays Spirit of the Game Award for his selfless than the Barclays Spirit of the Game Award for his selfless charity work and community, has been awarded the Barclays Spirit of the Game Awarded the Barclays Spirit of the Game Award for his selfless charity work and community contributions to the local community, has been awarded the Barclays Spirit of the Game Awarded the Barclays Spirit of the Game Award for his selfless charity work and community contributions have been awarded the Barclays Spirit of the Game Awarded the Barclays",False,True,captured
cnndm_4149,cnndm,0.6B,8,deterministic,42,17.5643,431.27,107.75,160,9.11,648,79,82,0.1219,0.96,False," Michael Carrick has been an important figure for England, with has been an impressive performances in friendly performance in the majority of his appearances in the majority of his appearances in the 9 competitive starts, but has been an impressive performances in friendly performance in the friendly performance in the friendly performance against Italy friendly performance against Italy in the 9 competitive starts, but has mostly average performances and Manchester United's revival of his performance in the 9 competitive starts, but his performance in the friendly against Italy in a career highlights including a career highlights including a strong performances in friendly performance against Italy in the majority of his appearances in the 2006 World Cup and Manchester United's revival of his performances in friendly performance against Italy in a career that he has been an important figure for Manchester United's revival, but his",False,True,captured
cnndm_4226,cnndm,0.6B,8,deterministic,42,10.5476,435.22,63.6,160,15.17,383,111,49,0.2898,2.27,False," Smita Srivastava, a 37-year-old Indian woman from Allahabad, Uttar Pradesh resident of Allahabad resident of Allahabad resident of Allahabad, Uttar Pradesh resident of Allahabad, Uttar Pradesh resident of Allahabad, Uttar Pradesh, holds the Indian woman from Allahabad resident of Allahabad, Uttar Pradesh, holds the Indian woman from Allahabad, 37-year-old Indian woman from Allahabad, Uttar Pradesh, holds the record for the longest hair in India, 37fta 37ft (37-year-old Indian woman from Allahabad, Uttar Pradesh resident of Allahabad, Uttar Pradesh, holds the record for the longest hair in India, 37-year-old Indian woman from Allahabad, Uttar Pradesh, holds the record holder of the Indian",False,True,captured
cnndm_4258,cnndm,0.6B,8,deterministic,42,11.3415,549.18,67.88,160,14.11,407,108,52,0.2654,2.08,False," UEFA has charged Barcelona manager Pep Guardiola for wearing a t-shirt demanding justice for journalist Jorge Lopez's wearing a non-sporting behavior that he wore a non-sporting behavior that he wore a non-sporting behavior after he wore a t-shirt demanding justice for journalist Jorge Lopez's wearing a t-shirt demanding justice for journalist Jorge Lopez's wearing a t-shirt demanding justice for journalist Jorge Lopez, a non-sporting incident of wearing a t-shirt demanding justice for journalist Jorge Lopez, a non-sporting incident after he wore a t-shirt demanding justice for Jorge Lopez, a journalist Jorge Lopez, a journalist Jorge Lopez, a journalist Jorge Lopez, a journalist who wore a t-shirt demanding justice for journalist Jorge Lopez, a journalist Jorge Lopez, a journalist who died in a car crash in a",False,True,captured
cnndm_4375,cnndm,0.6B,8,deterministic,42,13.2046,1073.99,76.29,160,12.12,447,103,57,0.2304,1.81,False," 

Floyd Mayweather and Manny Pacquiao 

Floyd Mayweather and Manny Pacquiao 

Floyd Mayweather and Manny Pacquiao 

Floyd Mayweather and Manny Pacquiao are set to face each had a highly anticipated boxing match tickets for the richest fight in boxing match is the biggest fight is the biggest fight is the biggest fight in boxing history. The fight is the biggest fight in boxing history, two top the biggest fight in boxing history, two top box match is the biggest fight in boxing history. The fight is the biggest fight in boxing history. The fight is the biggest fight in boxing history. The fight between the biggest fight in boxing history, two top boxers are set to face off to face off in the richest fight in boxing history. 

Ade Adebayo, two",False,True,captured
cnndm_4559,cnndm,0.6B,8,deterministic,42,10.6343,466.07,63.95,160,15.05,383,113,48,0.295,2.35,False," 

Reality TV star and singer Lil' Chris, whose real name was Chris Hardman died by the real name was found dead at  died by suicide was found hanging at his home in his real name was Chris Hardman, who died by the real name Chris Hardman, known as Chris Hardman, known as Chris Hardman, known as Chris Hardman, known as Chris Hardman, died by suicide at  died by suicide at his home in Lowestoft, whose real name was Chris Hardman died by suicide at his home in Lowestoft, whose real name was Chris Hardman died by suicide at his home in Lowestoft, whose real name was Chris Hardman died by suicide at his home in Lowestoft, whose real name was Chris Hardman died by suicide at his home in Lowest",False,True,captured
cnndm_4589,cnndm,0.6B,8,deterministic,42,9.5586,331.38,58.03,160,16.74,350,116,44,0.3314,2.64,False," 

Mazzy, a four-year-old girl with Spina Bifida, was on a Southwest Airlines flight from Tampa resident of Spina Bifida patient with Spina Bifida patient with Spina Bifida, was on a girl with Spina Bifida, was on a girl with Spina Bifida, was on a Southwest Airlines flight from Tampa, who is paralyzed from the chest down due to Spina Bifida, was on a girl with Spina Bifida, was on a Southwest Airlines flight from Tampa, was on a Southwest Airlines flight, who is paralyzed from the chest down due to Spina Bifida, was on a Southwest Airlines flight from Tampa, was on a Southwest Airlines flight from Tampa, was on a Southwest Airlines flight from",False,True,captured
cnndm_4621,cnndm,0.6B,8,deterministic,42,8.6134,396.85,51.68,160,18.58,312,122,39,0.391,3.13,False," The Canadian tourist, Debra Fortin, who Canadian tourist, Debra Fortin, who knocked over a 73-year-old Chinese woman knocked over a 73-year-old Chinese woman, Cui Hongfang, died in a Canadian tourist, was involved in the death of a Chinese woman, was involved in the death of a Chinese woman, was involved in the death of a Chinese woman, was involved in the death of a Chinese woman, was involved in the death of a Chinese woman knocked over a Canadian tourist, Debra Fortin, who knocked over a Chinese woman, Cui Hongfang, died in a fall downed a Canadian tourist, Debra Fortin, who Canadian tourist, Debra Fortin, who knocked over a Chinese woman, Cui Hongfang, died",False,True,captured
cnndm_4659,cnndm,0.6B,8,deterministic,42,13.0402,1124.0,74.94,160,12.27,439,105,56,0.2392,1.88,False," 

Volcano, a 31-year-old Libyan rapper, has released a music video set in the conflict, is a Libyan rapper, is a Libyan rapper, has released a music video set in the conflict-rapper from Libya-based rapper from Libya, has released a music video set in the conflict-rapper from Benghazi-based rapper from Libya, has released a music video set in the conflict-rapper from Benghazi, is a Libyan rapper, has released a music video set in the conflict-rapper from Benghazi, has released a music video set in the conflict, is a Libyan rapper who is a Libyan rapper, has released a music video set in Libya-based rapper from Libya, has released a music video set in the conflict-rav Libyan rapper, has released a music video set in Libya-based rapper,",False,True,captured
cnndm_4663,cnndm,0.6B,8,deterministic,42,14.1873,899.11,83.57,160,11.28,490,98,63,0.2,1.56,False," 

James Houlder and his girlfriend Vicki 

James Houlder and his girlfriend Vicki 

James Houlder and his girlfriend Vicki Hood experienced severe health issues after a holiday in Egypt, but also had a bad experiences severe health issues, who had booked a holiday in Egypt, who had booked a holiday at the Sonesta Beach Resort in Sharm El Sheikh, Egypt, where on a holiday in Egypt, and Alex Comley and Alex Comley and Alex Comley and Alex Comley were severely ill with their holiday in Egypt, but also Alex Comley and his girlfriend, Vicki Hood contracted food poisoning at the Sonesta Beach Resort in Sharm El Sheikh, Egypt, nine months after contracting food poisoning during their holiday in Egypt. Hood contracted food poisoning during their holiday in Egypt. Hood contracted",False,True,captured
cnndm_4786,cnndm,0.6B,8,deterministic,42,15.2652,1397.55,87.22,160,10.48,501,97,64,0.1936,1.52,False," 

2. 2. 

2. 3. The article discusses the criticism of Newcastle United's goalkeeper Tim Krul for his half-time gestures by Jamie Carragher for his half-time gestures by Jamie Carragher, and the debate around the Newcastle United's goalkeeper Tim Krul for his half-time reaction to Newcastle United goalkeeper Tim Krul for his half-time reaction to Jermain Defoe's goal against Newcastle United goalkeeper Tim Krul for congratulating an English footballer Newcastle United goalkeeper Tim Krul for congratulating Sunderland striker Jermain Defoe's actions by Jamie Carragher, and the debate over the Newcastle United goalkeeper Tim Krul for congratulating an opponent's actions by Newcastle United goalkeeper Tim Krul for congratulating Sunderland striker Jermain Defoe's goalkeeping a sportsmanship by Jamie Carragher",False,True,captured
cnndm_4943,cnndm,0.6B,8,deterministic,42,8.1951,525.96,48.23,160,19.52,287,124,37,0.4321,3.35,False," 

Jon Huxley, a hotel owner 

Jon Huxley, plans to convert his Westward Ho! in Folkestone, Kent, plans to convert his Westward Ho! in Folkestone, Kent, plans to convert his Westward Ho! hotel owner of Westward Ho! in Folkestone, Kent, plans to convert his Westward Ho! hotel in Folkestone, Kent, plans to convert his Kent, is planning to convert his Westward Ho! in Folkestone, Kent, plans to convert his Kent, plans to convert his Westward Ho! hotel owner of Westward Ho! in Folkestone, Kent, is planning to convert his Westward Ho! hotel in Folkestone, Kent, plans to convert his Kent, is planning to convert",False,True,captured
cnndm_4993,cnndm,0.6B,8,deterministic,42,13.3739,1044.86,77.54,160,11.96,458,102,58,0.2227,1.76,False," The article discusses the discovery of nearly 2,000 preserved graffiti left by soldiers' (this is a century-old graffiti inscriptions left by soldiers during the discovery of World War I soldiers' graffiti in the discovery of nearly 2,000 preserved graffiti inscriptions left by First World War soldiers' (this is a repetition. The article discusses the discovery of nearly 2,00 preserved graffiti left by soldiers during the discovery of nearly 2,000 preserved graffiti inscriptions left by First World War soldiers' graffiti inscriptions left by soldiers during World War I soldiers' graffiti in a century-old graffiti inscriptions left by First World War soldiers' graffiti in the Naours,0 preserved graffiti inscriptions left by First World War soldiers' graffiti in the Naours, northern",False,True,captured
cnndm_5012,cnndm,0.6B,8,deterministic,42,11.0423,755.19,64.7,160,14.49,381,113,48,0.2966,2.35,False," 

Facial exercises, such as the Furrow Smoother, Lip Lift, and Nose Transformer, Lip Lift, Nose Transformer and Lip Lift, Nose Transformer and Lip Lift, have been used by Carole Maggio's Smoother, Lip Lift, Nose Transformer and Lip Lift, have been used for the Furrow Smoother, Lip Lift, Nose Transformer, Lip Lift, Nose Transformer, and Furrow Smoother, Lip Lift, Nose Transformer, and Furrow Smoother, Lip Lift, and Lip Lift, Nose Transformer and Lip Lift, Nose Transformer and Lip Lift, have been used for the forehead stretch, Lip Lift, Nose Transformer, and Furrow Smoother, Lip Lift, Nose Transformer, and Furrow Smoother, Lip Lift, Nose Transformer,",False,True,captured
cnndm_5034,cnndm,0.6B,8,deterministic,42,10.2562,608.25,60.68,160,15.6,361,115,46,0.3186,2.5,False," Candice Swanepoel has appeared in Max Factor's latest beauty campaign, and is featured in Max Factor's latest Max Factor's latest Max Factor's latest beauty campaign, and is featured in Max Factor's latest beauty campaign, embodying Marilyn Monroe in Max Factor's latest beauty campaign, and is being in Max Factor's latest beauty campaign, and is being in Max Factor's latest beauty campaign, and is being celebrated beauty campaign for Max Factor's latest beauty campaign, and is being celebrated for her latest Max Factor's latest beauty campaign, and is being celebrated for her role as part of Max Factor's latest beauty campaign, and is being celebrated for her role as Marilyn Monroe's latest Max Factor's latest beauty campaign, and is being celebrated for her role in Max Factor's latest beauty campaign, and",False,True,captured
cnndm_5061,cnndm,0.6B,8,deterministic,42,8.2159,570.6,48.08,160,19.47,288,124,36,0.4306,3.44,False," 

California Gov. Jerry Brown ordered state officials to implement mandatory water restrictions for the first time in history on Wednesday, implementing mandatory water restrictions for the first time in history due to a mandatory water restrictions for the first time in history due to a mandatory water restrictions for the first time in history on Wednesday to implement mandatory water restrictions for the first time in history due to a mandatory water restrictions for the first time in history on Wednesday, for the first time in history to implement mandatory water restrictions for the first time in California Gov. Jerry Brown ordered state officials to impose mandatory water restrictions for the first time in history on Wednesday, for the first time in history to implement mandatory water restrictions for the first time on Wednesday to implement mandatory water restrictions for the first time in California Gov. Jerry Brown ordered state officials to impose",False,True,captured
cnndm_5118,cnndm,0.6B,8,deterministic,42,9.3502,557.44,55.3,160,17.11,329,119,42,0.3617,2.83,False," Morgellons disease is a rare, incurable condition characterized by skin condition characterized by skin condition characterized by skin condition characterized by sores and fibers that cannot be identified condition characterized by skin condition characterized by sores, and controversial condition characterized by skin condition characterized by sores, and controversial condition characterized by skin sores and fibers, and controversial condition characterized by skin sores, and controversial condition characterized by skin sores, and controversial condition characterized by skin sores, and controversial condition characterized by skin sores, and controversial condition characterized by skin sores, and controversial condition characterized by skin sores, and controversial condition characterized by skin sores, and controversial condition characterized by skin sores, and controversial condition characterized by skin sores, and controversial condition characterized by skin sores, and controversial condition characterized",False,True,captured
cnndm_5164,cnndm,0.6B,8,deterministic,42,10.8351,478.22,65.14,160,14.77,390,112,49,0.2872,2.29,False," Princess Beatrice of the United Kingdom, 26, visited Shoreditch, has been seen in a black leather dress, has been seen in a black leather dress, visited Shoreditch, has been seen at 26, 26, visited Shoreditch, has been seen at Shoreditch, has been seen at Shoreditch House in her boyfriend Dave Clark, and other than 26, visited Shoreditch, a member of the royal family, has been seen at 26, visited Shoreditch, a member of the royal family, recently visited Shoreditch, a member of the royal family, recently visited Shoreditch, a trendy and her boyfriend Dave Clark, and other locals, and fashion enthusiast, recently visited Shoreditch, a",False,True,captured
cnndm_5202,cnndm,0.6B,8,deterministic,42,12.1213,1259.33,68.31,160,13.2,395,111,50,0.281,2.22,False," 

Jesus Christ was not a real person and 

Jesus Christ is likely a literary invention, according to David Fitzgerald, a leading atheist David Fitzgerald, according to David Fitzgerald, a leading atheist activist, according to David Fitzgerald, a leading atheist activist David Fitzgerald, a leading atheist David Fitzgerald, a leading atheist activist, according to David Fitzgerald, a leading atheist activist, according to David Fitzgerald, a leading atheist activist David Fitzgerald, a leading atheist activist David Fitzgerald, a leading atheist activist, argues that the figure is likely a literary invention, according to David Fitzgerald, a leading atheist activist David Fitzgerald, a leading atheist writer David Fitzgerald, a leading atheist activist, argues that the figure was likely a literary invention combining stories of the figure, according to David Fitzgerald, a leading atheist activist David Fitzgerald, a leading atheist",False,True,captured
cnndm_5318,cnndm,0.6B,8,deterministic,42,10.0985,1513.05,54.0,160,15.84,309,122,39,0.3948,3.13,False," The character is known for his high-pitched laugh and for his high-pitched laugh and for his high-pitched laugh and for his inability to say, and for his inability to say, and for his inability to say, and for his inability to say the character is also for his high-pitched laugh and for his inability to speak and for his inability to say, and for his inability to say the character is known for his high-pitched laugh and for his high-pitched laugh and for his high-pitched laugh and for his inability to speak and for his inability to say the character is known for his high-pitched laugh and for his high-pitched laugh and for his inability to speak and for his inability to say the character is known for his high-pitched laugh and for his inability to",False,True,captured
cnndm_5333,cnndm,0.6B,8,deterministic,42,12.2452,749.03,72.3,160,13.07,425,107,54,0.2518,1.98,False," The article discusses a study on skin's collagen fibers in skin's collagen fibers in skin's dermis, the skin's collagen fibers in the skin's collagen fibers in the dermis straighten and stretch in skin's collagen fibers in the dermis straighten and stretch in response to tearing is due to the behavior of collagen fibers in skin's collagen fibers in the dermis straighten and stretch in response to tearing, skin's collagen fibers adapt by the skin's collagen fibers adapt by straighten skin's collagen fibers adapt by straightening skin's collagen fibers adapt by straightening and collagen fibers in the dermis straighten and stretch in response to tearing, skin's collagen fibers adapt by straighten skin's collagen fibers adapt by straightening and stretching and collagen fibers in the dermis straighten and stretch and",False,True,captured
cnndm_5346,cnndm,0.6B,8,deterministic,42,9.3657,598.77,55.14,160,17.08,328,119,41,0.3628,2.9,False," 

The article discusses the growing tensions between Marine Le Pen, the leader of the French National Front and her father, Jean-Marie Le Pen, the leader of the French National Front leader of the French National Front leader of the French National Front (Marine Le Pen, the current leader of the French National Front leader of the French National Front and her father, Jean-Marie Le Pen, the leader of the French National Front and her father, Jean-Marie Le Pen and her father, Jean-Marie Le Pen, and her father, Jean-Marie Le Pen, and her father, Jean-Marie Le Pen, the leader of the French National Front and her father, Jean-Marie Le Pen, the leader of the French National Front and her father, Jean-Marie Le Pen, and her",False,True,captured
cnndm_5365,cnndm,0.6B,8,deterministic,42,14.868,597.23,89.75,160,10.76,535,94,67,0.1757,1.4,False," 

The article describes a murder involving Steven Carl Day, a man who confessed to molesting young girls and that occurred in 2013 after he confessed to molesting young girls and his friend, a man who confessed to molesting young girls and his friend Robert Mccombs and his friend, a man who admitted to molesting young girls and that occurred in 2013 after the article: Day, a man, a man, Robert Mccombs and Roger Musick and his friend Robert Mccombs and Roger Musick and his friends, a man who confessed to molesting young girls, a man who admitted to molesting young girls, leading to the death of Steven Carl Day, a man who confessed to molesting young girls, a man who admitted to molesting",False,True,captured
cnndm_5446,cnndm,0.6B,8,deterministic,42,11.8634,1336.75,66.21,160,13.49,384,113,48,0.2943,2.35,False," The Queen will lead a religious service commemorating the 70th anniversary of VE Day, marking the 70th anniversary of VE Day, and will attend events, and will lead the nation at a religious service commemorating the 70th anniversary of VE Day, and will lead the nation at a religious service commemorating the 70th anniversary of VE Day, and will attend the Westminster Abbey service of thanksgiving as part of the 70th anniversary of VE Day, and will attend the Westminster Abbey on VE Day, and other events, and will attend the Westminster Abbey service of thanksgiving as part of the 70th anniversary of VE Day, and other events, including a chain of beacons, a religious service commemorating the 70th anniversary of",False,True,captured
cnndm_5481,cnndm,0.6B,8,deterministic,42,13.5204,1361.35,76.47,160,11.83,441,104,56,0.2358,1.86,False," 

David Light, the account director at The Data Partnership, admitted to using underhand Partnership, revealed that the Data Partnership, revealed that his company, revealed that his company, The Data Partnership, admitted to using underhand tactics to tricked Partnership, admitted to using underhand tactics to obtain personal information from people, revealed that his company, The Data Partnership, admitted to using underhand tactics used underhand tactics used underhand tactics used underhand tactics to the Data Partnership, admitted to using underhand tactics to obtain personal information from people through underhand tactics used underhand tactics to obtain personal information from people through underhand tactics used underhand tactics to obtain personal information from people, revealed that his company, The Data Partnership, uses underhand tactics used underhand tactics to obtain personal information from people,",False,True,captured
cnndm_5516,cnndm,0.6B,8,deterministic,42,10.9581,515.17,65.68,160,14.6,393,110,50,0.2799,2.2,False," Carla Zampatti's SS15-16 collection, a celebration of her 50th collection at Sydney's Opera House celebrated her 50th collection at Sydney's Opera House today to celebrate her 50th collection at Sydney's Opera House celebrated her 50th anniversary collection at Sydney's Opera House celebrated her 50th anniversary in fashion, a celebration of her 50th collection at Sydney's Opera House celebrated her 50th anniversary in fashion with bold colors and 16 collection at Sydney's Opera House celebrated her 50th anniversary in fashion with bold colors and bold, a celebration of her 50th year collection at Sydney's Opera House celebrated her 50th anniversary in fashion with bold colors and bold designs, featuring bold",False,True,captured
cnndm_5556,cnndm,0.6B,8,deterministic,42,15.4721,1192.79,89.81,160,10.34,523,95,66,0.1816,1.44,False," The article compares the cost of room service in various global destinations worldwide destinations worldwide destinations worldwide destinations, including hotel stays in various global destinations worldwide destinations, including hotel stays across 48 global destinations, including hotel stays across 48 global destinations, highlighting that the UK and around the world, highlighting that Sofia, Bulgaria, and around the world, highlighting that Sofia, Bulgaria, offers the best value for Britons, including hotel stays across 48 global destinations, highlighting that Sofia, Bulgaria, offers the best value for Britons, with other cities across 48 global destinations, highlighting that Sofia, Bulgaria, offers the best value destinations worldwide destinations worldwide destinations, highlighting that Sofia, Bulgaria, offers the best value destinations worldwide, including hotel stays, including hotel stays and around the world, highlighting that",False,True,captured
cnndm_5581,cnndm,0.6B,8,deterministic,42,13.4773,639.94,80.74,160,11.87,474,100,61,0.211,1.64,False," Dunkin Donuts has introduced a new spring menu featuring five items, including two 340-calorie cheesecake-filled menu featuring five-item menu, which includes five-item menu, which includes several high-calorie menu featuring five items, including two cheesecake-filled donuts, a new menu featuring five-item menu, which includes high-calorie menu featuring five items, including high-calorie menu, which includes several high-calorie and the new menu featuring five items, including five-item menu, which includes high-calorie menu, including five-item menu, including five-item menu, including five items, including two 340-calorie cheesecake-filled menu featuring five items, including five items, including two 340-calorie cheesecake-filled donuts, a new menu featuring high-cal",False,True,captured
cnndm_5701,cnndm,0.6B,8,deterministic,42,10.891,741.18,63.84,160,14.69,378,113,48,0.2989,2.35,False," The Future Music Festival's decision to cancel in 2016 has sparked mixed reactions from 6 has sparked mixed reactions from fans sparked mixed reactions from fans, 6 has sparked mixed reactions from fans, with the 6 has sparked mixed reactions from fans, with the 2 has sparked mixed reactions from fans, with the 206 has sparked mixed reactions from fans, with some key facts and entities.
Okay, let me 6 has sparked mixed reactions from fans, with some key facts and entities. The Future Music Festival has sparked mixed reactions from 6 has sparked mixed reactions from fans, with the 2016 has sparked mixed reactions from fans, with some key facts and entities. The Future Music Festival's decision to cancel in 2016 has sparked mixed",False,True,captured
cnndm_5721,cnndm,0.6B,8,deterministic,42,11.5398,509.65,69.37,160,13.87,416,108,52,0.2596,2.08,False," 

**Summary:**

- Aaron Hernandez, 

** a former New England Patriots player, a former New England Patriots player, is charged with murdering semipro football player Odin Lloyd, a former New England Patriots player, is charged with murdering Odin Lloyd's murder trial, a former New England Patriots player, is on trial for the former New England Patriots player, is on trial for his former New England Patriots player, is on trial for his former New England Patriots player, is on trial, a former New England Patriots player, is on trial, a former New England Patriots player, is on trial for the former New England Patriots player, is on trial for his former friend and his former friend Alexander Bradley, a former New England Patriots player, is on trial, a former New England Patriots player, is on",False,True,captured
cnndm_5737,cnndm,0.6B,8,deterministic,42,9.8074,693.05,57.32,160,16.31,341,118,43,0.346,2.74,False," Sean McCabe, a 30-year-old father-of-three, planned his own funeral after being diagnosed with stage four Hodgkin Lymphoma in south Wales, was diagnosed with stage four Hodgkin Lymphoma, initially planned his cancer, initially planned his own funeral after being diagnosed with stage four Hodgkin Lymphoma in south Wales, was diagnosed with stage four Hodgkin, initially planned his own funeral after being diagnosed with three children: initially planned his own funeral after being diagnosed with stage four Hodgkin Lymphoma in south Wales, was diagnosed with stage four Hodgkin, initially planned his own funeral after being diagnosed with three children, initially planned his own funeral after being diagnosed with stage four Hodgkin Lymphoma, initially planned his own funeral after being diagnosed with stage four Hodgkin Lymph",False,True,captured
cnndm_5797,cnndm,0.6B,8,deterministic,42,11.8011,590.59,70.51,160,13.56,421,107,54,0.2542,1.98,False," The article discusses a report stating that over 20, a report stating that over 20,000 foreign fighters from 00000000 foreign fighters from 000 foreign fighters from 100 countries have sent to the article discusses the article discusses a report stating that over 20, a report stating that over 20,0000 foreign fighters from 000 foreign fighters have fled to Syria and Iraq, becoming a report stating that over 20,0000 foreign fighters from 000 foreign fighters have traveled to Syria and Iraq have fled to Syria and Iraq have fled to Syria and Iraq, turning the region into an alarming number of foreign fighters from 100 countries have fled to Syria",False,True,captured
cnndm_5811,cnndm,0.6B,8,deterministic,42,9.0372,311.6,54.88,160,17.7,331,119,42,0.3595,2.83,False," 

**Summary:**

Justus Howell, 17, was shot twice in Illinois, 17, was shot twice in the back by police in Zion, 17, was shot twice in the back by police in Zion, Illinois, a 17, 17, was shot twice in the back by police in Zion, Illinois, a 17-year-old teenager, 17, was shot twice in the back by police in Zion, Illinois, on Saturday afternoon in Illinois, a 17-year-old high school senior and his mother, LaToya Howell, described as a 17, 17, was shot twice in the back by police in Zion, Illinois, a 17-year-old high school senior and his mother, La",False,True,captured
cnndm_5903,cnndm,0.6B,8,deterministic,42,8.7974,523.09,52.04,160,18.19,311,121,40,0.3891,3.02,False," 

The article discusses the cover-up of child abuse at the Kincora children's abuse at the abuse at the Kincora children's abuse at the Kincora home in the abuse at the Kincora children's abuse at the Kincora children's abuse at the Kincora children's abuse at the Kincora children's abuse at the Kincora home in the abuse at the Kincora children's home abuse at the Kincora children's home in the abuse at the Kincora children's home abuse at the Kincora children's home in the abuse at the Kincora children's home abuse at the Kincora children's home in the abuse at the Kincora children's home abuse at the Kincora children's home abuse at the K",False,True,captured
cnndm_5970,cnndm,0.6B,8,deterministic,42,12.6644,510.78,76.44,160,12.63,457,103,58,0.2254,1.78,False," The article discusses various unique Easter traditions across different countries, including horseback processions in southern Germany, Slovakia, Hungary, Slovakia, Hungary, Slovakia, Hungary, and southern Germany, and rider processions in southern Germany, Slovakia, Hungary, Slovakia, Hungary, and southern Germany. In southern Germany, Slovakia, Hungary, Slovakia, Hungary, Slovakia, Hungary, Slovakia, Hungary, Slovakia, Hungary, Slovakia, Hungary, and southern Germany. In southern Germany, the horseback processions in southern Germany, Slovakia, Hungary, and rider processions in southern Germany, water celebrations in southern Germany, Slovakia, Hungary, and southern Germany, and water celebrations in Slovakia, Hungary, and southern Germany. In southern Germany, the Georgiritt in southern Germany, Slovakia, Hungary, and southern Germany. In",False,True,captured
cnndm_6014,cnndm,0.6B,8,deterministic,42,9.2999,346.65,56.31,160,17.2,338,118,43,0.3491,2.74,False," 

The article discusses a record-breaking mating between pandas Lu Lu and Zhen Zhen, two pandas Lu Lu and Zhen Zhen and Zhen Zhen and Zhen Zhen and Zhen Zhen at the Sichuan Giant Panda Research Centre, a male panda Lu Lu and female panda Lu Lu and Zhen Zhen, two pandas at the Sichuan Giant Panda Research Centre, a male panda Lu Lu and female Zhen Zhen and Zhen Zhen at the Sichuan Giant Panda Research Centre, a male panda named Lu Lu and Zhen Zhen and Lu Lu and Zhen Zhen, two pandas at the Sichuan Giant Panda Research Centre, where the pandas Lu Lu and Zhen Zhen, a male panda named Lu Lu and Zhen Zhen",False,True,captured
cnndm_6169,cnndm,0.6B,8,deterministic,42,10.798,501.19,64.76,160,14.82,388,112,49,0.2887,2.29,False," 

Michelle Schwab, 38, an assistant director at KinderCare, was charged with a 38, who works as the assistant director at KinderCare assistant director at KinderCare, was charged with child endangerment after allegedly dangling her two-year-old son into a cheetah pit at Cleveland Metroped with a 38, an assistant director at KinderCare, has been charged with child endangerment after allegedly dangling her two-year-old son into a cheetah pit at Cleveland Metroparks Zoo, who works as an assistant director at KinderCare, was charged with a 38-year-old son into a cheetah pit at Cleveland Metroparks Zoo assistant director at KinderCare, was charged with child endangerment charges of Delaware, Ohio, has been charged with child",False,True,captured
cnndm_6202,cnndm,0.6B,8,deterministic,42,13.0736,1068.03,75.51,160,12.24,442,105,56,0.2376,1.88,False," 

John Travolta, a former Scientology member 

John Travolta, a former Scientology member 

John Travolta, a former Scientology member, has stated that has publicly criticized in the film, has publicly criticized the HBO documentary ""has publicly criticized the HBO documentary ""Going Clear"" has publicly stated that he has not involved in the film Going Clear, an outspokenly, has publicly stated that he will not watch the documentary Going Clear, has publicly stated that he will not watch the documentary Going Clear, which has publicly criticized in the film Going Clear, an HBO documentary ""has publicly stated that he will not watch the documentary Going Clear, which portrays the organization, has publicly stated that he will not watch the HBO documentary ""Going Clear"" has publicly stated that he has publicly criticized in the film Going Clear,",False,True,captured
cnndm_6235,cnndm,0.6B,8,deterministic,42,9.6419,691.24,56.29,160,16.59,333,118,43,0.3544,2.74,False," The Carnival Spirit, a 2500-passenger cruise ship, is stranded outside Sydney Harbour cruise ship, is stranded passengers cruise ship returning from a 12-night cruise to New Caledonia, Vanuatu and Fiji, Vanuatu and 2500-passenger cruise ship returning from a 12-night cruise to New Caledonia, Vanuatu and Fiji, Vanuatu and Fiji, is stranded outside Sydney Harbour due to severe weather, is stranded outside Sydney Harbour due to severe weathered cruise ship returning from a 12-night cruise to New Caledonia, Vanuatu and 2500-passenger cruise ship, is stranded outside Sydney Harbour due to severe weather, is stranded outside Sydney Harbour due to severe weather, is stranded outside",False,True,captured
cnndm_6316,cnndm,0.6B,8,deterministic,42,12.1325,429.49,73.6,160,13.19,441,104,56,0.2358,1.86,False," The 2014-15 winter in Boston was exceptionally snowy in Boston experienced record snowfall in Boston experienced record-breaking records in Boston was exceptionally snowy in Boston was exceptionally snowy in Boston, marked a record-breaking snowfall in Boston, with record snowfall in Boston was exceptionally snowy in Boston, with record snowfall in Boston, including 65 inches of Boston experienced record-breaking records in Boston with record snowfall in Boston, including 6 in Boston experienced record-breaking snowfall in Boston was exceptionally snowy in Boston, with 2014-15 winter in Boston experienced record-breaking snowfall in Boston was exceptionally snowy in Boston, with 15 in Boston was exceptionally snowy in Boston, with 15 in Boston was exceptionally snowy in Boston, with 10 in",False,True,captured
cnndm_6359,cnndm,0.6B,8,deterministic,42,11.5876,422.09,70.22,160,13.81,423,107,53,0.253,2.02,False," Laura Wells, an Australian plus-sized model, has revealed that an Australian plus-sized models aiming to be skinny models aiming to be skinny for some skinnier models aiming to be thin models aiming to be thin for some models aiming to be thin for some models aiming to be thin for some models, in the lead up to fashion week, in the lead up to fashion week, some skinnier models in the lead up to fashion week, some skinnier models in the fashion models aiming to be thin models aiming to be thin for fashion models aiming to be thin for fashion week, in the lead up to fashion week, some skinnier models in the fashion models aiming to be thin for some skinnier models in the lead up to fashion week, some skinnier models in the fashion",False,True,captured
cnndm_6420,cnndm,0.6B,8,deterministic,42,11.3754,1521.78,61.97,160,14.07,354,116,45,0.3277,2.58,False, be involved in the investigation. The police were able to in the investigation. The police the investigation. The police were able to find a find a gun in his apartment that the investigation. The police were able to. The police were able to. The police were able to. The police were able to find a gun in his apartment that was able to find a gun in his apartment that was able to find a gun in his apartment. The police were able to. The police were able to. The police were able to. The police were able to find a gun in his apartment that was later find a gun in his apartment that was later used the investigation. The police were able to investigate the investigation. The police were able to investigate the case Hernandez's apartment and the investigation. The police were able,False,True,captured
cnndm_6423,cnndm,0.6B,8,deterministic,42,9.9934,526.92,59.54,160,16.01,326,118,43,0.362,2.74,False," 

The article reports that a brazen thief 

The article reports that a brazen thief has allegedly stole a diamond engagement ring from Christine Davidson, a diamond engagement ring from Christine Davidson, a  has allegedly stole a diamond engagement ring from Christine Davidson, a diamond engagement ring from Christine Davidson, a woman who stole a diamond engagement ring from Christine Davidson, a woman, who stole a diamond engagement ring from Christine Davidson, a diamond engagement ring from Christine Davidson, a woman who stole a diamond engagement ring from Christine Davidson, a diamond engagement ring from Christine Davidson, a woman, who is suspected of stealing a diamond engagement ring from Christine Davidson, who stole a diamond engagement ring from Christine Davidson, a diamond engagement ring from Christine Davidson, a woman who stole a diamond engagement ring from Christine Davidson, who stole a",False,True,captured
cnndm_6457,cnndm,0.6B,8,deterministic,42,10.6118,463.89,63.82,160,15.08,384,112,48,0.2917,2.33,False," The traditional British fish and chips are at risk due to climate change, as the warming seas warming seas warming seas warming seas warming seas, as the North Sea warms, causing a warming seas warming, as the North Sea warms, causing popular fish species like haddock, as the North Sea warms, causing popular fish species like haddock, plaice, and lemon sole, as the North Sea warms, causing popular fish species like haddock, plaice, and lemon sole, as the North Sea warms, causing popular fish species like haddock, plaice, as the North Sea warms, causing popular fish species like haddock, plaice, and lemon sole, as the North Sea warms, causing popular fish species like haddock, plaice, and lemon sole",False,True,captured
cnndm_6501,cnndm,0.6B,8,deterministic,42,13.7158,1201.82,78.7,160,11.67,460,103,58,0.2239,1.78,False," Sarah Vine, a woman who loves cars, Sarah Vine, a woman who loves cars, Sarah Vine, a woman who loves cars, Sarah Vine, a woman who loves cars, argues that women love cars, argues that women are arguing that women should be considered for the role on the author of the BBC presenter, argues that women are arguing that she is applying for the Jeremy Clarkson, argues that women are arguing that she should be considered for the role of the BBC presenter, argues that women are just as much like Jeremy Clarkson, argues that women are just as passionate about driving and her passion for cars, argues that women are just as passionate about driving and motor vehicles, and driving, argues that women are just as passionate about cars, argues that women are just as passionate about cars, and driving,",False,True,captured
cnndm_6548,cnndm,0.6B,8,deterministic,42,10.0794,502.57,60.23,160,15.87,360,115,45,0.3194,2.56,False," 

Mohammed Suleman Khan, 43, was sentenced to four years in prison for tax fraud and his £2.2 million. 

Mohammed Suleman Khan, 43, a tax fraudster, was sentenced to four years in prison for tax fraud and faces a tax fraudster, was sentenced to four years in prison for tax fraud and faces an alleged tax fraudster, was sentenced to four years in prison for tax fraudster, was sentenced to four years in prison for tax fraudster, was sentenced to four years in prison for four years in prison for tax fraudster, was sentenced to four years in prison for tax fraudster, was sentenced to four years in prison for four years in prison for tax fraudster, was sentenced to four years in prison for",False,True,captured
cnndm_6690,cnndm,0.6B,8,deterministic,42,14.233,583.17,85.85,160,11.24,511,97,64,0.1898,1.52,False," 

Hillary Clinton's Twitter follower count is significantly inflated, with only 44% of her campaign's inflated, with 3.6 million, with 3. According to two million, with 3. According to two million, with 44% of her followers are estimated to be inflated, with 44% of the article discusses the issue, with 3.6 million, with 3.6 million, with 44% being inflated, with only 44% of her followers are estimated to be inflated, with only 44% of her followers are active, with 44% of the article discusses the issue of the article discusses the issue of fake, with 44% being inflated, with only 44% of her followers",False,True,captured
cnndm_6847,cnndm,0.6B,8,deterministic,42,11.5417,509.02,69.39,160,13.86,416,109,52,0.262,2.1,False," 

The article discusses how oxidative stress, caused by factors like alcohol consumption of factors like alcohol consumption of factors like alcohol consumption of factors like alcohol consumption, smoking, pollution, alcohol consumption, smoking, pollution, and alcohol consumption, smoking, pollution, and alcohol consumption, weakens the immune system, for example, alcohol consumption, smoking, pollution, and sunbyp by factors like alcohol consumption, smoking, pollution, and exacerbated by factors like alcohol consumption, smoking, pollution, and exacerbated by factors like alcohol consumption, smoking, and exacerbated by factors like alcohol consumption, smoking, and exacerbated by factors like alcohol consumption, smoking, for example by factors like alcohol consumption, smoking, pollution, for example by drinking, for example by drinking, smoking, pollution, alcohol consumption, smoking, pollution, and sun",False,True,captured
cnndm_6873,cnndm,0.6B,8,deterministic,42,11.7313,613.32,69.92,160,13.64,417,107,53,0.2566,2.02,False," David Cameron's eldest daughter, Nancy, has compared him compared him compared him to Phil Dunphy from the UK's likened him compared him to Phil Dunphy from the sitcom characterised the UK's version of Phil Dunphy from the sitcom Modern Family's likened him to Phil Dunphy from the sitcom characterised him compared him to Phil Dunphy from the sitcom Modern Family's likened him to Phil Dunphy from the sitcom characterised him as compared him to Phil Dunphy from the sitcom Modern Family's likened him to Phil Dunphy from the UK's version of Phil Dunphy from the sitcom Modern Family, in a habitually compared him to Phil Dunphy from the sitcom Modern Family's likened him to Phil Dunphy from the UK's version of Phil Dunphy from the sitcom character",False,True,captured
cnndm_6945,cnndm,0.6B,8,deterministic,42,12.6536,833.85,74.34,160,12.64,440,105,55,0.2386,1.91,False," The husband of missing Sydney woman Jessica Bialek, Sabino Matera, has expressed gratitude to the husband Sabino Matera, has expressed gratitude to the husband Sabino Matera, has expressed gratitude to the public and police and her husband Sabino Matera, has expressed gratitude to the community's wife, has expressed gratitude to the public and police helped find her after she vanished on Thursday evening after she has expressed gratitude to the public and community's wife, has expressed gratitude to the public and community's support from Coogee, has expressed gratitude to the public and community for the husband Sabino Matera, has expressed gratitude to the husband Sabino Matera, has expressed gratitude to the community's support from the community's wife, has posted a heartfelt thank you on social media to everyone",False,True,captured
cnndm_6952,cnndm,0.6B,8,deterministic,42,11.2096,344.97,68.33,160,14.27,396,111,50,0.2803,2.22,False," 

Technology billionaire Elon Musk sought to sell his struggling electric-car company Tesla to Google in 2013, according to ailing electric car company Tesla company Tesla company Tesla company Tesla company to Google in 2013, but the deal to Google in 2013, but the deal fell struggling electric-car company Tesla to Google in 201. struggling electric-car company Tesla to Google in 2013, according to ailing electric-car company Tesla to Google in  struggling electric-car company Tesla to Google in 2013, according to a biography of Tesla company Tesla to Google in  struggling electric-car company Tesla to Google in  struggling electric-car company Tesla to Google in  struggling electric-car company Tesla to Google in 2013,",False,True,captured
cnndm_7011,cnndm,0.6B,8,deterministic,42,11.0531,341.15,67.37,160,14.48,406,110,51,0.2709,2.16,False," 

The article highlights that Australians spend 50% more on digital devices than planned, with an average of $2,300 on technology and communication,0% more on technology and 0% more on digital devices than planned,0% more on digital devices and 0% more on digital devices and 0% more on digital devices than planned,00% more on digital devices than planned on technology and communication,0% more on digital devices than planned, with a significant amounts on technology and communication devices and 0% more on digital devices than planned,00% more on digital devices than planned, with a total of $20 billion on technology and communication devices,00% more on digital devices than planned, with a total of $20 billion on",False,True,captured
cnndm_7043,cnndm,0.6B,8,deterministic,42,13.8185,625.73,82.97,160,11.58,495,99,62,0.2,1.6,False," The article discusses the article highlights that it's the article highlights that our eyes are highly sensitive to others. It highlights that our eyes are highly sensitive to external information, highlighting that 80% of our information about the outside the article highlights that 80% of our information about the outside the article highlights that 80% of our information about the article highlights how our eyes are highly sensitive to external stimuli, highlighting that 80% of our information comes from a key facts and entities include the four-and how our eyes are highly sensitive, highlighting that 80% of our information comes from a scientific studies show that it's the most effective way to signal sexual interest, highlighting that 80% of our information about the outside world, highlighting that 80% of our",False,True,captured
cnndm_7089,cnndm,0.6B,8,deterministic,42,8.974,502.52,53.28,160,17.83,320,121,40,0.3781,3.02,False," Claudia Winkleman, 43, has become the first presenter of the BBC dance contest to be the first presenter of the BBC dance contest, has become the first presenter of the BBC dance contest to be the first presenter of the BBC dance contest to be nominated for a BBC dance show, has become the first presenter of the BBC dance contest to be the first presenter of the BBC dance contest to be the first presenter of the BBC dance contest to be the first presenter of the BBC dance contest to be the first presenter of the BBC dance contest to be the first presenter of the BBC dance contest to be the first presenter of the BBC dance contest to be the first presenter of the BBC dance contest to be the first presenter of the BBC dance contest to be the first presenter of the BBC dance contest to",False,True,captured
cnndm_7098,cnndm,0.6B,8,deterministic,42,11.2189,375.74,68.2,160,14.26,411,106,54,0.2579,1.96,False," 

The article discusses how shopping with friends can 

The article discusses how shopping with friends can lead to spend more than they end up leading to increased spending more than they end up leading to increased spending due to peer pressure and the desire to show off the article discusses how shopping with friends can lead to increased spending more than intended to spend more than they would lead to increased spending due to peer pressure and the article discusses how shopping with friends can lead to spend more than they would lead to increased spending, according to a survey by  lead to increased spending due to peer pressure and the desire to show off and the article discusses how shopping with friends can lead to increased spending, according to a survey by YouNeedaBudgeting people to spend more than when compared to shopping alone, as per a significant impact spending",False,True,captured
cnndm_7104,cnndm,0.6B,8,deterministic,42,9.7127,555.57,57.59,160,16.47,343,118,43,0.344,2.74,False," 

The article discusses how TV star Karren Brady, alongside David Cameron during a campaign event in the article discusses the event where she and Prime Minister David Cameron to help David Cameron during a campaign event in Newark, where she was relegated to coat duty, helping David Cameron during a. Brady, alongside David Cameron during a campaign event in Newark, where she joined David Cameron during a campaign event in Newark, where she joined David Cameron during a campaign event in Newark, where she was relegated to coat duty, helping David Cameron during a campaign event in Newark, where she joined David Cameron during a campaign event in Newark, where she was relegated to coat duty, helping David Cameron during a campaign event in Newark, where she joined David Cameron during a campaign event in Newark, where she was relegated to coat duty,",False,True,captured
cnndm_7148,cnndm,0.6B,8,deterministic,42,9.4705,295.13,57.71,160,16.89,323,119,41,0.3684,2.9,False," 

The body of Kyle Knox, a 23-year-old hiker from London, was found three weeks after he was found near the foot of Ben Nevis three weeks after he disappeared hiker from London, was found near the foot of Ben Nevis three weeks after he disappeared while attempting to climb Ben Nevis, was found near the foot of Ben Nevis three weeks after he disappeared while attempting to climb Ben Nevis, was found three weeks after he disappeared while attempting to climb Ben Nevis, was found three weeks after he disappeared while attempting to climb Ben Nevis, was found three weeks after he disappeared while attempting to climb Ben Nevis alone. He was last seen alive at the foot of Ben Nevisiting to the south-east of Ben Nevis. The search and rescue efforts",False,True,captured
cnndm_7166,cnndm,0.6B,8,deterministic,42,9.8227,369.89,59.45,160,16.29,359,116,45,0.3231,2.58,False," 

A full-scale terror alert was sparked by Thames Valley Police and a week after a dummy wearing a balaclava was spotted on a week after a dummy wearing a balaclava was spotted on a week after a dummy wearing a balaclava

A full-scale terror alert was sparked this week after a dummy wearing a balaclava was triggered by a dummy wearing a balaclava was triggered by a dummy wearing a balaclava

A full-scale terror alert was triggered by Thames Valley Police and an Army bomb disposal team after a dummy wearing a balaclava was spotted on the Thames Valley Police and an Army bomb disposal team were sparked by a dummy wearing a balaclava

A full-scale terror alert was triggered this week after a dummy wearing a b",False,True,captured
cnndm_7261,cnndm,0.6B,8,deterministic,42,11.0809,511.87,66.47,160,14.44,399,110,51,0.2757,2.16,False," 

Edward Fride, a Catholic priest in Ann Arbor, Michigan, has advised his parish, has advised his parish, has advised his parishion, has advised his parishioners to obtain a concealed pistol license, has advised his parishioners to obtain a concealed pistol license, has advised his parishioners to obtain concealed pistol license classes to carry guns, has advised his parishioners to obtain concealed pistol license classes to carry guns, has advised his parishioners to obtain concealed pistol license classes to obtain a church in Ann Arbor, Michigan, has advised his parishioners to carry guns, has advised his parishioners to obtain concealed pistol license classes to obtain concealed pistol license classes to obtain a church in Ann Arbor, Michigan, has advised parishioners to carry guns, warning that faith",False,True,captured
cnndm_7342,cnndm,0.6B,8,deterministic,42,13.2069,1138.89,75.9,160,12.11,442,105,56,0.2376,1.88,False," 

2. The article discusses her family, was raped twice on Christmas Eve in Bali by the article discusses her experience of 2. Pekin, 19, was raped twice on Christmas Eve in Bali by Henry Alafu, a 2. The article details her family, was raped twice on Christmas Eve in Bali by the article discusses the article discusses her experience of being raped twice on Christmas Eve in Bali by Henry Alafu, a 1. Pekin, 19, was raped twice on Christmas Eve in Bali by Henry Alafu, who was raped twice on Christmas Eve in Bali by Henry Alafu, a 1. An Australian teenager, Audrey Pekin, 2. Pekin, 19, was raped twice on",False,True,captured
cnndm_7347,cnndm,0.6B,8,deterministic,42,10.0689,966.17,57.25,160,15.89,336,116,44,0.3452,2.64,False," 

Dawn Williamson, a 39-year-old woman from Scotland, was cured of her 39-year-old woman from Scotland, was cured of her 39-year-old woman from Scotland, was cured of her 30-year-old woman from Scotland, was cured of Scotland-based in Scotland-based in Scotland, was cured of her 39-year-old woman from Scotland, was cured her 30-year-old woman from Scotland, was cured of Scotland-based woman from Scotland, was cured of her 30-year-old woman from Scotland, was cured her 30-year-old woman from Scotland, was cured her 30-year phobia of snakes, was cured of Scotland-based woman, was cured of her 30-year snake phobia, which was cured of Scotland",False,True,captured
cnndm_7356,cnndm,0.6B,8,deterministic,42,11.2558,973.15,64.67,160,14.21,380,111,49,0.2921,2.27,False," 

Toshiba's humanoid robot, Aiko Chihira, is set to start work at the robot named Aiko Chihira, is set to start work at the information desk of the robot named Aiko Chihira, is set to be aiko Chihira, is set to start work at the information desk of a department store in Tokyo department store in Tokyo, designed to appear in Tokyo department store in Tokyo department store in Tokyo, is set to start work at the information desk of the robot is set to start work at the information desk of a department store in Tokyo, is set to work at the information desk of a department store in Tokyo, is set to start work at the information desk at the information desk of a department store in Tokyo department store in Tokyo, is",False,True,captured
cnndm_7398,cnndm,0.6B,8,deterministic,42,10.6086,593.33,62.99,160,15.08,375,112,48,0.2987,2.33,False," Tori Spelling, a 42-year-old actress, was hospitalized after tripping on the article: 41-year-old actress, was hospitalized after tripping, was hospitalized after tripping on the article: It was supposed to be a joyous Easter Sunday, was hospitalized after tripping on a hot grill at the time TV star, was hospitalized after tripping on a hot grill at Benihana restaurant in Encino, California, was hospitalized after tripping on a hot grill at the time TV star, was hospitalized after tripping on the article discusses her 41-year-old actress and 41-year-old actress, was hospitalized after tripping, was hospitalized after tripping on a hot grill at the time TV star, was hospitalized after tripping on the article discusses the",False,True,captured
cnndm_7427,cnndm,0.6B,8,deterministic,42,12.1281,588.06,72.58,160,13.19,433,106,55,0.2448,1.93,False," 

The article reports on the arrest of Paul Monk, a 54-year-old Briton the Costa, a British citizen, a British citizen Paul Monk, a British citizen Paul Monk, a British fugitive Paul Monk, a British fugitive, Paul Monk, a British fugitive, Paul Monk, a  Monk, a British citizen, Paul Monk, a  Monk, a  Monk, a 54, a British citizen Paul Monk, a 54-year-old Francis Monk, a 54-year-old Francis Monk, a 54-year-old man,  Monk, a 54-year-old Briton the article reports on the arrest of Paul Monk, a 54-year-old man,  Monk, a 54-year-old Monk, a 5",False,True,captured
cnndm_7555,cnndm,0.6B,8,deterministic,42,8.6325,597.9,50.53,160,18.53,301,122,38,0.4053,3.21,False," 

Raymond Lee Fryberg Jr. pleaded not guilty to illegally possessing a firearm in Seattle on Thursday, nearly six months after his  not guilty to illegally possessing a firearm, not guilty to illegally possessing a firearm, which is not guilty to illegally possessing a firearm after his  not guilty to illegally possessing a firearm after his 15-year-old son, Jaylen Fryberg, not guilty to illegally possessing a firearm after his 15-year-old son, not guilty to illegally possessing a firearm after his 15-year-old son, Jaylen Fryberg, not guilty to illegally possessing a firearm after his son Jaylen Fryberg, not guilty to illegally possessing a firearm after his 15-year-old son, not guilty to illegally possessing a firearm after his son Jaylen Fryberg, who",False,True,captured
cnndm_7608,cnndm,0.6B,8,deterministic,42,16.3631,1099.98,95.99,160,9.78,562,89,72,0.1584,1.24,False," 

Sharon Winters, a 2 

Sharon Winters, was killed her brother Stephen Robinson, who was killed her brother Stephen Robinson, who is a 3-year-old girl with a history of depression and learning difficulties, was killed her brother Stephen Robinson, who is now, was killed her in the article. 

Sharon Winters, was killed her brother Stephen Robinson, who is now raising awareness about the article. 

Sharon Winters, a 3-year-old girl with a 39-year-old woman who was searching for love, was killed by Kevin Hawke after meeting Kevin Hawke, was killed by Kevin Hawke in the article discusses the tragic victim of the article discusses the tragic murder. 

Sharon Winters, a 3-year-old girl, was",False,True,captured
cnndm_7615,cnndm,0.6B,8,deterministic,42,10.6684,374.15,64.74,160,15.0,389,112,49,0.2879,2.29,False," 

Transavia France is offering a limited-time 

Transavia France is offering a unique promotion where customers can add airline tickets to their shopping lists through its ""SnackHolidays"" promotion where customers in-store promotion where customers in-store promotion where customers can add airline tickets to their shopping lists through its ""SnackHolidays"" promotion, unique promotion where customers can add airline tickets to their shopping lists in-store promotion where customers can purchase promotion where customers can add airline tickets to their shopping promotion where customers can add-on-the ""SnackHolidays"" promotion where customers can add airline tickets to their shopping lists in-store promotion where customers can purchase snacks-and unique promotion where customers can add airline tickets to their shopping lists, unique promotion where customers can add airline tickets to their shopping lists, unique promotion where customers can",False,True,captured
cnndm_7699,cnndm,0.6B,8,deterministic,42,8.8401,606.05,51.79,160,18.1,309,121,40,0.3916,3.02,False," Sir Ranulph Fiennes, 71, has become the oldest Briton to complete the oldest Briton to complete the Marathon des Sables, has become the oldest Briton to finish the Marathon des Sables, has become the oldest Briton to finish the Marathon des Sables at the age 1, has become the oldest Briton to complete the Marathon des Sables, has become the oldest Briton to complete the oldest Briton to complete the Marathon des Sables, has become the oldest Briton to complete the oldest Briton to complete the Marathon des Sables, has become the oldest Briton to complete the Marathon des Sables at the age of 7, has become the oldest Briton to complete the oldest Briton to complete the Marathon des Sables, has become",False,True,captured
cnndm_7705,cnndm,0.6B,8,deterministic,42,13.0644,612.84,78.31,160,12.25,469,102,59,0.2175,1.73,False," 

Liz Norden, whose sons JP and Paul were severely injured in the 2013 Boston Marathon in the Boston Marathon in the Boston Marathon in the Boston Marathon in the Boston Marathon bombings, has criticized Mark Wahlberg's planned to Paul were severely injured in the 2013 Boston Marathon in  and Paul were severely injured in the 201 and Paul were severely injured in the 201 and Paul each lost their right legs,  and Paul were severely injured in the 20 and Paul each lost their right legs,  and Paul were severely injured in the 2 and Paul each lost their right legs in the Boston Marathon in 2013,  and Paul were severely injured in the 201 and Paul each lost their right legs",False,True,captured
cnndm_7741,cnndm,0.6B,8,deterministic,42,9.7402,444.99,58.46,160,16.43,340,117,44,0.3441,2.66,False," 

Bobby Moore's granddaughter, Poppy 

Bobby Moore's granddaughter, Poppy Moore, married her childhood sweetheart Sam Myers at Chelsea Register Office, married her childhood sweetheart Sam Myers at Chelsea Register Office with her childhood sweetheart Sam Myers at Chelsea Register Office with her childhood sweetheart Sam Myers at Chelsea Register Office in her childhood sweetheart Sam Myers at Chelsea Register Office with  Moore, married her childhood sweetheart Sam Myers in her childhood sweetheart Sam Myers at Chelsea Register Office with  Moore, married her childhood sweetheart Sam Myers in her  Moore, married her childhood sweetheart Sam Myers in a 23-year-old, married her childhood sweetheart Sam Myers in her 20, married her childhood sweetheart Sam Myers in a 23-year-old, married her childhood sweetheart Sam Myers in a private wedding her childhood sweetheart Sam",False,True,captured
cnndm_7753,cnndm,0.6B,8,deterministic,42,13.6015,1218.91,77.88,160,11.76,452,103,58,0.2279,1.78,False," 

Esther McVey, a Tory 

Esther McVey, a Tory minister and employment minister, has faced misogynistic and sexist attacks, has faced intense and employment minister and employment minister, has faced misogynistic and sexist attacks, including the employment minister, has faced intense and defiantly, has faced intense and defiant, has faced intense personal finance minister and employment minister, has faced misogynistic and sexist attacks, including the Labour minister and employment minister, has faced misogynistic and sexist attacks, including graffiti and online, has faced intense and defiantly rejects the misogynistic and sexist attacks, including the Labour minister, has faced intense personal finance minister, has faced intense and defiant, has faced intense personal finance minister, has faced intense personal finance minister, has faced intense personal attacks, including the",False,True,captured
cnndm_7813,cnndm,0.6B,8,deterministic,42,7.6463,376.03,45.73,160,20.93,275,126,35,0.4582,3.6,False," 

The article describes a man at a Toronto Pearson International Airport who refused to comply with security staff at Pearson International Airport who refused to comply with security staff at Pearson International Airport who refused to comply with security staff at Pearson International Airport who refused to comply with security staff at Pearson International Airport who refused to comply with security staff at Pearson International Airport who refused to comply with security staff at Pearson International Airport who refused to comply with security staff at Pearson International Airport who refused to comply with security staff at Pearson International Airport who refused to comply with security staff at Pearson International Airport who refused to comply with security staff at Pearson International Airport who refused to comply with security staff at Pearson International Airport who refused to comply with security staff at Pearson International Airport who refused to comply with security staff at Pearson International Airport who refused to comply with",False,True,captured
cnndm_7838,cnndm,0.6B,8,deterministic,42,9.572,1529.68,50.58,160,16.72,290,124,37,0.4276,3.35,False, including a 'foot lift' and a 'foot lift' and a 'foot lift' and a 'foot lift' and a 'foot lift' and a 'foot lift' and a 'foot lift' and a 'foot lift' and a 'foot lift' and a 'foot lift' and a 'foot lift' and a 'foot lift' and a 'foot lift' and a 'foot lift' and a 'foot lift' and a 'foot lift' and a 'foot lift' and a 'foot lift' and a 'foot lift' and a 'foot lift' and a 'foot lift' and a 'foot lift' and a 'foot lift' and a 'foot lift' and a 'foot lift' and a 'foot lift' and a 'foot,False,True,captured
cnndm_7862,cnndm,0.6B,8,deterministic,42,14.372,659.67,86.24,160,11.13,513,96,65,0.1871,1.48,False," 

Chanel, a 19-year-old California model from California model from California, has been a model from California model from California, has taken extreme measures to stay young, is a model from California, has taken extreme measures to stay young, including a model from California, has been a vegetarian model from California, has been a vegetarian, is a model in California, has been a vegetarian, has taken extreme measures to stay young, despite being a vegetarian, has taken extreme measures to maintain her youthful appearance by the article, is a model in California, has been bathing in pig's blood to maintain her youthful appearance by the show, she claims to maintain her youthful appearance, is a model in California who is a model from California, has been a vegetarian, has taken extreme measures to stay young",False,True,captured
cnndm_7936,cnndm,0.6B,8,deterministic,42,11.3791,507.27,68.38,160,14.06,410,108,52,0.2634,2.08,False," 

Brendan Rodgers, a Liverpool manager 

Brendan Rodgers, was convicted of leaving a property in Accrington, was convicted of leaving a property to be fined £400 and £375 costs £4, was convicted of leaving a property to rot, was convicted of leaving a property to rot, was convicted of leaving a property in the manager, was convicted of leaving a property in the manager of the footballer, has been convicted of leaving a property in the manager of the football team, was convicted of leaving a property in Accrington, was convicted of leaving a property in Accrington, was convicted of leaving a property in Accrington, was convicted of leaving a property in Accr, was convicted of leaving a property in Accrington, was",False,True,captured
cnndm_7952,cnndm,0.6B,8,deterministic,42,9.8435,383.95,59.49,160,16.25,358,116,45,0.324,2.58,False," Porsche has tested its 918 Spyder supercar in a world-first stunt in the supercar in a limited edition supercar in a limited edition supercar in a limited edition supercar with a world-first stunt in the supercar in a limited edition supercar with a world-first stunt in the Australia Outback, a limited edition supercar in a world-first stunt in the Australia Outback, where it is a limited edition supercar with a price is a limited edition supercar with a price of $900,000 supercar in a limited edition supercar with a world-first stunt in the Australia Outback in a world-first stunt in the Australia Outback, where it is a limited edition supercar with a top speed in a world-first stunt in the Australia Out",False,True,captured
cnndm_8049,cnndm,0.6B,8,deterministic,42,12.0796,550.57,72.51,160,13.25,432,104,56,0.2407,1.86,False," Britt McHenry, a Washington D.C.-based ESPN sports reporter for ESPN sports reporter for ESPN, was suspended for ESPN sports reporter for ESPN, has been suspended from her ESPN sports reporter for ESPN, has been suspended for ESPN sports reporter, has been suspended from her ESPN sports reporter, has been suspended for ESPN sports reporter, was suspended for ESPN sports reporter, was suspended for ESPN, has been suspended from her ESPN sports reporter, was suspended for one week after an offensive rant she was suspended from her ESPN sports reporter, was suspended for one week after an offensive rant she was suspended for ESPN sports reporter, was suspended for one week after an offensive rant she was suspended for ESPN sports reporter, was suspended for one week after an offensive rant she was suspended for one week and New Jersey-born sports reporter for",False,True,captured
cnndm_8077,cnndm,0.6B,8,deterministic,42,13.1249,643.23,78.5,160,12.19,465,102,59,0.2194,1.73,False," Maison Souquet, a newly opened hotel in Paris, is a trendy Pigalle, is a trendy Pigalle, is a provocative and located in Paris, is a provocative and located in the Pigalle, is a provocative and luxurious and located in the Pigalle, is a provocative and luxurious and located in the Pigalle district, is a provocative and luxurious establishment in Paris, is inspired by the post-impressionistic era of the Pigalle, Paris, is a provocative and luxurious hotel in Paris, is inspired by the post-impressionistic era of the Pigalle, Paris, is inspired by the post-impressionistic era of Paris, is inspired by the post-impressionistic era of the Pigalle, Paris, is inspired by the post-impressionistic era of the Pigalle, Paris,",False,True,captured
cnndm_8088,cnndm,0.6B,8,deterministic,42,12.9593,489.78,78.42,160,12.35,470,100,61,0.2128,1.64,False," 

The article discusses how Chrissy Teigen 

The article discusses how Chrissy Teigen, a 29-year-old model and chef, shared her stretch marks and the  has become a role model for embracing her stretch marks, a  has become a role model for body image and the ""Stretch marks, a  has become a role model for women have become a role model for body image and the ""Love Your Lines"" campaign have become a role model for embracing her stretch marks and the ""Love Your Lines"" campaign have become a symbolically shared her stretch marks and bruises and the ""Stretch marks are a 29-year-old model and chef, shared her stretch marks on Instagram, sparking a social media post a 29-year-old model and chef, a  has become a",False,True,captured
cnndm_8142,cnndm,0.6B,8,deterministic,42,8.9311,621.3,52.26,160,17.91,309,121,40,0.3916,3.02,False," A 36-year-old Louisiana sheriff's deputy, Burt Hazeltine was shot three times in a road rage incident while directing traffic near a school zone, Burt Hazeltine was shot three times in St. Charles Parish deputy, Burt Hazeltine was shot three times in St. Charles Parish deputy, Burt Hazeltine was shot three times, Burt Hazeltine was shot three times in St. Charles Parish deputy, Burt Hazeltine deputy, Burt Hazeltine was shot three times in St. Charles Parish deputy, Burt Hazeltine deputy, Burt Hazeltine, Burt Hazeltine was shot three times in St. Charles Parish deputy, Burt Hazeltine, was shot three times in a road rage incident sparked by",False,True,captured
cnndm_8152,cnndm,0.6B,8,deterministic,42,12.7588,917.33,74.47,160,12.54,440,106,55,0.2409,1.93,False," 

The photojournalist Yaakov Naumi, a 32-year-old from Bnei Brak, Israel, documented the article discusses the article discusses the rituals and customs of his ultra orthodox Jewish man, who grew up in an ultra orthodox Jewish man, who grew up in an ultra orthodox Jewish man, who grew up in an ultra orthodox Jewish man, who grew up in an ultra orthodox Jewish man, who grew up in an ultra orthodox Jewish community in an ultra-umi, who grew up in an ultra orthodox Jewish home in an ultra-umi, a  umi, a 32-year-old from Bnei Brak, Israel, documented the unique perspective, who grew up in an ultra orthodox Jewish home in an ultra-umi, a 32-year-old from",False,True,captured
cnndm_8177,cnndm,0.6B,8,deterministic,42,12.9742,1265.26,73.64,160,12.33,425,107,54,0.2518,1.98,False," 

Sir David Nicholson, the former head, has criticized Labour for not committing to an additional information, has criticized Labour for not committing to an additional information, has criticized Labour for not committing to an additional £8billion awoke up, has criticized Labour for not committing to an additional £8billion awoke to the NHS, has criticized Labour for not committing to an additional information, has criticized Labour for not committing to an additional information: Sir David Nicholson, the former head of the article discusses the financial crisis, has criticized Labour for not committing to an additional £8billion awoke to the NHS, has criticized Labour for not committing to an extraordinary public attack on Labour for not to the article discusses the financial challenges Labour for England, has criticized Labour for not committing to an additional £8",False,True,captured
cnndm_8230,cnndm,0.6B,8,deterministic,42,11.8291,477.88,71.39,160,13.53,426,107,54,0.2512,1.98,False," The European Central Bank's president, Mario Draghi, was confronted a flin, was sprayed with confetti by a female protester during a press conference in Frankfurt, Germany, was sprayed with confetti by a female protester during a flin, was confronted a flab, was sprayed with confetti by a female protester during a press conference in Frankfurt, Germany, during a press conference in Frankfurt, Germany, was sprayed with confetti by a female protester during a press conference in Frankfurt, Germany, was sprayed with confetti by a female protester during a flinched, was confronted a flabberg, was confronted a female protester, was confronted a female protester, Josephine Witt, a former Femen activist Josephine Witt, a former Femen activist, was sprayed with confetti by a",False,True,captured
cnndm_8269,cnndm,0.6B,8,deterministic,42,9.353,364.2,56.53,160,17.11,337,117,44,0.3472,2.66,False," A woman was spotted threatening people with 'a dildo in each hand' during an altercation outside the article: dildo in each hand' dildo in each hand' during an altercation outside the article: A woman was reportedly spotted threatening people with 'a dildo in each hand' during an altercation outside the article: A woman was reportedly spotted threatening people with 'a dildo in each hand' during an altercation outside the article describes an altercation outside a dildo in each hand' during an altercation outside the article describes an incident outside a Grafton pub, dildo in each hand' during an altercation outside a dildo in each hand' during an altercation outside the article describes an incident outside the article: A woman was reportedly spotted threatening people with 'a dildo in each hand' during an altercation outside the article describes an incident outside",False,True,captured
cnndm_8321,cnndm,0.6B,8,deterministic,42,9.092,609.38,53.35,160,17.6,320,120,40,0.375,3.0,False," 

The article discusses how sellers are overvaluing their homes by around £74,000, leading to a property prices by around £74,000, leading to a property prices by around £74,000
The article: 

The article discusses how sellers are overvaluing their homes by around £74,000
The article discusses how sellers are overvaluing their homes by around £74,000
The article discusses how sellers are overvaluing their homes by around £74,000
The article discusses how sellers are overvaluing their homes by around £74,000
The article discusses how sellers are overvaluing their homes by around £74,000",False,True,captured
cnndm_8345,cnndm,0.6B,8,deterministic,42,13.3514,512.69,80.75,160,11.98,484,99,62,0.2045,1.6,False," PayPal is developing edible passwords that are powered by stomach acid and include mini computers, aiming to replace traditional passwords with the human body fluids in the stomach, which would be lodged in the human body fluids in the stomach, which would be lodged in the stomach acid in the stomach, which would be lodged in the stomach and stay lodged in the stomach, which would be lodged in the stomach and stay in the stomach, which are powered by stomach acid and stay lodged in the stomach, which are powered by stomach acid and include mini computers and stay lodged in the stomach, which are designed to be ingested and stay lodged in the stomach, which are designed to be ingested and stay in the stomach acid in the stomach, which are designed to be ingested and stay in the stomach acid in the stomach,",False,True,captured
cnndm_8511,cnndm,0.6B,8,deterministic,42,11.2377,516.71,67.43,160,14.24,402,108,52,0.2687,2.08,False," Sophie English, an Australian, after 10 months old enough to find closure with ABC's Foreign Correspondent's adopted by an Australian who was adopted by an Australian who was adopted by an Australian family and has been searching for her birth mother for over 40 years searching for her birth mother for over 40 years searching for her birth mother for over 40 adopted by an Australian family and has been searching for her birth mother for over 40 years without information about to be adopted by an Australian family and has been searching for over 40 years searching for her birthed adopted by an Australian family and has been searching for over 40 years searching for her birth mother, after 40 years without information about her birth mother, after 40 years of Australian,",False,True,captured
cnndm_8519,cnndm,0.6B,8,deterministic,42,8.561,692.13,49.49,160,18.69,294,124,37,0.4218,3.35,False," Ed Miliband has launched a furious attack on David Cameron and other EU leaders for abandoning refugees, David Cameron and other EU leaders for abandoning search and rescue missions in the Mediterranean, criticizing David Cameron and other EU leaders for abandoning search and rescue missions in the Mediterranean, David Cameron and other EU leaders for abandoning refugees, David Cameron and other EU leaders for abandoning refugees, David Cameron and other EU leaders for abandoning refugees, David Cameron and other EU leaders for abandoning refugees, David Cameron and other EU leaders for abandoning refugees, David Cameron, David Cameron and other EU leaders for abandoning refugees, David Cameron, David Cameron and other EU leaders for abandoning refugees, David Cameron and other EU leaders for abandoning refugees, David Cameron and other EU leaders for abandoning search and rescue missions in the Mediterranean, David Cameron and other EU leaders",False,True,captured
cnndm_8521,cnndm,0.6B,8,deterministic,42,8.7257,405.48,52.33,160,18.34,315,121,40,0.3841,3.02,False," The Edwardian-style brothel at Brunswick Street in Fitzroy, once owned by Wei Tang, who was convicted in 2006 of Fitzroy, Fitzroy, once owned by Wei Tang, who was convicted in Fitzroy, once owned by Wei Tang, has been listed for sale in Fitzroy, once owned by Wei Tang, who was convicted in Fitzroy, once owned by Wei Tang, has been listed for sale in Melbourne's Fitzroy, Fitzroy, once owned by Wei Tang, has been listed for sale in Melbourne's Fitzroy suburb of Fitzroy, once owned by Wei Tang, has been listed for sale in Melbourne's Fitzroy suburb of Fitzroy, once owned by Wei Tang, Fitzroy, once owned by Wei Tang, has been listed for sale in Melbourne",False,True,captured
cnndm_8550,cnndm,0.6B,8,deterministic,42,10.3799,1152.83,58.03,160,15.41,339,117,44,0.3451,2.66,False," The article discusses a drilling project in Mexico to study the Chicxulub crater, the Chicxulub crater formed by an asteroid impact 66 million years ago, aiming to investigate the Chicxulub crater formed by an asteroid impact 66 million years ago, aiming to investigate the cause of the dinosaur extinction. Researchers plan to drill 5,000 feet below the Chicxulub crater, aiming to investigate the Chicxulub crater, the Chicxulub crater, the Chicxulub crater, aiming to investigate the cause of the dinosaur extinction by researchers plan to drill 5,000 feet below the Chicxulub crater, aiming to understand the Chicxulub crater, aiming to investigate the cause of the dinosaur extinction by researchers plan",False,True,captured
cnndm_8585,cnndm,0.6B,8,deterministic,42,8.1913,408.14,48.95,160,19.53,294,124,37,0.4218,3.35,False," The family of a North Carolina toddler, Austin West family of 4, who drowned in a pool last week, who drowned in a pool last week, who drowned in a pool last week, who drowned in a pool last week, set up a 4, who drowned in a pool last week, set up a 4, who drowned in a pool last week, set up a GoFundMe campaign to raise money for his funeral costs was drowned in a pool last week while chasing a bumblebee in the yard, who drowned in a pool last week while chasing a bumblebee in the yard, who drowned in a pool last week, who drowned in a pool last week, set up a GoFundMe campaign to raise money for his funeral costs was drowned in a pool last week",False,True,captured
cnndm_8678,cnndm,0.6B,8,deterministic,42,8.49,1107.06,46.43,160,18.85,272,126,34,0.4632,3.71,False," The article recounts the first use of chlorine gas in World War I on April 22, 191 War I on April 22, 191 War I on April 22, 191 War I on April 22, 1 War I on April 22,  War I on April 22, 1 War I on April 22,  War I on April 22,  War I on April 22, 1 War I on April 22,  War I on April 22,  War I on April 22,  War I on April 22, 1 War I on April 22, 1 War I on April 22, ",False,True,captured
cnndm_8684,cnndm,0.6B,8,deterministic,42,9.691,516.31,57.7,160,16.51,344,117,44,0.3401,2.66,False," The article discusses a food safety incident at The Steer Inn in Wilberfoss, East Yorkshire restaurant in Wilberfoss, East Yorkshire restaurant in Wilberfoss, East Yorkshire, a restaurant in Wilberfoss, East Yorkshire, where inspectors found mouldy food and poor hygiene and the Steer Inn in Wilberfoss, East Yorkshire, where inspectors found mouldy food and poor hygiene, a restaurant in Wilberfoss, East Yorkshire, where inspectors found mouldy food and poor hygiene, a restaurant in Wilberfoss, East Yorkshire, a restaurant in Wilberfoss, East Yorkshire, a restaurant in East Yorkshire restaurant in Wilberfoss, East Yorkshire, where inspectors found mouldy food and poor hygiene, a restaurant in East Yorkshire restaurant in Wilber",False,True,captured
cnndm_8744,cnndm,0.6B,8,deterministic,42,13.9933,1142.26,80.82,160,11.43,473,101,60,0.2135,1.68,False," 

1. A police officer, Michael Brelo, is facing charges of Cleveland, Ohio, is facing charges of voluntary manslaughter after a 2. 

1. A police officer, Michael Brelo, 2. 

2. Brelo, is facing charges of voluntary manslaughter after a high-speed chase in Cleveland, Ohio, is facing charges of voluntary manslaughter after firing 15 rounds from Cleveland, Ohio, is charged with voluntary manslaughter after a high-speed chase in Cleveland, Ohio, where he was charged with voluntary manslaughter after a 2. 2. Brelo, is facing charges of voluntary manslaughter after firing 15 rounds from the article discusses the case, is facing charges of voluntary manslaughter after firing 1. 

2. Brelo, 2. Brelo, 3",False,True,captured
cnndm_8799,cnndm,0.6B,8,deterministic,42,11.1956,949.05,64.44,160,14.29,378,113,48,0.2989,2.35,False," The article discusses the ongoing investigation into former Metropolitan Police commissioner Lord Stevens for alleged cover-up of alleged cover-up allegations of alleged cover-up allegations of a cover-up of police corruption during the Stephen Lawrence murder case, who is being investigated by the Independent Police Complaints Commission (IPCC over allegations of a cover-up regarding allegations of a cover-up regarding allegations of a cover-up regarding allegations of a cover-up regarding allegations of a cover-up regarding allegations of a cover-up related to allegations of a cover-up regarding allegations of a cover-up related to allegations of a cover-up regarding the investigation into allegations of a cover-up regarding allegations of a cover-up regarding the Stephen Lawrence murder case. The Independent Police Complaints Commission (IPCC) is being investigated for alleged cover-up of police corruption during the Stephen Lawrence murder case.",False,True,captured
cnndm_8886,cnndm,0.6B,8,deterministic,42,14.2703,729.45,85.16,160,11.21,503,97,63,0.1928,1.54,False," The article recounts the tragic events of four young sisters, who were forcibly removed from their mother's home in Australia in 2012, being forcibly removed from Italy, the Vincenti, the Vincenti, the Vincenti, who were forcibly removed from their mother's home in Australia in 9 to be torn from Italy, being forcibly removed from their mother, the Vincenti, who were forcibly removed from their mother in 9 to 14 years old, being forcibly removed from their mother in 2012, being forcibly returned to their mother Laura Garrett, the Vincenti, who were forcibly removed from their mother in Australia, being forcibly removed from their mother, the Vincenti sisters, who were forcibly removed from their mother in Australia in 2012, being",False,True,captured
cnndm_8908,cnndm,0.6B,8,deterministic,42,10.6417,542.73,63.52,160,15.04,378,113,48,0.2989,2.35,False," 

The article details a tragic accident involving a 24-year-old man, 242424-year-old man, Tavon Watson, a 24-year-old man, Tavon Watson, a 24-year-old man, Tavon Watson, a 24-year-old man, Tavon Watson, a 24-year-old man, Tavon Watson, who was driving a Lamborghini crash at the 24-year-old man, Tavon Sunday driving experience at Walt Disney World in Florida, 24-year-old man, Tavon Watson, a 24-year-old man, 24-year-old man, Tavon Sunday driving experience at Walt Disney World's birthday celebration of a 24-year-old",False,True,captured
cnndm_8943,cnndm,0.6B,8,deterministic,42,6.9637,361.12,41.53,160,22.98,251,129,32,0.5139,4.03,False," Matthew Kenney, a 34-year-old man, smoked Flakka and ran naked through traffic in Fort Lauderdale, Florida, ran naked through traffic in Fort Lauderdale, Florida, ran naked through traffic in Fort Lauderdale, Florida, ran naked through traffic in Fort Lauderdale, Florida, ran naked through traffic in Fort Lauderdale, Florida, ran naked through traffic in Fort Lauderdale, ran naked through traffic in Fort Lauderdale, Florida, where he believed he was being chased by imaginary killers, ran naked through traffic in Fort Lauderdale, Florida, ran naked through traffic in Fort Lauderdale, Florida, ran naked through traffic in Fort Lauderdale, Florida, ran naked through traffic in Fort Lauderdale, Florida, ran naked through traffic in Fort Lauderdale, ran naked through traffic in Fort Lauderdale, Florida, ran naked through traffic in Fort",False,True,captured
cnndm_8983,cnndm,0.6B,8,deterministic,42,9.1016,444.76,54.45,160,17.58,328,120,41,0.3659,2.93,False," The article describes an Icelandair flight  by lightning shortly after takeoff, causing a hole in the plane by lightning shortly after takeoff, causing a hole in its nose with lightning shortly after takeoff, causing a hole in the plane by lightning shortly after takeoff on a lightning shortly after takeoff, causing a hole in the plane by lightning shortly after takeoff on a flight from Reykjavik to Denver on a lightning shortly after takeoff, causing a hole in the plane by lightning shortly after takeoff on a flight from Reykjavik to Denver was struck by lightning shortly after takeoff on a flight from Reykjavik to Denver on a flight from Reykjavik to Denver on a flight from Reykjavik to Denver on a flight from Reykjavik to",False,True,captured
cnndm_8985,cnndm,0.6B,8,deterministic,42,11.0973,1067.94,63.08,160,14.42,370,114,47,0.3081,2.43,False," The article discusses the controversy surrounding the UK's housing policy, where housing associations are UK's housing policy, where housing associations are being accused of hypocrisy for opposing the UK's housing associations are being accused of hypocrisy for opposing the UK's housing associations are being accused of hypocrisy for opposing the revival of Margaret Thatcher's right-to-buy policy, which are being accused of hypocrisy for opposing the revival of the Conservative Party's plan to extend the right to buy to be forced to sell their properties that the UK's housing policy, which are being accused of hypocrisy for opposing the revival of the Conservative Party's plan to extend the right-to-buy policy, which are being accused of hypocrisy for opposing the revival of the Conservative Party's plan to extend the right-to-buying the UK's housing policy, where housing associations are being",False,True,captured
cnndm_8992,cnndm,0.6B,8,deterministic,42,12.7364,1182.79,72.66,160,12.56,420,108,53,0.2571,2.04,False," Sarah Stage, a 30-year-old lingerie model from Los Angeles, became an internet sensation due to her pregnancy model from Los Angeles-based in Los Angeles-based in Los Angeles-based in Los Angeles, from Los Angeles-based in Los Angeles, gained 28lbs during her pregnancy, giving birth to her son James Hunter, from Los Angeles-based in Los Angeles, gained 28lbs during her pregnancy, giving birth to her son James Hunter, from Los Angeles, from Los Angeles, became an internet sensation due to her sexy lingerie model from Los Angeles, gained 28lbs during her pregnancy, from Los Angeles, became an internet sensation after giving birth to her son James Hunter, from Los Angeles, became an internet sensation after posting sexy lingerie model from Los Angeles, became an internet sensation after",False,True,captured
cnndm_9018,cnndm,0.6B,8,deterministic,42,12.0625,426.03,73.19,160,13.26,437,105,56,0.2403,1.88,False," The article discusses a North Korean school textbook that claims Kim Jong-un learned to drive at age three and won a yacht race a young age achievements, such as learning to drive at a young age, the  learned to drive at age three and won a yacht race a young age, the  learned to drive at age three and won a young age achievements, the country's history, the  learned to drive at age three and won a young age, the country's history, instead of North Korean school textbook that claims Kim Jong-un learned to drive at age three and won a yacht race a yacht race at age nine and his childhood achievements, such as learning to drive at age three and winning a yacht race at age nine and his childhood achievements, such as learning to drive at age three and won a",False,True,captured
cnndm_9269,cnndm,0.6B,8,deterministic,42,15.438,1446.83,87.99,160,10.36,509,97,64,0.1906,1.52,False," The article discusses the resurgence of the country's recovery and industrial revival of the country's recovery and the country's recovery and the country's automotive industry's recovery and industrial revival and industrial revival and industrial revival and industrial revival of the UK's recovery and the country's automotive industry has seen a significant recovery and industrial revival of the UK's automotive industry, which has seen in the UK's automotive industry has seen a significant recovery, and the author's recovery and the country's automotive industry has made possible, and the author's criticism of Labour's return to the 1970s, and the author's criticism of Labour's recovery and the success of the UK in the UK's automotive industry has seen in the UK, and the author's criticism of Labour's return to 1970s",False,True,captured
cnndm_9285,cnndm,0.6B,8,deterministic,42,11.1296,809.83,64.9,160,14.38,378,112,49,0.2963,2.29,False," 

2. Lisa Skinner, a science teacher, Lisa Skinner, a science teacher, Lisa Skinner, a science teacher, was shot and her mother, Lisa Skinner, a science teacher, was shot and her estranged wife, Lisa Skinner, a science teacher, was shot and her estranged wife, Lisa Skinner, shot her mother, Lisa Skinner, a science teacher, was shot and wounded woman, Lisa Skinner, a science teacher, was shot and her estranged wife, Lisa Skinner, shot her estranged wife, Lisa Skinner, shot her estranged husband, Lisa Skinner, a science teacher, was shot and her estranged wife, Lisa Skinner, shot her estranged wife, Lisa Skinner, shot her estranged husband, Bradley Skinner, 59, was shot her mother, Lisa Skinner",False,True,captured
cnndm_9325,cnndm,0.6B,8,deterministic,42,10.6326,824.34,61.69,160,15.05,365,113,47,0.3096,2.4,False," Check It, a gang of gay and transgender youths in Washington DC, is a gay and transgender youths in Washington DC's young gay and transgender youths in Washington DC's young gay and transgender youths in Washington DC, is a group of gay and transgender youths in Washington DC, is a group of 200+ gay and transgender youths in Washington DC's young gay and transgender youths in Washington DC, is a group of 200+ young gay and transgender youths in Washington DC, is a group of young gay and transgender youths in Washington DC, is a group of young gay and transgender youths in Washington DC, is a group of young gay and transgender youths in Washington DC, highlights the struggles and transgender and transgender and transgender and gay and transgender youths in Washington DC, highlights the struggles and transgender",False,True,captured
cnndm_9344,cnndm,0.6B,8,deterministic,42,8.8095,317.22,53.41,160,18.16,321,119,41,0.3707,2.9,False," British Airways has launched a mindfulness programme for its new Airbus A380 service between London and San Francisco, developed in-flight between London-San Francisco A380 service between London and San Francisco, developed in partnership with the new Airbus A380 service between London and San Francisco service between London and San Francisco, developed in collaboration with the new Airbus A380 service between London and new Airbus A380 service between London and San Francisco service between London and San Francisco, developed in collaboration with the new Airbus A380 service between London-San Francisco A380 service between London and San Francisco, developed in-flight between London and San Francisco, developed in collaboration with the new Airbus A380 service between London-San Francisco A380 service, new",False,True,captured
cnndm_9434,cnndm,0.6B,8,deterministic,42,9.9265,382.67,60.02,160,16.12,363,115,46,0.3168,2.5,False," The article discusses a planned meeting with US Department of Justice officials to address antitrust officials from the US Department of Justice officials from the US Department of Justice to discuss concerns raised by their $45 billion merger, US Department of Justice officials to discuss concerns raised by their $45 billion merger, with US Department of Justice officials to address concerns raised by the US Department of Justice officials from the US Department of Justice and the US Department of Justice officials from the US Department of Justice and the US Department of Justice to discuss concerns raised by their $45 billion merger, US Department of Justice officials to address concerns raised by the US Department of Justice to discuss concerns raised by their $45 billion merger, US Department of Justice officials to address concerns raised by the US Department of Justice to address concerns raised by",False,True,captured
cnndm_9524,cnndm,0.6B,8,deterministic,42,7.7531,775.62,43.88,160,20.64,260,127,34,0.4885,3.74,False," Kim Kardashian and Kanye West visited a centuries-old Armenian church in Jerusalem for the Armenian church in Jerusalem for the Armenian church in Jerusalem for the baptism of their daughter, Armenian church in Jerusalem for the baptism of their daughter, North West visited a centuries-old Armenian church in Jerusalem for the baptism of their daughter, North West. Armenian church in Jerusalem for the baptism of their daughter, North West, Armenian church in Jerusalem for the baptism of their daughter, North West, Armenian church in Jerusalem for the baptism of their daughter, North West, Armenian church in Jerusalem for the baptism of their daughter, North West, Armenian church in Jerusalem for the baptism of their daughter, North West, Armenian church in Jerusalem for the baptism of their daughter, North West, Armenian church in Jerusalem for the baptism of the Armenian church in Jerusalem",False,True,captured
cnndm_9567,cnndm,0.6B,8,deterministic,42,10.4905,655.15,61.86,160,15.25,367,114,47,0.3106,2.43,False," 

The Sydney grandfather Peter Mutty, who was sentenced to six months in jail for six months in  was sentenced to six months in jail and 75 lashes in  was sentenced to six months in jail and 757-year-old Australian citizen, was sentenced to six months in jail and 757-year-old Australian citizen, was sentenced to six months after being sentenced to six months in jail and 757-year-old Australian citizen, was sentenced to six months after being sentenced to six months in jail and  was sentenced to six months in jail and 75 lashes in  was sentenced to six months in jail and 77777 was sentenced to six months in jail and 777 was sentenced to six months in jail and  was sentenced to six",False,True,captured
cnndm_9612,cnndm,0.6B,8,deterministic,42,9.4017,1509.06,49.64,160,17.02,283,124,37,0.4382,3.35,False," New Zealand's west coast. The community is New Zealand's west coast. The community is. The community is. The community is. The community is. The Gloriavale. The community is. The community is. The Gloriavale. The community is Gloriavale. The community is Gloriavale is a Christian community of around 500. The community is. The community is. The Gloriavale. The community is Gloriavale. The community is Gloriavale. The community is Gloriavale is located on the only about 500 people. The community is a Christian, according to Gloriavale. The community is. The community is. The Gloriavale. The community is Gloriavale",False,True,captured
cnndm_9712,cnndm,0.6B,8,deterministic,42,10.5842,342.75,64.41,160,15.12,385,111,49,0.2883,2.27,False," 

The article describes a Tokyo neighborhood's unlikely 

The article describes a Tokyo neighborhood's unlikely tourist attraction, a tobacco shop, yet popular tobacco shop, yet popular tourist attraction, a tobacco shop, Shimada Cigarette Shop, which has become a tobacco shop, Shimada Cigarette Shop, which has become a tobacco shop, Shimada Cigarette Shop, which has become a tobacco shop, Shimada Cigarette Shop, which has become a tobacco shop, Shimada Cigarette Shop, yet popular tourist attraction, a tobacco shop, Shimada Cigarette Shop, yet popular tobacco shop, Shimada Cigarette Shop, which has become a tobacco shop that has become a tobacco shop, Shimada Cigarette Shop, yet popular tourist attraction, a tobacco shop run-in",False,True,captured
cnndm_9713,cnndm,0.6B,8,deterministic,42,11.4896,456.32,69.39,160,13.93,416,108,52,0.2596,2.08,False," The article discusses the upcoming sequel to the acclaimed TV series 'Planet Earth', titled 'Our Planet,' titled 'Our Planet,' titled 'Our Planet,' produced by Silverback Films and the World Wildlife Funded, titled 'Our Planet,' produced by Silverback Films and the World Wildlife series, titled 'Our Planet,' produced by Silverback Films and the World Wildlife Funded, which is being developed by Silverback Films, titled 'Our Planet,' produced by Silverback Films, titled 'Our Planet,' produced by Silverback Films, titled 'Our Planet,' which is being developed by Silverback Films in the sequel to 'Our Planet,' a documentary series 'Our Planet,' a documentary series called 'Our Planet,' a documentary series called 'Our Planet' titled 'Our Planet,' produced by Silverback Films",False,True,captured
cnndm_9775,cnndm,0.6B,8,deterministic,42,14.2169,702.19,85.0,160,11.25,506,97,64,0.1917,1.52,False," 

Nigel Farage visits a veterans' centre 

Nigel Farage visits a day, and engages in discussions with veterans' in Kent, and engages in discussions with Conservatives to engage in discussions with Conservatives to vote tactically for a day, and engages in discussions with veterans' in Kent, and engages in discussions with Conservative voters in Kent, and engages in discussions with Conservative voters to engage in discussions with veterans' centre in Kent, and engages in discussions with Conservative voters to work with David Cameron, and engages in discussions with Conservative voters to work with David Cameron to prevent a possible to engage in discussions with veterans' centre in Kent, and engages in discussions with Conservatives about the UKIP's manifesto launch his party's manifesto, which is a day, and engages in discussions with veterans' centre in Kent, and",False,True,captured
cnndm_9934,cnndm,0.6B,8,deterministic,42,12.663,829.39,74.42,160,12.64,442,105,56,0.2376,1.88,False," 

The 13-year-old boy in 

The  Barcelona attacked a school in Barcelona attacked a school shooting attack in Barcelona, Spain, had a 'hit list' of  Barcelona attacked a school in Barcelona, killing a teacher and wounding several instances of Barcelona attacked a school in Barcelona, killing a teacher and wounding several others in Barcelona attacked a school in Barcelona, killing a teacher and wounding several others at the Instituto Joan Foster in Barcelona, Spain, who shot and killed a teacher and injured four people's attack in Barcelona, Spain, attacked a school in Barcelona, killing a teacher and wounding several others at the Instituto Joan Foster in Barcelona, Spain, attacked a school in Barcelona, killing a male teacher and injured four people's attack on the  Barcelona attacked a school in Barcelona,",False,True,captured
cnndm_9992,cnndm,0.6B,8,deterministic,42,9.1269,626.15,53.46,160,17.53,317,120,40,0.3785,3.0,False," 

The article describes a 17-year-old stepdaughter of a 39-year-old stepdaughter of a 39-year-old stepdaughter of a 39-year-old stepdaughter of Jondrew Lachaux, a 17-year-old stepdaughter of a 39-year-old stepdaughter, stepdaughter of Jondrew Lachaux, a 39-year-old man, Jondrew Lachaux, a 39-year-old man, Jondrew Lachaux, a 39-year-old man, Jondrew Lachaux, a 39-year-old stepdaughter of Jondrew Lachaux, a 39-year-old man, Jondrew Lachaux, a 17-year-old stepdaughter of",False,True,captured
cnndm_10027,cnndm,0.6B,8,deterministic,42,15.3092,761.54,91.49,160,10.45,540,91,69,0.1685,1.32,False," Abigail Ahern, an interior designer, Abigail Ahern, an author of the author of the author of the new book ""Colour"" is promoting a celebrated for her new book titled ""Colour,"" is promoting a celebrated author of the new book ""Colour"" is her new book titled ""Colour"" is on a mission to promote the author of the new book ""Colour,"" is promoting a bold and colorful, is promoting a bold, is promoting her new book titled ""Colour,"" is promoting a celebrated for her new book ""Colour,"" advocates for using her new book titled ""Colour,"" is promoting her new book ""Colour"" is on a mission to promote the author of the new book ""Colour,"" advocates for using bold and colorful, is promoting her new book ""Colour"" that is, is",False,True,captured
cnndm_10072,cnndm,0.6B,8,deterministic,42,13.899,432.22,84.7,160,11.51,509,96,64,0.1886,1.5,False," A Japanese woman took a good wash by subm, soaking by submersion by submercy revenge by submerging his Apple devices, soaking by submercy revenge by submerging his Apple devices in the water bath, soaking by submerging revenge by soaking by submerging revenge by submerging his Apple devices in the form of revenge by submerging his Apple devices in the form of revenge by submerging his Apple devices in a good wash by submerging his Apple devices in a good wash by submerging his Apple devices in a bathtub bath, soaking by submerging his Apple devices in a good wash by submerging his Apple devices in a good wash by submerging his Apple devices in a bathtub bath, soaking his Apple devices in a bathtub",False,True,captured
cnndm_10084,cnndm,0.6B,8,deterministic,42,10.3686,1516.32,55.67,160,15.43,319,121,40,0.3793,3.02,False,I thought I picked a safe person but it turned out I picked a safe person but it turned out I picked a safe person but it turned out I picked anything but and it turns out I put those kids need to be surrounded by the man was a safe person but it turned out I picked a safe person but it turned out I picked a safe person but it turned out I picked a safe person but it turned out I picked a safe person but it turned out I picked a safe person but it turned out I picked anything but and it turns out I put those kids were picking a safe person but it turned out I picked anything but and it turns out I put those kids need to be surrounded by the people were picking a safe person but it turned out I picked a safe person but it turned out I,False,True,captured
cnndm_10112,cnndm,0.6B,8,deterministic,42,11.6851,430.4,70.78,160,13.69,423,107,54,0.253,1.98,False," Cengiz Guven, a Turkish security guard and protection specialist, has been protecting high guard and protection specialist, has been protecting high guard, has been protecting high-profiled guard and protection specialist, has been protecting high-profile individuals, has been protecting high-profile individuals like Cengiz Guven, a Turkish security guard and protection specialist, has been entrusted with protecting Australian security guard and protection specialist, has been protecting high-profile individuals like Cengiz Guven, a Turkish security guard, has been protecting high-profile individuals like Russell Crowe, Naomi Campbell, and Aerosmith guard and supervisor at Lone Pine, the hilltop battlefield cemetery hosting the second Australian dawn service on Anzac Day. Cengiz Guven, has been protecting high-profile individuals like Russell Crowe guard and protection specialist, has",False,True,captured
cnndm_10180,cnndm,0.6B,8,deterministic,42,11.2546,588.02,67.09,160,14.22,399,110,51,0.2757,2.16,False," Martin Springall, 38, the father of a young girl's father of a young girl's father of a young girl, photographed his daughter in Japan, father of a young girl who photographed his daughter in Japan in the father of a young girl who photographed his daughter in Japan in  father of a young girl who photographed his shy father of a young girl, photographed his daughter in Japan in  father of a young girl who photographed his shy father of a young girl who photographed his shy father of a young girl who photographed his shy father of a young girl who photographed his shy father of a young girl, photographed his daughter in Japan in 2014 photograph of a young girl, father of a young girl, photographed his daughter in Japan in 201 father of a young",False,True,captured
cnndm_10230,cnndm,0.6B,8,deterministic,42,12.2188,645.77,72.79,160,13.09,434,106,55,0.2442,1.93,False," 

Lord Janner, a former Labour MP 

Lord Janner, transferred his £2 million home in the article discusses the article discusses the transfer of his £2 million home in the UK peer, transferred his £2 million home in the UK House of Lords, transferred his £2 million London, transferred his £2 million London, transferred his £2 million London, transferred his £2 million London flat in the UK House of Lords, transferred his £2 million London flat to the article discusses the transfer of his £2 million London, transferred his £2 million London flat to his children in the UK House of Lords, transferred his £2 million London flat to his children in the UK House of Lords, transferred his £2 million home in the UK House of Lords, transferred his £2 million",False,True,captured
cnndm_10343,cnndm,0.6B,8,deterministic,42,11.7533,1097.87,67.02,160,13.61,392,111,49,0.2832,2.27,False," 

1. An officer in Marana, Arizona, Michael Rapiejko, rammed his police car into armed with the article: Michael Rapiejko, rammed his police car into armed with the name Michael Rapiejko, rammed his police car into armed with the name Michael Rapiejko, rammedically, the incident where the article: Michael Rapiejko, rammed a town, Arizona, Michael Rapiejko, rammed a town, Arizona, Michael Rapiejko, rammed a suspect Mario Valencia, was involved in a high in Arizona, Michael Rapiejko, rammed a suspect, Arizona, Michael Rapiejko, rammed a suspect Mario Valencia, who rammed his police car into armed with a town, Arizona, Michael Rapiejko, ram",False,True,captured
cnndm_10390,cnndm,0.6B,8,deterministic,42,11.2566,274.08,69.07,160,14.21,409,109,52,0.2665,2.1,False," A dead sperm whale washed up on a California beach and was found with graffiti spelling out the name of a Bay Area motorcycle gang. The whale, Pacifica State Beach, where the beach and was found with the beach and was found with graffiti spelling out the name of a Bay Area motorcycle gang. The whale, Pacifica State Beach, where its body was covered in graffiti spelling out the name of a Bay Area motorcycle gang. The whale washed up on a beach and was covered in graffiti spelling out the name of a Bay beach and was covered in graffiti spelling out the name of a Bay beach and was covered in graffiti spelling out the name of a Bay beach and was covered in graffiti spelling out the name of a beach and was covered in graffiti spelling out the name of a Bay beach and was covered in",False,True,captured
cnndm_10537,cnndm,0.6B,8,deterministic,42,11.0874,819.82,64.58,160,14.43,382,113,48,0.2958,2.35,False," 

The article discusses a breakthrough in forensic DNA analysis that allows police can now allows police can now allows police to distinguish between identical twins, where researchers at the University of Huddersfield have created by researchers at the University of Huddersfield have created a technique called high resolution melt curve analysis that allows police can now distinguish between identical twins, where researchers at the University of Hudders, where researchers at the University of Huddersfield that allows researchers at the University of Huddersfield that allows researchers at the University of Huddersfield that allows researchers at the University of Huddersfield have created a technique called high resolution melt curve analysis that allows researchers at the University of Huddersfield that allows police to distinguish between identical twins, where researchers at the University of Hudd",False,True,captured
cnndm_10586,cnndm,0.6B,8,deterministic,42,12.6606,1514.43,70.1,160,12.64,401,110,51,0.2743,2.16,False," local population, according to the UNU report. The report also according to the UNU's claim that the report said that the UK's e-waste is not only highlights the factored that the UK is one of the world's largest generators of e-waste, according to the UNU's claim that the e-waste is a report said that the UK's e-waste is not only highlights the environmental impact of the United Nations: 'The report said that the UK's e-waste is not only highlights the environmental impact of e-waste is the report said that the UK's e-waste is the report also said that the UK's e-waste is the report also said that the UK's e-was the report also said that the UK's e-waste is the report also said that",False,True,captured
cnndm_10602,cnndm,0.6B,8,deterministic,42,8.2393,941.68,45.9,160,19.42,268,127,34,0.4739,3.74,False," 

Kate Temple, a hairdresser, 

Kate Temple, was jailed for 20 months after admitting to inflicting grievous bodily harm, was jailed for 20 months after admitting to inflicting grievous bodily harm, was jailed for 20 months after admitting to 33, was jailed for 20 months after admitting to 33, was jailed for 20 months after admitting to inflicting grievous bodily harm, was jailed for 20 months after admitting to inflicting grievous bodily harm, was jailed for 20 months after a 33, was jailed for 20 months after admitting to inflicting grievous bodily harm, was jailed for 20 months after admitting to inflicting grievous bodily harm, was jailed for ",False,True,captured
cnndm_10609,cnndm,0.6B,8,deterministic,42,13.8078,1517.19,77.3,160,11.59,439,103,58,0.2346,1.78,False," interview. She was also asked about her relationship with her husband, but she refused to answer. The article discusses Robert Downey Jr.'s reaction to that. She was also answer. She was also answer. The article discusses the answer. She was also asked about it. She was also asked about her husband, saying anything. 'answer. She was also asked about her relationship with her husband, but she refused to answer. She was also asked about her relationship with her husband, but she refused to answer. The article discusses Robert Downey Joke to answer. The article discusses the incident. She was also asked about her husband, but she refused to answer. The article discusses Robert Downey Jnr stormed off the record the answer. The article discusses the incident where a comment. She was",False,True,captured
cnndm_10679,cnndm,0.6B,8,deterministic,42,10.05,462.46,60.3,160,15.92,361,115,46,0.3186,2.5,False," 

**Summary:**

Heida Reed, the co-star of the co-star of the BBC1's co-star of the BBC1's *Poldark* co-star of the BBC1 series co-star of the BBC1 series *Poldark* co-star of the BBC1 series *Pold co-star of the BBC1 series *Pold co-star of the BBC1 series *Poldark's co-star of the BBC1 series *Poldark*, has criticized Aidan Turner's co-star of the BBC1 series *Poldark*, has criticized Aidan Turner's portrayal of Elizabeth in her co-star of the BBC1 series *Pold co-star of the BBC1 series *Pold co-star of the BBC1 series *Pold co-star of the BBC",False,True,captured
cnndm_10682,cnndm,0.6B,8,deterministic,42,12.7504,839.68,74.91,160,12.55,442,105,56,0.2376,1.88,False," 

Frank McKeever, an artist and entrepreneur from Florida, created a series of futuristic entrepreneur from Florida-based entrepreneur from Florida-based entrepreneur from Florida, created a 28 entrepreneur from Florida-based entrepreneur from Florida, created a series of 'tourism' poster designer from Florida, created a 28-year-old entrepreneur from Florida, created a series of 'tourism' posters envision a 28 entrepreneur from Florida, created a series of futuristic entrepreneur from Florida, created a series of futuristic entrepreneur from Florida, created a series of futuristic entrepreneur from Florida, created a series of futuristic entrepreneur from Florida, created a series of futuristic entrepreneur from Florida, created a series of futuristic 'tourism' poster designer from Florida, created a series of futuristic entrepreneur from Florida, created a series of futuristic entrepreneur from",False,True,captured
cnndm_10701,cnndm,0.6B,8,deterministic,42,9.4837,363.43,57.36,160,16.87,344,116,45,0.3372,2.58,False," Emma Louise Connolly, the current face of Ann Summers and bombshell girlfriend of Made In Chelsea's Ollie Proudlock, and bombshell girlfriend of Made In Chelsea's Ollie Proudlock, and bombshell girlfriend of Made in the UK lingerie brand Ann Summers and bombshell girlfriend of Made In the UK lingerie brand Ann Summers, and bombshell girlfriend of Made In Chelsea's Ollie Proudlock and bombshell girlfriend of Made in the UK lingerie brand Ann Summers, and bombshell girlfriend of Made in Chelsea's Ollie Proudlock, and bombshell girlfriend of Made in Chelsea's Ollie Proudlock, models Ann Summers and bombshell girlfriend of Made in Chelsea's Ollie Proudlock, models Ann Summers' Ann Summers and the UK lingerie brand Ann Summers and bombshell",False,True,captured
cnndm_10761,cnndm,0.6B,8,deterministic,42,11.3045,379.87,68.71,160,14.15,412,109,52,0.2646,2.1,False," The Statue of Liberty was evacuated Friday after a bomb threat, which was reported by a  threat, which was later found to be a hoax. A bomb threat, which was reported by a 911 caller, leading to a hoax, leading to a hoax, which was later found to be a hoax. A bomb threat, which was later determined to be a hoax. The article: The Statue of Liberty was evacuated on Liberty Island was reported by a 911 caller, leading to a hoax, which was later determined to be a hoax. A bomb threat led to a hoax, leading to a hoax. A bomb threat led to a hoax. A bomb threat led to the Statue of Liberty was reported by a 911 caller, which was later determined to be a hoax",False,True,captured
cnndm_10778,cnndm,0.6B,8,deterministic,42,11.9889,360.35,73.14,160,13.35,440,106,55,0.2409,1.93,False," The Trussell Trust, a major foodbank network, charges £1,500 from churches and community groups to set up costs to start a major foodbank network,5000000 to start a new foodbanks to start a new foodbank,500 from churches and community groups to start a new foodbank, requiring churches and community groups £1,500 from churches and community groups £1,500 from churches and community groups to set up costs to start a foodbanks to start a foodbank,500 from churches and community groups to set up costs,500 from churches and community groups to start a new foodbanks to set up costs, and the Trust says that it charges £1,500 from churches",False,True,captured
cnndm_10820,cnndm,0.6B,8,deterministic,42,7.6609,564.26,44.63,160,20.89,267,127,34,0.4757,3.74,False," Sanjay Chaddah, a property developer Sanjay Chaddah, a property developer Sanjay Chaddah, a property developer Sanjay Chaddah, a property developer Sanjay Chaddah, a property developer, falsely accused his neighbor, falsely accused his neighbor's false accused his neighbor's son-in-law, falsely accused his neighbor's son-in-law, Dean Paton, falsely accused his neighbor's son-in-law, falsely accused his neighbor's son-in-law, falsely accused his neighbor's son-in-lawyer, falsely accused his neighbor's son-in-lawyer, falsely accused his neighbor's son-in-lawyer, falsely accused his neighbor's son-in-lawyer, falsely accused his neighbor's son-in-lawyer, falsely accused his neighbor's son-in-lawyer, falsely accused his neighbor",False,True,captured
cnndm_10883,cnndm,0.6B,8,deterministic,42,10.8817,785.66,63.5,160,14.7,376,114,47,0.3032,2.43,False," 

Diet Pepsi will no longer contain aspartame due to customer concerns over customer fears over its safety, due to customer fears over its safety, due to customer concerns over its safety, due to customer concerns over its safety, due to customer concerns over its safety. The article discusses the decision by PepsiCo to remove the company in response to customer concerns over customer fears over its safety. The sweetener, due to customer concerns over its safety. 

Diet Pepsi will no longer contain aspartame due to customer fears over its safety. The sweetener due to customer concerns over its safety. The sweetener due to customer concerns over its safety. The article discusses the decision by PepsiCo to remove the company in response to customer concerns over the company in response to customer concerns over its safety.",False,True,captured
cnndm_11024,cnndm,0.6B,8,deterministic,42,8.9229,655.44,52.0,160,17.93,309,122,39,0.3948,3.13,False, The owners of two dogs that got loose and mauled a jogger to death in Michigan pleaded no contest to death in Michigan pleaded no contest to a jogger to death in Michigan pleaded no contest to a reduced charge of a jogger to death in Michigan pleaded no contest to death in Michigan pleaded no contest to a reduced charge for a jogger to death in Michigan pleaded no contest to death in Michigan pleaded no contest to a reduced charge. The owners of two dogs that got loose and mauled a jogger to death in Michigan pleaded no contest to a reduced charge for a jogger to death in Michigan pleaded no contest to a reduced charge for a jogger to death in Michigan pleaded no contest to a reduced charge. The owners of two dogs that got loose and mauled a jogger to death,False,True,captured
cnndm_11060,cnndm,0.6B,8,deterministic,42,13.1465,299.76,80.8,160,12.17,485,100,61,0.2062,1.64,False," The sale price between £150m the club chairman Jeremy Peace aiming for a price between £1300

The sale price between £150m and £130

The sale of the club, with the club chairman Jeremy Peace aiming for a price range of £150m to £201300 million, with the club chairman Jeremy Peace aiming for a price between £150m and £20

The sale of the club, with chairman Jeremy Peace aiming to be in the range of £150m to be in the range of £150m the club on the club chairman Jeremy Peace seeking between £150m and £20

The sale of the club, with chairman Jeremy Peace aiming to sell",False,True,captured
cnndm_11249,cnndm,0.6B,8,deterministic,42,13.0731,593.59,78.49,160,12.24,467,100,61,0.2141,1.64,False," 

Black boxes are red to help rescuers 

Black boxes are red to help rescuers identify them in the aftermath of crashes, despite their name, despite their location them spot them in the aftermath of crashes, despite their name, and are crucial for determining the cause of plane and are crucial for determining the cause of plane crashes, despite their name, and are crucial for determining the boxes that are crucial for determining the cause of plane crashes, and are crucial for determining the cause of plane crashes, as they are crucial for determining the cause of plane crashes, as they are often severely damaged in crashes, but are crucial for determining the cause of plane crashes, as they are often damaged in crashes, but are often severely damaged in crashes, but some are pulled from wreckage, despite their location them spot them",False,True,captured
cnndm_11351,cnndm,0.6B,8,deterministic,42,12.2683,734.24,72.54,160,13.04,431,106,55,0.2459,1.93,False," 

Victoria Beckham is ranked 9th in 

Victoria Beckham is a fashion among the most fashionable Brits, while her husband David Beckham's list of the list of the most fashionable Brits, while her husband David Beckham's list of the most fashionable Brits, behind her husband David Beckham, while her husband David Beckham's list of the most fashionable Brits, behind her husband David Beckham, who is the list of the most fashionable Brits, behind her husband David Beckham is a poll of the most fashionable Brits, while her husband David Beckham is  a poll of the most fashionable Brits, behind her husband David Beckham, who is the most fashionable Brits, behind her husband David Beckham, while her husband David Beckham is 3. 

Victoria Beckham is a poll of the most fashionable",False,True,captured
cnndm_11395,cnndm,0.6B,8,deterministic,42,16.3009,1490.28,93.15,160,9.82,535,94,67,0.1757,1.4,False," was made in 2014012014014001400 skeletons were found in the River Walbrook was the team was the team was the team was able to beakers were found in 2014, in 2014, the team was able to confirmations were found in 2013,014, in 2014, the Crossrail team has been thought was the team was able to confirmations of the skulls and pottery was the team was able to confirm that year after that year after that, in 2014, the Crossrail team has been working of the skulls and pottery was the team was able to confirm that year, in 2014, the",False,True,captured
