baseline_condition,compare_condition,metric,baseline_mean,compare_mean,abs_delta_compare_minus_base,pct_delta_compare_minus_base,improvement_pct_lower_is_better,ratio_compare_over_base,n_pairs
gpu_opt_off,gpu_opt_on,draft_elapsed_s,2.24527575,2.3128570833333337,0.06758133333333334,3.009934674319328,-3.009934674319328,1.0300993467431936,12
gpu_opt_off,gpu_opt_on,verify_elapsed_s,0.5299905833333334,0.54588675,0.015896166666666673,2.999330019542801,-2.999330019542801,1.0299933001954278,12
gpu_opt_off,gpu_opt_on,latency_s,2.779408333333333,2.8637416666666664,0.08433333333333341,3.0342189134977797,-3.0342189134977797,1.0303421891349778,12
gpu_opt_off,gpu_opt_on,ttft_ms,253.3083333333333,264.1375,10.829166666666667,4.275092936802975,-4.275092936802975,1.0427509293680297,12
