baseline_condition,compare_condition,metric,median_delta_compare_minus_base,p90_delta_compare_minus_base,p10_delta_compare_minus_base,median_abs_delta,p90_abs_delta,n_pairs
gpu_opt_off,gpu_opt_on,draft_elapsed_s,0.08484950000000013,0.1344472999999999,-0.008298700000000325,0.08484950000000013,0.1344472999999999,12
gpu_opt_off,gpu_opt_on,verify_elapsed_s,0.014900499999999983,0.026120999999999995,0.0021885999999999854,0.014900499999999983,0.026120999999999995,12
gpu_opt_off,gpu_opt_on,latency_s,0.09914999999999985,0.16014000000000006,0.0078800000000002,0.09914999999999985,0.16014000000000006,12
gpu_opt_off,gpu_opt_on,ttft_ms,9.260000000000005,19.300000000000015,-1.3439999999999939,9.260000000000005,19.300000000000015,12
