Mode,Target,Draft,Drafting (s),Verify (s),Other (s),Drafting %,Verify %,Other %,Source
Deterministic,FP16,FP16,0.3856216,0.1733944,0.001924000000000034,68.56889631744953,31.08866925753452,0.34243442501594595,quick_run_n5
Deterministic,FP16,INT8,1.9964618,0.17554019999999998,0.00157799999999996,91.80570052295802,8.122873372706033,0.07142610433593279,quick_run_n5
Deterministic,INT8,FP16,0.30994399999999994,0.7131398,0.0013961999999999586,30.261706328165605,69.60389903647572,0.13439463535866714,quick_run_n5
Deterministic,INT8,INT8,1.4891396,0.6545795999999999,0.0012607999999999953,69.18395986871604,30.757192242083462,0.05884788920048191,quick_run_n5
Stochastic,FP16,FP16,0.33464639999999996,0.15382160000000003,0.0014120000000000105,68.23228509621903,31.481669650180677,0.2860452536003119,quick_run_n5
Stochastic,FP16,INT8,1.7911524,0.1695796,0.0015679999999999722,91.22269081161696,8.698385475136513,0.07892371324652077,quick_run_n5
Stochastic,INT8,FP16,0.32259099999999996,0.750763,0.0014860000000000318,30.13463415292949,69.73036471554646,0.13500113152405288,quick_run_n5
Stochastic,INT8,INT8,1.5750922,0.7171256,0.0014022000000000867,68.73299894592961,31.207742952237343,0.05925810183303939,quick_run_n5
