sample_idx,baseline_latency_s,spec_latency_s,draft_elapsed_s,verify_elapsed_s,other_elapsed_s,draft_share,verify_share,other_share
1,0.3566,1.5151,1.395226,0.118852,0.0010219999999998147,0.9208804699359779,0.07844498712956241,0.0006745429344596494
2,0.3494,2.5091,2.303551,0.203605,0.0019439999999999735,0.918078593918138,0.08114662628033957,0.0007747798015224477
3,0.3518,2.1125,1.961733,0.149546,0.001220999999999861,0.9286310059171599,0.07079100591715977,0.0005779881656804076
4,0.361,3.1526,2.893207,0.256858,0.0025350000000002315,0.9177209287572162,0.08147497303812724,0.0008040982046565474
5,0.3418,1.5786,1.428592,0.14884,0.001167999999999919,0.9049740276194097,0.09428607627011276,0.0007398961104775871
