sample_idx,baseline_latency_s,spec_latency_s,draft_elapsed_s,verify_elapsed_s,other_elapsed_s,draft_share,verify_share,other_share
1,0.4125,0.3543,0.235208,0.118186,0.000906000000000004,0.6638667795653401,0.3335760654812306,0.0025571549534293084
2,0.3414,0.6131,0.414887,0.196392,0.0018209999999999615,0.676703637253303,0.3203262110585549,0.0029701516881421655
3,0.3381,0.512,0.363324,0.147394,0.0012820000000000331,0.7096171874999999,0.28787890625,0.0025039062500000647
4,0.334,0.4654,0.32249,0.141564,0.001345999999999986,0.6929308122045552,0.30417705199828105,0.0028921357971637
5,0.3317,0.5046,0.337323,0.165572,0.0017050000000000676,0.6684958382877526,0.3281252477209671,0.0033789139912803554
