sample_idx,baseline_latency_s,spec_latency_s,draft_elapsed_s,verify_elapsed_s,other_elapsed_s,draft_share,verify_share,other_share
1,1.5574,1.7225,1.15346,0.568011,0.0010289999999999466,0.6696429608127721,0.32975965166908566,0.0005973875181422042
2,1.5554,2.4796,1.767862,0.710247,0.00149100000000002,0.7129625746088079,0.28643611872882724,0.0006013066623649057
3,1.5495,1.9942,1.417565,0.575464,0.0011710000000000331,0.710843947447598,0.2885688496640257,0.0005872028883763078
4,1.5318,2.4891,1.779169,0.708523,0.0014080000000000759,0.7147840584950383,0.28465027519987146,0.0005656663050902237
5,1.5399,2.0395,1.327642,0.710653,0.0012049999999999006,0.6509644520715863,0.34844471684236333,0.0005908310860504539
