sample_idx,baseline_latency_s,spec_latency_s,draft_elapsed_s,verify_elapsed_s,other_elapsed_s,draft_share,verify_share,other_share
1,1.5609,0.8037,0.224258,0.578485,0.0009569999999999856,0.2790319771058853,0.7197772800796317,0.0011907428144829982
2,1.6222,1.2327,0.379642,0.851279,0.001778999999999864,0.3079759876693437,0.6905808388091182,0.001443173521537977
3,1.5413,0.8539,0.275478,0.577358,0.0010639999999999539,0.32261154701955735,0.6761424054338916,0.0012460475465510643
4,1.5294,1.0507,0.342402,0.7069,0.0013980000000000103,0.32587988959741127,0.672789568858856,0.0013305415437327595
5,1.5325,1.1814,0.32794,0.851677,0.001782999999999979,0.2775859150160826,0.7209048586422888,0.0015092263416285586
