sample_idx,baseline_latency_s,spec_latency_s,draft_elapsed_s,verify_elapsed_s,other_elapsed_s,draft_share,verify_share,other_share
1,1.6151,0.8195,0.237356,0.58119,0.0009540000000000104,0.2896351433801098,0.7092007321537522,0.0011641244661379016
2,1.6364,1.4295,0.417114,1.010234,0.0021519999999999317,0.2917901364113326,0.7067044421126268,0.0015054214760405259
3,1.5375,0.8537,0.270335,0.582382,0.0009830000000000672,0.3166627620944125,0.6821857795478504,0.0011514583577369886
4,1.5369,1.0582,0.3433,0.713448,0.0014520000000001199,0.3244188244188244,0.6742090342090341,0.0013721413721414853
5,1.5414,1.2133,0.34485,0.866561,0.0018890000000000295,0.2842248413417951,0.7142182477540592,0.0015569109041457425
