sample_idx,baseline_latency_s,spec_latency_s,draft_elapsed_s,verify_elapsed_s,other_elapsed_s,draft_share,verify_share,other_share
1,0.6752,0.3551,0.233341,0.120624,0.0011350000000000388,0.6571134891579836,0.3396902281047592,0.0031962827372572196
2,0.3527,0.6266,0.434231,0.190425,0.0019440000000000568,0.6929955314395148,0.3039020108522183,0.003102457708266927
3,0.3412,0.513,0.366774,0.144257,0.0019690000000000263,0.7149590643274853,0.2812027290448343,0.0038382066276803632
4,0.3366,0.7863,0.538258,0.245305,0.0027369999999999894,0.6845453389291619,0.31197380134808594,0.0034808597227521166
5,0.343,0.5237,0.355504,0.166361,0.0018350000000000588,0.678831392018331,0.3176646935268283,0.0035039144548406694
