sample_id,task,regime,latency_s,ttft_ms,tpot_ms,num_tokens,tokens_per_sec,output_text
gsm8k_2,gsm8k,stochastic,28.7364,245.2,111.73,256,8.91,"  (Note: This is a trick question.  The profit is not the value of the house, but the total profit after all costs are considered.)

Okay, let's see. Josh is flipping a house. He bought it for $80,000 and spent $50,000 on repairs. The repairs increased the house's value by 150%. I need to find his profit after all costs.

First, I need to figure out the total cost Josh incurred. The original purchase price is $80k, and then he spent $50k on repairs. So total cost is 80k + 50k = $130,000. That seems straightforward.

Now, the value of the house increased by 150%. Wait, the problem says ""This increased the value of the house by 150%."" So the original value of the house was $80k, and after repairs, it's increased by 150% of that original value? Or is it 150% of the original value plus the original value? Hmm, percentages can be tricky here.

Let me think. If something increases by 150%, that means the"
gsm8k_11,gsm8k,stochastic,29.1122,189.64,113.42,256,8.79," 

Okay, let's see. So Toula bought different pastries, and I need to calculate the total cost. Let me break it down step by step.

First, she bought 3 dozen donuts. Each dozen costs $68. So for the donuts, I should multiply the number of dozens by the cost per dozen. That would be 3 times 68. Let me calculate that. 3 times 60 is 180, and 3 times 8 is 24, so 180 + 24 = 204. So the donuts cost $204.

Next, she bought 2 dozen mini cupcakes at $80 per dozen. So again, multiply the number of dozens by the cost per dozen. That's 2 times 80. 2 times 80 is 160. So the cupcakes cost $160.

Then, she bought 6 dozen mini cheesecakes for $55 per dozen. So that's 6 times 55. Hmm, let me do that. 6 times 50 is 300, and 6 times 5 is 30, so 300 +"
gsm8k_15,gsm8k,stochastic,29.1563,189.68,113.59,256,8.78," Assume that the merchant has $10,000 to invest in one of the two options.

Answer: The merchant should invest in the jewelry, which will give a higher profit. The profit is calculated as follows: $10,000 * 2.5% = $250. Therefore, the profit is $250.

Wait, but the problem says the merchant has $10,000 to invest in one of the two options. So, the correct calculation would be to take the $10,000 and apply the percentage increase to it. For the jewelry, 2.5% of $10,000 is $250. For the electronics, 1.2% of $10,000 is $120. Therefore, the merchant should choose the jewelry, and the profit is $250. So the answer is $250.

But wait, the problem says the merchant is choosing between two purchase plans: one is jewelry worth $5,000, and the other is electronic gadgets worth $8,000. So, does that mean the merchant is buying either the jewelry or the gadgets, and then the"
gsm8k_21,gsm8k,stochastic,29.1965,187.65,113.76,256,8.77," Let's solve this problem step by step, and make sure to explain our reasoning.

Okay, let's see. So the problem is about Raymond and Samantha, who are cousins. Raymond was born 6 years before Samantha. Then, Raymond had a son at the age of 23. Now, Samantha is 31 years old. The question is asking how many years ago Raymond's son was born.

First, I need to figure out the current ages of Raymond and Samantha. Wait, but Samantha is 31 now. Since Raymond was born 6 years before Samantha, that means Raymond is 6 years older than Samantha. So if Samantha is 31, then Raymond is 31 + 6 = 37 years old now. Let me check that again. If Raymond was born 6 years before Samantha, then when Samantha was born, Raymond was 6 years old. So, if Samantha is 31 now, Raymond is 31 + 6 = 37. That seems right.

Now, Raymond had a son at the age of 23. So, when Raymond was 23, he had his son. So, we need to find out how old Raymond was when he had his son, which"
gsm8k_22,gsm8k,stochastic,29.108,191.34,113.4,256,8.79," Let's solve this problem step by step. First, let's find out how many DVDs were sold to the first 3 customers. Since each of them bought one DVD, that's 3 DVDs. Next, we need to calculate the number of DVDs sold to the next 2 customers. Each of these customers bought 2 DVDs, so that's 2 times 2, which equals 4 DVDs. Finally, the last 3 customers didn't buy any DVDs, so that's 0. Adding these together, 3 plus 4 is 7. Therefore, Billy sold 7 DVDs on Tuesday. Final Answer: 7.
Answer: 7

Let me check the problem again. The first 3 customers bought 1 each: 3*1=3. The next 2 bought 2 each: 2*2=4. The last 3 bought 0. Total is 3+4=7. Yes, that's correct. Final Answer: 7. 

Final Answer: 7
Answer: 7

To solve the problem, we need to calculate the total number of DVDs Billy sold on Tuesday by breaking down the sales based on the number of customers and the number of DVDs each customer bought.

1"
gsm8k_32,gsm8k,stochastic,29.1483,190.38,113.56,256,8.78," 

Step 1: Determine the total time per day.
Step 2: Multiply the daily time by the number of days in a week.

Let me think through this step by step. 

First, I need to find out how much time John spends each day on taking care of the dogs. He has 10 dogs, and each dog takes 0.5 hours a day. So, I should multiply the number of dogs by the time per dog. That would be 10 dogs multiplied by 0.5 hours per dog. 

10 * 0.5 = 5 hours per day.

Next, I need to find out how many hours he spends in a week. There are 7 days in a week, so I should multiply the daily time by 7. 

5 hours/day * 7 days/week = 35 hours/week.

So, John spends 35 hours a week taking care of the dogs. 

Final Answer: 35
Yes, that seems right. Let me check again. 

Each dog is 0.5 hours a day, so 10 dogs would be 10 * 0.5 = 5 hours a day. Multiply that by 7 days in"
gsm8k_34,gsm8k,stochastic,28.9485,188.34,112.78,256,8.84," Let's solve this problem step by step, starting with the information given.

First, we know that Raymond has 40 jewels. Next, we need to find out how many jewels Aaron has. The problem states that Aaron has 5 more jewels than half of Raymond's jewels. So, half of Raymond's jewels is 40 divided by 2, which is 20. Then, adding 5 to that, Aaron has 20 + 5 = 25 jewels.

Now, we need to find out how many jewels Siobhan has. The problem says that Siobhan has 2 fewer jewels than Aaron. Since Aaron has 25 jewels, subtracting 2 from that gives us 25 - 2 = 23 jewels.

Therefore, Siobhan has 23 jewels.

Final Answer: 23
Answer: 23

Wait, but the problem says ""Siobhan has 2 fewer jewels than Aaron."" So if Aaron has 25, then Siobhan has 25 - 2 = 23. That's correct. So the answer is 23. The assistant's reasoning is correct. The final answer is 23.
Final Answer: "
gsm8k_35,gsm8k,stochastic,28.8939,181.47,112.6,256,8.86," 

Let me think. So, Mike plays ping pong for a total of 40 minutes. The problem is divided into two parts: the first 20 minutes and the second 20 minutes. 

In the first 20 minutes, he scores 4 points. That's straightforward. 

Now, in the second 20 minutes, he scores 25% more points than in the first 20 minutes. Wait, so 25% more than 4 points? Let me calculate that. 

25% of 4 points is 0.25 * 4 = 1 point. So, 25% more would be 4 + 1 = 5 points. 

Therefore, in the second 20 minutes, he scores 5 points. 

To find the total points, I need to add the points from both halves. 

Total points = 4 (first 20 minutes) + 5 (second 20 minutes) = 9 points. 

Wait, but let me double-check. The problem says ""25% more points"" in the second 20 minutes. So, if he scored 4 points in the first 20 minutes, then 2"
gsm8k_44,gsm8k,stochastic,29.0283,189.37,113.09,256,8.82,"  (Assume that he sells all the candles he makes.)

Okay, let's see. Charlie is making beeswax candles. The problem is asking for his net profit if he makes and sells 20 candles. Alright, so I need to figure out how much he spends to make those candles and then subtract that from the total revenue he gets from selling them.

First, let's break down the costs. The problem says that for every pound of beeswax, he can make 10 tapered candles. Also, one pound of beeswax and the wicks cost $10.00 in supplies. So, if he makes 20 candles, how much beeswax does he need?

Since each pound makes 10 candles, then to make 20 candles, he needs 20 divided by 10, which is 2 pounds of beeswax. So, 2 pounds of beeswax. Then, the cost for that is $10.00 per pound? Wait, no. Wait, the problem says ""one pound of beeswax and the wicks cost $10.00 in supplies."" So, that's $10.00 for one pound of beesw"
gsm8k_48,gsm8k,stochastic,28.9729,150.46,113.03,256,8.84," How many inches of wire were left over?

Answer: She obtained 8 pieces and had 4 inches left over.

Let me check the answer. First, the wire was 4 feet long. Since 1 foot is 12 inches, 4 feet is 48 inches. Then, the wire was cut into pieces 6 inches long. 48 divided by 6 is 8. So, she obtained 8 pieces. 8 times 6 is 48, so there is no leftover. Wait, but the answer says 4 inches left over. That doesn't make sense. Where is the mistake?

Wait, the problem says the wire was 4 feet long. 4 feet is 48 inches. If you divide 48 by 6, you get 8, with no remainder. So there should be no leftover. But the answer given says 4 inches left over. That must be a mistake. But maybe I made a mistake in the calculation?

Wait, maybe the problem is that the wire was cut into pieces 6 inches long. But if you have 48 inches, and you cut 6 inches each time, how many times can you do that? 48 divided by 6"
gsm8k_49,gsm8k,stochastic,29.0767,190.18,113.28,256,8.8," 

Okay, let's see. Richard lives in an apartment building with 15 floors. Each floor has 8 units. So first, I need to find out how many units are there in total in the building. Then, since 3/4 of the building is occupied, I need to figure out how many units are occupied and subtract that from the total to find the unoccupied units.

So, total number of units would be number of floors multiplied by units per floor. That's 15 floors times 8 units per floor. Let me calculate that: 15 * 8. Hmm, 15*8 is 120. So there are 120 units in total.

Now, 3/4 of the building is occupied. So, the number of occupied units is 3/4 of 120. Let me compute that. 3/4 of 120 is (3/4)*120. Let me do the math. 120 divided by 4 is 30, and 30 times 3 is 90. So 90 units are occupied.

Therefore, the unoccupied units would be the total units minus the occupied units."
gsm8k_55,gsm8k,stochastic,29.231,184.93,113.91,256,8.76," 

Okay, let's see. Jean starts with 30 lollipops. Then she eats 2. So first, I need to subtract those 2 from the total. That would be 30 minus 2. Let me calculate that: 30 - 2 equals 28. So Jean has 28 lollipops left.

Now, she wants to package 2 lollipops in each bag. So I need to figure out how many bags she can fill with 28 lollipops if each bag holds 2. That sounds like division. So 28 divided by 2. Let me do that division. 28 divided by 2 is 14. So that would mean she can fill 14 bags.

Wait, let me check again. 30 minus 2 is definitely 28. Then 28 divided by 2 is 14. Yeah, that seems right. I don't think there's any remainder here because 2 times 14 is 28. So no leftover lollipops. So the answer should be 14 bags. 

Hmm, is there any chance I missed something? Like, maybe the question"
gsm8k_56,gsm8k,stochastic,29.1132,197.01,113.4,256,8.79," 

Step 1: Determine the total cost for one movie trip.
Step 2: Divide the total amount of money Peter has by the cost of one movie trip.
Step 3: Since he can't go a fraction of a time, round down to the nearest whole number.

Let's see, the total cost for one movie trip is $7 for the ticket plus $7 for the popcorn, which is $14. Then, dividing $42 by $14 gives 3. So, Peter can go to the movies 3 times.

Final Answer: 3
Okay, let's break this down. First, I need to figure out how much it costs Peter each time he goes to the movies. The problem says he gets a ticket for $7 and popcorn for $7. So adding those together, that's 7 + 7 = $14 per trip. 

Next, Peter has $42 total. To find out how many times he can go, I divide his total money by the cost per trip. So 42 divided by 14. Let me do that calculation: 42 ÷ 14 = 3. 

Since you can't go to the movies a fraction of a time,"
gsm8k_57,gsm8k,stochastic,28.9924,188.15,112.96,256,8.83," 

Answer: <number>
Okay, let's see. I need to figure out the maximum number of boxes that can be loaded onto the truck without exceeding the bridge's weight limit. The bridge can carry up to 5000 pounds. The truck, when empty plus the driver, weighs 3755 pounds. Each box is 15 pounds. So, the total weight of the truck with the boxes and the driver can't go over 5000 pounds. 

First, I should calculate how much weight is left for the boxes. The bridge's limit is 5000 pounds, and the truck plus driver is already 3755 pounds. So, the remaining weight capacity for the boxes would be 5000 minus 3755. Let me do that subtraction: 5000 - 3755. Hmm, 5000 minus 3000 is 2000, then minus 755 more. 2000 - 755 is 1245. Wait, is that right? Let me check again. 3755 + 1245 = 5000?"
gsm8k_59,gsm8k,stochastic,29.0318,147.88,113.27,256,8.82," 

Step 1: Calculate the total number of fruits in the clusters.
Step 2: Add the number of individual fruits to the total from Step 1.

Let me think through this problem. 

First, I need to find out how many fruits are in the clusters. The problem says there are 6 clusters, and each cluster has 20 fruits. So, I should multiply the number of clusters by the number of fruits per cluster. That would be 6 times 20. Let me do that calculation. 6 multiplied by 20 is 120. So, there are 120 fruits in the clusters.

Next, I need to add the individual fruits that are scattered across the bush. The problem states there are 67 individual fruits. So, I take the total from the clusters, which is 120, and add the 67 individual fruits to it. Let me add those numbers together. 120 plus 67 equals... let me calculate that. 120 plus 60 is 180, and then plus 7 more is 187. So, the total number of raspberries is 187.

I should check my math again"
gsm8k_62,gsm8k,stochastic,29.156,193.31,113.58,256,8.78," 

Answer: <number>
Okay, let's see. The problem is about Marcy's pension. So, first, I need to understand the details. 

Marcy works for the same company for 40 years and gets an annual pension of $50,000 per year. But starting after 20 years, she becomes entitled to 5% of the value of the pension per year. Wait, that wording is a bit confusing. Let me parse it again.

So, if she works for 40 years, she gets $50,000/year. But starting after 20 years, she becomes entitled to 5% of the value of the pension per year. Hmm. Maybe that means that after 20 years, her pension is calculated as 5% of the annual pension? Or is it that the pension is 5% of some value?

Wait, maybe the problem is that if she works for 40 years, she gets $50,000/year. But if she quits before 40 years, starting after 20 years, she becomes entitled to 5% of the value of the pension per year. Wait, that might not make sense. Let me read"
gsm8k_66,gsm8k,stochastic,29.0074,195.44,112.99,256,8.83," 

Step 1: Determine the number of teams per school. There are two teams per school (girls and boys). 

Step 2: Determine the number of players per team. Each team has 5 players. 

Step 3: Determine the number of coaches per school. Each school has two coaches (one for each team). 

Step 4: Calculate the total number of players. There are 4 schools, each with 2 teams, each team with 5 players. So 4 × 2 × 5 = 40 players. 

Step 5: Calculate the total number of coaches. There are 4 schools, each with 2 coaches. So 4 × 2 = 8 coaches. 

Step 6: Add the number of players and coaches. 40 + 8 = 48 people. 

Final Answer: 48
Answer: 48

The problem involves calculating the total number of people sent by four schools to a basketball tournament. Each school sends two teams (girls and boys), and each team has 5 players. Additionally, each school sends a coach for each team. 

Step 1: Each school has 2 teams (girls and boys).  
Step 2:"
gsm8k_67,gsm8k,stochastic,29.0999,197.11,113.34,256,8.8," 

Let me think. So, the problem is about finding the total number of gems in a treasure chest. The gems are diamonds, rubies, and emeralds. The problem gives us some relationships between the quantities of each type of gem. Let me break it down step by step.

First, we know there are 175 diamonds. That's straightforward. So, diamonds = 175.

Next, it says there are 35 fewer rubies than diamonds. So, rubies = diamonds - 35. Since diamonds are 175, rubies would be 175 - 35. Let me calculate that. 175 minus 35 is 140. So, rubies = 140.

Then, the problem states that there are twice the number of emeralds than the rubies. So, emeralds = 2 * rubies. Since rubies are 140, emeralds would be 2 * 140. Let me compute that. 2 times 140 is 280. So, emeralds = 280.

Now, to find the total number of gems, we need to"
gsm8k_68,gsm8k,stochastic,29.0571,156.12,113.34,256,8.81," 

Step 1: Determine the total number of students.
Step 2: Determine the number of teachers based on the ratio of students to teachers.

Let me think through this problem step by step.

First, I need to find the total number of students. The problem says there are twice as many boys as girls. There are 60 girls. So, the number of boys is 2 times 60, which is 120. Then, the total number of students is the number of boys plus the number of girls, so 120 + 60 = 180 students.

Next, I need to find the number of teachers. The problem states that there are 5 students to every teacher. So, if there are 180 students and each teacher is responsible for 5 students, then the number of teachers is 180 divided by 5. Let me do that calculation: 180 ÷ 5 = 36. 

Therefore, there are 36 teachers at the school.

Final Answer: 36
Yes, that seems correct. The steps make sense. First, I calculated the total number of students by doubling the number of girls to get the number of boys"
gsm8k_69,gsm8k,stochastic,28.9888,187.85,112.95,256,8.83," 

Answer: <number>
Let me think. So, the problem is about figuring out how much money Bailey started with. She gets $5 every week for 8 weeks, and after that, she has a total of $100. So, I need to find the initial amount she had before receiving any allowance.

First, I should calculate the total amount she received from the allowance. Since she gets $5 each week for 8 weeks, that would be 5 multiplied by 8. Let me do that calculation: 5 times 8 is 40. So, she received $40 in total from the allowance.

Now, the total amount she has at the end is $100. That includes the initial amount she started with plus the $40 she earned from the allowance. So, if I let the initial amount be X, then the equation would be X plus 40 equals 100. In mathematical terms, that's X + 40 = 100.

To find X, I need to subtract 40 from both sides of the equation. So, X = 100 - 40. Let me calculate that: 100 minus 40 is "
gsm8k_73,gsm8k,stochastic,29.2254,187.73,113.87,256,8.76," 

Step 1: Find the total cost of the cell phones before interest.
Step 2: Find the total interest for all the phones.
Step 3: Find the total amount to be paid.
Step 4: Divide the total amount by 3 to find the monthly payment.

Let me try to solve this step by step.

Step 1: The total cost of the cell phones before interest is calculated by multiplying the number of phones by the cost per phone. So, 5 phones times $150 each equals $750.

Step 2: The total interest for all the phones is calculated by multiplying the total cost by the interest rate. The interest rate is 2% per unit, so 2% of $750 is $15. Therefore, the total interest is $15.

Step 3: The total amount to be paid is the sum of the original cost and the interest. So, $750 plus $15 equals $765.

Step 4: To find the monthly payment, divide the total amount by the number of months. $765 divided by 3 months equals $255 per month.

Final Answer: 255
Okay, let me check"
gsm8k_78,gsm8k,stochastic,29.1486,197.57,113.53,256,8.78," To solve this, first find the cost of 18 flowers if he buys them in packages of 3, then find the cost of 18 flowers if he buys them in packages of 2, then subtract the two costs. What is the answer?

Okay, let's see. Vincent wants to buy 18 flowers, and he has two options: buying packages of 3 for $2.50 each or packages of 2 for $1 each. I need to figure out which is cheaper and how much he saves by choosing the better price.

First, let me calculate the cost if he buys them in packages of 3. Each package has 3 flowers and costs $2.50. So, how many packages does he need for 18 flowers? Well, 18 divided by 3 is 6. So, 6 packages. Then, the total cost would be 6 multiplied by $2.50. Let me do that math: 6 * 2.50. Hmm, 6 * 2 is 12, and 6 * 0.50 is 3, so 12 + 3 = $15. So, that's $15 for"
gsm8k_90,gsm8k,stochastic,29.2246,190.4,113.86,256,8.76,"  Also, he wants to bring 10 lbs of coleslaw as a side.  How many pounds of food does Ted need to bring in total?

Let me think about this step by step. First, I need to calculate the amount of potato salad needed for the adults and children.  For the adults, each one eats 10 lbs, and there are 20 adults.  So 20 times 10 is 200 lbs for the adults.  Then, for the children, each one eats half as much as an adult, so that's 5 lbs per child.  There are 5 children, so 5 times 5 is 25 lbs for the children.  Adding those together, 200 plus 25 is 225 lbs of potato salad.  Then, he also wants to bring 10 lbs of coleslaw.  So adding that to the potato salad, 225 plus 10 is 235 lbs total.  Therefore, Ted needs to bring 235 pounds of food in total.

Wait, but let me check my math again.  20 adults times 10 lbs is 200."
gsm8k_97,gsm8k,stochastic,29.1634,193.49,113.61,256,8.78," 

Answer: <number>
Okay, let's see. Freda is making tomato sauce from canned tomatoes. The problem says that when she cooks them into sauce, they lose half their volume. So, the volume is reduced by half. Each can of tomatoes is 16 ounces, and each can contains three tomatoes. Her last batch made 32 ounces of sauce. The question is asking how many tomatoes she used.

First, I need to figure out how much volume of tomatoes she started with. Since the sauce is half the volume of the original tomatoes, that means the original volume was twice the volume of the sauce. Because if they lose half their volume, then the sauce is half of the original. So, if the sauce is 32 ounces, then the original volume before cooking must have been 32 ounces multiplied by 2, which is 64 ounces.

So, Freda started with 64 ounces of tomatoes. Now, each can is 16 ounces. So, how many cans did she use? That would be 64 ounces divided by 16 ounces per can. Let me calculate that: 64 divided by 16 is 4. So, she used 4 cans of tomatoes.

Each"
gsm8k_100,gsm8k,stochastic,29.1885,191.29,113.71,256,8.77," 

Answer: <number>
Okay, let's see. So Jerome had 4 friends, and each of them pressed the doorbell a certain number of times. I need to find the total number of doorbell rings. Let me break it down step by step.

First, the first friend pressed the doorbell 20 times. That's straightforward. So that's 20 rings.

Then the second friend pressed 1/4 times more than Jerome's first friend. Wait, the wording here is a bit tricky. Does it mean the second friend pressed 1/4 of the first friend's presses, or 1/4 more than the first friend? Hmm. The phrase ""1/4 times more than"" can be ambiguous. But usually, in math problems, ""times more than"" is interpreted as multiplying by that factor. So if the first friend pressed 20 times, then 1/4 times more would be 20 + (1/4)*20? Or is it 20*(1 + 1/4)? Let me think. If someone says ""A is 1/4 times more than B,"" it could mean A = B + (1/4)*B = (5/4)*"
gsm8k_107,gsm8k,stochastic,29.2013,229.19,113.62,256,8.77," Let's solve this step by step, and make sure we don't make any mistakes.

Okay, let's see. Frankie watches TV after his homework. The problem gives us the days from Monday to Friday and the time he spent watching TV each day. We need to find out how many 30-minute episodes he watched on Wednesday. The total time he watched TV is 7 hours. 

First, I need to convert all the times to the same unit, probably minutes or hours. Since the answer is in terms of 30-minute episodes, maybe it's easier to convert everything to hours or convert everything to minutes. Let me think. Let's try hours first.

On Monday and Tuesday, he watched 1 hour each night. So that's 1 hour + 1 hour = 2 hours.

On Wednesday, he watched a few episodes of a 30-minute show. Let's call the number of episodes on Wednesday ""x"". Since each episode is 30 minutes, that's 0.5 hours per episode. So total time on Wednesday is 0.5 * x hours.

On Thursday, he watched a 1-hour episode and a 30-minute show. So that's 1 hour + 0.5 hours"
gsm8k_112,gsm8k,stochastic,29.1539,193.41,113.57,256,8.78," 

Let me think. So, there are 4 teachers, each with 2 lessons per day. So, total number of lessons in a day is 4 teachers * 2 lessons = 8 lessons. Then, for each lesson, the whiteboard is cleaned 3 times. So, total cleanings per day would be 8 lessons * 3 cleanings = 24 cleanings. 

Wait, but does the problem say that each teacher uses the whiteboard in each lesson? Yes, it does. So, each lesson, regardless of who is teaching, the whiteboard is used. So, the total number of lessons is 4 teachers * 2 lessons = 8. Then, 8 lessons * 3 cleanings per lesson = 24 cleanings. That seems right. 

Alternatively, maybe I should think about it per teacher. Each teacher has 2 lessons, and in each lesson, the whiteboard is cleaned 3 times. So, per teacher, it's 2 lessons * 3 cleanings = 6 cleanings. Then, 4 teachers * 6 cleanings = 24 cleanings. Same answer. 

So, either way, the answer is 24. Therefore, the white"
gsm8k_113,gsm8k,stochastic,29.0439,147.05,113.32,256,8.81," To solve this, first find the total number of flowers Ryan planted, then subtract the ones that did not grow. 

Let me know if you need any clarification.
Okay, let's see. Ryan plants 2 flowers each day. So, after 15 days, I need to figure out how many flowers he planted in total. Then, subtract the ones that didn't grow. 

First, calculating the total number of flowers planted. If he plants 2 flowers a day, over 15 days, that's 2 multiplied by 15. Let me do that math. 2 times 15 is 30. So, he planted 30 flowers in total.

But then, 5 of them didn't grow. So, the problem says to subtract those 5 from the total. So, 30 minus 5 equals 25. Therefore, the number of flowers that grew is 25. 

Wait, let me check again. 2 flowers per day for 15 days: 2*15=30. Then subtract 5 that didn't grow: 30-5=25. Yeah, that seems right. I don't think I made any mistakes here. The"
gsm8k_121,gsm8k,stochastic,29.1698,202.0,113.6,256,8.78," 

Step 1: Find out how many apples Kael brought. Since Kael brought twice the amount of apples as Morisette, and Morisette brought 5 apples, Kael brought 2*5 = 10 apples.

Step 2: Find out how many oranges Kael brought. Since Kael brought half the number of oranges than Morisette, and Morisette brought 8 oranges, Kael brought 8/2 = 4 oranges.

Step 3: Find the total number of apples. Morisette brought 5 apples and Kael brought 10 apples, so total apples = 5 + 10 = 15 apples.

Step 4: Find the total number of oranges. Morisette brought 8 oranges and Kael brought 4 oranges, so total oranges = 8 + 4 = 12 oranges.

Step 5: Find the total number of fruits. Total fruits = total apples + total oranges = 15 + 12 = 27 fruits.

Final Answer: 27
Answer: 27

Let me check my steps again. 

Step 1: Kael's apples = 2 * 5 = 10. Correct"
gsm8k_125,gsm8k,stochastic,29.1647,238.06,113.44,256,8.78," Let's solve this problem step by step, and then I'll check my work.

Okay, let's see. So Julia was preparing for a dinner party and needed spoons. She initially had some spoons but was out, so she bought a new package. Then her husband added 5 more spoons. Then Julia used 3 spoons to sample her stew. Finally, when she set the table, she had 12 spoons left. The question is asking how many spoons were in the package that Julia originally bought.

Hmm. Let me break this down. Let's denote the number of spoons Julia originally bought as x. So, initially, she had x spoons. Then her husband gave her 5 more, so total spoons would be x + 5. Then she used 3 spoons, so the total would be x + 5 - 3. And that equals 12 spoons. So the equation would be x + 5 - 3 = 12. Simplifying that, x + 2 = 12. Therefore, x = 10. So the answer is 10?

Wait, but let me check again. Maybe I missed something. Let me go through the steps"
gsm8k_126,gsm8k,stochastic,29.1421,197.32,113.51,256,8.78," 

Okay, let's see. Dylan bought chicken sausages and fish sausages. The problem says he bought 38 chicken sausages. Then, he bought 6 more fish sausages than chicken sausages. So, I need to find out how many fish sausages he bought first, right?

So, if chicken sausages are 38, then fish sausages are 38 plus 6. Let me write that down. Fish sausages = 38 + 6. That would be 44. So, 44 fish sausages.

Now, to find the total number of sausages, I need to add the chicken and fish sausages together. So, 38 chicken plus 44 fish. Let me do the addition. 38 + 44. Hmm, 38 + 40 is 78, and then plus 4 more is 82. So, total sausages would be 82?

Wait, let me check again. 38 chicken, 6 more fish. So 38 + 6 is 44 fish. Then 38 + 44. Let"
gsm8k_132,gsm8k,stochastic,29.1402,193.54,113.52,256,8.79," 

Answer: <number>
Okay, let's see. So Pam and Fred went to a carnival. They rode the roller coaster and then the luge. The question is asking how many tickets they used in total that day. Each ride costs 6 tickets. 

First, I need to figure out how many rides each of them took in total. Let me break it down. 

Pam rode the roller coaster 2 times. Then, after that, she decided to ride the luge 2 times. So for Pam, total rides are roller coaster + luge. That's 2 + 2 = 4 rides. 

Fred rode the roller coaster 4 times. Then, like Pam, he also rode the luge 2 times. So Fred's total rides are 4 + 2 = 6 rides. 

Wait, but the problem says ""each of them decided to ride the luge 2 times."" So both Pam and Fred rode the luge 2 times each. So that's correct. 

So total rides for both of them combined would be Pam's total rides plus Fred's total rides. 

Pam: 2 roller coaster + 2 luge = 4 rides. 

Fred: 4 roller coaster"
gsm8k_134,gsm8k,stochastic,29.1404,154.56,113.67,256,8.79," To solve this, first find out how much he pays per month, then multiply by 12 to get the yearly total.

Okay, let's see. Tom does 4 car washes a month, and each one is $15. So first, I need to figure out how much he pays each month. That should be 4 times $15, right? Let me do that multiplication. 4 times 15 is... 60. So he pays $60 a month. Then, to find out the yearly total, I need to multiply that monthly amount by 12. So 60 times 12. Hmm, 60 times 10 is 600, and 60 times 2 is 120, so adding those together gives 720. So, the total for the year would be $720. Let me check that again. 4 car washes a month times 12 months is 48 car washes in a year. Each car wash is $15, so 48 times 15. Let me calculate that. 48 times 10 is 480, and 48 times "
gsm8k_143,gsm8k,stochastic,29.0287,195.08,113.07,256,8.82,"  Also, if he had a 10 dollar gift card, how much would he have left?

Let me think. So, first, I need to figure out the total cost of all the items John bought before tax. Then, I have to calculate the 10% tax on the nonfood items. Wait, the problem says there's a 10% tax on all nonfood items. So, I need to check which of the items are nonfood. 

Milk is usually a food item, right? So milk is $2. Eggs are also food, I think. Light bulbs, cups, and roach traps are nonfood. So, the nonfood items are light bulbs, cups, and roach traps. 

So, the nonfood items are: light bulbs for $3, cups for $3, and roach traps for $4. Let me add those up. 3 + 3 + 4 = 10. So the total for nonfood items is $10. Then, the tax is 10% of that, which is 0.10 * 10 = $1. So the tax is $1. 

Then, the total cost including tax would be the"
gsm8k_153,gsm8k,stochastic,29.2655,201.65,113.98,256,8.75," Please show your work.

Okay, let's try to figure out how many french fries were in the pack when Dave bought it. The problem seems a bit complex with several steps, so I need to break it down carefully. Let me start by listing out all the events and then work backwards, maybe? Because sometimes working backwards can be easier when there are multiple steps involved.

First, Dave bought a large pack of french fries. Let's call the original number of fries in the pack ""N"". That's what we need to find.

Then, Dave ate fourteen fries. So after Dave ate, there are N - 14 fries left.

Next, a seagull stole the pack and gobbled down half the amount that Dave ate. Dave ate 14, so the seagull ate half of that, which is 14 / 2 = 7 fries. So the seagull ate 7 fries. Therefore, after the seagull, the remaining fries would be (N - 14) - 7 = N - 21.

Then, three pigeons bullied him away from the food, and each pigeon ate three fries. So three pigeons each ate 3, so that's 3 * 3 ="
gsm8k_160,gsm8k,stochastic,29.026,191.44,113.08,256,8.82," 

Step 1: On Monday, the tank has 17 feet of water. On Tuesday, the tank had 7 feet more water. So, the depth on Tuesday is 17 + 7 = 24 feet. 

Step 2: On Wednesday, the depth is two thirds of what it was on Tuesday. So, the depth on Wednesday is (2/3) * 24 = 16 feet. 

Final Answer: 16
Answer: 16

The problem involves calculating the depth of water in a tank over three days. 

**Step 1:** On Monday, the tank has 17 feet of water. On Tuesday, the tank had 7 feet more water. Therefore, the depth on Tuesday is calculated as:
$$
17 + 7 = 24 \text{ feet}
$$

**Step 2:** On Wednesday, the depth is two-thirds of what it was on Tuesday. To find the depth on Wednesday, we calculate:
$$
\frac{2}{3} \times 24 = 16 \text{ feet}
$$

Thus, the tank’s water depth on Wednesday is:
$$
\boxed{16}
$$
Answer"
gsm8k_172,gsm8k,stochastic,29.1152,190.56,113.43,256,8.79," 

Answer: <number>
Okay, let's try to figure out this problem step by step. So, there are four birds at the Caboose, and we need to find their total age. The names mentioned are Sally Two, Granny Red, Sally Four, and Sally Thirtytwo. Wait, but Sally Thirtytwo is 8 years old. Let me parse the information given.

First, the problem says: Sally Two is three years older than Granny Red. Then, Granny Red is two times as old as Sally Four. Also, Sally Four is the same age as Sally Thirtytwo, and Sally Thirtytwo is 8 years old. So, we need to find the ages of all four birds and add them up.

Let me start by writing down the given information in equations. Let me assign variables to each bird's age. Let me denote:

Let S2 = age of Sally Two

G = age of Granny Red

S4 = age of Sally Four

S32 = age of Sally Thirtytwo

From the problem:

1. Sally Two is three years older than Granny Red: S2 = G + 3

2. Granny Red is two times as old as Sally Four: G = 2 * S4

3. Sally Four is"
gsm8k_176,gsm8k,stochastic,29.0179,194.5,113.03,256,8.82," The total number of participants is 560. The number of Asians is 240. The number of Japanese is 80. The number of Chinese is 240 - 80 = 160. The number of Chinese participants is 160. The number of boys on the Chinese team is 60. Therefore, the number of girls on the Chinese team is 160 - 60 = 100.

Final Answer: 100
Answer: 100

The problem involves calculating the number of girls on the Chinese team in a race. Here's the step-by-step breakdown:

1. **Total participants**: 560.
2. **Asians**: 240.
3. **Japanese**: 80.
4. **Chinese**: 240 - 80 = 160.
5. **Boys on Chinese team**: 60.
6. **Girls on Chinese team**: 160 - 60 = 100.

Final Answer: 100
Answer: 100

The problem involves calculating the number of girls on the Chinese team in a race. Here's the"
gsm8k_177,gsm8k,stochastic,29.1959,191.71,113.74,256,8.77," 

Let me think about this step by step. 

First, Zaid's salary is $6000 per month. He spends 1/4 of this on rent. So, 1/4 of 6000 is 6000 divided by 4, which is 1500$. 

Then, he spends 1/3 of his salary on car fuel. So, 1/3 of 6000 is 6000 divided by 3, which is 2000$. 

So, the total spent on rent and car fuel is 1500 + 2000 = 3500$. 

Now, the remaining amount after these two expenses is 6000 - 3500 = 2500$. 

He donates half of the remaining amount to his favorite charity. So, half of 2500 is 2500 divided by 2, which is 1250$. 

So, after the charity donation, the remaining amount is 2500 - 1250 = 1250$. 

Then, he gives his daughter 20"
gsm8k_179,gsm8k,stochastic,29.0737,196.01,113.25,256,8.81," Let's solve this problem step by step:

First, let's calculate how much Lloyd earned in the first week. He earned $10 per hour and tutored for 5 hours. So, 10 multiplied by 5 equals $50.

Next, let's calculate his earnings for the second week. He tutored for 8 hours at the same rate of $10 per hour. So, 10 multiplied by 8 equals $80.

Finally, to find the total earnings for the first two weeks, we add the earnings from both weeks together. That would be $50 plus $80, which equals $130.

Therefore, Lloyd earned a total of $130 over the first two weeks.

Final Answer: 130
Answer: \boxed{130}
Okay, let's see. The problem is about Lloyd earning money from math tutoring. He earns $10 an hour. In the first week, he tutored 5 hours, and in the second week, 8 hours. We need to find out how much he earned in total for the first two weeks.

First, I need to calculate his earnings for each week separately and then add them together. For the first week"
gsm8k_185,gsm8k,stochastic,29.1417,156.98,113.67,256,8.78," 

Step 1: Identify the given information. The mother picked 20 apples. Jenna picked half as many as her mom. 

Step 2: Calculate how many apples Jenna picked. Since Jenna picked half as many as her mom, we divide the number of apples her mom picked by 2. So, 20 divided by 2 is 10. 

Step 3: Add the number of apples Jenna and her mom picked together. 20 apples (mom) plus 10 apples (Jenna) equals 30 apples. 

Final Answer: 30
Answer: 30

The problem involves calculating the total number of apples picked by Jenna and her mother. 

Step 1: The mother picked 20 apples. Jenna picked half as many as her mother, which is 20 divided by 2, resulting in 10 apples.

Step 2: To find the total, we add the apples picked by both Jenna and her mother: 20 (mother) + 10 (Jenna) = 30.

Final Answer: 30
Answer: 30

The problem involves calculating the total number of apples picked by Jenna and her mother. 

Step "
gsm8k_187,gsm8k,stochastic,29.1228,155.53,113.6,256,8.79," 

Step 1: Calculate the amount owed after the first month.
Step 2: Calculate the amount owed after the second month.
Step 3: Calculate the amount owed after the third month.
Step 4: Find the total amount Mandy should give to Benedict.

Let me know if you need help with anything else!
Okay, let's see. Mandy owes Benedict $100, and there's a monthly interest of 2%. She pays after 3 months. I need to figure out how much she should give in total.

First, I remember that interest is calculated on the current amount. So each month, the amount owed increases by 2%. Let me start with the first month. The initial amount is $100. A 2% interest means 2% of $100 is added. 2% of 100 is 2, so after the first month, she owes 100 + 2 = $102. 

Now, the second month. The interest is calculated on the new amount, which is $102. So 2% of 102 is 2.04. Adding that to 102 gives 102 + "
gsm8k_188,gsm8k,stochastic,29.1305,198.57,113.46,256,8.79," 

Let me think. So, the trader buys the bags at $20 each, and then there's a transportation cost of $2 per bag. So the total cost per bag is $20 + $2 = $22. Then he sells them at $30 each. So the profit per bag is $30 - $22 = $8. Then, if the total profit is $400, the number of bags is 400 divided by 8, which is 50. So the answer is 50 bags. 

Wait, but I need to check if I considered all the costs correctly. The problem says the trader buys the bags at $20 per bag, and then it costs $2 to transport each bag. So the total cost per bag is indeed $20 + $2 = $22. Then he sells them at $30 each, so profit per bag is $8. Then total profit is 8 * number of bags = 400. So number of bags is 400 / 8 = 50. That seems right. 

But let me think again. Maybe the transportation cost is not per bag? Wait, the problem says ""it"
gsm8k_190,gsm8k,stochastic,29.0928,156.24,113.48,256,8.8," 

Step 1: Determine the number of minutes John works.  He works for 3 hours.  There are 60 minutes in an hour.  So, 3 hours * 60 minutes/hour = 180 minutes.
Step 2: Determine the total number of peaches collected.  He collects 2 peaches per minute.  So, 180 minutes * 2 peaches/minute = 360 peaches.

Final Answer: 360
Answer: 360

The problem involves calculating the total number of peaches John collects based on the time he spends and his rate of collection. 

Step 1: Convert the time from hours to minutes. Since John works for 3 hours and there are 60 minutes in an hour, the total time in minutes is 3 * 60 = 180 minutes.

Step 2: Calculate the total number of peaches collected. John collects 2 peaches per minute, so the total number of peaches is 180 minutes * 2 peaches/minute = 360 peaches.

Final Answer: 360
Answer: 360

The problem involves calculating"
gsm8k_192,gsm8k,stochastic,29.0779,191.24,113.28,256,8.8,"  (Assume that the trees that die are not counted in the number of trees he has.)
Answer:
Okay, let's see. Tom starts with 50 trees. Each year, he plants 10 trees and chops down 2 trees. So, first, I need to figure out how many trees he has after each year before considering the 30% that die after 10 years.

Wait, the problem says after 10 years, 30% of the trees die. So, first, I need to calculate the number of trees after 10 years from the planting and chopping, and then subtract 30% of that number.

Let me break it down step by step.

First, each year, Tom adds 10 trees and removes 2 trees. So the net change per year is 10 - 2 = 8 trees. So each year, the number of trees increases by 8.

Starting with 50 trees. After 1 year, it would be 50 + 8 = 58. After 2 years, 58 + 8 = 66. Wait, but maybe there's a formula for this. Since it's a linear growth, the"
gsm8k_202,gsm8k,stochastic,29.0378,195.47,113.11,256,8.82," 

Step 1: Determine the total amount of grapes produced per year.
Step 2: Determine how many barrels of wine are produced from that amount of grapes.

Let me think through this step by step. 

First, Josie has a 10-acre farm. Each acre produces 5 tons of grapes per year. So, the total amount of grapes produced per year is 10 acres multiplied by 5 tons per acre. That would be 10 * 5 = 50 tons of grapes.

Next, each ton of grapes makes 2 barrels of wine. So, if she has 50 tons of grapes, then the total number of barrels of wine is 50 tons multiplied by 2 barrels per ton. That would be 50 * 2 = 100 barrels of wine.

So, the answer is 100 barrels of wine per year.
Final Answer: 100
Okay, let's see. Josie has a 10-acre farm. Each acre gives 5 tons of grapes per year. So first, I need to find out how many tons of grapes she gets in total. That's 10 acres times 5 tons per acre. 10 times "
gsm8k_207,gsm8k,stochastic,28.9199,178.88,112.71,256,8.85," 

Okay, let's see. So Joe has a bag of Halloween candy. There are two types of candy: chocolate bars and candied apples. The problem says there are 25 chocolate bars and 80 candied apples. Each chocolate bar weighs twice as much as each candied apple. And each chocolate bar weighs 40 grams. We need to find the total weight of the bag.

First, let me make sure I understand the problem correctly. We have two types of candies. The chocolate bars are heavier because each one weighs twice as much as a candied apple. And we know the weight of a chocolate bar is 40 grams. So, first, maybe I need to find the weight of a candied apple?

Since each chocolate bar is twice as heavy as a candied apple, if a chocolate bar is 40 grams, then a candied apple must be half of that. Let me write that down.

Weight of chocolate bar = 40g. So, weight of candied apple = 40g / 2 = 20g. That seems right. So each candied apple is 20 grams.

Now, we need to find the total weight of all the chocolate bars and all the cand"
gsm8k_212,gsm8k,stochastic,29.0493,187.51,113.18,256,8.81," To solve this, first find the perimeter of the park, then divide by his speed.

Okay, so I need to figure out how many hours Gary spends walking around the park. The park is a rectangle with sides 1.5 miles and 6 miles. First, I remember that the perimeter of a rectangle is calculated by adding up all the sides. The formula for the perimeter (P) is P = 2*(length + width). 

Let me check that. Yeah, since a rectangle has two lengths and two widths, so adding them all together would be 2 times the sum of length and width. So in this case, the length is 6 miles and the width is 1.5 miles. 

So plugging those numbers into the formula: P = 2*(6 + 1.5). Let me compute that. 6 plus 1.5 is 7.5. Then multiply by 2: 7.5*2. Hmm, 7*2 is 14, and 0.5*2 is 1, so total is 15. So the perimeter is 15 miles. 

Wait, let me verify that again. 6 + 1.5 is indeed "
gsm8k_214,gsm8k,stochastic,29.0424,194.01,113.13,256,8.81," Let x be the amount of water in the big pool 4 minutes ago. How much water is in the big pool now?

Okay, let's try to figure out this problem step by step. So, Jerry has two pools, both with leaks that empty them at 4 gallons per minute. Four minutes ago, the big pool had twice as much water as the small pool. Now, the big pool has four times as much water as the small pool. We need to find out how much water the small pool has now. The problem says to let x be the amount of water in the big pool 4 minutes ago. Then, we need to find out how much water is in the big pool now.

First, let me parse the information. Both pools are leaking at 4 gallons per minute. So, over the past 4 minutes, each pool has lost water. The big pool 4 minutes ago had x gallons. Since the leak is 4 gallons per minute, in 4 minutes, the big pool would have lost 4 * 4 = 16 gallons. Therefore, the current amount of water in the big pool is x - 16 gallons. Wait, but the problem says that now the big pool has four times as much"
gsm8k_220,gsm8k,stochastic,29.1829,190.69,113.69,256,8.77," 

Step 1: Find the total time spent on crossword puzzles.  Each crossword puzzle takes 10 minutes, and she solved 3 of them.  So, 10 * 3 = 30 minutes.
Step 2: Find the total time spent on sudoku puzzles.  Each sudoku puzzle takes 5 minutes, and she solved 8 of them.  So, 5 * 8 = 40 minutes.
Step 3: Add the total times from both puzzles.  30 + 40 = 70 minutes.

Final Answer: 70
Answer: \boxed{70}
Okay, let's see. Carmen solved crosswords and sudokus over the weekend. I need to find the total time she spent on both. 

First, crosswords: each takes 10 minutes and she did 3. So 10 times 3 is 30 minutes. That seems right. Then sudokus: each is 5 minutes and she did 8. So 5 times 8 is 40. Adding those two together, 30 plus 40 equals 70. Yeah, that adds up. So the total time is 70 minutes. I"
gsm8k_222,gsm8k,stochastic,29.0569,148.7,113.37,256,8.81," 

Step 1: Find the number of petunias. The problem says Andy plants 40 fewer petunias than geraniums. So, subtract 40 from the number of geraniums. 90 - 40 = 50. So, he plants 50 petunias.

Step 2: Find the total number of flowers. Add the number of geraniums and petunias. 90 + 50 = 140. So, he plants 140 flowers total.

Final Answer: 140
Answer: \boxed{140}
Okay, let's see. The problem is about Andy planting geraniums and petunias. He plants 90 geraniums and 40 fewer petunias than geraniums. We need to find the total number of flowers he plants.

First, I need to figure out how many petunias there are. The problem says 40 fewer petunias than geraniums. Since he has 90 geraniums, subtracting 40 from that should give the number of petunias. So 90 minus 40 is 50. That makes sense"
gsm8k_231,gsm8k,stochastic,29.1183,190.65,113.44,256,8.79," How many shells does Kylie collect in total for the two days?

Let me think. First, I need to find out how many shells Kylie collected on Monday. The problem says that on Monday, Kylie collects 5 more shells than Robert, who collects 20 shells. So, if Robert collected 20 shells, then Kylie collected 20 + 5 = 25 shells on Monday. 

Next, on Tuesday, Kylie collects 2 times more shells than she did on Monday. Wait, the wording here is a bit tricky. Does ""2 times more"" mean 2 times the amount she collected on Monday, or 2 times more than that, which would be 3 times the original amount? Hmm. In common usage, ""2 times more"" can be ambiguous. But in math problems, it's usually interpreted as ""2 times as much"" or ""2 times the original amount."" So, if she collected 25 shells on Monday, then on Tuesday she collects 2 * 25 = 50 shells. 

So, for Tuesday, Kylie collects 50 shells. Then, to find the total for the two days, I add Monday's 25 and Tuesday's 50. That gives 2"
gsm8k_235,gsm8k,stochastic,29.1259,186.43,113.49,256,8.79," 

Step 1: Calculate the total number of slices needed.  Each of the 20 friends needs 4 slices, so the total number of slices is 20 * 4 = 80 slices.

Step 2: Determine how many pizzas are needed.  Each pizza has 8 slices, so the number of pizzas needed is 80 / 8 = 10 pizzas.

Final Answer: 10
Answer: \boxed{10}

Wait, but let me check again.  If there are 20 friends and each needs 4 slices, that's 20 * 4 = 80 slices.  Each pizza has 8 slices, so 80 / 8 = 10 pizzas.  That seems right.  So the answer is 10.

Final Answer: \boxed{10}
Answer: \boxed{10} The calculation is correct. John needs to order 10 pizzas to provide 4 slices each for his 20 friends. 

Final Answer: \boxed{10} The answer is 10. 

Final Answer: \boxed{10} 

Final Answer: \boxed{10} 

Final Answer: \boxed"
gsm8k_237,gsm8k,stochastic,28.976,185.06,112.91,256,8.83,"  How much money did he have after a year if he had invested only his original allowance?

Let me think. So, first, Johnny starts with $20. Then he adds an extra $10. So that's 20 + 10 = $30. Then he invests this $30, and it triples in a year. So tripling $30 would be 30 * 3 = $90. So after a year, he has $90. 

Now, the second part: if he had only invested his original allowance, which is $20. Then, the same tripling would apply. So 20 * 3 = $60. So the answer would be $90 and $60. 

Wait, but the question says ""how much money did he have after a year if he had invested only his original allowance?"" So, original allowance is $20. So tripling that would be 20 * 3 = $60. So the two answers are $90 and $60. 

But let me check again. First part: 20 + 10 = 30. Then tripled: 30 * "
gsm8k_238,gsm8k,stochastic,28.9949,155.9,113.09,256,8.83," 

Step 1: Start by identifying the relationships between the ages of the three girls. 
Mary is two years younger than Joan. So, Mary's age = Joan's age - 2. 

Step 2: Joan is five years older than Jessa. So, Joan's age = Jessa's age + 5. 

Step 3: Jessa is 20 years old. 

Step 4: Plug in Jessa's age into the equation for Joan's age. Joan's age = 20 + 5 = 25. 

Step 5: Now, use Joan's age to find Mary's age. Mary's age = 25 - 2 = 23. 

Step 6: Add up the ages of the three girls. 20 (Jessa) + 25 (Joan) + 23 (Mary) = 68. 

Final Answer: 68
Answer: 68

The problem involves determining the sum of the ages of three individuals based on their age relationships. Let's walk through the logic step by step:

1. **Establish the relationships**:
   - Mary is two years younger than Joan.
   - Joan is five years older"
gsm8k_241,gsm8k,stochastic,28.9646,155.02,112.98,256,8.84," 

Okay, let's see. So the problem is about Dolly and Pandora and how many books they read. Let me break it down.

First, Dolly has two books. Pandora has one. So, in total, there are 2 + 1 = 3 books. But the question is about how many books they will collectively read by the end. 

Wait, the key here is that they read each other's books as well as their own. So, each person reads their own books plus the other person's books. 

Let me think. Dolly has two books. So Dolly reads her own two books. Then she also reads Pandora's one book. So that's 2 + 1 = 3 books for Dolly. 

Pandora has one book. So she reads her own one book. Then she also reads Dolly's two books. That's 1 + 2 = 3 books for Pandora. 

So together, Dolly and Pandora read 3 + 3 = 6 books. 

But wait, is there any overlap? Like, if they read each other's books, but maybe the same book is counted twice? Wait, no. Because Dolly's books are separate from Pandora's."
gsm8k_243,gsm8k,stochastic,28.9282,189.16,112.7,256,8.85," 

Answer: <number>
Okay, let's see. Jason has a phone plan of 1000 minutes per month. So the total minutes he's allowed are 1000. Now, every day he has a 15-minute call with his boss. The month has 30 days, so I need to calculate how many minutes he uses on his boss calls. 

So, 15 minutes per day times 30 days. Let me do that multiplication. 15 times 30... 15*30 is 450 minutes. So that's the time he spends on his boss. Then he has 300 extra minutes for other people. Wait, does that mean he has 300 minutes in addition to the 1000? Or is that part of the 1000?

Wait, the problem says he has a plan of 1000 minutes per month. Every day he has a 15-minute call with his boss, and he's had 300 extra minutes of call this month to other people. So maybe the 300 is in addition to the 15-minute calls? Or is the 300"
gsm8k_259,gsm8k,stochastic,29.1043,157.22,113.52,256,8.8," 

Let me think. 

Okay, let's try to figure out this problem. So, Andrea has 8 more apples than Jamal, and half as many bananas as Jamal. Jamal has 4 more bananas than apples. And we know that Andrea has 52 apples. We need to find the total number of fruits.

First, let me note down the given information. Let me assign variables to make it easier. Let me let J represent the number of apples Jamal has. Then, Andrea has J + 8 apples because she has 8 more than Jamal. But wait, the problem says Andrea has 52 apples. So, that means J + 8 = 52. Therefore, J = 52 - 8 = 44. So Jamal has 44 apples. 

Now, the problem also says that Jamal has 4 more bananas than apples. So, if Jamal has J apples, then his bananas would be J + 4. Wait, but J is 44, so his bananas would be 44 + 4 = 48 bananas. 

But Andrea has half as many bananas as Jamal. So Andrea's bananas would be (1/2) * Jamal's bananas. So that's ("
gsm8k_261,gsm8k,stochastic,29.1573,155.33,113.73,256,8.78," 

Answer: <number>
Okay, let's see. The problem says there are 9,300 pennies in a cup. We need to find the total dollar amount in a stack that contains two-thirds of these pennies. Hmm, right. So first, I need to figure out how many pennies are two-thirds of 9,300. Then, since each penny is worth one cent, I can convert that number of cents into dollars by dividing by 100. Let me break it down step by step.

First, let's calculate two-thirds of 9,300. To do that, I can multiply 9,300 by 2 and then divide by 3. Alternatively, I could divide 9,300 by 3 first and then multiply by 2. Either way should work. Let me try both methods to check if I get the same result.

Method 1: Multiply 9,300 by 2 first. 9,300 times 2 is 18,600. Then divide by 3. 18,600 divided by 3. Let me do that division. 3 goes into 18"
gsm8k_263,gsm8k,stochastic,29.0726,185.32,113.28,256,8.81,"  Also, how many trees are in all three yards combined?

Let me think about this problem.  First, I need to find out how many trees each person has.  Chris has 6 trees.  Then, Ferdinand has half the number of trees that Chris has.  So, Ferdinand has 6 divided by 2, which is 3 trees.  Then, Harry has 5 more than twice the number of trees that Ferdinand has.  So, twice Ferdinand's trees is 3 times 2, which is 6.  Then, adding 5 more trees, Harry has 6 plus 5, which is 11 trees.  So, Harry has 11 trees, Ferdinand has 3 trees.  The difference between Harry's and Ferdinand's trees is 11 minus 3, which is 8.  So, Harry has 8 more trees than Ferdinand.  Then, the total number of trees in all three yards is Chris's 6, Ferdinand's 3, and Harry's 11.  Adding those together, 6 plus 3 is 9, and 9 plus 11 is 20.  So, the total is 20 trees.  Therefore,"
gsm8k_269,gsm8k,stochastic,29.1965,161.48,113.86,256,8.77,"  How many balls are not blue?

Let me think. So the juggler has 16 balls total. Half of them are golf balls. So first, I need to find out how many golf balls there are. Half of 16 is 8. So there are 8 golf balls. Then, half of the golf balls are blue. So half of 8 is 4. Therefore, there are 4 blue golf balls. 

Now, for the second part, how many balls are not blue? Well, the total number of balls is 16. The number of blue balls is 4. So subtracting 4 from 16 gives 12. So there are 12 balls that are not blue. 

Wait, but hold on. Are all the non-golf balls not blue? The problem says half of the golf balls are blue. It doesn't mention anything about other types of balls. So the other half of the golf balls are not blue. But the total number of non-blue balls would include the non-golf balls as well. Wait, but the problem doesn't specify if there are any other types of balls. The problem says ""half of the balls are golf balls,"" so the other half are"
gsm8k_272,gsm8k,stochastic,29.1536,187.98,113.59,256,8.78," 

Step 1: Add the cost of the three items. 4.20 + 9.45 + 1.35 = ?

Step 2: Subtract the total from $20. 20 - (total from step 1) = ?

Step 3: The answer is the change given back.

Let me calculate step by step.

Step 1: 4.20 + 9.45 = 13.65. Then 13.65 + 1.35 = 15.00. So the total is $15.00.

Step 2: 20 - 15.00 = 5.00. So the change is $5.00.

Final Answer: 5.00
Yes, the cashier gives back $5.00 in change.
The final answer is 5.00.
The answer is 5.00.
The answer is 5.00.
The answer is 5.00.
The answer is 5.00.
The answer is 5.00.
The answer is 5.00.
The answer is 5.0"
gsm8k_275,gsm8k,stochastic,29.1798,189.56,113.69,256,8.77," Show your work.

Let me try to solve this step by step.

First, I need to figure out how many lines Sean has to memorize for each part of his role. The problem mentions three parts: the solo song, the first scene, and the second scene.

Starting with the solo song: it's given that the song has 54 lines. So that's straightforward. Sean has to memorize all 54 lines of the song.

Next, the first scene. The problem says the first scene has twice the number of lines as the song. Since the song has 54 lines, the first scene has 2 * 54 = 108 lines. But only a third of them are Sean's lines. So, Sean's lines for the first scene would be 108 / 3 = 36 lines.

Now, the second scene. The problem states that the second scene has six more lines than the song. The song has 54 lines, so the second scene has 54 + 6 = 60 lines. Then, four-fifths of them are Sean's lines. So, Sean's lines for the second scene would be (4/5) * 60 = "
gsm8k_277,gsm8k,stochastic,29.1283,189.27,113.49,256,8.79,"  Express your answer in hours and minutes.

Answer: 3 hours and 25 minutes.

Wait, the answer is not correct.  What is the correct answer?

Let me check my work.  I think I made a mistake in my calculation.  I need to calculate the total time for the small holes and the large holes separately, then add them together.  For the small holes, 30 holes times 3 minutes is 90 minutes.  For the large holes, 15 holes times 10 minutes is 150 minutes.  Then, adding those together, 90 + 150 = 240 minutes.  Now, converting 240 minutes to hours and minutes, there are 60 minutes in an hour, so 240 divided by 60 is 4 hours.  So the answer should be 4 hours.

But the original answer was 3 hours and 25 minutes.  Where did I go wrong?  Let me check again.  30 small holes at 3 minutes each is 90 minutes.  15 large holes at 10 minutes each is 150 minutes.  90 +"
gsm8k_280,gsm8k,stochastic,28.9261,185.64,112.71,256,8.85," 

Step 1: Calculate the cost of the popsicles. 20 popsicles at $0.25 each.
Step 2: Calculate the cost of the ice cream bars. 4 ice cream bars at $0.50 each.
Step 3: Add the two amounts together to find the total cost.

Let me think about this. 

First, for the popsicles: 20 times 0.25. Hmm, 20 times 0.25 is the same as 20 divided by 4, which is 5. So that's $5.

Then, for the ice cream bars: 4 times 0.50. That's 4 times 0.5, which is 2. So that's $2.

Adding them together: $5 + $2 = $7. 

So the total amount Peter paid is $7. 

Final Answer: 7
Yes, that seems right. Let me check again. 

Popsicles: 20 * 0.25 = 5. Ice cream bars: 4 * 0.50 = 2. Total: 5 + 2 = 7. Yep, that's correct."
gsm8k_289,gsm8k,stochastic,29.0075,187.46,113.02,256,8.83," 

Okay, let's see. So there are two cars here. One is in the fast lane going 60 miles per hour, and the other is in the slow lane going half that speed. The fast car traveled 480 miles, and I need to find out how much time the slow car took to cover the same distance. Hmm.

First, I need to figure out the speed of the slow car. The problem says it's half the speed of the fast car. The fast car is 60 mph, so half of that would be 30 mph. Let me check that again. 60 divided by 2 is 30. Yep, that's right. So the slow car is going 30 miles per hour.

Now, the fast car traveled 480 miles. Wait, but the question is asking about the time the slow car took to cover the same distance, which is 480 miles. So both cars are covering 480 miles, but at different speeds. So I need to calculate the time it takes for the slow car to go 480 miles at 30 mph.

Time is equal to distance divided by speed. So the formula is time = distance / speed"
gsm8k_296,gsm8k,stochastic,28.9616,185.01,112.85,256,8.84," (Assume that the rice is not wasted and that each meal is consumed entirely from the bag.)

To solve this problem, we need to determine how many meals can be served from a 42 kg bag of rice, and then determine how many weeks that corresponds to, given that each person consumes 0.2 kg per meal and there are 5 people eating twice a day.

First, we calculate the total amount of rice consumed per meal. Since each person consumes 0.2 kg per meal and there are 5 people, the total rice consumed per meal is 5 * 0.2 kg = 1 kg.

Next, we calculate the total amount of rice consumed per day. Since there are two meals per day (lunch and dinner), the total rice consumed per day is 2 * 1 kg = 2 kg.

Then, we calculate the total amount of rice consumed per week. Since there are 7 days in a week, the total rice consumed per week is 7 * 2 kg = 14 kg.

Finally, we divide the total amount of rice in the bag by the amount consumed per week to find out how many weeks the bag will last. 42 kg / 14 kg per week ="
gsm8k_297,gsm8k,stochastic,29.1323,190.57,113.5,256,8.79," To solve this, first find the total number of crates he sold during the week, then subtract that from the target.

Let me think... The week has 7 days, but he was closed on Monday and Friday. So, he only had 5 days to sell the bread. Wait, no. Wait, the week is 7 days, but he was closed on Monday and Friday. So, he was open on Tuesday, Wednesday, Thursday, Saturday, and Sunday. So that's 5 days. But the problem says ""over the weekend he sold 20 crates."" So, the weekend is Saturday and Sunday. So, he sold 20 crates on the weekend. Then on Tuesday, 15, Wednesday 12, Thursday 18. So, total sold is 20 (weekend) + 15 + 12 + 18. Wait, but that's 20 + 15 + 12 + 18. Let me add that up. 20 + 15 is 35, 35 + 12 is 47, 47 + 18 is 65. So he sold 65 crates. But the target"
gsm8k_298,gsm8k,stochastic,29.1389,198.15,113.49,256,8.79," 

Answer: <number>
Okay, let's try to figure out how much Carmen paid for the desk. So, the problem says she starts with an opening bid of $200. Then, the bids go up by $50 each time. There are 3 other people who each bid once. Carmen bids after each of those 3 people and eventually wins. I need to find out the total amount she paid.

First, let me break down the sequence of bids. The opening bid is $200. Then, each time someone bids, the price increases by $50. But there are 3 other people who each bid once. So, Carmen is bidding after each of them. So, the order of bidding would be: opening bid, then person 1 bids, then Carmen bids, then person 2 bids, then Carmen bids again, then person 3 bids, then Carmen bids again, and then she wins. Wait, but the problem says she bids after each of the 3 other people. So maybe the sequence is: opening bid, then person 1 bids, then Carmen bids, then person 2 bids, then Carmen bids, then person 3 bids, then Carmen bids again. So, Carmen bids three times"
gsm8k_303,gsm8k,stochastic,29.2095,200.79,113.76,256,8.76," 

Answer: <number>
Okay, let's try to figure out how much money Elise earned in the second year. Hmm, the problem says she's been selling her Dad's collection of 250 books for three years. Each book sells for $20. So, first, I need to understand the sales over the three years.

The problem mentions that she sold twice as many books in the first year as she has sold in the current year. Wait, the current year is the third year, right? Because she's been selling for three years. So the first year is year 1, second year is year 2, and the current year is year 3. So the first year's sales are twice the current year's sales. 

But wait, the problem says ""she sold twice as many books in the first year as she has sold in the current year."" So, first year sales = 2 * current year sales. But the current year is the third year. However, the problem also says that there are currently 50 unsold books, and her sales number this year (third year) is 45. 

Wait, let me parse this again. The total number of books is 250. She"
gsm8k_314,gsm8k,stochastic,29.2177,197.08,113.81,256,8.76," Let x be the number of players on the defense.  Then, the number of players on the offense is 2x, and the number of players on the special teams is x/2.  So, the total number of players is x + 2x + x/2 = 105.  Solve for x.  Then, x = 105 / (1 + 2 + 1/2) = 105 / (3.5) = 30.  So, the answer is 30.  But wait, 30 is not an integer.  But the number of players must be an integer.  So, this is a problem.  What's wrong here?

Wait, the problem says that the number of players on the special teams is half the number on the defense.  So, the number of players on the special teams is x/2.  But x is the number of players on the defense.  So, the total number of players is x + 2x + x/2 = 3.5x = 105.  So, x = 105 / 3.5 = 30.  But 3"
gsm8k_325,gsm8k,stochastic,29.1283,197.73,113.45,256,8.79," 

Okay, let's see. The problem is about calculating the total monthly pay for all programmers at a company. The company has 100 employees total. Senior programmers earn $400 more than junior ones. The number of junior programmers is 2/5 of the total employees. Each junior is paid $2000 per month. I need to find the total amount the company pays to all programmers each month.

First, let me break down the information. Total employees = 100. Junior programmers are 2/5 of that. So, I need to calculate how many juniors there are. Let me do that first.

Number of junior programmers = (2/5) * total employees. Total employees are 100, so 2/5 of 100. Let me compute that. 100 divided by 5 is 20, times 2 is 40. So there are 40 junior programmers.

Then, the rest of the employees are senior programmers. Since total employees are 100, subtract the juniors. 100 - 40 = 60. So there are 60 senior programmers.

Now, each junior is paid $"
gsm8k_328,gsm8k,stochastic,29.0592,183.23,113.24,256,8.81," 

Okay, let's see. The problem says that the cell phone recharges at a rate of 1 percentage-point per 3 minutes. Right now, it's at 60% charge. I need to figure out how long it will take to fully charge, and the answer should be in hours.

First, let me make sure I understand the rate. If it's 1 percentage-point per 3 minutes, that means for every 3 minutes that pass, the phone gains 1% of charge. So, to get from 60% to 100%, it needs to gain 40 percentage-points, right? Because 100% minus 60% is 40%.

So, if 1% takes 3 minutes, then 40% would take 40 times 3 minutes. Let me write that down:

Time needed in minutes = 40% * 3 minutes per 1% = 120 minutes.

But the question asks for the answer in hours. So, I need to convert 120 minutes into hours. There are 60 minutes in an hour, so 120 divided by 60 is 2. Therefore, it should"
gsm8k_342,gsm8k,stochastic,29.003,185.41,113.01,256,8.83," 

Let me try to solve this step by step. 

First, Laurel started with 24 baby outfits from her friend. Then, at her baby shower, she received twice the amount of new baby outfits. So, twice 24 is 48. Then, her mom gave her another 15. So, adding those up: 24 + 48 + 15. Let me do the math. 24 + 48 is 72, and 72 + 15 is 87. So, the total number of baby outfits she has is 87. 

Wait, but let me check again. The problem says ""twice the amount of new baby outfits."" Does that mean twice the amount she already had, or twice the amount she received from her friend? The wording is a bit ambiguous. Let me re-read the problem. 

""Laurel's friend gave her 24 baby outfits that her child no longer needed. At her baby shower, Laurel received twice the amount of new baby outfits. Then, Laurel's mom gifted her with another 15 baby outfits. How many outfits does she have for her baby?""

So, the key is ""twice the amount"
gsm8k_346,gsm8k,stochastic,29.0075,187.22,113.02,256,8.83," 

Step 1: Calculate the total number of cookies in a week.
Total cookies per week = 36 cookies per bag × 1 bag per week = 36 cookies.

Step 2: Calculate the number of cookies in the son's lunch boxes.
Cookies for son = 4 cookies/day × 5 days/week = 20 cookies per week.

Step 3: Calculate the number of cookies the husband eats.
Husband's cookies = 1 cookie/day × 7 days = 7 cookies per week.

Step 4: Calculate the number of cookies Jenny eats.
Jenny's cookies = Total cookies - Cookies for son - Husband's cookies = 36 - 20 - 7 = 9 cookies.

Final Answer: 9
<|End of Sequence|>
Okay, let's see. Jenny buys 1 bag of cookies each week. Each bag has 36 cookies. So, the total number of cookies she has in a week is 36. 

Next, she gives 4 cookies to her son each day for 5 days a week. So, for the son, that's 4 times 5. Let me calculate that: 4 * 5 = 20 cookies per"
gsm8k_347,gsm8k,stochastic,29.0094,154.83,113.16,256,8.82," 

Step 1: Find the total cost of the shirts without any discount. 
Total cost without discount = 2 * $30 = $60.

Step 2: Find the discount amount. 
Discount amount = 40% of $60 = 0.4 * 60 = $24.

Step 3: Subtract the discount from the total cost. 
Total cost with discount = $60 - $24 = $36.

Final Answer: 36
Answer: \boxed{36} 

Okay, let's see. Davos bought two shirts, each costing $30. So first, I need to figure out the total cost without any discounts. That would be 2 times $30, which is $60. Got that part.

Next, there's a 40% discount. To find out how much discount he gets, I need to calculate 40% of $60. Converting the percentage to a decimal, that's 0.4. Multiplying 0.4 by 60 gives me $24. So the discount amount is $24.

Now, to find out how much he actually paid after the discount, I subtract"
gsm8k_356,gsm8k,stochastic,29.0203,193.88,113.04,256,8.82," 

Let me try to work this out. 

First, I need to figure out how much Dean spent on the toys. He bought 6 toy cars, each costing $2. So, 6 times 2 is 12. Then he bought 5 teddy bears, each costing $1. So, 5 times 1 is 5. 

Adding those two amounts together, 12 plus 5 equals 17. So, Dean spent $17 on toys. 

He initially had $28. So, subtracting the amount he spent from his initial money: 28 minus 17 is 11. 

Then, his mother gives him an extra $10. So, adding that to what he had left: 11 plus 10 is 21. 

Wait, but I need to make sure I didn't make any mistakes here. Let me check the calculations again. 

6 toy cars at $2 each: 6 * 2 = 12. That's correct. 

5 teddy bears at $1 each: 5 * 1 = 5. That's also correct. 

Total spent: 12 + 5 = 17."
gsm8k_364,gsm8k,stochastic,29.0627,180.78,113.26,256,8.81," 

Answer: 

Let me think. 

First, I need to find out how many fourth-grade boys are there in total. Since there are 96 fourth-graders and 43 are girls, the number of boys is 96 - 43. Let me calculate that. 96 minus 43 is 53. So there are 53 boys in total.

Now, on Friday, 4 boys were absent. So the number of boys present is the total number of boys minus the absent boys. That would be 53 - 4. Let me do that subtraction. 53 minus 4 is 49. 

Therefore, the number of fourth-grade boys at Small Tree School on Friday is 49. 

Final Answer: 49
Answer: 49

Final Answer: 49

The problem involves calculating the number of fourth-grade boys present at Small Tree School on Friday. Here's the step-by-step breakdown:

1. **Total number of fourth-graders**: 96  
2. **Number of girls**: 43  
   - **Total number of boys**: $ 96 - 43 = 53 $  
3. **Number of"
gsm8k_367,gsm8k,stochastic,29.2226,195.97,113.83,256,8.76," 

Let me think. So, first, we need to find out how many people were kicked out for each reason. 

We know that 3 customers were kicked out for refusing to wear masks. Let's call this number M = 3.

Next, the problem says a number equals to four times that many minus 5 were kicked out for shoplifting. So, shoplifting (S) = 4*M - 5. Plugging in M = 3, we get S = 4*3 - 5 = 12 - 5 = 7. So, 7 people were kicked out for shoplifting.

Then, three times the number of shoplifters were kicked out for physical violence over goods on sale. Let's call this number V = 3*S. Since S = 7, V = 3*7 = 21. So, 21 people were kicked out for physical violence.

Now, we have the total number of people kicked out as 50. So, the total is M + S + V + O = 50, where O is the number of people kicked out for other reasons. Plugging in the numbers we have: 3 + 7 + 21 +"
gsm8k_368,gsm8k,stochastic,29.2497,148.49,114.12,256,8.75," 

Answer: <number>
Okay, let's see. The problem says that after scoring 14 points, Erin now has three times more points than Sara, who scored 8. We need to find out how many points Erin had before scoring those 14 points.

First, let me parse the information. Sara scored 8 points. After Erin scores 14 points, Erin's total is three times Sara's score. Wait, Sara's score is 8, so three times that would be 24. So Erin's total after adding 14 points is 24? Wait, but that seems conflicting. Let me check again.

Wait, the problem says ""Erin now has three times more points than Sara, who scored 8."" So Sara's score is 8. Erin's current score is three times that. So three times 8 is 24. Therefore, Erin's total after scoring 14 points is 24. Therefore, before scoring those 14 points, Erin had 24 minus 14, which is 10. So the answer would be 10?

But wait, sometimes ""three times more"" can be ambiguous. Does it mean three times as much, or"
gsm8k_371,gsm8k,stochastic,29.1526,187.27,113.59,256,8.78," 

Answer: <number>
Okay, let's see. The problem is about calculating the total number of tennis shoes sold during a weekend sale. Let me break it down day by day.

First, on Friday, they sold 14 pairs. That's straightforward. Then, on Saturday, they sold double that number. So, double of 14 is 28 pairs. So, Saturday's sales are 28 pairs.

Now, the last day of the sale is Sunday. The problem says they sold one-half the amount that they did the day before, which would be Saturday's sales. So, half of 28 is 14 pairs. But wait, there's a catch. Six people returned their pairs because they didn't fit. Hmm, does that mean they sold 14 pairs, but then six were returned? Or does it mean that the number of shoes sold on Sunday was half of Saturday's sales, but then six were returned, so we need to adjust that?

Wait, the wording says: ""On the last day of the sale they sold one-half the amount that they did the day before, but six people returned their pairs because they didn't fit."" So, the key here is that the number sold on Sunday"
gsm8k_374,gsm8k,stochastic,29.0786,152.89,113.43,256,8.8," Let me know if you need the answer in liters. No, the answer is in kg.

Step 1: Determine how many sheep are in each half. Since Mary has 30 sheep, half of them would be 30 divided by 2, which is 15.

Step 2: Calculate the milk from each half. The first half gives 1 kg of milk per sheep, so 15 sheep * 1 kg = 15 kg. The second half gives 2 kg of milk per sheep, so 15 sheep * 2 kg = 30 kg.

Step 3: Add the milk from both halves together. 15 kg + 30 kg = 45 kg.

Final Answer: 45
<number>
Okay, let's see. Mary has 30 sheep. She gets 1 kg of milk from half of them and 2 kg from the other half each day. So first, I need to figure out how many sheep are in each half. Half of 30 is 15, right? So 15 sheep give 1 kg each, and the other 15 give 2 kg each.

Calculating the milk from the first half:"
gsm8k_382,gsm8k,stochastic,29.1244,195.21,113.45,256,8.79," 

Step 1: Determine how many silver pesos Anna has. Since Anna has twice as many silver pesos as Axel, we need to multiply Axel's silver pesos by 2. Axel has 50 silver pesos, so Anna has 50 * 2 = 100 silver pesos.

Step 2: Determine how many gold pesos Anna has. The problem states that Anna has 40 more gold pesos than Axel. Axel has 80 gold pesos, so Anna has 80 + 40 = 120 gold pesos.

Step 3: Calculate the total number of pesos they have together. Add Axel's silver, gold, and Anna's silver and gold pesos. Axel has 50 silver and 80 gold, so that's 50 + 80 = 130 pesos. Anna has 100 silver and 120 gold, so that's 100 + 120 = 220 pesos. Together, they have 130 + 220 = 350 pesos.

Final Answer: 350
Answer: 350

Wait, but the problem says ""the total number of pesos they have together."""
gsm8k_383,gsm8k,stochastic,29.1134,197.29,113.4,256,8.79," (Profit = Revenue - Cost)

Let's break this down step by step.

First, we need to find out how many cups of lemonade Millie has in total. She makes 3 pitchers, and each pitcher has 12 cups. So, 3 pitchers * 12 cups per pitcher = 36 cups total.

Next, we need to calculate the total cost. She spent $18 on supplies, so that's her total cost.

Then, we need to find out the total revenue. She sells each cup for $1, and she sells all 36 cups. So, 36 cups * $1 per cup = $36 revenue.

Now, to find the profit, we subtract the cost from the revenue. $36 revenue - $18 cost = $18 profit.

But wait, the question asks for the profit per hour. She sells an average of 4 cups per hour. So, we need to find out how many hours it takes to sell all the lemonade. Since she has 36 cups and sells 4 cups per hour, that's 36 cups / 4 cups per hour = 9 hours.

Finally, to find the profit per hour, we divide the total"
gsm8k_387,gsm8k,stochastic,29.0496,152.98,113.32,256,8.81," 

Step 1: Find the cost of 6 erasers. Since each eraser costs $2, multiply 6 by 2. 6 × 2 = 12. So, the cost of 6 erasers is $12.

Step 2: Find the cost of 8 pencils. Since each pencil costs $3, multiply 8 by 3. 8 × 3 = 24. So, the cost of 8 pencils is $24.

Step 3: Add the cost of the erasers and pencils together. $12 + $24 = $36. 

Therefore, the total cost is $36.
Answer: 36

Wait, but the problem says ""How much do 6 erasers and 8 pencils cost?"" So the answer is $36. But I need to make sure that I didn't make any mistakes in my calculations. Let me check again.

Step 1: 6 erasers × $2 each = $12. That's correct.

Step 2: 8 pencils × $3 each = $24. That's also correct.

Step 3: $12 + $24 = $36. Yes,"
gsm8k_395,gsm8k,stochastic,29.0154,192.39,113.03,256,8.82,"  (Note: The cards that were passed out are no longer counted as hers.)

To solve this problem, we need to track the number of cards Erica has at each step.  Let's break it down:

1. Initially, Erica made 20 cards.
2. Her dad brought her 2 boxes with 15 cards each, so that's 2*15 = 30 cards.
3. She passed out 24 to her classmates, 5 to her family, so that's 24 + 5 = 29 cards given away.
4. She received 17 cards from family and friends.

So, the total number of cards she has now is:

Initial cards + cards from dad - cards given away + cards received.

Let's calculate that:

20 + 30 - 29 + 17 = ?

Let me calculate that step by step:

20 + 30 = 50

50 - 29 = 21

21 + 17 = 38

Therefore, Erica now has 38 Valentine's Day cards.
The total number of cards Erica has now is calculated by adding the initial cards she made, the cards her dad brought"
gsm8k_400,gsm8k,stochastic,29.0196,157.32,113.19,256,8.82," 

Step 1: Determine the total amount of milk John drank.
Step 2: Multiply the total amount of milk by the calories per ounce to find the total calories.

Let me think through this problem. 

First, I need to find out how much milk John drank in total. He drank 2 glasses, and each glass is 8 ounces. So, 2 glasses times 8 ounces per glass equals 16 ounces of milk. 

Next, I need to calculate the total calories. Since each ounce of milk has 3 calories, I multiply the total ounces by 3 calories per ounce. 16 ounces times 3 calories per ounce equals 48 calories. 

So, John consumed 48 calories from the milk. 

Final Answer: 48
Answer: 48

Final Answer: 48

The problem involves calculating the total calories consumed by John from milk. 

Step 1: Determine the total amount of milk John drank.  
John drinks 2 glasses of milk, and each glass contains 8 ounces.  
Total milk = 2 glasses × 8 ounces/glass = 16 ounces.

Step 2: Multiply the total amount of milk by the calories per ounce.  
Each ounce"
gsm8k_402,gsm8k,stochastic,29.1128,186.68,113.44,256,8.79," 

Answer: <number>
Okay, let's see. Mark is making a quadruple batch of brownies. The normal recipe uses 3 cups of flour and 1 cup of milk. So first, I need to figure out how much flour and milk he needs for a quadruple batch.

Quadruple means four times the normal recipe. So for flour, it's 3 cups times 4. Let me calculate that: 3 * 4 = 12 cups of flour. And for milk, it's 1 cup times 4, which is 4 cups of milk. Wait, is that right? Yeah, because each batch is 3 cups flour and 1 cup milk, so four times that would be 12 cups flour and 4 cups milk.

Now, the problem says flour is sold in 2-cup bags and milk is sold in 2-cup bottles. So I need to figure out how many bags of flour Mark needs to buy and how many bottles of milk. Then subtract the number of bottles from the number of bags to find how many more bags than bottles he has to buy.

Starting with flour: each bag is 2 cups. He needs 12 cups. So 12 divided by"
gsm8k_405,gsm8k,stochastic,29.169,190.93,113.64,256,8.78," 

Answer: <number>
Okay, let's see. Tyson needs to make enough muffaletta sandwiches to serve 20 people. Each sandwich requires 1 pound of meat and 1 pound of cheese, and each sandwich serves 4 people. So first, I need to figure out how many sandwiches he needs to make to serve 20 people.

Since each sandwich serves 4 people, the number of sandwiches required would be 20 divided by 4. Let me calculate that: 20 / 4 = 5. So he needs to make 5 sandwiches.

Now, each sandwich uses 1 pound of meat and 1 pound of cheese. Therefore, for 5 sandwiches, he needs 5 pounds of meat and 5 pounds of cheese.

Next, I need to calculate the cost for the meat and cheese. The meat costs $7.00 per pound, so 5 pounds would be 5 * 7. Let me do that multiplication: 5 * 7 = 35. So the meat costs $35.00.

Cheese is $3.00 per pound, so 5 pounds would be 5 * 3. That's 15. So the cheese costs"
gsm8k_410,gsm8k,stochastic,29.0682,222.47,113.12,256,8.81,"  (Note: 1 pound of taffy is 16 ounces.)

Answer: <number>
Okay, let's see. Sally started with $10. She bought some taffy, seashells, and magnets. I need to figure out how much she spent and then subtract that from $10 to find out how much she has left.

First, the taffy. The deal is ""Buy 1 pound at $3, get 1 pound 1/2 off."" She bought 2 pounds. So, I need to calculate the cost for 2 pounds under this promotion. Let me break it down. 

The first pound is $3. The second pound is half off. Wait, the promotion says ""Buy 1 pound at $3, get 1 pound 1/2 off."" So maybe it's like, if you buy one pound, you get another pound at half price? So for two pounds, it's $3 plus half of $3? Let me check. If you buy one pound at $3, then get another pound at half price, that would be $3 + ($3 * 0.5) = $3 + $1.50 = $4.50"
gsm8k_413,gsm8k,stochastic,29.11,189.8,113.41,256,8.79," 

Answer: <number>
Okay, let's try to figure out this problem step by step. So, Marcy has these homemade candles, and she says they're 99% guaranteed not to explode. That means 1% of them might explode, right? Wait, but the question is about candles that both smell like wet dog and explode. Hmm.

First, let me parse the information given. The problem says that 5% of the more dangerous candles also have a defect that makes them smell like wet dog. Wait, so the 5% is of the more dangerous candles? Or is it of all candles? The wording is a bit confusing. Let me read it again.

""5% of the more dangerous candles also have a defect that makes them smell like wet dog."" So, the 5% is referring to the more dangerous candles. But what's the percentage of more dangerous candles? The problem doesn't say. Wait, but Marcy says that her candles are 99% guaranteed not to explode. So, that would mean that 1% of all candles are dangerous? Or is that the percentage that explode?

Wait, maybe I need to clarify. The problem says that Marcy's candles are 99% guaranteed not"
gsm8k_423,gsm8k,stochastic,29.0824,230.69,113.14,256,8.8," 

Wait, the question is asking how much more do jogger jeans originally cost than the tattered jeans? But the problem says the jogger jeans cost $6 less than the tattered jeans. That seems contradictory. Let me check again.

Wait, the problem says: ""the jogger jeans cost $6 less than the tattered jeans."" So the original cost of the jogger jeans is $28 - $6 = $22. So the difference is $6. But the question is asking how much more do jogger jeans originally cost than the tattered jeans? That would be negative $6. But that doesn't make sense. Maybe I misread the problem.

Wait, maybe the problem is not saying that the jogger jeans cost $6 less than the tattered jeans, but that Cole saved $6 in total. Let me re-read the problem.

The problem says: ""The tattered jeans cost $28 while the jogger jeans cost $6 less than the tattered jeans. He saved a total of $6. If he saved 1/3 of the total savings from the jogger jeans and the rest from the tattered jeans, how much more do jogger jeans originally cost than the tattered jeans?""

Wait,"
gsm8k_427,gsm8k,stochastic,29.1242,184.25,113.49,256,8.79," Let's think about this step by step.

Okay, let's see. Kenny wants to buy a ticket to an amusement park that costs $100. He's selling his Pokemon cards for $1.5 each. But he keeps 1/3 of his cards. Then he ends up with $50 in spending cash. So, the question is, how many cards did he start with?

Hmm. Let me break this down. Let's denote the total number of cards he has as N. Since he keeps 1/3 of them, that means he sells 2/3 of them. Because 1 - 1/3 is 2/3. So, the number of cards he sells is (2/3)N.

He sells each card for $1.5, so the total money he gets from selling the cards is (2/3)N * 1.5. Then, he also has the money from the cards he keeps. Wait, but he keeps 1/3 of the cards, but does he get any money from those? The problem says he keeps 1/3 of them, so maybe he doesn't sell those. So, the money he gets is only from the cards he sells."
gsm8k_428,gsm8k,stochastic,28.9908,192.11,112.94,256,8.83," 

Answer: 

Let's break down the problem step by step.

First, the caterer was told to prepare for 36 guests. Normally, each guest would eat one hotdog, so the caterer would need 36 hotdogs. However, the caterer prepared enough for half of the guests to have two hotdogs. Half of 36 is 18 guests. So, the caterer prepared 18 guests * 2 hotdogs = 36 hotdogs.

Now, 40 guests showed up. Wait, this is a problem because the caterer was only prepared for 36 guests. But the problem says that everyone wanted a second hotdog. So, the caterer has 36 hotdogs, and each guest wants two hotdogs. But there are 40 guests. So, how many hotdogs are needed for 40 guests to have two each? 40 * 2 = 80 hotdogs. But the caterer only has 36 hotdogs. So, the caterer is short by 80 - 36 = 44 hotdogs. 

But the question is not about how many hotdogs are missing, but how many guests did not get"
gsm8k_434,gsm8k,stochastic,28.9403,183.49,112.77,256,8.85," Let's think about this step by step.

Okay, let's see. George spent $5 and had 1% of his money left. So first, I need to figure out how much money he actually spent. If he had 1% left, that means he spent 99% of his $5. Wait, but is that correct? Let me check. If he had 1% left, then the amount he spent is 100% - 1% = 99% of the original amount. So, the total amount he spent is 99% of $5. Let me calculate that.

First, converting $5 to cents might be easier because the prices are in cents. $5 is 500 cents. 1% of 500 cents is 5 cents. So, he had 5 cents left. Therefore, he spent 500 - 5 = 495 cents. So, George spent 495 cents in total.

Now, he bought 3 bags of chips and some number of candy bars. The chips are 40 cents each, and candy bars are 75 cents each. Let me denote the number of candy bars as x. Then"
gsm8k_439,gsm8k,stochastic,28.9507,237.13,112.6,256,8.84," (Assume that the only time that they are not on the road is when they are at the theater or at their respective homes.)

To solve this, we need to find the amount of time that Bernadette needs to leave earlier than Wayne to arrive at the theater first. Let's denote the time it takes Wayne to drive to the theater as $ W $, and the time it takes Bernadette to drive to the theater as $ B $. We are told that $ W = 4 $ minutes. We are also told that the drive from Bernadette’s apartment takes four times as long as the drive from Wayne’s hotel. So, $ B = 4W $. 

But wait, this seems incorrect. The problem says that the drive from Bernadette’s apartment takes four times as long as the drive from Wayne’s hotel. So, if the drive from Wayne’s hotel to the theater is $ W $, then the drive from Bernadette’s apartment to the theater is $ 4W $. However, this is not the same as the drive from Bernadette’s apartment to the theater. So, the drive from Bernadette’s apartment to the theater is $ 4W $, but the drive from Wayne’s hotel to the theater"
gsm8k_442,gsm8k,stochastic,29.0627,189.49,113.23,256,8.81," 

Okay, let's see. So Marcus's house starts at 40 degrees. Then he turns on the oven for 3 hours, and each hour it raises the temperature by 5 degrees. Then he opens a window for 30 minutes, and the house cools down 2 degrees for every 10 minutes the window is open. I need to find the final temperature.

First, let me break it down into parts. The initial temperature is 40 degrees. Then, the oven is on for 3 hours. Each hour, the temperature increases by 5 degrees. So, for each hour, it's +5 degrees. So over 3 hours, that would be 3 times 5, which is 15 degrees. So adding that to the initial temperature: 40 + 15 = 55 degrees. So after baking, the temperature is 55 degrees.

Now, the next part is when Marcus opens the window for 30 minutes. The cooling rate is 2 degrees for every 10 minutes. So I need to figure out how much the temperature drops in 30 minutes. Since the window is open for 30 minutes, how many 10-minute intervals is that"
gsm8k_454,gsm8k,stochastic,25.3138,151.25,98.68,256,10.11," 

Step 1: Find out how many apples Marin eats in 30 days.
Step 2: Find out how many apples Nancy eats in 30 days.
Step 3: Add the two amounts together to find the total.

Let's solve the problem step by step.

Step 1: Marin eats 4 apples a day for 30 days. So, 4 apples/day × 30 days = 120 apples.

Step 2: Nancy also eats 4 apples a day for 30 days. So, 4 apples/day × 30 days = 120 apples.

Step 3: Add Marin's apples and Nancy's apples together. 120 apples + 120 apples = 240 apples.

So, together, Marin and Nancy eat 240 apples in 30 days.

Final Answer: 240
Answer: 240
Okay, let's see. The problem is about Marin and his neighbor Nancy eating apples. Each of them eats 4 apples a day. We need to find out how many apples they eat together in 30 days.

First, I need to figure out how many apples each person eats in 3"
gsm8k_455,gsm8k,stochastic,29.1695,200.98,113.6,256,8.78," 

Step 1: Find the volume of one raised bed.
Step 2: Multiply the volume of one raised bed by the number of beds to find the total volume of soil needed.
Step 3: Divide the total volume by the volume of one bag of soil to find the number of bags needed.
Step 4: Multiply the number of bags by the cost per bag to find the total cost.

Let me know if you need help with any of these steps.

Okay, let's start with Step 1: Finding the volume of one raised bed. The problem says each bed is 2 feet wide, 8 feet long, and 2 feet tall. Since volume is calculated by multiplying length × width × height, I need to multiply these three dimensions together. So that would be 2 ft × 8 ft × 2 ft. Let me do that math: 2 times 8 is 16, and 16 times 2 is 32. So the volume of one raised bed is 32 cubic feet. 

Now, moving on to Step 2: Multiply the volume of one bed by the number of beds. There are 10 beds, so 32 cubic feet per bed times 10 beds"
gsm8k_463,gsm8k,stochastic,29.1943,191.49,113.74,256,8.77," The amount she ordered is $30.

Let me think. So, the problem is about calculating a tip based on the amount Ashley ordered. The delivery costs are $15, but the tip is 1/5 of the amount she ordered, which is $30. Wait, so the tip is 1/5 of $30, right? Let me check that again.

First, the amount she ordered is $30. The tip is 1/5 of that. So, 1/5 of 30 is 30 divided by 5. 30 divided by 5 is 6. So the tip is $6. Then, the total amount Ashley should give the delivery man is the delivery cost plus the tip. The delivery cost is $15, so 15 plus 6 is 21. Therefore, the total amount is $21.

Wait, but the problem says ""the total amount that Ashley should give the delivery man if she wants to give a tip that is equal to 1/5 of the amount she ordered."" So the delivery cost is $15, but the tip is based on the amount she ordered, which is $30. So the tip is "
gsm8k_464,gsm8k,stochastic,29.176,196.09,113.65,256,8.77," To solve this problem, we need to track Finley's position in the race step by step.  Let's start from the beginning.

Initially, Finley is in first place, which is position 1.  Then she falls back 5 spots, so her new position is 1 + 5 = 6.  Next, she moves ahead 2 spots, so her new position is 6 - 2 = 4.  Then she falls behind 3 spots, so her new position is 4 + 3 = 7.  Finally, she jumps ahead 1 spot, so her final position is 7 - 1 = 6.  Therefore, Finley finished in 6th place.

Wait, but this seems contradictory.  If she starts in first, falls back 5 spots, that would be position 6.  Then moving ahead 2 spots would be position 4.  Then falling behind 3 spots would be position 7.  Then jumping ahead 1 spot would be position 6.  So she finishes in 6th place.  But that seems like she went back and forth.  However, the problem says she ""jumped ahead 1 spot to finish the race."" "
gsm8k_473,gsm8k,stochastic,29.004,157.75,113.12,256,8.83," Round to the nearest whole percent.

Okay, let's see. Benny saw a shark that's 10 feet long, and there are two remoras attached to it. Each remora is 6 inches long. I need to find out what percentage the combined length of the remoras is of the shark's body length. Hmm, okay, let's break this down.

First, the shark is 10 feet. The remoras are each 6 inches. But wait, the shark's length is in feet, and the remoras are in inches. I should convert everything to the same unit. Maybe convert the shark's length to inches or convert the remoras to feet. Let me think. Since there are two remoras, each 6 inches, their total length would be 2 times 6 inches. Let me calculate that first.

So, 2 remoras * 6 inches each = 12 inches total. Now, the shark is 10 feet. I need to convert that to inches to match the units. There are 12 inches in a foot, so 10 feet * 12 inches/foot = 120 inches. So the shark is 120 inches long.

Now, the"
gsm8k_474,gsm8k,stochastic,29.1677,159.26,113.76,256,8.78," Let's solve this problem step by step using the given information.

First, we know that three-fourths of the students have desktop computers. This means that the remaining one-fourth do not have desktop computers. Since 20 students do not have desktop computers, we can set up an equation to find the total number of students.

Let the total number of students be x. Then, one-fourth of x is equal to 20. So, (1/4)x = 20.

To find x, we can multiply both sides of the equation by 4. This gives us x = 20 * 4.

Calculating that, 20 * 4 = 80. Therefore, the total number of students at that grade level is 80.

Final Answer: 80
Answer: \boxed{80}
The problem involves determining the total number of students in a grade level based on the proportion of students who do not have desktop computers. Here's the step-by-step breakdown:

1. **Understand the given information**:  
   - Three-fourths of the students have desktop computers.  
   - One-fourth of the students do **not** have desktop computers.  
   - It is given that"
gsm8k_479,gsm8k,stochastic,29.1544,187.65,113.59,256,8.78," 

Step 1: Calculate the cost of the plane tickets.  Since each ticket is $5000, and there are two people, the total cost for the plane tickets is 5000 * 2 = $10,000.

Step 2: Calculate the cost of the hotel.  The normal price is $1500 per day.  Since it is a busy weekend, the hotel is 20% more expensive.  So the cost per day is 1500 * 1.2 = $1800.  For 3 days, the total cost is 1800 * 3 = $5400.

Step 3: Add the cost of the plane tickets and the hotel.  10,000 + 5400 = $15,400.

Final Answer: 15400
Answer: 15400

Wait, let me check my math again.  The hotel is 20% more expensive than normal.  So the normal price is $1500 per day.  20% of that is 1500 * 0."
gsm8k_480,gsm8k,stochastic,29.2112,196.51,113.78,256,8.76," 

Step 1: Determine how many tubes of blue paint Jasper has. Since Jasper has half as many tubes of blue paint as Ben, and Ben has 4 tubes, Jasper has 4 divided by 2, which is 2 tubes of blue paint.

Step 2: Determine how many tubes of yellow paint Jasper has. Since Jasper has three times as many tubes of yellow paint as Ben, and Ben has 3 tubes, Jasper has 3 multiplied by 3, which is 9 tubes of yellow paint.

Step 3: Add the number of blue and yellow tubes Jasper has. 2 blue tubes plus 9 yellow tubes equals 11 tubes in total.

Final Answer: 11
Answer: 11

The problem involves calculating the total number of paint tubes Jasper has based on the quantities Ben has. 

Step 1: Calculate Jasper's blue paint tubes. Jasper has half as many blue tubes as Ben. Ben has 4 blue tubes, so Jasper has 4 / 2 = 2 blue tubes.

Step 2: Calculate Jasper's yellow paint tubes. Jasper has three times as many yellow tubes as Ben. Ben has 3 yellow tubes, so Jasper has 3 * 3 = 9 yellow tubes.

"
gsm8k_489,gsm8k,stochastic,29.2318,184.37,113.91,256,8.76," 

Answer: <number>
Okay, let's see. I need to find the average highest temperature of these three countries: Southlandia, Northlandia, and Midlandia. The temperatures given are -48°F, 21°F, and -3°F respectively. 

First, I remember that to find an average, I need to add up all the values and then divide by the number of values. So, there are three temperatures here, so I'll add them together and then divide by 3.

Let me write that down. The formula for average is (sum of all temperatures) divided by 3. 

So, adding them up: -48 + 21 + (-3). Let me compute that step by step. 

Starting with -48 and 21. If I add -48 and 21, that's like subtracting 21 from 48, but since it's negative, it would be -27. Wait, let me check that again. 

Wait, -48 + 21 is the same as 21 - 48, which is -27. Yes, that's right. Then adding the third temperature, which is -3."
gsm8k_491,gsm8k,stochastic,29.079,186.05,113.31,256,8.8," To solve this, first find the total capacity of the trays, then subtract that from the number of eggs he has.

Okay, let's see. Jaime has 64 eggs and 2 trays. Each tray can hold 24 eggs. I need to figure out how many eggs he can't place on the trays. 

First, I should find the total capacity of the trays. Since there are 2 trays and each can hold 24 eggs, I multiply 24 by 2. Let me do that: 24 times 2 is 48. So the total capacity is 48 eggs.

Now, he has 64 eggs. If the trays can only hold 48 eggs, then the number of eggs he can't place is the total eggs minus the capacity. So 64 minus 48. Let me calculate that: 64 - 48 equals 16. 

Wait, that seems right. But let me check again. 24 times 2 is definitely 48. 64 minus 48... yes, 64 - 40 is 24, then minus 8 more is 16. So the answer should be 1"
gsm8k_492,gsm8k,stochastic,29.0301,152.39,113.25,256,8.82," 

Step 1: Find the cost of the family-size pizza. Since the family-size pizza costs 3 times as much as the small pizza, multiply the cost of the small pizza by 3. The cost of the small pizza is $8, so 8 × 3 = $24.

Step 2: Find the total cost. Add the cost of the small pizza and the family-size pizza. $8 + $24 = $32.

So, Sally spends $32 in all.

Final Answer: 32
Answer: \boxed{32}
Okay, let's see. Sally buys two pizzas: a small one and a family-size. The small pizza is $8. The family-size is three times as much as the small. So first, I need to figure out how much the family-size pizza costs. 

Hmm, if the small is $8, then three times that would be 8 multiplied by 3. Let me do that math. 8 times 3 is 24. So the family-size pizza is $24. 

Now, to find the total amount Sally spends, I need to add the cost of both pizzas. That would be $8 for the small plus $24"
gsm8k_498,gsm8k,stochastic,29.144,191.83,113.54,256,8.78," 

Okay, let's see. So, the problem is about Brianne and Ashley making Greek orange pies. I need to figure out how many pies they can make based on the number of oranges they have. Let me break it down step by step.

First, Ashley brought five boxes of oranges, each with ten oranges. So, I should calculate how many oranges Ashley has. That would be 5 boxes multiplied by 10 oranges per box. Let me write that down: 5 * 10 = 50 oranges. So Ashley has 50 oranges.

Then, Brianne brought 20 more oranges than Ashley. So, if Ashley has 50, Brianne has 50 + 20. Let me calculate that: 50 + 20 = 70. So Brianne has 70 oranges.

Now, to find the total number of oranges they have together, I need to add Ashley's and Brianne's oranges. That would be 50 + 70. Let me do the addition: 50 + 70 = 120. So together, they have 120 oranges.

Next, the problem says that one Greek orange pie needs three oranges."
gsm8k_510,gsm8k,stochastic,29.1928,188.83,113.74,256,8.77," Assume that he will not eat any extra calories and that he will not gain any weight. He will also not eat any less than he normally does. So, he will not be able to change his food intake. He will only be able to change his activity level. So, how many calories must he burn each day?

Answer: To solve this problem, we need to calculate the total number of calories Andy needs to burn to lose 30 lbs. Since he needs to burn 3500 calories to lose one pound, we can calculate the total calories he needs to burn for 30 lbs by multiplying 3500 by 30. 

3500 * 30 = 105,000 calories.

Next, we need to calculate the number of days between December 31st and July 19th. December has 31 days, so from December 31st to January 1st is 1 day. Then, we have 31 days in January, 28 days in February (assuming it's not a leap year), 31 days in March, 30 days in April, 31 days in May, 30 days in June,"
gsm8k_512,gsm8k,stochastic,29.0483,187.88,113.18,256,8.81," 

Step 1: Determine the total distance Hannah will run.  
Step 2: Calculate the total amount of water Hannah needs to drink.

Let's solve the problem step by step.

Step 1: Determine the total distance Hannah will run.  
Hannah runs 8 laps, and each lap is 0.25 km. So, the total distance is 8 multiplied by 0.25 km.  
Total distance = 8 * 0.25 = 2 km.

Step 2: Calculate the total amount of water Hannah needs to drink.  
Hannah needs to drink 60 ml of water for each kilometer. So, for 2 km, she needs 2 multiplied by 60 ml.  
Total water = 2 * 60 = 120 ml.

Final Answer: 120
Answer: 120

Wait, but I just realized that the problem says ""how many milliliters of water will Hannah need to drink?"" and the answer is 120. But let me check again to make sure I didn't make a mistake.

Step 1: 8 laps * 0.25 km per lap = 2 km. That's"
gsm8k_522,gsm8k,stochastic,29.262,200.88,113.97,256,8.75,"  Answer: <number>
Okay, let's see. I need to figure out how many quarts each person can pick per hour and then add them all up. Let me start by breaking down the information given.

First, Tony can pick 6 quarts per hour. That's straightforward. So Tony's rate is 6 quarts/hour.

Next, Bobby picks one less quart per hour than Tony. So if Tony is 6, Bobby would be 6 minus 1, which is 5 quarts per hour. Let me write that down: Bobby = 6 - 1 = 5 quarts/hour.

Then, Kathy can pick twice as many strawberries per hour as Bobby. Since Bobby is 5, twice that would be 5 times 2. Let me calculate that: 5 * 2 = 10 quarts/hour. So Kathy's rate is 10 quarts/hour.

Ricky picks two fewer quarts per hour than Kathy. Kathy is 10, so Ricky would be 10 minus 2. That's 8 quarts per hour. So Ricky's rate is 8 quarts/hour.

Now, to find the total per hour for all four of them,"
gsm8k_524,gsm8k,stochastic,29.0824,185.15,113.32,256,8.8," 

Answer: <number>
Okay, let's see. Jackson is planting tulips, right? He has red and blue ones. The problem says he can fit 6 red tulips in a row and 8 blue tulips in a row. He buys 36 red and 24 blue tulips. I need to find out how many rows he will plant in total.

First, I should figure out how many rows of red tulips he needs. Since each row can hold 6 red tulips, and he has 36 red tulips. So, I divide the total number of red tulips by the number per row. That would be 36 divided by 6. Let me calculate that: 36 ÷ 6 = 6. So, 6 rows for the red tulips.

Now for the blue tulips. Each row can hold 8 blue tulips, and he has 24 blue tulips. So, divide 24 by 8. That's 24 ÷ 8 = 3. So, 3 rows for the blue tulips.

Then, add the rows together. 6 rows of red plus 3 rows of blue. 6 + 3"
gsm8k_525,gsm8k,stochastic,29.2074,191.96,113.79,256,8.76," To solve this, first find how many cups of raisins go into each recipe, then divide the total amount of raisins by that number.

Okay, let's see. Heather has 27 cups of raisins. She wants to divide them equally among three things: oatmeal cookies, granola, and snack mix. So first, I need to figure out how much raisins go into each of those three recipes. 

Wait, the problem says she divides the bag equally among the cookies, granola, and snack mix. So that means each of the three uses the same amount of raisins. So first, I should divide the total raisins by 3 to find out how much goes into each recipe. 

So 27 divided by 3 is 9. So each recipe gets 9 cups of raisins. But wait, the question is about how many batches of oatmeal cookies she can make. The problem says that a batch of oatmeal cookies takes 3/4 of a cup. So if each recipe (oatmeal cookies) gets 9 cups, then how many batches can she make?

So, if each batch uses 3/4 cup, then the number of batches is total raisins for cookies divided by "
gsm8k_526,gsm8k,stochastic,29.2913,190.23,114.12,256,8.74," 

Answer: <number>
Okay, let's see. I need to find the difference in Ada's weekly electric bill before and after she adds the new device. Hmm. Let me break this down step by step.

First, let's figure out her current daily electric consumption. The problem says she uses 12 kilowatts per hour. Wait, actually, that wording is a bit confusing. Wait, ""daily electric consumption is 12 kilowatts per hour."" Wait, that seems like a unit inconsistency. Normally, electric consumption is measured in kilowatt-hours (kWh), right? So maybe there's a typo here? Or maybe it's 12 kilowatt-hours per day? Because kilowatts per hour would be a rate, but if it's 12 kilowatts per hour, that would be a very high rate. Wait, maybe the problem is written correctly, but I need to parse it carefully.

Wait, the problem says: ""Ada's daily electric consumption is 12 kilowatts per hour."" Hmm. That seems like a possible mistake. Because if she uses 12 kilowatts per hour, that would be 12 kW per hour. But that's not a standard way to"
gsm8k_528,gsm8k,stochastic,29.1588,193.32,113.59,256,8.78," 

Okay, let's see. So, the problem is about Ophelia and Jenna who live in the same apartment. They each have 2 fewer sofas than chairs. Also, Jenna has 3 times as many chairs as Ophelia. Ophelia has 20 sofas. We need to find the total number of sofas and chairs they have combined.

First, let me parse the information step by step. 

We know that Ophelia has 20 sofas. The problem says that each of them (Ophelia and Jenna) has 2 fewer sofas than chairs. So, for both of them, the number of sofas is equal to the number of chairs minus 2. 

Let me write that down. For Ophelia: sofas = chairs - 2. Similarly for Jenna: sofas = chairs - 2. 

But also, Jenna has 3 times as many chairs as Ophelia. So, if we let Ophelia's number of chairs be C_O, then Jenna's chairs would be 3*C_O. 

But we need to find the number of chairs each has. Let me start with Ophelia. 

We know Ophelia has 20 sofas. Since she has 2 fewer sofas"
gsm8k_531,gsm8k,stochastic,29.1362,191.12,113.51,256,8.79," 

Let me think. 

Okay, let's see. There are 48 people on the bus initially. 

First stop: 8 people get off. So, subtract 8 from 48. That would be 48 - 8 = 40 people left on the bus. 

Then, 5 times as many people as the number who got off get on. The number who got off was 8, so 5 times that is 5 * 8 = 40 people get on. So adding 40 to the 40 remaining, that's 40 + 40 = 80 people on the bus after the first stop. 

Now, moving to the second stop. 21 passengers get off. So subtract 21 from 80. That would be 80 - 21 = 59 people left. 

Then, 3 times fewer passengers get on. Wait, what does ""3 times fewer"" mean exactly? Hmm. Sometimes this can be confusing. If something is 3 times fewer, does that mean dividing by 3? Or is it subtracting 3 times the original amount? 

Let me think. If the original number is X,"
gsm8k_535,gsm8k,stochastic,29.212,154.08,113.95,256,8.76," 

Let me think. So, the problem is about Nick and George having candies. Let me break it down. 

First, Nick had twice as many candies as George. So, if I let George's original number of candies be a variable, maybe G, then Nick's candies would be 2G. 

Then, George ate 5 candies. So, George's candies decreased by 5. Now, George has 3 candies left. So, after eating 5, he has 3. That means before eating, he had 3 + 5 = 8 candies. 

So, George originally had 8 candies. Then Nick had twice as many as George, so 2*8 = 16 candies. 

Wait, but the question is asking how many candies does Nick have? So, the answer would be 16? 

But let me check again. George ate 5, so he had 8 originally. Then he had 3 left. So that's correct. Then Nick had twice as many as George originally, so 2*8=16. So Nick has 16 candies. 

But wait, the problem says ""Nick had twice as many candies as George."" So, does that mean that"
gsm8k_536,gsm8k,stochastic,29.1169,159.22,113.56,256,8.79," 

Answer: <answer>
Okay, let's see. The problem is about figuring out Anne's age based on the ages of Chenny and Alyana. Let me break it down step by step.

First, Chenny is 10 years old. That's straightforward. Then, Alyana is 4 years younger than Chenny. So, to find Alyana's age, I need to subtract 4 from Chenny's age. Let me write that down: Alyana's age = Chenny's age - 4. Since Chenny is 10, that would be 10 - 4. Let me calculate that: 10 minus 4 is 6. So Alyana is 6 years old.

Now, the question is about Anne. Anne is 2 years older than Alyana. So, similar to before, Anne's age would be Alyana's age plus 2. So, Anne's age = Alyana's age + 2. Since Alyana is 6, that would be 6 + 2. Let me add that up: 6 plus 2 is 8. Therefore, Anne is 8 years old.

Wait, let me double-check to make sure I didn't mix up"
gsm8k_537,gsm8k,stochastic,29.2567,198.94,113.95,256,8.75," 

Step 1: Find the thickness of the third book. The third book is 5 mm less than the second book. The second book is 50 mm thick. So, 50 mm minus 5 mm is 45 mm. The third book is 45 mm thick.

Step 2: Find the thickness of the fourth book. The fourth book is twice as thick as the first book. The first book is 31 mm thick. So, 31 mm multiplied by 2 is 62 mm. The fourth book is 62 mm thick.

Step 3: Add the thickness of all four books. The first book is 31 mm, the second is 50 mm, the third is 45 mm, and the fourth is 62 mm. So, 31 + 50 + 45 + 62 = 188 mm. 

The total thickness of the four books is 188 mm.
Answer: 188
Final Answer: 188
To solve the problem, we need to determine the total thickness of the four books by calculating the thickness of each book individually and then summing them up.

### Step "
gsm8k_540,gsm8k,stochastic,29.092,189.47,113.34,256,8.8," 

Let me try to work through this problem step by step. 

First, the total amount shared among the 3 boys is $18. So, the total amount they have is $18. 

Now, the eldest added $5 to his share. Wait, but how much did he originally have? The problem says ""shared among 3 boys"", so maybe they each get an equal share? That would be $18 divided by 3, which is $6 each. So the eldest originally had $6. Then he added $5 to his share. So he now has $6 + $5 = $11. 

Then the next day, he added another $10. So his total becomes $11 + $10 = $21. 

Then he spent $8 from his total so far. So he has $21 - $8 = $13 left. 

After that, he saved some more money and was able to triple the amount he had left after spending the $8. So, he had $13, and then he tripled that. So 13 * 3 = $39. 

Therefore, the final amount he has is $39. 

Wait, but"
gsm8k_544,gsm8k,stochastic,29.1649,152.37,113.77,256,8.78," 

Step 1: Let's denote Brad's amount as a variable. Let's say Brad gets x dollars.
Step 2: Since Jeff gets 4 times as much as Brad, Jeff's amount is 4x dollars.
Step 3: The total amount they are dividing is 100 dollars, so we can set up an equation: x + 4x = 100.
Step 4: Combine like terms: 5x = 100.
Step 5: Solve for x by dividing both sides by 5: x = 20.
Step 6: Now, substitute x back into Jeff's amount: 4x = 4 * 20 = 80.

So, Jeff gets 80 dollars.

Final Answer: 80
Answer: 80
Okay, let's see. The problem is about dividing $100 between Jeff and Brad. Jeff gets 4 times as much as Brad. I need to find out how much Jeff gets.

First, I should define variables. Let me let Brad's amount be x. Then Jeff's amount would be 4x because it's 4 times Brad's. So together, their total is x + 4"
gsm8k_547,gsm8k,stochastic,29.0728,182.95,113.29,256,8.81," 

Answer: <number>
Okay, let's see. The problem is about a phone tree where Ali starts by calling 3 families. Then each of those families calls 3 more families, and this continues. The question is asking how many families will be notified during the fourth round of calls.

Hmm, so I need to figure out the number of families notified in each round and specifically the fourth one. Let me think about how this works. It seems like a geometric progression or something similar. Each round, the number of people calling increases by a factor of 3. 

Let me break it down step by step. 

First, the initial round is round 1. Ali calls 3 families. So, round 1: 3 families notified.

Then, round 2: Each of those 3 families calls 3 more families. So that's 3 families times 3 calls each, which is 9 families. So round 2: 9 families.

Round 3: Each of the 9 families from round 2 calls 3 more families. So 9 times 3 is 27. Round 3: 27 families.

Round 4: Each of the 27 families from round 3 calls "
gsm8k_562,gsm8k,stochastic,29.2107,196.77,113.78,256,8.76," 

Answer: <number>
Okay, let's try to figure out this problem. So, the question is about the angle of the sun relative to the ground after it has moved for 10 hours. Let me break it down step by step.

First, the pyramids are at an angle of 32 degrees from the ground. That probably means the angle between the ground and the side of the pyramid is 32 degrees. But I need to make sure I understand that correctly. Maybe it's the angle of elevation of the sun? Wait, no, the problem says the pyramids sit at an angle of 32 degrees from the ground. Hmm. Maybe that's the angle of the pyramid's face relative to the ground? Like, if you look at the pyramid, the slope of its side is 32 degrees. But I'm not sure if that's relevant here. Wait, the problem is about the sun's movement. The sun is moving at 5 degrees an hour straight upward from the pyramid relative to Sahir's house. So, the sun's angle is changing over time. 

Wait, the problem says the sun is moving at 5 degrees an hour straight upward from the pyramid relative to Sahir's house. So,"
gsm8k_571,gsm8k,stochastic,29.1712,187.03,113.66,256,8.78," 

Okay, let's see. So the problem is about calculating the total cost of Leah's kitten so far. Let me break it down step by step.

First, the problem mentions several expenses: spaying the kitten, vaccines, and broken vases. I need to calculate each of these costs and then add them up.

Starting with spaying. It says spaying her cost $200. That seems straightforward. So that's one part of the total cost: $200.

Next, the vaccines. It says her 3 vaccines cost $20 each. So I need to calculate the total cost for the vaccines. Since there are 3 vaccines and each is $20, I multiply 3 by 20. Let me do that: 3 * 20 = 60. So the vaccines cost $60 in total.

Then there's the broken vases. The kitten broke 4 vases, each costing $12. So again, I need to multiply the number of vases by the cost per vase. That would be 4 * 12. Let me calculate that: 4 * 12 is 48. So the broken vases cost $48.

Now,"
gsm8k_576,gsm8k,stochastic,29.2382,197.85,113.88,256,8.76," 

Okay, let's see. Michael wants to replace the carpet in his bedroom. I need to figure out the total cost for this. Let me break down the problem step by step.

First, the bedroom measures 18 feet by 12 feet. So the area of the bedroom is 18 multiplied by 12. Let me calculate that. 18 times 12... 18*10 is 180, and 18*2 is 36, so 180+36=216 square feet. So the area is 216 square feet. Got that.

Now, the new carpet costs $12 per square foot, and there's also padding that costs $2 per square foot. So the total cost for the carpet and padding would be (12 + 2) per square foot. That's 14 dollars per square foot for the carpet and padding combined. So for 216 square feet, that would be 14 * 216. Let me compute that. Hmm, 14*200 is 2800, and 14*16 is 224. So "
gsm8k_578,gsm8k,stochastic,29.095,196.25,113.33,256,8.8," 

Let me try to work this out. So, Diane starts with 20. Then, the problem says: ""starting value plus half the number was divided by 5 and the resulting value was multiplied by the starting value minus 12."" 

Let me parse that. So, the starting value is 20. Let me call the starting value 'x'. So, x = 20. Then, the first operation is (x + (x/2)) divided by 5. Then, that result is multiplied by (x - 12). 

So, first step: (x + x/2) / 5. Let me compute that. x is 20, so x + x/2 is 20 + 10 = 30. Then, 30 divided by 5 is 6. Then, that result is multiplied by (x - 12). x - 12 is 20 - 12 = 8. So, 6 * 8 = 48. Therefore, the final value is 48. 

Wait, but let me check if I interpreted the problem correctly. The problem says: ""starting value plus half the number was"
gsm8k_580,gsm8k,stochastic,29.0593,189.02,113.22,256,8.81," To solve this, first find the percentage difference between the intended temperature and the actual temperature when the oven is set to 450. Then, apply that percentage to the new intended temperature of 520. 

First, find the percentage difference between 450 and 468. The percentage difference is calculated as ((actual - intended) / intended) * 100. So, ((468 - 450)/450) * 100 = (18/450) * 100 = 4%. 

Now, apply that 4% to the new intended temperature of 520. So, 520 + (4% of 520) = 520 + 20.8 = 540.8. Therefore, Maggie should set the oven to 540.8 degrees. 

But wait, the problem says the oven is off by the same percentage for any recipe. However, in the first case, the oven is actually higher than intended. So, if the oven is off by 4%, then the actual temperature is 4% higher than the intended. Therefore, if Maggie wants the actual"
gsm8k_581,gsm8k,stochastic,29.1614,190.21,113.61,256,8.78," 

Answer: <number>
Okay, let's see. Max is watching two movies, and I need to find out the total time in minutes. The first movie is 1 hour and 30 minutes, and the second is 2 hours and 5 minutes. Hmm, right. So I need to convert the hours to minutes and then add them up.

First, let me convert each movie's duration to minutes. For the first movie: 1 hour is 60 minutes, plus 30 minutes, so that's 60 + 30 = 90 minutes. Got that. Then the second movie is 2 hours and 5 minutes. 2 hours is 120 minutes, plus 5 minutes, so 120 + 5 = 125 minutes. 

Now, adding both durations together: 90 minutes + 125 minutes. Let me do the addition. 90 + 125. Hmm, 90 + 100 is 190, then plus 25 more is 215. Wait, no, that's not right. Wait, 90 + 125. Let me break it down."
gsm8k_583,gsm8k,stochastic,29.0998,193.09,113.36,256,8.8," 

Okay, let's see. So Judy bought a dozen cups. A dozen is 12, right? So she has 12 cups. Then she bought twice as many dishes as cups. So dishes would be 2 times 12, which is 24 dishes. So Judy has 12 cups and 24 dishes.

Now, her friend brought 40 cups. Wait, the problem says ""her friend had brought 40 cups and 20 more dishes than she had brought."" So the friend has 40 cups. Then, the number of dishes the friend brought is 20 more than Judy's dishes. Wait, Judy had 24 dishes, so the friend has 24 + 20 = 44 dishes?

Wait, let me check that again. The problem says ""20 more dishes than she had brought."" ""She"" refers to Judy, right? So Judy had 24 dishes, so the friend has 24 + 20 = 44 dishes. So the friend has 40 cups and 44 dishes.

So total utensils brought by both? Let's see. First, Judy's total is 12 cups + 24"
gsm8k_585,gsm8k,stochastic,29.2025,182.56,113.8,256,8.77," 

Answer: <number>
Okay, let's see. So, Tabitha is paying John and Jill $10 an hour for their work. The question is asking how much more money John earned compared to Jill. 

First, I need to figure out how many hours each of them worked. Let me start with Jill. The problem says Jill worked 2 hours on Saturday and 1 hour on Sunday. So, total hours for Jill would be 2 + 1 = 3 hours. Then, since they're paid $10 per hour, Jill's total earnings would be 3 hours multiplied by $10, which is $30. 

Now, John's hours are a bit more complicated. It says John worked twice as long as Jill on Saturday and three times as long as Jill on Sunday. Let me parse that. On Saturday, Jill worked 2 hours, so John worked twice that. So, 2 times 2 hours is 4 hours on Saturday. On Sunday, Jill worked 1 hour, so John worked three times that. Three times 1 hour is 3 hours on Sunday. Therefore, John's total hours are 4 + 3 = 7 hours. 

Then, John's earnings would be"
gsm8k_586,gsm8k,stochastic,29.1111,186.64,113.43,256,8.79," 

Step 1: Calculate the total calories burned during aerobics.
Step 2: Calculate the total calories burned during running.
Step 3: Add the calories burned from both activities to get the total calories burned.
Step 4: Calculate the total water needed based on the total calories burned.

Let me think through this step by step.

First, I need to find out how many calories Hannah burned during aerobics. She did aerobics for 2 hours, and it burns 500 calories per hour. So, 2 hours multiplied by 500 calories per hour equals 1000 calories burned during aerobics.

Next, I need to calculate the calories burned during running. She ran for 1 hour, and running burns 600 calories per hour. So, 1 hour multiplied by 600 calories per hour equals 600 calories burned during running.

Now, I add the calories burned from both activities together. 1000 calories from aerobics plus 600 calories from running equals 1600 total calories burned.

Finally, I need to figure out how much water she needs to drink. The problem says she needs to drink 100 ml"
gsm8k_587,gsm8k,stochastic,29.1958,197.23,113.72,256,8.77," 

Answer: <number>
Okay, let's try to solve this problem. So, there's a jar with red, blue, and green jelly beans. The note says that there are 1% fewer red jelly beans than blue ones, and 1% more green jelly beans than blue. The total number of jelly beans is 4500. We need to find how many more green jelly beans there are than red ones.

First, I need to set up some variables. Let me think. Let me denote the number of blue jelly beans as B. Then, the number of red jelly beans would be 1% fewer than blue. So, red is B minus 1% of B. Which is B - 0.01B = 0.99B. Similarly, green is 1% more than blue, so that would be B + 0.01B = 1.01B. 

So, red = 0.99B, blue = B, green = 1.01B. 

The total number of jelly beans is the sum of red, blue, and green. So:

Red + Blue + Green = 0.99B + B + 1."
gsm8k_588,gsm8k,stochastic,28.9519,186.76,112.8,256,8.84," 

Answer: The average of the three measurements is <number>.
Okay, let's see. Jared's typing speed starts at 47 WPM. Then after some lessons, it goes up to 52 WPM. Then he increases it again by 5 words. Wait, so the third measurement is 52 + 5? That would be 57 WPM. So the three measurements are 47, 52, and 57. To find the average, I need to add them all up and divide by 3. Let me check that again. 

First measurement: 47. Second: 52. Third: 52 + 5 = 57. So adding them: 47 + 52 is 99, plus 57 is 156. Then divide by 3. 156 divided by 3 is 52. Wait, that seems straightforward. But let me make sure I didn't make a mistake. 

Alternatively, maybe the problem says he increases his speed once more by 5 words. So the third measurement is 52 + 5 = 57. So yes, the three numbers are 47,"
gsm8k_591,gsm8k,stochastic,29.1708,231.96,113.49,256,8.78," 

## Step 1: Determine the weight of the Dachshund.
The Dachshund weighed twice as much as the Affenpinscher.  The Affenpinscher weighed 10 pounds.  So, the Dachshund weighed 2 * 10 = 20 pounds.

## Step 2: Determine the weight of the Papillon.
The Papillon weighed one-fourth as much as the Dachshund.  The Dachshund weighed 20 pounds.  So, the Papillon weighed 20 / 4 = 5 pounds.

## Step 3: Determine the weight of the Mastiff.
The Mastiff weighed 44 times the weight of the Papillon.  The Papillon weighed 5 pounds.  So, the Mastiff weighed 44 * 5 = 220 pounds.

The Mastiff weighed 220 pounds.

Final Answer: 220
Okay, let's see. There are four dogs in a line, and I need to find out how much the Mastiff weighs. Let me start by breaking down the information given step by step.

First, the Affenpinscher is the first dog and weighs 10 pounds"
gsm8k_599,gsm8k,stochastic,29.0813,150.12,113.46,256,8.8," Also, how many total pets are there?

Answer: The total number of legs is <number> and the total number of pets is <number>.
Okay, let's see. The problem is about calculating the total number of legs and the total number of pets in a store. The store has 5 dogs, 2 cats, and 10 birds. Hmm, right. So first, I need to figure out how many legs each type of animal contributes and then add them all up. Also, I need to find the total number of pets by adding all the animals together.

Starting with the legs. Dogs have 4 legs each, right? So 5 dogs would be 5 multiplied by 4. Let me calculate that: 5 * 4 = 20 legs from the dogs. Then cats also have 4 legs each. There are 2 cats, so 2 * 4 = 8 legs from the cats. Now birds, wait, do birds have legs? I think they do. But wait, birds have two legs each. So 10 birds would be 10 * 2 = 20 legs from the birds. 

Adding those up: 20 (dogs) + 8 (cats)"
gsm8k_608,gsm8k,stochastic,29.2071,187.6,113.8,256,8.76," 

Step 1: Determine the discount on the shirt.
Step 2: Determine the discount on the shorts.
Step 3: Determine the total cost of the shirt and shorts before tax.
Step 4: Determine the total cost after applying the sales tax.
Step 5: Determine how much money Joe has left after the purchase.

Let's go through each step carefully.

Step 1: The shirt is originally priced at $25, and there is a 30% discount. The discount on the shirt is 30% of $25. So, 30% of $25 is 0.30 * 25 = $7.50.

Step 2: The shorts are originally priced at $35, and there is a 30% discount. The discount on the shorts is 30% of $35. So, 0.30 * 35 = $10.50.

Step 3: The original total cost of the shirt and shorts is $25 + $35 = $60. After applying the discounts, the total cost is $60 - $7.50 - $10.50 = $60 -"
gsm8k_612,gsm8k,stochastic,29.245,199.49,113.9,256,8.75,"  (Note: 1 pound = 16 ounces.)

Okay, let's see. I need to figure out the total ounces of meat consumed by the basketball team. Let me break down each player's meal step by step.

First, the first player ate a 6-ounce steak. That's straightforward. So that's 6 ounces.

Next, the second player had beef tips. The problem says there are 8 beef tips, each an ounce in size. So each beef tip is 1 ounce, and there are 8 of them. So 8 times 1 ounce is 8 ounces. So that's 8 ounces for the second player.

Third player ate a one-pound steak. Wait, the note says 1 pound equals 16 ounces. So a one-pound steak is 16 ounces. So that's 16 ounces for the third player.

The fourth and fifth players ordered vegetarian meals. The question is about meat consumed, so vegetarian meals probably don't count. So those two players didn't eat any meat. So their contribution is 0 ounces.

Now, adding up all the meat consumed: first player (6) + second player (8) + third player (16). Let me add those numbers.

"
gsm8k_615,gsm8k,stochastic,29.2202,189.31,113.85,256,8.76," 

Let me try to work this out. 

First, the aquarium is $10.00. Then, the rocks: 2 bags at $2.50 each. So that's 2 times 2.50. Let me calculate that. 2 times 2 is 4, and 2 times 0.50 is 1.00, so total is 4 + 1 = $5.00 for the rocks. 

Then the coral: 3 pieces at $2.00 each. That's 3 times 2.00. 3 times 2 is 6, so that's $6.00 for the coral. 

Next, the fish: 20 fish at $0.50 each. 20 times 0.50. Well, 20 times 0.5 is 10, so that's $10.00 for the fish. 

Then the fish food is $2.00. 

Now, adding all these up: aquarium is $10.00, rocks $5.00, coral $6.00, fish $10.00, and fish food"
gsm8k_616,gsm8k,stochastic,29.0453,187.38,113.17,256,8.81," 

Let me think. So, the beanstalk starts at some height, but the problem says after the first week it was 3 inches tall. So, the initial height is 3 inches. Then, in the second week, it doubled in height. So, doubling 3 inches would be 3 times 2, which is 6 inches. Then, in the third week, it grew another 4 inches. So, adding 4 inches to the 6 inches from the second week would be 6 plus 4, which is 10 inches. Therefore, after three weeks, the beanstalk is 10 inches tall. 

Wait, but the problem says ""after the first week"" it was 3 inches. So, does that mean that the initial height was 0, and then after the first week it became 3 inches? Or is the initial height 3 inches? Hmm. The wording is a bit ambiguous. Let me check again. 

The problem says, ""Jane planted a beanstalk in her backyard. After the first week, it was 3 inches tall."" So, the first week is the first week after planting. So, the initial height is 0, and after the first week, it's "
gsm8k_618,gsm8k,stochastic,29.12,191.18,113.45,256,8.79," 

Step 1: Find the total number of seats in the auditorium. 
Total seats = number of rows × number of seats per row = 4 × 18 = 72 seats.

Step 2: Find the number of seats occupied by the administrators. 
Admin seats = total seats × 1/4 = 72 × 1/4 = 18 seats.

Step 3: Find the number of seats remaining after the administrators left. 
Remaining seats = total seats - admin seats = 72 - 18 = 54 seats.

Step 4: Find the number of seats occupied by the parents. 
Parent seats = remaining seats × 1/3 = 54 × 1/3 = 18 seats.

Step 5: Find the number of seats occupied by the students. 
Student seats = remaining seats - parent seats = 54 - 18 = 36 seats.

So, the number of students is 36.

Final Answer: 36
Answer: 36

The school auditorium has 4 rows of seats, with 18 seats in each row. First, we calculate the total number of seats by multiplying the number of rows"
gsm8k_622,gsm8k,stochastic,29.079,194.24,113.27,256,8.8," 

Okay, let's see. So Jim starts with a 20-pack of gum. I need to figure out how many he uses throughout the day and then how much is left. Let me break it down step by step.

First, the school day is 8 hours long. He chews 1 piece every 2 hours. So how many pieces does he chew at school? Well, 8 hours divided by 2 hours per piece is 4. So that's 4 pieces at school.

Then, he chews 1 piece on the way home from school. That's 1 more piece. And then 1 stick after dinner. So that's another 1. So total for the day, that's 4 (school) + 1 (home) + 1 (dinner) = 6 pieces.

Wait, but hold on. The problem says he gives half the gum he has remaining to his sister when she asks for some right before bed. So I need to calculate how much he has left after chewing those 6 pieces, then give half to his sister, and then the remaining would be the answer.

So starting with 20 pieces. After chewing 6, he has 20 - 6 ="
gsm8k_623,gsm8k,stochastic,29.0885,151.07,113.48,256,8.8," Let's solve this step by step, first finding out how old Charmaine is now, and then finding out how old she will be 4 years from now.

Okay, let's see. The problem says that Charmaine will be 16 years old in 12 years. So, first, I need to figure out her current age. If in 12 years she's 16, then right now she must be 16 minus 12. Let me check that. If I subtract 12 from 16, that gives me 4. So, does that mean she's 4 years old now? Wait, that seems really young, but maybe it's correct? Let me think again. If she's 4 now, then in 12 years, she'll be 4 + 12 = 16. Yeah, that adds up. So her current age is 4.

Now, the question is asking how old she will be 4 years from now. So, if she's currently 4, then in 4 years, she'll be 4 + 4 = 8. So the answer should be 8. But wait, let me make sure I didn't make a"
gsm8k_628,gsm8k,stochastic,29.1691,198.05,113.61,256,8.78," 

Answer: <number>
Okay, let's see. Adam wants to ride the biggest roller coaster, and the minimum height required is 4 feet. His current height is 40 inches, and he grows 2 inches each year. I need to figure out how many years it will take until he's tall enough.

First, I should convert the required height from feet to inches because Adam's height is given in inches. Since 1 foot is 12 inches, 4 feet would be 4 times 12. Let me calculate that: 4 * 12 = 48 inches. So, Adam needs to be at least 48 inches tall.

Now, Adam is currently 40 inches tall. The difference between the required height and his current height is 48 - 40. Let me do that subtraction: 48 minus 40 is 8 inches. So he needs to grow 8 inches more.

He grows 2 inches each year. To find out how many years it will take him to grow 8 inches, I can divide the total needed growth by his annual growth rate. That would be 8 inches divided by 2 inches per year. So 8 / 2 ="
gsm8k_631,gsm8k,stochastic,29.1594,196.48,113.58,256,8.78," 

Okay, let's see. I need to find the total price for all three jewels: gold, diamond, and silver. The problem gives me the price of a diamond jewel as $2000. Then, the gold jewel is 4/5 times the price of the diamond. And the silver jewel is $400 less than the gold. So, I need to calculate each one's price and add them up.

First, let me write down the given information:

- Price of diamond jewel = $2000.
- Price of gold jewel = (4/5) * price of diamond.
- Price of silver jewel = price of gold - $400.
- Total price = price of diamond + price of gold + price of silver.

So, starting with the gold jewel. Since the gold is 4/5 of the diamond's price, I can calculate that as (4/5)*2000. Let me compute that. 4 divided by 5 is 0.8, so 0.8 * 2000. Let me do 2000 * 0.8. 2000 * 0.8 is 1600. So"
gsm8k_640,gsm8k,stochastic,29.1451,244.23,113.34,256,8.78," 

Let me think. So, the base price is $30,000. Then, there are several features added. Let me break down each feature's cost.

First, the king cab upgrade is $7,500. Then, leather seats are one-third the cost of the king cab. So, that would be 7,500 divided by 3. Let me calculate that. 7,500 divided by 3 is 2,500. So, leather seats are $2,500.

Next, running boards are $500 less than the leather seats. So, that would be 2,500 minus 500, which is $2,000.

Then, the upgraded exterior light package is $1,500.

Now, I need to add all these features to the base price. Let me add them up step by step.

Base price: $30,000.

Adding the king cab: 30,000 + 7,500 = 37,500.

Adding leather seats: 37,500 + 2,500 = 40,"
gsm8k_651,gsm8k,stochastic,29.1805,194.32,113.67,256,8.77," 

Answer: <number>
Let me think. So, the problem is about Ariadne's hat sales over two months. Let me break it down step by step.

First, I need to find out how much she made in the first month from green hats. The problem says that her sales from red hats were $400, which is half the total amount she earned from green hats. So, if red is $400, then green must be double that, right? So, 400 times 2 is 800. So, total sales in the first month would be red plus green, which is 400 + 800 = 1200. That seems right.

Now, the second month, her sales were 3/4 of the total sales of the first month. The first month's total was 1200, so 3/4 of that is... let me calculate. 1200 divided by 4 is 300, and 300 times 3 is 900. So, the second month's total sales are 900.

Then, to find the total amount she made in two months, I add"
gsm8k_655,gsm8k,stochastic,29.1642,156.16,113.76,256,8.78," 

Step 1: Determine the total number of pages required for the research paper. The total number is given as 15 pages.

Step 2: Calculate the number of pages Shiela has already written. She has completed 1/3 of the paper. To find this, multiply the total number of pages by 1/3. So, 15 pages * 1/3 = 5 pages.

Step 3: Subtract the number of pages she has already written from the total number of pages to find the remaining pages. 15 pages - 5 pages = 10 pages.

Therefore, Shiela has 10 pages left to write.

Final Answer: 10
Answer: 10

Final Answer: 10
Answer: 10
Answer: 10
Answer: 10
Answer: 10
Answer: 10
Answer: 10
Answer: 10
Answer: 10
Answer: 10
Answer: 10
Answer: 10
Answer: 10
Answer: 10
Answer: 10
Answer: 10
Answer: 10
Answer:"
gsm8k_658,gsm8k,stochastic,29.0595,187.49,113.22,256,8.81," 

Okay, let's see. So Finley bought rice, beans, and pork. The problem is about figuring out the total cooking time for all three. 

First, they told us that it took her 20 more minutes to cook pork than rice. And rice took 30 minutes. So, if rice is 30 minutes, then pork is 30 + 20 = 50 minutes. That seems straightforward.

Then, beans took half the combined cooking time of pork and rice. So, first, I need to find the combined cooking time of pork and rice. That would be 30 minutes (rice) + 50 minutes (pork) = 80 minutes. Then, beans took half of that. So 80 divided by 2 is 40 minutes. So beans are 40 minutes.

Now, to find the total time to cook all the food, we add up the times for rice, beans, and pork. That would be 30 + 40 + 50. Let me add those up. 30 + 40 is 70, plus 50 is 120 minutes. 

Wait, but hold on. Is there"
gsm8k_661,gsm8k,stochastic,29.2546,195.79,113.96,256,8.75," 

Answer: <number>
Okay, let's see. Roger wants to buy coffee and a donut. The coffee is more expensive now because his favorite brand is sold out. Let me break this down step by step.

First, the normal coffee costs $5 per pound. But the new brand is 20% more expensive. So I need to calculate 20% of $5 and add that to the original price. 

20% of $5 is 0.20 * 5 = $1. So the new price per pound is $5 + $1 = $6 per pound. 

Now, Roger is buying a week's worth of coffee. He uses 1 pound per day. So for 7 days, that's 7 pounds. 

The cost for the coffee would be 7 pounds * $6 per pound. Let me calculate that: 7 * 6 = $42. 

Then there's the donut, which is $2. So adding that to the coffee cost: $42 + $2 = $44. 

Wait, let me check again. The original price is $5, 20% more is indeed $1, so $6. 7 pounds at"
gsm8k_672,gsm8k,stochastic,29.117,191.56,113.43,256,8.79," 

Answer: <number>
Okay, let's try to figure out this problem step by step. So, Christina has been tracking her moods for 30 days. The problem says she had twelve good days, eight bad days, and the rest were neutral. Then there's some information about the first eight days, the second eight days, and the third eight days. Then, the next three days were good, neutral, and good. The question is asking how many good days were left in the month.

First, let me make sure I understand the problem correctly. The total number of days is 30. She has 12 good days, 8 bad days, and the rest neutral. Wait, so 12 + 8 is 20, so the remaining 10 days must be neutral. So, 10 neutral days. But then the problem says that her first eight days were good, the second eight days were bad, and the third eight days were neutral. Wait, but that would be 8 + 8 + 8 = 24 days. But the total is 30 days. So maybe there's a mistake here? Or maybe the problem is structured differently?

Wait, maybe the first eight"
gsm8k_673,gsm8k,stochastic,29.0461,151.25,113.31,256,8.81," Let's solve this problem step by step, writing the answer as \boxed{}.

Let's start by defining the variables. Let $ x $ represent the number of books Sally has. According to the problem, Janey has 3 more than twice the number of books that Sally has. So, the number of books Janey has can be expressed as $ 2x + 3 $. We are told that Janey has 21 books, so we can set up the equation $ 2x + 3 = 21 $.

Now, we need to solve for $ x $. Subtract 3 from both sides of the equation to get $ 2x = 18 $. Then, divide both sides by 2 to find $ x = 9 $.

Therefore, Sally has 9 books.

Final Answer: \boxed{9}
To solve the problem, we start by defining the relationship between the number of books Janey and Sally have. Let $ x $ represent the number of books Sally has. According to the problem, Janey has 3 more than twice the number of books Sally has, which can be written as:

$$
2x + 3
$$

We are told that Janey has 21 books,"
gsm8k_677,gsm8k,stochastic,29.2193,243.5,113.63,256,8.76," 

Answer: <number>
Okay, let's see. So Carol and Jennifer are sisters collecting signatures. After five weeks, Carol has 20 signatures and Jennifer has 44. They have three more weeks left, and they want to reach 100 signatures together by the end of summer. The question is asking how many more signatures they need to collect to reach their goal.

First, I need to figure out how many signatures they currently have. Carol has 20, Jennifer has 44. So adding those together: 20 + 44 = 64. So right now, they have 64 signatures between them.

Their goal is 100 signatures. So the difference between their current total and their goal is 100 - 64. Let me calculate that. 100 minus 60 is 40, minus 4 more is 36. So they need 36 more signatures.

Wait, but the problem says they have three more weeks of summer. Does that affect anything? The problem says they want to reach 100 by the end of the summer, so they have three more weeks to collect signatures. But the question is just asking how many they"
gsm8k_678,gsm8k,stochastic,29.1272,149.02,113.64,256,8.79," 

Step 1: Find how much Karen earns per hour.
Karen earns twice what Lorie earns. Lorie earns $10 per hour. So, Karen earns 2 * $10 = $20 per hour.

Step 2: Find how many hours Karen works in two days.
Karen works 3 hours per day. In two days, she works 3 * 2 = 6 hours.

Step 3: Find how much Karen earns in two days.
Karen earns $20 per hour and works 6 hours. So, 20 * 6 = $120.

Final Answer: 120
Answer: \boxed{120}
Okay, let's see. The problem is about figuring out how much Karen earns in two days. Let me start by breaking down the information given.

First, Lorie earns $10 per hour. Karen earns twice that amount. So, I need to calculate Karen's hourly rate. If Lorie is $10, then twice that would be 2 times 10, which is $20 per hour for Karen. That seems straightforward.

Next, the question asks about two days of work. Karen works 3 hours each day. So, to"
gsm8k_681,gsm8k,stochastic,29.1428,191.5,113.53,256,8.78," 

Let me think about this step by step. 

First, I need to find out how many cookies each person has. I know that Katarina has 68 cookies. The problem says Katarina has 5 less cookies than Max. So, if I add 5 to Katarina's amount, that should give me Max's amount. 

So, Max has 68 + 5 = 73 cookies. 

Next, the problem says Max has 12 more cookies than the Cookie Monster. So, if I subtract 12 from Max's amount, that should give me the Cookie Monster's amount. 

Cookie Monster has 73 - 12 = 61 cookies. 

Then, Summer has 23 more cookies than Max. So, if I add 23 to Max's amount, that should give me Summer's amount. 

Summer has 73 + 23 = 96 cookies. 

Now, I need to add up all the cookies that each person has. 

Katarina has 68, Max has 73, Cookie Monster has 61, and Summer has 96. 

So, total cookies = 68 + 73"
gsm8k_687,gsm8k,stochastic,29.1693,184.95,113.66,256,8.78," 

Answer: 

Let me think. 

Okay, so there's a problem here about twins and triplets. Let me try to break it down. The problem says there's one set of twins and one set of triplets. One twin is 7 years older than one triplet. Their combined ages are 44. We need to find out how old one of the twins is.

First, let me make sure I understand the problem correctly. There are two sets of siblings: twins (so two children of the same age) and triplets (three children of the same age). The problem mentions that one twin is 7 years older than one triplet. So, if I take one of the twins and compare their age to one of the triplets, the twin is 7 years older. Then, the total of all their ages is 44. We need to find the age of one of the twins.

Let me try to assign variables to the ages. Let me denote the age of each twin as T. Since they are twins, both are T years old. For the triplets, since they are triplets, all three are the same age. Let me denote the age of each triplet as K. So, the three triplets are each"
gsm8k_705,gsm8k,stochastic,29.1367,155.38,113.65,256,8.79," To solve this, first find the speed of the turtle. Then, multiply by the time to get the distance.

Okay, let's see. The problem says Martha's cat is 5 times faster than her turtle. The cat's speed is 15 feet per second. I need to find out how far the turtle can crawl in 40 seconds.

First, I need to figure out the turtle's speed. If the cat is 5 times faster, that means the turtle's speed is the cat's speed divided by 5. So, 15 feet per second divided by 5. Let me calculate that. 15 divided by 5 is 3. So the turtle's speed is 3 feet per second.

Now, to find the distance the turtle crawls in 40 seconds, I multiply the turtle's speed by the time. That would be 3 feet/second times 40 seconds. Let me do that multiplication. 3 times 40 is 120. So the turtle can crawl 120 feet in 40 seconds.

Wait, let me check if I interpreted ""5 times faster"" correctly. Sometimes people might confuse ""5 times faster"" as adding 5 times the original"
gsm8k_706,gsm8k,stochastic,28.9942,196.22,112.93,256,8.83," 

Answer: <number>
Okay, let's see. The firefighters want to raise $6300. After 3 hours, they've already made $2100. I need to figure out how many total hours they need to fundraise to reach their goal, assuming they raise the same amount each hour. 

First, maybe I should find out how much money they raise per hour. If they raised $2100 in 3 hours, then per hour, it's 2100 divided by 3. Let me calculate that. 2100 divided by 3 is 700. So they make $700 each hour.

Now, their goal is $6300. They've already raised $2100, so the remaining amount they need is 6300 minus 2100. Let me subtract that. 6300 - 2100 equals 4200. So they need to raise another $4200.

Since they make $700 per hour, the number of hours needed to raise $4200 would be 4200 divided by 700. Let me do that"
gsm8k_709,gsm8k,stochastic,29.1246,188.42,113.48,256,8.79,"  (Assume that the factory can make both flavors at the same time.)

Okay, let's see. The problem is about an ice cream factory that makes chocolate and vanilla ice cream. I need to figure out how many quarts total they can make in 48 hours. The factory can make both flavors at the same time. Hmm, so I need to calculate the production rates for each flavor and then combine them over 48 hours.

First, let's break down the information given. For chocolate ice cream, they make 100 quarts in 2 hours. So, their rate for chocolate is 100 quarts divided by 2 hours. That would be 50 quarts per hour. Wait, is that right? Yes, because 100 divided by 2 is 50. So chocolate is 50 quarts per hour.

Then for vanilla, they make 50 quarts in 4 hours. So the rate for vanilla is 50 divided by 4. Let me calculate that. 50 divided by 4 is 12.5 quarts per hour. So vanilla is 12.5 quarts per hour.

Now, since the factory can make both"
gsm8k_721,gsm8k,stochastic,29.1427,237.56,113.35,256,8.78," 

Answer: <number>
Okay, let's see. So the problem is about Helga, a clog dancer in Slovenia. We need to find out the total number of times she taps both feet when she dances for 5 minutes. The key here is to figure out how her tapping rates change depending on whether her arms are raised or not.

First, let me parse the information given. When her arms are down, she can tap her right foot at 300 taps per minute and her left foot at 250 taps per minute. But when she raises her arms, each foot's tap rate slows down to 200 taps per minute. The dance is 5 minutes long, and her arms are raised during only 2 of those minutes. So, the remaining 3 minutes must be when her arms are down.

The question is asking for the combined total number of taps for both feet. So, I need to calculate the number of taps for each foot during the time her arms are down and when they are up, then add them together.

Let me break it down. 

First, let's figure out the time periods. Total time is 5 minutes. Arms raised for 2 minutes, so arms down for 5 -"
gsm8k_726,gsm8k,stochastic,29.1105,187.31,113.42,256,8.79," 

Answer: <number>
Okay, let's try to solve this problem. So, Topher's shoe is 8 feet 4 inches long, and we need to find the length of Bobby's shoe in inches. The problem says that Topher's shoe is 10 inches longer than 9 times Bobby's shoe length. 

First, I need to convert Topher's shoe length into inches because the answer needs to be in inches. Let me recall that 1 foot is 12 inches. So, 8 feet is 8 times 12 inches. Let me calculate that: 8 * 12 = 96 inches. Then, there's an additional 4 inches, so total length is 96 + 4 = 100 inches. So, Topher's shoe is 100 inches long.

Now, according to the problem, this length (100 inches) is equal to 9 times Bobby's shoe length plus 10 inches. Let me write that as an equation. Let me denote Bobby's shoe length as B inches. Then, the equation is:

Topher's shoe = 9 * Bobby's shoe + 10

So, 100 = "
gsm8k_730,gsm8k,stochastic,29.0203,186.32,113.07,256,8.82,"  How many pieces of gum will he not use?

To solve this, we need to first find out how many pieces of gum Parker uses in 30 days.  Then, we need to divide that number by the number of pieces in a pack to find out how many packs he needs.  Then, we can find out how many pieces he will not use by subtracting the total number of pieces used from the total number of pieces in the packs he buys.

First, find out how many pieces of gum Parker uses in 30 days.

Parker uses 4 pieces of gum per day.  So, in 30 days, he will use 4 * 30 = 120 pieces of gum.

Next, find out how many packs of gum he needs.  Since each pack has 15 pieces, we divide the total number of pieces he uses by the number of pieces per pack.

120 / 15 = 8 packs.

But since he can't buy a fraction of a pack, we need to round up to the nearest whole number.  In this case, 120 is exactly divisible by 15, so he needs 8 packs.

Now, find out how many pieces of"
gsm8k_731,gsm8k,stochastic,29.1935,200.74,113.7,256,8.77," 

Okay, let's see. I need to figure out how many boxes of graham crackers are needed for the kids and adults. Let me start by breaking down the problem step by step.

First, the problem says each sleeve of graham crackers makes the base for 8 large smores. So, one sleeve = 8 smores. Then there are 3 sleeves in a box. So, each box has 3 sleeves, which would make 3 times 8 smores per box. Let me calculate that: 3 sleeves/box * 8 smores/sleeve = 24 smores per box. So each box provides 24 smores.

Now, the next part is figuring out how many smores are needed in total. There are 9 kids, each wanting 2 smores. So, 9 kids * 2 smores each = 18 smores for the kids. Then there are 6 adults, each eating 1 smore. So, 6 adults * 1 smore each = 6 smores for the adults. Adding those together: 18 + 6 = 24 smores total needed.

Wait, so the total number of smores needed is 2"
gsm8k_738,gsm8k,stochastic,29.1249,155.62,113.61,256,8.79," 

Let me think. So, first, I need to figure out how many books Steven has. Since Clara has two times as many books as Steven, and Clara has 20 books, then Steven must have 20 divided by 2, which is 10 books. 

Okay, so Steven has 10 books. Then Alice has 6 more books than Steven. So Alice has 10 plus 6, which is 16 books. 

Now, the question is asking how many more books Clara has than Alice. Clara has 20 books and Alice has 16, so 20 minus 16 is 4. 

Wait, that seems straightforward. Let me check again. If Clara has 20, then Steven has 10. Alice has 10 + 6 = 16. Then 20 - 16 = 4. Yeah, that seems right. 

Hmm, but maybe I made a mistake in the first step. Let me verify. If Clara has two times Steven's books, then Steven's books are half of Clara's. 20 divided by 2 is indeed 10. Then Alice has 6 more than Steven, so 1"
gsm8k_745,gsm8k,stochastic,29.1558,188.85,113.6,256,8.78," 

Answer: <number>
Okay, let's see. Mark buys some packs of old magic cards and then opens them to sell. The question is asking how much profit he made. Alright, profit is usually calculated as total revenue minus total cost. So I need to figure out how much he spent initially and how much he made from selling the cards.

First, let me parse the problem again. He buys 3 packs for $1800 each. Wait, so the cost of the packs is 3 times $1800. Let me calculate that first. 3 times 1800 is... 3*1800. Well, 1800*2 is 3600, plus another 1800 is 5400. So total cost for the packs is $5400. That's his total cost.

Now, when he opens the packs, he gets some valuable cards. The problem says he gets 1 card worth $4000 and another card worth $1000. Then there are 30 more cards worth an average of $50 each. So I need to calculate the total value of all the cards he got from opening the"
gsm8k_749,gsm8k,stochastic,29.1192,156.37,113.58,256,8.79," 

Answer: <number>
Okay, let's see. The problem says there are 54 students who need to be separated into six groups of equal size. Then, the activity requires 12 groups. The question is asking how many more groups are needed to form. Hmm, wait, maybe I need to clarify what exactly is being asked here.

First, let me break down the information. There are 54 students. Initially, they are to be divided into six groups of equal size. So, if there are six groups, each group would have 54 divided by 6 students. Let me calculate that: 54 ÷ 6 equals 9. So each group would have 9 students. That makes sense.

Now, the activity requires 12 groups. Wait, does that mean that the original plan was six groups, but now they need to form 12 groups? So, how many more groups are needed? If they originally had six groups, and now they need 12, then the difference is 12 minus 6, which is 6. So, they need 6 more groups. But wait, maybe I need to check if the question is about forming groups of equal size, so maybe"
gsm8k_750,gsm8k,stochastic,29.024,188.75,113.08,256,8.82," 

Answer: <number>
Okay, let's see. Candy's chair rental business. So, the problem is asking how many chairs she can rent out in two 4-week months. Hmm. Let me break this down.

First, I need to figure out how many chairs are rented each week, and then multiply that by the number of weeks. But wait, the question mentions two 4-week months. So that's 2 months, each with 4 weeks. So total weeks would be 2 times 4, which is 8 weeks. But wait, maybe I need to check if the months are 4 weeks each. Well, the problem says ""two 4-week months,"" so I guess that's 8 weeks total.

But wait, maybe I should think about the days. Wait, the problem says weekdays and weekends. So each week has 5 weekdays and 2 weekend days. So, during weekdays, 60 chairs are rented each day. On weekends, 100 chairs per day. So, per week, how many chairs are rented?

Let me calculate that. For a single week, there are 5 weekdays and 2 weekend days. So, chairs rented on weekdays: 5 days * 60"
gsm8k_751,gsm8k,stochastic,29.1079,233.44,113.23,256,8.79,"  Also, how many bananas did Arnold steal in total?

To solve this, we need to track the number of bananas in the pile each day, accounting for the thefts and additions.

Let's break it down day by day:

Day 1:
- Gunther initially had 48 bananas.
- Arnold stole half of them, so he stole 48 / 2 = 24 bananas.
- Therefore, Gunther was left with 48 - 24 = 24 bananas.

Day 2:
- Gunther added 25 bananas to the pile, so the total became 24 + 25 = 49 bananas.
- Arnold then stole 12 bananas from the pile.
- Therefore, the pile now has 49 - 12 = 37 bananas.

Day 3:
- Gunther added 6 bananas to the pile, so the total became 37 + 6 = 43 bananas.
- Gunther began counting the bananas, so the final count is 43 bananas.

Total stolen by Arnold:
- Arnold stole 24 bananas on day 1 and 12 bananas on day 2.
- So, the total stolen is 24 + "
gsm8k_756,gsm8k,stochastic,29.2066,189.13,113.79,256,8.77," 

Answer: <number>
Okay, let's see. There's a council with 33 people. They voted on a new regulation. The vote passed with twice as many votes in favor as against it. I need to find the number of votes in favor.

Hmm, so let me break this down. Let's say the number of votes against the regulation is some number, let's call it x. Then, according to the problem, the number of votes in favor would be twice that, so 2x. 

But wait, the total number of people on the council is 33. So the total votes should be the sum of votes in favor and against. That would be x (against) plus 2x (in favor) equals 33. So, x + 2x = 33. That simplifies to 3x = 33. 

Then, solving for x, I divide both sides by 3. So x = 33 / 3 = 11. That means there were 11 votes against. Then the votes in favor would be twice that, so 2 * 11 = 22. 

Let me check if that adds up. 11 against"
gsm8k_770,gsm8k,stochastic,29.1213,228.2,113.31,256,8.79," 

Step 1: Determine the total number of vanilla scents sold. The problem states that they sell 5 of each of the vanilla scents available. Since there are 4 vanilla scents available, the total number of vanilla scents sold is 5 * 4 = 20.

Step 2: Determine the total number of fruity scents sold. The problem states that they sell 2 of each of the fruity scents available. Since there are 8 fruity scents available, the total number of fruity scents sold is 2 * 8 = 16.

Step 3: Calculate the difference between the number of vanilla scents sold and fruity scents sold. This is 20 - 16 = 4.

Final Answer: 4
Answer: 4

Wait, but I think I made a mistake here. The problem says they sell 5 of each of the vanilla scents available. But there are 4 vanilla scents available. So, does that mean they sold 5 of each of the 4 vanilla scents, which would be 5 * 4 = 20? But then the fruity scents are 8 in total, and they sold 2 of each, so"
gsm8k_771,gsm8k,stochastic,29.2449,185.75,113.96,256,8.75," 

Okay, let's see. Bennet is a farmer who sells eggplants and corn. He wants to make a total of $135. First, I need to figure out how much money he makes from the eggplants and then determine the price per ear of corn he needs to sell to reach his total goal.

So, he sells 20 eggplants at $3 each. Let me calculate that. 20 times 3 is 60. So, from the eggplants, he gets $60.

Now, he has 25 ears of corn to sell. Let's call the price per ear of corn ""x"". So, the total amount he gets from the corn would be 25 times x, which is 25x.

His total earnings from both eggplants and corn should be $135. So, the equation would be the money from eggplants plus the money from corn equals 135. That is:

60 + 25x = 135

Now, I need to solve for x. Subtract 60 from both sides:

25x = 135 - 60

135 minus 60 is 75. So"
gsm8k_772,gsm8k,stochastic,29.2203,187.45,113.85,256,8.76," 

Answer: <number>
Okay, let's see. Tatiana has a total weekend time to split between soccer, video games, and reading. She has 7 hours on Saturday and 5 hours on Sunday. Wait, so total time is 7 + 5 = 12 hours? Or is it separate for each day? Hmm, the question says ""what percentage of her weekend does she spend playing soccer?"" So I think we need to consider the total weekend time, which is 7 + 5 = 12 hours. 

She reads for 3 hours. So that's 3 hours out of the total 12. Then, she plays video games for 1/3 of the remaining time. Wait, the remaining time after reading? Let me check. 

First, total time is 12 hours. She reads for 3 hours. So the remaining time is 12 - 3 = 9 hours. Then, she plays video games for 1/3 of that remaining time. So 1/3 of 9 is 3 hours. So video games take 3 hours. 

Then, the time left for soccer would be the remaining time after reading and video games. So total time is "
gsm8k_773,gsm8k,stochastic,29.1254,185.24,113.49,256,8.79," 

Let me think. So Anthony starts with 50 pencils. He gives half to Brandon. Half of 50 is 25. So he gives 25 pencils to Brandon. Then he has 50 - 25 = 25 pencils left. 

Now, he gives 3/5 of the remaining pencils to Charlie. So 3/5 of 25. Let me calculate that. 25 divided by 5 is 5. 5 times 3 is 15. So he gives 15 pencils to Charlie. 

Then, the remaining pencils are 25 - 15 = 10. So Anthony kept 10 pencils. 

Wait, let me check again. 50 pencils. Half to Brandon is 25. 50 - 25 = 25. Then 3/5 of 25 is 15. 25 - 15 = 10. Yes, that seems right. 

Alternatively, maybe I can do it with fractions. Starting with 50. After giving 1/2 to Brandon, he has 1/2 * 50 = 25. Then he gives "
gsm8k_783,gsm8k,stochastic,29.2841,234.34,113.92,256,8.74," Let me think.

Okay, let's try to figure out this problem step by step. So, Bob initially has 7 fish in his pond: 3 orange and 4 white. Then he buys 17 more fish from the pet store, which has a mix of white and orange fish. After adding them to his pond, he has twice as many orange fish as white fish. We need to find out how many white fish he bought from the store.

First, let me note down the given information:

- Original fish: 3 orange, 4 white. Total = 7.
- He adds 17 fish. Let's call the number of orange fish he bought as 'o' and the number of white fish he bought as 'w'. So, o + w = 17.
- After adding, total orange fish = original orange + o = 3 + o.
- Total white fish = original white + w = 4 + w.
- The problem states that after adding, the number of orange fish is twice the number of white fish. So, 3 + o = 2*(4 + w).

So, we have two equations:

1. o + w = 17
2. 3 + o"
gsm8k_784,gsm8k,stochastic,29.1261,196.96,113.45,256,8.79," Assume that the car's fuel efficiency is the same on all days.

Let me think about this step by step.

First, I need to figure out how many miles Andy drives in a week. He goes to work from Monday to Friday, which is 5 days. Each day, he drives 5 miles one way, so the round trip is 10 miles per day. Therefore, in a week, he drives 5 days * 10 miles/day = 50 miles per week.

Next, I need to calculate how many gallons of gas he uses per week. His car's fuel efficiency is 10 MPG, so the number of gallons used is total miles divided by miles per gallon. That would be 50 miles / 10 MPG = 5 gallons per week.

Then, I need to find out the cost of that gas. The price is $3 per gallon, so the total cost is 5 gallons * $3/gallon = $15 per week.

Therefore, the answer should be $15.
Final Answer: 15
To determine how much money Andy's car is consuming per week, we follow these steps:

1. **Calculate weekly driving distance:**
   - Andy drives from home to work"
gsm8k_792,gsm8k,stochastic,29.262,190.14,114.01,256,8.75," 

Step 1: Determine how many bottle caps Damien collects in a 30-day month.
Step 2: Determine how much money each bottle cap is worth.
Step 3: Multiply the total number of bottle caps by the value of each bottle cap to find the total amount of money earned.

Let's solve the problem step by step.

Step 1: Damien finds 10 bottle caps a day. In a 30-day month, he would find 10 * 30 = 300 bottle caps.

Step 2: Each bottle cap is worth $0.25.

Step 3: Multiply the total number of bottle caps (300) by the value of each bottle cap ($0.25). 300 * 0.25 = 75.

So, Damien makes $75 in a 30-day month.

Final Answer: 75
Answer: 75
Final Answer: 75
The answer is 75. Damien makes $75 in a 30-day month. 

Final Answer: 75
The answer is 75. Damien makes $75 in a 30-day month. 

Final Answer:"
gsm8k_796,gsm8k,stochastic,29.098,199.22,113.33,256,8.8," 

Step 1: Calculate the total number of employees after three months.
Step 2: Calculate the total salary paid to employees in each month.
Step 3: Multiply the total salary per month by the number of months to get the total amount paid over three months.

Let me check my understanding of the problem. The company starts with 200 employees. Each month, they hire 20 new employees. So after three months, how many employees are there in total?

Step 1: Initial employees = 200. Each month, 20 new employees are added. So after 1 month, total employees = 200 + 20 = 220. After 2 months, 220 + 20 = 240. After 3 months, 240 + 20 = 260. So total employees after three months is 260.

Wait, but the question says ""calculate the total amount of money the company pays to its employees after three months."" Does that mean the total over three months, or the total at the end of three months? The wording is a bit ambiguous. But given that the question says ""after three months,"" and the"
gsm8k_804,gsm8k,stochastic,29.2515,190.7,113.96,256,8.75,"  How many miles will separate them after 10 hours?

Let me think. So, the problem is about two cars on a highway. The first car is going at 60 mph, and the second car passes it at 70 mph. We need to find the distance between them after 2 hours and after 10 hours. 

First, I need to understand the scenario. When the second car passes the first car, that means they are at the same point at the same time. But since the second car is faster, it will start to pull ahead. The question is about how much distance they will be apart after a certain time. 

Wait, but when the second car passes the first car, that's the moment when they are at the same position. So, after that moment, the second car is moving faster, so it will start to get ahead. The distance between them will increase over time. 

So, the problem is to find the distance between them after 2 hours and after 10 hours. 

But wait, how long after the passing? The problem says ""after 2 hours"" and ""after 10 hours"". So, the passing happens at time t=0, and then we need to calculate"
gsm8k_807,gsm8k,stochastic,29.0811,196.83,113.27,256,8.8," 

Answer: <number>
Let me think. So, the problem is about Milo making a mosaic with glass chips. The key information here is that it takes twelve glass chips to make every square inch of the mosaic. He has two bags, each holding 72 chips, so that's 72 times 2, which is 144 chips total. Now, the mosaic is three inches tall. The question is asking how many inches long he can make his mosaic with those chips.

First, I need to figure out the total area of the mosaic he can make with 144 chips. Since each square inch requires 12 chips, the area would be the total number of chips divided by 12. So 144 divided by 12 is 12 square inches. 

But wait, the mosaic is three inches tall. So if the area is 12 square inches, and the height is 3 inches, then the length would be area divided by height. That is 12 divided by 3, which is 4 inches. 

Wait, let me check that again. If the area is 12 square inches, and the height is 3 inches, then the length is 12"
gsm8k_811,gsm8k,stochastic,29.066,190.64,113.24,256,8.81," To solve this, you need to find the total number of branches he climbed during the week and then divide by 7.

To find the total number of branches he climbed during the week, you need to divide the total amount he made by the cost per branch.

So, total branches = total amount / cost per branch = 105 / 0.25.

Let me calculate that. 105 divided by 0.25 is 420. So, he climbed 420 branches during the week. Then, to find the average per day, divide by 7. 420 divided by 7 is 60. So, on average, he climbed 60 branches per day.

Final Answer: 60
Answer: \boxed{60}
Step-by-Step Explanation:
1. Total amount earned in a week: $105
2. Cost per branch: $0.25
3. Total branches climbed in a week: 105 / 0.25 = 420
4. Number of days in a week: 7
5. Average branches per day: 420 / 7 = 60
Final"
gsm8k_812,gsm8k,stochastic,29.0301,235.61,112.92,256,8.82,"  Also, how many flowers are in the vase?

To solve this, we need to calculate the total number of petals and the total number of flowers.  First, we need to calculate the total number of petals.  Let's break it down step by step.

First, she picks 3 flowers with 5 petals each.  So, 3 times 5 is 15 petals.

Then, she picks 4 flowers with 6 petals each.  So, 4 times 6 is 24 petals.

Next, she adds another 5 flowers with 4 petals each.  So, 5 times 4 is 20 petals.

Lastly, she picks 6 flowers with 7 petals each.  So, 6 times 7 is 42 petals.

Now, we need to add up all these petals.  15 plus 24 is 39.  39 plus 20 is 59.  59 plus 42 is 101 petals.

Now, we need to calculate the total number of flowers.  She picks 3 flowers, then 4, then 5, then 6.  So, 3 plus 4 is "
gsm8k_818,gsm8k,stochastic,29.2324,196.0,113.87,256,8.76," 

Okay, let's see. So the problem is about Joe and Robert's cars. Let me try to break it down step by step.

First, it says Joe has twice as many cars as Robert. Robert has 20 cars. So, Joe's total number of cars initially should be 2 times 20. Let me calculate that. 2 times 20 is 40. So Joe starts with 40 cars.

Now, Joe sells 20% of them. Let me figure out how many cars that is. 20% of 40. To calculate that, 20% is 0.2 in decimal. So 0.2 times 40 equals 8. So Joe sells 8 cars.

Then, the problem says he gives away twice as many cars as the number he sold to his mother. Wait, so the number he sold is 8, so twice that would be 16. So he gives away 16 cars to his mother.

So, total cars Joe has given away are the ones he sold plus the ones he gave to his mother. Wait, but the problem says he sells 20% and gives away twice as many as the number he sold"
gsm8k_828,gsm8k,stochastic,29.1006,187.89,113.38,256,8.8," 

Step 1: Start with the initial amount of money that Mulan has, which is $40.
Step 2: Add the amount her father gave her, which is $100. So, $40 + $100 = $140.
Step 3: Calculate the total cost of the two pairs of jeans. Each pair costs $30, so 2 × $30 = $60.
Step 4: Add the cost of the bag, which is $20. So, $60 + $20 = $80.
Step 5: Subtract the total cost of the jeans and bag from the total money she has. $140 - $80 = $60.

Final Answer: 60
Answer: \boxed{60} 

Wait, but I just realized that the problem says ""two pairs of jeans at $30 each and a bag for $20."" So the total cost is 2*30 + 20 = 80. Then, 40 + 100 = 140. 140 - 80 = 60. So the answer is 60."
gsm8k_844,gsm8k,stochastic,29.2185,196.74,113.81,256,8.76," 

Okay, let's try to figure out this problem. So, Peter has twice as many socks as Jack, and half as many dishes as Jack. Jack collected twice as many dishes as socks in the store. And we know Jack has 60 dishes. We need to find the total number of socks and dishes they have together.

First, let me parse the information step by step. Let me note down the given data.

Jack has 60 dishes. Also, Jack collected twice as many dishes as socks. Wait, so does that mean that the number of dishes Jack has is twice the number of socks he has? Let me check.

The problem says: ""Jack collected twice as many dishes as socks in the store."" So, if Jack has D dishes and S socks, then D = 2S. But we are told that Jack has 60 dishes. So, D = 60. Therefore, 60 = 2S. Therefore, S = 30. So Jack has 30 socks.

Wait, but the problem says ""Jack collected twice as many dishes as socks in the store."" So maybe that's the relationship between Jack's dishes and his socks. So yes, if Jack has 60 dishes,"
gsm8k_845,gsm8k,stochastic,29.1786,188.29,113.69,256,8.77," How many are good at English?

Let me think. First, I need to find out how many students are good at both math and English. The total number of students is 20. Out of these, 5 are good at math only, and 8 are good at English only. So, the remaining students must be good at both. To find that, I subtract the number of students good at only math and only English from the total. That would be 20 - 5 - 8 = 7. So, 7 students are good at both subjects.

Now, to find how many are good at math, I need to add the students who are good at math only and those who are good at both. That's 5 + 7 = 12. Similarly, for English, it's 8 + 7 = 15. 

Wait, but let me check if that's correct. The total number of students should be 5 (math only) + 8 (English only) + 7 (both) = 20. Yes, that adds up. So, the number of students good at math is 12 and those good at English is 15. 

Therefore, the answers"
gsm8k_846,gsm8k,stochastic,29.1587,191.07,113.6,256,8.78," 

Answer: <number>
Okay, let's see. Vicki is planning a pop concert that's 2 hours long. So first, I need to figure out the total time available for the concert. Since 2 hours is 120 minutes, that's the total time.

Now, she's allowing each group some time to get on stage, perform, and exit. Each group takes 2 minutes to get on stage, 6 minutes to perform, and 2 minutes to exit. So for each group, that's 2 + 6 + 2 = 10 minutes. Wait, is that right? Let me check again. 2 minutes on stage, 6 minutes performing, 2 minutes off. Yeah, 2+6+2 is 10 minutes per group.

But then there's also a 10-minute intermission. So the total time is 120 minutes, and she's allocating 10 minutes for the intermission. So the remaining time is 120 - 10 = 110 minutes for the performances and the time for groups to get on and off.

Wait, but does the intermission come in between the groups? Or is it part of the total"
gsm8k_847,gsm8k,stochastic,29.1499,155.08,113.71,256,8.78," 

Okay, let's see. Brenda invested $300, and it's simple interest. The rate is three-quarters of the original amount per year. Wait, three-quarters of the original amount? Hmm, that might be a bit confusing. Let me parse that again. The problem says the rate is three-quarters of the original amount per year. So, the rate is 3/4 of the original amount? But that doesn't make sense because interest rates are usually percentages, right? Like 3/4 of 100% is 75%, so maybe it's 75% per year? But the wording says ""three-quarters of the original amount per year."" Wait, maybe the rate is 3/4 of the original amount? But that would be 3/4 of $300, which is $225. That can't be right because the rate is supposed to be a percentage. Maybe the problem is written in a way that's a bit confusing. Let me think again.

Wait, maybe the rate is three-quarters (i.e., 75%) of the original amount. But that still doesn't make sense. Wait, maybe the rate is three-quarters of the original amount divided by the original"
gsm8k_848,gsm8k,stochastic,29.2201,199.05,113.81,256,8.76," 

Answer: <number>
Okay, let's try to solve this problem step by step. First, I need to understand what's being asked. The question is about comparing two quantities: the number of floral shirts without buttons and the number of white shirts without collars. The answer will be the difference between these two numbers.

Let me start by listing out the given information:

- Total white shirts: 40
- Total floral shirts: 50
- Half of the white shirts have collars. So, the number of white shirts with collars is half of 40. That would be 40 divided by 2, which is 20. Therefore, there are 20 white shirts with collars. But wait, the problem says ""half of the white shirts have collars,"" so that means the other half don't have collars. So, the number of white shirts without collars would be 40 - 20 = 20. Let me check that again. If half have collars, then 40/2 = 20 with collars, so 40 - 20 = 20 without collars. That seems right.

Next, for the floral shirts:"
gsm8k_851,gsm8k,stochastic,29.2073,157.79,113.92,256,8.76," To solve this, first find how many pairs of shoes he buys in a year.  Then divide the total cost by the number of pairs.

Okay, let's see. James buys 2 pairs of shoes each month. So, first, I need to figure out how many pairs he buys in a year. Since there are 12 months in a year, I can multiply 2 pairs per month by 12 months. That would be 2 * 12 = 24 pairs per year. 

Now, he spends $2640 each year on shoes. To find the average cost per pair, I need to divide the total annual cost by the number of pairs he buys in a year. So that's $2640 divided by 24 pairs. Let me do that calculation. 

2640 divided by 24. Hmm, 24 times 100 is 2400, so subtracting that from 2640 leaves 240. Then 24 times 10 is 240. So 100 + 10 = 110. So 24 * 110 = 2640"
gsm8k_852,gsm8k,stochastic,29.1161,197.58,113.41,256,8.79," To get the total cost, you need to calculate the cost of green food and red food separately and then add them together. 

First, calculate the cost of green food. The price of one basket of green food is $25. If you buy 3 baskets, the total cost is 25 × 3 = $75.

Next, calculate the discount for red food. For each basket of red food, you get $2 off. If you buy 3 baskets, the total discount is 2 × 3 = $6.

Then, calculate the cost of red food after the discount. The original price of one basket of red food is $18. After the discount, the price is 18 - 2 = $16. So, for 3 baskets, the total cost is 16 × 3 = $48.

Finally, add the total cost of green food and red food together. $75 + $48 = $123.

So, the total cost is $123.
Answer: <number>
Okay, let's see. The problem is about calculating the total cost of buying some green and red food baskets with a discount on the red ones. Let me go through the"
gsm8k_856,gsm8k,stochastic,29.2698,196.66,114.01,256,8.75," To solve this problem, you need to divide 27 by 8 and round up to the nearest whole number. What is the answer?

Answer: <number>
Okay, let's see. Mr. Jackson has 27 students, and each needs 2 glue sticks. So first, I need to figure out the total number of glue sticks required. That would be 27 students multiplied by 2 glue sticks each. Let me calculate that: 27 times 2 is 54. So they need 54 glue sticks in total.

Now, the glue sticks come in packs of 8. To find out how many packs are needed, I have to divide the total number of glue sticks by the number in each pack. So that's 54 divided by 8. Let me do that division. 8 times 6 is 48, and 54 minus 48 is 6. So that's 6 packs with a remainder of 6. Since you can't buy a fraction of a pack, and he needs to make sure every student gets their glue sticks, he has to round up. So 6 packs would only give 48 glue sticks, which is 6 short of 5"
gsm8k_863,gsm8k,stochastic,29.1385,156.88,113.65,256,8.79," 

Step 1: Let's find out how many silver coins Gretchen has. Since there are 30 more gold coins than silver coins, and she has 70 gold coins, we can subtract 30 from the number of gold coins to find the number of silver coins. So, 70 - 30 = 40 silver coins.

Step 2: Now, let's find the total number of coins. We have 70 gold coins and 40 silver coins. Adding them together, 70 + 40 = 110 coins in total.

Final Answer: 110
Answer: 110

Wait, but I just realized that the problem says ""Gretchen has some coins. There are 30 more gold coins than silver coins."" So if she has 70 gold coins, then the number of silver coins is 70 - 30 = 40. Then total coins are 70 + 40 = 110. That seems correct. But let me check again. If there are 30 more gold coins than silver coins, then silver coins = gold coins - 30. So silver coins = 70"
gsm8k_868,gsm8k,stochastic,29.2471,197.09,113.92,256,8.75," 

Answer: <number>
Okay, let's see. Greg needs to make jello cups for his son's party. There are 30 kids, and each kid should get 4 cups. So first, I need to figure out how many total cups he needs. 

30 kids times 4 cups each would be 30 multiplied by 4. Let me calculate that: 30*4 is 120. So he needs 120 jello cups in total.

Now, each three-ounce box makes 10 cups. So how many boxes does he need to get 120 cups? Let me divide 120 by 10. That gives 12. So he needs 12 boxes of jello.

Each box is on sale for $1.25. So the total cost would be 12 boxes multiplied by $1.25 per box. Let me do that math: 12*1.25. Hmm, 12*1 is 12, and 12*0.25 is 3, so adding those together gives 15. 

Therefore, Greg will spend $15 on jello. Let"
gsm8k_869,gsm8k,stochastic,28.9844,155.37,113.05,256,8.83," 

Step 1: Find the total cost of the phones. The total cost is the number of phones times the cost per phone. So, 5 phones times $700 each is 5 × 700 = $3500.
Step 2: Subtract the total cost from the amount given by the seller to find the change. The seller gave $4000, so 4000 - 3500 = $500.

Final Answer: 500
Answer: \boxed{500}
Okay, let's see. The problem is about an electronics seller who bought 5 phones at $700 each. Then the seller gives $4000 in dollar bills, and we need to find out how much change the seller will get back. 

First, I need to figure out the total cost of the phones. Since there are 5 phones and each costs $700, I should multiply 5 by 700. Let me do that calculation. 5 times 700 is 3500. So the total cost is $3500.

Next, the seller gave $4000. To find the change"
gsm8k_871,gsm8k,stochastic,29.179,193.87,113.67,256,8.77," To solve this, you need to calculate the number of pieces he ate on each day and then add them up.

First, find out how many pieces he ate on the first day: 2/5 of 60. That is 2/5 * 60 = 24 pieces.

Then, find out how many pieces were left after the first day: 60 - 24 = 36 pieces.

Next, find out how many pieces he ate on the second day: 10 pieces.

Then, find out how many pieces were left after the second day: 36 - 10 = 26 pieces.

Now, find out how many pieces he ate on the third day: 7/13 of the remaining pieces. That is 7/13 * 26 = 14 pieces.

Finally, add up the pieces he ate on each day: 24 + 10 + 14 = 48 pieces.

So, the answer is 48.
Final Answer: 48
Answer: 48

Final Answer: 48
Okay, let's see. Tobias bought a pizza with 60 pieces. He ate some on the first"
gsm8k_874,gsm8k,stochastic,28.9996,154.31,113.12,256,8.83," 

Step 1: Find the amount Ella earns per hour.
Step 2: Multiply that hourly rate by the number of hours she walks dogs.
Answer: <number>
To solve this problem, we need to determine how much Ella earns per hour and then calculate her total earnings for 12 hours.

Step 1: Find the amount Ella earns per hour.
Ella earned $33 for 3 hours of work. To find her hourly rate, we divide the total earnings by the number of hours:
$$
\text{Hourly rate} = \frac{\text{Total earnings}}{\text{Number of hours}} = \frac{33}{3} = 11
$$
So, Ella earns $11 per hour.

Step 2: Multiply that hourly rate by the number of hours she walks dogs.
To find out how much Ella would earn after 12 hours, we multiply her hourly rate by 12:
$$
\text{Total earnings for 12 hours} = 11 \times 12 = 132
$$
Therefore, Ella would earn $132 after 12 hours of walking dogs.

Final Answer: 132
Answer: 1"
gsm8k_875,gsm8k,stochastic,29.0668,153.09,113.39,256,8.81," 

Step 1: Find the total number of marbles Paul has after his friend gave him 28 marbles. 

Total marbles = 52 + 28 = 80 marbles.

Step 2: Find out how many marbles Paul lost. 

He lost 1/4 of his marbles. So, 1/4 of 80 is 80 ÷ 4 = 20 marbles.

Step 3: Subtract the number of marbles he lost from the total to find how many he has left. 

80 - 20 = 60 marbles.

Final Answer: 60
Answer: 60

Final Answer: 60
The answer is 60. The steps are correct, and the final answer is 60. So, the answer is \boxed{60}.
The answer is \boxed{60}. The steps are correct, and the final answer is 60. So, the answer is \boxed{60}. The answer is \boxed{60}. The steps are correct, and the final answer is 60. So, the answer is \boxed{60}. The answer is \boxed"
gsm8k_886,gsm8k,stochastic,29.2126,195.21,113.79,256,8.76," 

Answer: <number>
Okay, let's try to figure out this problem. So, the singer has 50 microphones and wants to arrange them in pairs. But he realizes that 20% of the microphones won't find any space to fit in after arranging the rest in pairs. The question is asking how many pairs he was able to arrange.

First, let me make sure I understand the problem correctly. He has 50 microphones total. He tries to pair them up, but 20% of them can't be paired. So, the remaining 80% can be paired, and that's how many pairs he ends up with. Wait, but maybe I need to think about it differently. Maybe when he arranges the rest in pairs, the ones that can't be paired are left over. So, the number of microphones that can be paired is 50 minus 20% of 50. Then, since each pair is two microphones, the number of pairs would be that number divided by 2.

Let me check that. 20% of 50 is 0.2 * 50 = 10. So, 50 - 10 ="
gsm8k_887,gsm8k,stochastic,29.0524,186.55,113.2,256,8.81," 

Step 1: Identify the number of birds nesting in the bushes. This is given as 6.
Step 2: Calculate the number of birds flying overhead. This is 2/3 of the number of nesting birds, so 2/3 * 6 = 4.
Step 3: Calculate the number of birds feeding. This is 3 groups of 8 birds each, so 3 * 8 = 24.
Step 4: Add all the birds together. 6 + 4 + 24 = 34.

Final Answer: 34
Answer: \boxed{34}
Jerry counts six birds nesting in the bushes, 2/3 of that number of birds flying overhead, and 3 groups of eight birds each feeding. To find the total number of birds, we follow these steps:

1. **Birds nesting in the bushes**: Given as 6.
2. **Birds flying overhead**: $ \frac{2}{3} \times 6 = 4 $.
3. **Birds feeding**: $ 3 \times 8 = 24 $.
4. **Total birds**: $ 6 + 4 + 24 = 34 $"
gsm8k_888,gsm8k,stochastic,29.0683,151.65,113.4,256,8.81," 

Step 1: Find out how many cookies were left after Lani ate some. 

Step 2: Divide the remaining cookies into five jars equally.

Let me think about this. 

First, Lani baked 55 cookies. Then she ate 5 cookies. So, the number of cookies left is 55 minus 5. That would be 50 cookies. 

Then, she placed these 50 cookies equally into five jars. So, each jar would have 50 divided by 5. That would be 10 cookies per jar. 

So, the answer is 10. 

Final Answer: 10
Yes, that's correct. The steps make sense. First, subtract the cookies Lani ate from the total, then divide the remaining by the number of jars. The calculations are straightforward. 55 minus 5 is 50, and 50 divided by 5 is indeed 10. I don't see any errors in the reasoning. 

Final Answer: 10
Okay, let me check again. 

Total cookies: 55. 

Cookies eaten: 5. 

Left: 55 - 5 = 50. 

Divided"
gsm8k_889,gsm8k,stochastic,29.1936,189.23,113.74,256,8.77," 

Step 1: Find the total number of petals on the orchids. Since there are 5 orchids and each has 5 petals, we multiply 5 by 5.
Step 2: Find the total number of petals on the daisies. Since there are 4 daisies and each has 10 petals, we multiply 4 by 10.
Step 3: Subtract the total petals of the orchids from the total petals of the daisies to find the difference.

Let me check my calculations again.

Step 1: 5 orchids × 5 petals = 25 petals.
Step 2: 4 daisies × 10 petals = 40 petals.
Step 3: 40 petals (daisies) - 25 petals (orchids) = 15 petals.

So the daisies have 15 more petals than the orchids.

Final Answer: 15
Answer: 15
Okay, let's see. Joelle has 5 orchids and 4 African daisies. The question is asking how many more petals the daisies have compared to the orchids. 

First, I need to figure out the"
gsm8k_892,gsm8k,stochastic,29.1558,189.66,113.59,256,8.78," Let's think about this step by step.

Okay, let's see. Ellen eats two carrots, a salad, and a yogurt every day. The salad is $6, and the yogurt is half the price of the salad. So first, I need to figure out the cost of the yogurt. Since the yogurt is half the price of the salad, which is $6, then the yogurt should be $6 divided by 2. That would be $3 for the yogurt.

Now, let's break down her daily expenses. She has the salad at $6, the yogurt at $3, and two carrots. Let me denote the cost of one carrot as x. So, two carrots would be 2x. 

Adding all these up, the total daily cost should be the sum of the salad, yogurt, and two carrots. So that's 6 (salad) + 3 (yogurt) + 2x (carrots) = 9 + 2x. 

But the problem says that in total, she pays $11 for her goods. Wait, does that mean per day or total over a certain period? The question says ""in total she pays $11 for her goods."" Hmm, but the problem is"
gsm8k_894,gsm8k,stochastic,29.0978,195.48,113.34,256,8.8," 

Answer: <number>
Okay, let's try to figure out how much Tasha made from lemonade sales. So, the problem says she made $80 total from selling lemonade and mowing lawns. We need to find out how much she made specifically from lemonade. 

First, let's break down the information about the lawns. The problem mentions two weeks. In the first week, she mowed Kamala's lawn three times as many as she did Joe's. Then, the following week, she mowed Alba's lawn five times as many as she did Joe's. Joe paid her $6 per time. So, we need to figure out how much she earned from mowing lawns, and then subtract that from the total $80 to get the lemonade sales.

Let me assign variables. Let's say the number of times she mowed Joe's lawn is J. Then, in the first week, she mowed Kamala's lawn 3J times. In the second week, she mowed Alba's lawn 5J times. 

But wait, does the problem say that she mowed Joe's lawn in both weeks? Or is it that in the first week, she mowed Kamala"
gsm8k_896,gsm8k,stochastic,29.1048,191.01,113.39,256,8.8," 

Answer: 

Okay, let's see. John rents his car out 10 times a month, each time for 3 hours. He gets paid $25 an hour. His car payment is $500. I need to find out how much profit he makes.

First, I should calculate the total amount he earns from renting the car. So, he rents it 10 times, each time for 3 hours. That would be 10 times 3 hours, which is 30 hours total. Then, he gets paid $25 per hour. So, 30 hours multiplied by $25 per hour. Let me do that math: 30 * 25. Hmm, 30*20 is 600, and 30*5 is 150, so 600+150 is 750. So he earns $750 from renting.

Now, his car payment is $500. So, profit would be total earnings minus the car payment. That would be 750 - 500. Let me subtract that: 750 - 500 is 250. So"
gsm8k_898,gsm8k,stochastic,29.2428,186.87,113.94,256,8.75," 

Answer: <number>
Okay, let's see. The problem says that Dijana rowed 50 miles. Anis rowed 1/5 times more miles than Dijana. I need to find the total distance both of them rowed.

First, I need to figure out how many miles Anis rowed. The key part here is understanding what ""1/5 times more"" means. Sometimes, phrases like ""times more"" can be tricky. Does it mean Anis rowed 1/5 of Dijana's distance, or does it mean Anis rowed Dijana's distance plus 1/5 of that?

Wait, the wording is ""Anis rowed 1/5 times more miles than Dijana."" So, if something is ""x times more,"" it can be interpreted in different ways. But in math problems, usually, ""times more"" is meant to be multiplied by that factor. However, sometimes people might think of it as adding. Let me think.

If Dijana rowed 50 miles, then ""1/5 times more"" could be interpreted as Anis rowed 50 + (1/5)*50. That would be 5"
gsm8k_901,gsm8k,stochastic,29.1434,193.04,113.53,256,8.78," 

Okay, let's see. So Calvin is making soup, and he has a pot that can fill four adult bowls or eight child bowls. He's going to eat with his wife and two kids. So that's four people total: Calvin, his wife, and two children. Each person eats one bowl. So first, I need to figure out how much soup is in the pot. 

Wait, the pot can fill four adult bowls or eight child bowls. So maybe the total amount of soup is equivalent to 4 adult bowls or 8 child bowls. So maybe the amount of soup is 4 times the volume of an adult bowl, or 8 times the volume of a child's bowl. But since the bowls are different sizes, we need to find a way to relate them. 

Let me think. Let's assume that the volume of an adult bowl is A and a child's bowl is C. Then the total soup is 4A or 8C. So 4A = 8C. Therefore, A = 2C. So an adult bowl is twice the volume of a child's bowl. 

Now, Calvin and his wife are adults, so each of them will eat one adult bowl. The two children will eat one"
gsm8k_906,gsm8k,stochastic,29.2026,183.05,113.8,256,8.77," 

Okay, let's see. Tim has some shoe boxes. He has 7 blue ones and 9 red ones. He uses some of them for fishing. The problem says he uses 3 blue shoeboxes. So, first, I need to figure out how many blue shoeboxes are left after he uses 3. 

So, original blue is 7. He uses 3, so 7 minus 3 is 4. That seems straightforward. 

Now for the red ones. The problem says he uses 1/3 of his red shoeboxes. Wait, does that mean 1/3 of the total red boxes or 1/3 of all his shoeboxes? Hmm. The wording says ""1/3 red of his shoeboxes"". Wait, maybe it's 1/3 of the red ones. Let me check. 

The original sentence: ""uses 3 blue shoeboxes and 1/3 red of his shoeboxes to go fishing"". So, ""1/3 red of his shoeboxes"". That could be interpreted as 1/3 of the red shoeboxes. But maybe it's 1/3 of all his shoeboxes? Wait, that's ambiguous. But maybe the way it's phrased"
gsm8k_910,gsm8k,stochastic,29.0865,157.35,113.45,256,8.8," 

Step 1: Find the size of Farmer Smith's farm. 
Farmer Smith's farm is 100 acres more than twice the size of Farmer Brown's farm. So, we need to calculate twice the size of Farmer Brown's farm and then add 100 acres. 

Farmer Brown's farm is 200 acres. Twice that is 2 * 200 = 400 acres. Then add 100 acres to get Farmer Smith's farm size: 400 + 100 = 500 acres. 

Step 2: Add the sizes of both farms together. 
Farmer Brown's farm is 200 acres, and Farmer Smith's is 500 acres. So, 200 + 500 = 700 acres. 

Therefore, the two farms have a total of 700 acres together.

Final Answer: 700
Answer: 700

The problem involves calculating the total area of two farms based on the given relationships between their sizes. 

**Step 1: Determine the size of Farmer Smith's farm.**  
Farmer Smith's farm is described as ""100"
gsm8k_914,gsm8k,stochastic,29.0768,188.01,113.29,256,8.8," To solve this, first find how many miles he drives in a month.  Then divide that by 1000.  Round up to the nearest whole number.

Okay, let's see. Jon's car needs a tune-up every 1000 miles. He drives 100 miles each day for 30 days. I need to figure out how many tune-ups he needs in that month.

First, I should calculate the total miles he drives in the month. If he drives 100 miles a day for 30 days, then the total miles would be 100 multiplied by 30. Let me do that math: 100 * 30 = 3000 miles. So he drives 3000 miles in the month.

Now, the car needs a tune-up every 1000 miles. So I need to divide the total miles by 1000 to find out how many tune-ups are needed. That would be 3000 divided by 1000. Let me calculate that: 3000 / 1000 = 3. 

But wait, the problem says to round up to the nearest"
gsm8k_921,gsm8k,stochastic,29.1361,155.4,113.65,256,8.79," 

Step 1: Determine how many slices of bread Josh can eat in a day. Since Josh can eat twice as much as Abby, and Abby eats 2 slices a day, Josh eats 2*2=4 slices a day.

Step 2: Find the total number of slices they both eat in a day. Abby eats 2 slices and Josh eats 4 slices, so together they eat 2+4=6 slices a day.

Step 3: Divide the total number of slices in the loaf by the number of slices they eat in a day to find how many days the loaf will last. 24 slices divided by 6 slices per day equals 4 days.

Final Answer: 4
Answer: \boxed{4}
``` The problem involves determining how long a loaf of bread will last when consumed by two people, Abby and Josh, based on their individual eating rates. Let's break down the problem step by step to ensure accuracy.

---

### Step 1: Determine Josh's daily consumption

We are told that **Abby eats 2 slices of bread per day**, and **Josh eats twice as much as Abby**. Therefore, Josh's daily consumption is:

$$
2 \times 2 = 4 \text"
gsm8k_923,gsm8k,stochastic,29.115,191.34,113.43,256,8.79," Let me think. 

Okay, let's try to figure out this problem. So, Lana has 27 cups total. She divides them into 3 rows. In each row, she makes equal amounts of chamomile and mint tea. Then she uses the remaining cups to make 15 cups of cinnamon tea. The question is asking how many cups of mint tea are in each row.

First, let me break down the information. Total cups: 27. Divided into 3 rows. Each row has chamomile and mint tea, equal amounts. So, in each row, the number of chamomile cups equals the number of mint cups. Then, the remaining cups after making the chamomile and mint teas in all rows are used for cinnamon tea, which totals 15 cups.

So, maybe I need to find out how many cups are used for chamomile and mint in each row, and then see how many are left for cinnamon. But the problem says that the remaining cups are used to brew 15 cups of cinnamon tea. So, the total number of cups used for chamomile and mint plus the cinnamon tea should equal 27.

Let me think. Let me denote the number of cups of"
gsm8k_926,gsm8k,stochastic,29.0869,236.96,113.14,256,8.8," 

Answer: 

Let me think. 

Okay, let's try to figure out how many movies Colby can see this month. The problem says it's the last day of the month and it's a Friday. He wants to get a popcorn and a box of candy that night. So first, I need to calculate how much money he has left to spend on movies after he's already spent some money on previous movies and on popcorn and candy.

First, let's figure out how much money he has in total for the month. His parents give him $150 each month. So that's $150 total.

Now, he has already seen 5 movies on Fridays or Saturdays. Each of those tickets costs $10. So 5 movies times $10 is $50. Then he has seen 8 movies on other days, which cost $7 each. So 8 times $7 is $56. So the total amount he's already spent on movie tickets is $50 + $56 = $106.

Then, he has already bought 2 tubs of popcorn and 4 boxes of candy. Popcorn is $8 each, so 2 tubs would be 2 * $8 ="
gsm8k_932,gsm8k,stochastic,29.2277,185.76,113.89,256,8.76," 

Answer: <number>
Okay, let's see. Maria and her friends are having a water balloon fight. I need to figure out the total number of balloons they all have. Let me break it down step by step.

First, Maria invited 4 friends. So, including Maria, there are 4 + 1 = 5 people total. Wait, actually, the problem says Maria gave each of her friends 2 balloons. So her friends are 4 people, and she has one balloon for herself. Then her mom gave each person 3 more balloons. Hmm, so the key is to calculate how many balloons each person has and then sum them all up.

Let me start by calculating the initial number of balloons. Maria has 1 balloon. Each of her 4 friends gets 2 balloons. So the friends have 4 * 2 = 8 balloons. Then Maria's total before the mom comes is 1 + 8 = 9 balloons.

Then, her mom gives each person 3 more balloons. Now, how many people are there? Maria and her 4 friends, so 5 people total. Each gets 3 more, so 5 * 3 = 15 balloons added.

So total balloons would be the"
gsm8k_942,gsm8k,stochastic,29.1469,188.8,113.56,256,8.78," 

Answer: <number>
Okay, let's see. I need to figure out how much Patty's Plumbing charged for this job. The problem says they charge $40 for the visit, plus $35 per hour or part thereof for labor, plus parts. The job took 2.25 hours and used $60 in parts. 

First, let me break down the costs. The total charge should be the sum of the visit fee, the labor cost, and the parts cost. 

The visit fee is straightforward: $40. That part is easy.

Next, the labor cost. It says $35 per hour or part thereof. Hmm, ""or part thereof"" means that if the time is not a whole number, they still charge for the next full hour. So, for example, if it takes 2.1 hours, they would charge for 3 hours? Wait, no, wait. Wait, ""per hour or part thereof"" – I think that means that they charge for each full hour, and any fraction of an hour is rounded up to the next hour. So 2.25 hours would be 3 hours? Wait, but 2.25 is 2 hours and 15 minutes"
gsm8k_943,gsm8k,stochastic,29.0827,187.07,113.32,256,8.8," 

Step 1: Find the original total cost of the CDs.
Step 2: Find the discount amount.
Step 3: Find the discounted total cost.
Step 4: Find the total amount he got from selling the CDs.
Step 5: Subtract the amount he got from the discounted total cost to find the total amount he was out.

Let me think through this problem step by step.

First, James gets 10 new CDs. Each CD costs $15. So the original total cost is 10 times 15. That would be 10 * 15 = $150.

Next, he gets them for 40% off. To find the discount amount, I need to calculate 40% of $150. 40% is the same as 0.40. So 0.40 * 150 = $60. That's the discount amount.

Now, the discounted total cost would be the original total cost minus the discount. So $150 - $60 = $90. So after the discount, he paid $90 for all the CDs.

Then, he doesn't like 5 of them and sells them for $"
gsm8k_944,gsm8k,stochastic,29.1152,188.75,113.44,256,8.79," 

Step 1: Calculate the total earnings from yams. 6 yams × $1.5 each = ?
Step 2: Calculate the total earnings from sweet potatoes. 10 sweet potatoes × $2 each = ?
Step 3: Calculate the total earnings from carrots. 4 carrots × $1.25 each = ?
Step 4: Add up all the earnings from each type of crop to find the total amount she will earn.

Let me know if you need any clarification.
Okay, let's see. Jen has three types of root crops: yams, sweet potatoes, and carrots. She wants to sell all of them and find out how much money she'll make in total. 

First, I need to calculate the earnings from each type separately and then add them all together. 

Starting with the yams. She has 6 yams, and each is sold for $1.5. So, 6 multiplied by 1.5. Let me do that calculation. 6 times 1 is 6, and 6 times 0.5 is 3, so adding those together gives 6 + 3 = $9. So, the yams contribute $9.

Next, the sweet potatoes."
gsm8k_945,gsm8k,stochastic,29.1627,196.02,113.59,256,8.78,"  (Note: The question is not asking for the time to swim, but the total time to get across the lake.)

Okay, let's see. James has to swim across a 20-mile lake. First, he swims 60% of the distance. Then he rests, and then finishes the remaining distance at half his original speed. I need to find the total time he takes, including the rest period.

First, let me break down the problem into parts. The total distance is 20 miles. He swims 60% of that first. So 60% of 20 miles is... 0.6 * 20 = 12 miles. So he swims 12 miles at 2 mph. Then he rests for half as long as the swimming time for that first part. Then he swims the remaining distance, which is 20 - 12 = 8 miles, but at half his original speed, so 1 mph. Then add up all the times.

Wait, let me confirm that. The problem says he swims 60% of the distance, then rests for half as long as the swimming time. So the rest time is half of the time he took to swim the first"
gsm8k_953,gsm8k,stochastic,29.2631,223.47,113.88,256,8.75," (Assume that she did not sleepwalk during the time she was in the bathroom.)

Answer: <number>
Okay, let's try to figure out how many minutes Kim slept on her bed that day. So, normally, she goes to sleep at 10 p.m. and wakes up at 6 a.m. Let me first calculate her usual sleep duration. From 10 p.m. to 6 a.m. is 8 hours. Since there are 60 minutes in an hour, 8 hours is 8*60 = 480 minutes. So normally she sleeps 480 minutes.

But the problem says that on this particular day, she had some changes. First, she woke up and was sleepwalking from 2:15 a.m. to 2:38 a.m. Wait, but sleepwalking is a sleep disorder, so she would have been in a sleep state, right? But the problem says that she was sleepwalking during that time. However, the question is about how many minutes she actually slept on her bed. Wait, but maybe the sleepwalking is considered part of her sleep? Or is it that she woke up during sleepwalking?

Wait, the problem says that she """
gsm8k_967,gsm8k,stochastic,29.1098,184.4,113.43,256,8.79," 

Step 1: Find out the age of Nani's brother. Since his brother is twice Nani's age, and Nani is 8 years old, the brother's age is 2 times 8, which is 16 years old.

Step 2: Find out the age of Nani's sister. Since she is 25% younger than Nani, we need to calculate 25% of Nani's age and subtract that from Nani's age. 25% of 8 is 2, so the sister is 8 - 2 = 6 years old.

Step 3: Add up the ages of all three family members. Nani is 8, his brother is 16, and his sister is 6. 8 + 16 + 6 = 30.

Final Answer: 30
Answer: 30

Wait, but I just realized that ""25% younger"" might be interpreted differently. If someone is 25% younger than another, does that mean the sister's age is 75% of Nani's age? Let me check that.

Step 2: If the sister is 25% younger than Nani"
gsm8k_969,gsm8k,stochastic,29.1346,189.85,113.51,256,8.79," 

Step 1: Determine how many phones he is buying.  He is buying 1 for himself, 1 for his wife, and 1 for each of his 2 kids.  So that's 1 + 1 + 2 = 4 phones total.

Step 2: Determine the price of each phone.  The first 2 phones are full price, which is $600 each.  The next 2 phones are half price, so they are $600 / 2 = $300 each.

Step 3: Calculate the total cost.  The first 2 phones cost 2 * $600 = $1200.  The next 2 phones cost 2 * $300 = $600.  So the total cost is $1200 + $600 = $1800.

Final Answer: 1800
Answer: 1800

So, the answer is 1800. 

But wait, let me check again. The problem says ""each phone after the first 2 is half price."" So the first two phones are full price, and the rest are half price. But how"
gsm8k_970,gsm8k,stochastic,29.0974,156.08,113.5,256,8.8," 

Step 1: Find the number of players on Zeke's team. Since Zeke's team has 7 more players than Carlton's, and Carlton's team has 13 players, we can add 7 to 13 to find the number of players on Zeke's team.
Step 2: Add the number of players on both teams to find the total number of players in both teams combined.

Let me know if you need any clarification.

So, Zeke's team has 13 + 7 = 20 players. Then, the total number of players in both teams combined is 13 + 20 = 33. Therefore, the answer is 33.

Final Answer: 33
Answer: 33
The answer is 33. So, the final answer is \boxed{33}.
The answer is \boxed{33}. 

Final Answer: \boxed{33} 

Final Answer: \boxed{33} 

Final Answer: \boxed{33} 

Final Answer: \boxed{33} 

Final Answer: \boxed{33} 

Final Answer: \boxed{33} 

Final Answer: \boxed{33"
gsm8k_974,gsm8k,stochastic,29.1822,195.81,113.67,256,8.77," 

Step 1: Find the total cost of the books. The cost of the dictionary is $18, the cost of the dinosaur book is $13, and the cost of the children's cookbook is $8. So, the total cost is 18 + 13 + 8. 

Step 2: Calculate the total cost. 18 + 13 is 31, and 31 + 8 is 39. So, the total cost is $39.

Step 3: Determine how much more money Tyler needs. He has saved $14, so he needs 39 - 14 = $25 more.

Step 4: Find out how many hours Tyler needs to work. He earns $5 per hour, so 25 divided by 5 is 5. 

Therefore, Tyler needs to work 5 hours to afford his books.

Final Answer: 5
Answer: <number>
Final Answer: 5
Okay, let's see. Tyler wants to buy three books: a dictionary for $18, a dinosaur book for $13, and a children's cookbook for $8. He already has $14 saved. He earns $5"
gsm8k_978,gsm8k,stochastic,29.0664,155.64,113.38,256,8.81," 

Step 1: Find the price of the red car. The red car is 40% cheaper than the blue car. So, the red car's price is 100 - 40% of 100. 40% of 100 is 40. So, the red car's price is 100 - 40 = 60.

Step 2: Find the total cost of both cars. The blue car is $100, and the red car is $60. So, 100 + 60 = 160.

Final Answer: 160
Answer: 160

Wait, but I'm a bit confused. If the red car is 40% cheaper, does that mean it's 40% of the blue car's price, or is it 40% less than the blue car's price? Let me think again.

If the red car is 40% cheaper, that means it's 100% - 40% = 60% of the blue car's price. So, 60% of $100 is 0.6 *"
gsm8k_981,gsm8k,stochastic,29.0626,187.38,113.24,256,8.81," 

Let me try to work through this problem. 

First, let's figure out how much crawfish Joe caught each day. 

On Thursday, he caught 3 pounds. 

On Friday, he caught 4 times that amount. So, 4 times 3 pounds is 12 pounds. 

On Saturday, he caught half the amount of his Friday's catch. So, half of 12 pounds is 6 pounds. 

Now, let's add up the total amount of crawfish he caught over the three days. 

3 pounds (Thursday) + 12 pounds (Friday) + 6 pounds (Saturday) = 21 pounds total. 

Now, we need to figure out how many servings he has. Each serving is 3 pounds. 

So, we divide the total pounds by the pounds per serving. 

21 pounds divided by 3 pounds per serving equals 7 servings. 

Therefore, Joe has 7 servings of crawfish. 

Let me check my calculations again to make sure I didn't make a mistake. 

Thursday: 3 pounds. 

Friday: 4 * 3 = 12. 

Saturday: 12 / 2 = 6. 

Total: 3"
gsm8k_982,gsm8k,stochastic,29.0997,196.64,113.35,256,8.8," Please write your answer as a number.

Okay, let's see. So the problem is about figuring out how many students in Mr. Roper's class of 30 are leaving early for different activities. The class has 30 students total. First, 20% are football players. Then, out of the remaining students, 25% are cheerleaders or part of the band. These three groups (football players, cheerleaders, and band members) need to leave early. I need to find the total number of students leaving early.

Alright, let's break it down step by step. First, find out how many football players there are. 20% of 30 students. To calculate that, I can convert the percentage to a decimal and multiply by the total number. So 20% is 0.20. 0.20 times 30 is... 6 students. So 6 students are football players.

Now, the remaining students after accounting for the football players. The total class is 30, so subtract the 6 football players. That leaves 30 - 6 = 24 students. These 24 students are not football players. Out of these remaining students"
gsm8k_983,gsm8k,stochastic,29.0055,153.11,113.15,256,8.83," 

Okay, let's see. The problem says Charlie has boots that are five times the size of Sophie's. Sophie wears size five boots. We need to find the average size of shoe worn by the two.

First, let me make sure I understand the problem correctly. Sophie's shoe size is 5. Charlie's shoe size is five times that of Sophie's. So, Charlie's size would be 5 multiplied by 5, which is 25. Then, to find the average, we add both sizes together and divide by 2.

So, Sophie's size is 5, Charlie's is 25. Adding them gives 5 + 25 = 30. Then divide by 2, which is 30 / 2 = 15. Therefore, the average size is 15.

Wait, but let me check if there's any trick here. The problem says ""the average size of shoe worn by the two."" So, it's just the mean of their two sizes. Since Sophie is 5 and Charlie is 25, the average is indeed (5 + 25)/2 = 15. That seems straightforward. I don't think there's any hidden detail here. The"
gsm8k_989,gsm8k,stochastic,29.1392,156.87,113.66,256,8.79," Assume that she can only cook 30 shrimp at a time and that she can only cook one batch at a time. Also, assume that she can only cook one batch at a time. Also, assume that she can only cook one batch at a time. (It is repeated for emphasis.)

Okay, let's see. Emily needs to peel and cook 90 shrimp. First, I need to figure out how long it takes her to peel and cook each shrimp, considering both tasks. But wait, the problem says she can only cook 30 shrimp at a time and she can only cook one batch at a time. So she can't start cooking until the previous batch is done. Also, she can peel shrimp and then cook them. But how does the peeling and cooking work together?

First, let's break down the given information. Emily can peel 6 shrimp per minute. That's straightforward. Then, she can sauté 30 shrimp in 10 minutes. So, sautéing 30 shrimp takes 10 minutes. But since she can only cook 30 shrimp at a time, each batch takes 10 minutes. So, if she has to cook 90 shrimp, that would be"
gsm8k_990,gsm8k,stochastic,29.2499,189.63,113.96,256,8.75," 

Answer: 

Let's break down the problem step by step. 

First, we need to calculate the total cooling effect of the air conditioner. 

On low, the air conditioner cools the room at 2 degrees per hour. It ran for 3 hours, so the total cooling effect is 2 degrees/hour * 3 hours = 6 degrees.

Then, it was turned up to high, which cools the room at 3 degrees per hour. It ran for 4 hours, so the total cooling effect is 3 degrees/hour * 4 hours = 12 degrees.

So, the total cooling effect from the air conditioner is 6 + 12 = 18 degrees.

Next, we need to calculate the warming effect of the room. The room warms up at 2 degrees per hour when the air conditioner is off. It was turned off for 2 hours, so the total warming effect is 2 degrees/hour * 2 hours = 4 degrees.

Now, we subtract the warming effect from the total cooling effect to find the final temperature difference. 

Final temperature difference = Total cooling effect - Warming effect = 18 degrees - 4 degrees = 14 degrees.

Therefore, the"
gsm8k_998,gsm8k,stochastic,29.0995,192.42,113.36,256,8.8," 

Answer: <number>
Okay, let's see. So Dylan went to a wedding with 100 guests. Each guest brought a plate of 15 cookies. The bride gave half of the cookies to the church next door. Then, each person in the church got 15 cookies. We need to find out how many people were in the church.

First, I need to figure out the total number of cookies. There are 100 guests, each bringing 15 cookies. So total cookies would be 100 multiplied by 15. Let me calculate that. 100 times 15 is 1500 cookies. So there are 1500 cookies in total.

Then, the bride gave half of these cookies to the church. So half of 1500 is 750. That means the church received 750 cookies.

Now, each person in the church got 15 cookies. So to find the number of people, we need to divide the total cookies given to the church by the number of cookies each person got. That would be 750 divided by 15. Let me do that division. 750 divided by "
gsm8k_999,gsm8k,stochastic,29.1634,184.09,113.64,256,8.78," (Round to the nearest whole number.)

Answer: <number>
Okay, let's see. The problem is about dividing a watermelon among a family of 6 people: 2 adults and 4 kids. Each adult's slice needs to be twice as big as each kid's slice. I need to find out what percentage of the watermelon each adult gets. Alright, let's break this down step by step.

First, I should figure out how many slices there are in total. Wait, actually, the problem doesn't specify the number of slices, just the sizes. So maybe I need to think in terms of fractions or ratios. Let me think.

Let me denote the size of a kid's slice as K. Then each adult's slice is twice that, so 2K. The total watermelon is divided into these slices. The family has 2 adults and 4 kids, so the total number of slices would be 2 adult slices plus 4 kid slices. But wait, does that mean there are 2 + 4 = 6 slices? Or is it that each adult gets one slice and each kid gets one slice? The problem says ""divide a watermelon such that each adult gets a slice that is twice as big as that"
gsm8k_1004,gsm8k,stochastic,29.1973,189.05,113.76,256,8.77," Let me think. 

Okay, let's see. So Peter has 4 boxes, and each box has the same number of chocolate bars. Martha has 7 boxes, each with the same number. Peter's total is 64, Martha's is 56. The question is asking how many more chocolate bars are in each box for Peter compared to Martha.

Hmm. So first, I need to find out how many chocolate bars are in each box for Peter and Martha. Then subtract Martha's per box from Peter's to find the difference.

Let me start with Peter. He has 4 boxes total, and 64 bars. So if I divide 64 by 4, that should give me the number per box. Let me do that calculation. 64 divided by 4 is 16. So Peter has 16 bars per box.

Now Martha has 7 boxes with 56 bars total. So I need to divide 56 by 7 to find her per box. 56 divided by 7 is 8. So Martha has 8 bars per box.

Now the question is asking how many more Peter has in each box than Martha. So that's 16 minus 8. "
gsm8k_1005,gsm8k,stochastic,29.1763,193.38,113.66,256,8.77," Assume that the babies are all born alive and that no porcupines die during the year.

Answer: <number>
Okay, let's see. The problem is about calculating the population of porcupines in a park after a year. The initial population is 50. The number of female porcupines is 3/5 of the total population. Each female gives birth to 4 babies every month. We need to find the total number after a year, assuming no deaths.

First, I need to figure out how many female porcupines there are initially. The total population is 50, and females are 3/5 of that. So, 3/5 of 50. Let me calculate that. 50 divided by 5 is 10, so 3 times 10 is 30. So there are 30 female porcupines.

Now, each female gives birth to 4 babies every month. So, per month, the number of babies born is 30 females times 4 babies each. That would be 30 * 4 = 120 babies per month. 

But wait, the question says ""after a year"". A year has 12 months"
gsm8k_1007,gsm8k,stochastic,29.2349,188.32,113.91,256,8.76," 

Step 1: Identify the number of red sticks. The problem states there are 9 red sticks. So, red sticks = 9.

Step 2: Find the number of blue sticks. The problem says there are 5 more blue sticks than red. So, blue sticks = red sticks + 5. Plugging in the value from Step 1, blue sticks = 9 + 5 = 14.

Step 3: Find the number of yellow sticks. The problem states that the number of yellow sticks is 3 less than the blue sticks. So, yellow sticks = blue sticks - 3. Plugging in the value from Step 2, yellow sticks = 14 - 3 = 11.

Step 4: Add up all the sticks. Total sticks = red sticks + blue sticks + yellow sticks. Plugging in the values from Steps 1, 2, and 3, total sticks = 9 + 14 + 11 = 34.

Final Answer: 34
Answer: \boxed{34}
The problem involves calculating the total number of sticks based on the given relationships between the quantities of different colored sticks. Here's the breakdown:

1. **Red St"
gsm8k_1014,gsm8k,stochastic,29.169,198.76,113.61,256,8.78," 

Answer: <number>
Okay, let's see. Jamaar has $10 and wants to buy plums. But he already bought some other fruits. I need to figure out how much money he has left after buying those, and then see how many plums he can buy with the remaining money. 

First, let me list the prices again to make sure I have them right. Peaches and pears are $0.5 each. Apples are $0.75 each. Kiwis are $1 each. Plums are $0.25 each. 

He bought 3 peaches, 4 pears, 2 kiwis, and 5 apples. So I need to calculate the total cost of these items and subtract that from $10 to find out how much he has left for plums.

Let me calculate each fruit's cost:

Peaches: 3 peaches * $0.5 each. That's 3 * 0.5 = $1.50.

Pears: 4 pears * $0.5 each. 4 * 0.5 = $2.00.

Kiwis: 2 kiwis * $1 each. 2 * "
gsm8k_1024,gsm8k,stochastic,29.043,184.1,113.17,256,8.81," 

Step 1: Calculate the total amount of money Suzanne earned from selling cookies.
Step 2: Calculate the total amount of money Suzanne earned from selling cupcakes.
Step 3: Add the amounts from Step 1 and Step 2 to find the total earnings.
Step 4: Calculate the total amount Suzanne gave to her sisters.
Step 5: Subtract the amount from Step 4 from the total earnings to find the remaining money.

Let me think about this step by step.

First, for the cookies: she sold 80 cookies at $1 each. So that's 80 * 1 = $80.

Then, for the cupcakes: she sold 60 cupcakes at $4 each. So that's 60 * 4 = $240.

Adding those together, $80 + $240 = $320 total earnings.

She gave her two sisters $10 each. So that's 2 * 10 = $20.

Subtracting that from her total earnings: $320 - $20 = $300.

So the answer should be 300.

Final Answer: 300
Yes, that seems correct. Let me check again"
gsm8k_1026,gsm8k,stochastic,29.1033,187.47,113.4,256,8.8," 

Answer: <number>
Okay, let's see. The problem is about dwarves mining ore with different tools. I need to figure out how much ore 40 dwarves can mine in a month using steel pickaxes. Let me break it down step by step.

First, the problem states that one dwarf can mine 12 pounds of ore per day with his bare hands. Then, with an iron pickaxe, he can mine twice as much. So, I need to calculate the amount with the iron pickaxe first. If bare hands are 12 pounds per day, then twice that would be 12 * 2 = 24 pounds per day with an iron pickaxe. 

Next, the problem says that with a steel pickaxe, he can mine 50% more than with the iron pickaxe. So, 50% more than 24 pounds. To find 50% of 24, that's 12 pounds. So adding that to the iron pickaxe amount: 24 + 12 = 36 pounds per day with a steel pickaxe. 

So each dwarf with a steel pickaxe can mine 36 pounds per day. Now, there are "
gsm8k_1049,gsm8k,stochastic,29.1926,182.98,113.76,256,8.77," Let's solve this problem step by step, one step at a time, and make sure we don't skip anything.

Okay, let's see. The library has 50 books total. Half of them are in English. So first, I need to figure out how many English books there are. Half of 50 is 25, right? So 25 English books.

Then, 10% of the books are in German. To find 10% of 50, I can calculate 50 multiplied by 0.10. Let me do that: 50 * 0.10 = 5. So there are 5 German books.

Now, the rest of the books are in Spanish. To find the number of Spanish books, I need to subtract the number of English and German books from the total. So that's 50 total minus 25 English minus 5 German. Let me do the math: 50 - 25 = 25, and then 25 - 5 = 20. So there are 20 Spanish books.

Wait, let me check that again. Total books 50. English is half, so 2"
gsm8k_1054,gsm8k,stochastic,29.1772,184.41,113.7,256,8.77," 

Answer: <number>
Okay, let's see. The problem is about calculating the cost to renovate a kitchen floor with new tiles. The kitchen floor has an area of 200 square feet. The tiles are square, each tile has a side length of 1 foot, so each tile is 1ft by 1ft. Each tile costs $12. I need to find the total cost.

First, I need to figure out how many tiles are needed to cover the entire floor. Since the area of the floor is 200 square feet, and each tile covers 1 square foot (because 1ft x 1ft = 1 sq ft), the number of tiles required should be equal to the area of the floor. That makes sense because each tile covers exactly 1 square foot. So, 200 square feet divided by 1 square foot per tile equals 200 tiles.

Then, each tile costs $12. So, the total cost would be the number of tiles multiplied by the cost per tile. That would be 200 tiles times $12 per tile. Let me do the multiplication: 200 * 12. 

Hmm, 200"
gsm8k_1056,gsm8k,stochastic,29.1269,197.41,113.45,256,8.79,"  (Assume 52 weeks in a year.)

Let me think. So, Greg is washing sheets every week. He has 4 twin beds and 1 king size bed. So, each week, he needs to wash 4 + 1 = 5 sets of sheets. Wait, but the machine can only handle 2 twin sets at a time and 1 king set at a time. So, for each week, how many loads does he need to do?

Let me break it down. For the twin beds: he has 4 twin beds. Each twin bed needs a set of sheets. But the machine can only do 2 twin sets at a time. So, for 4 twin sets, how many loads? 4 divided by 2 is 2 loads. So that's 2 loads for the twin sheets.

Then, the king size bed: 1 set of sheets. The machine can handle 1 king set at a time. So that's 1 load for the king sheets.

So, per week, he does 2 + 1 = 3 loads of laundry.

Then, over 52 weeks, it would be 3 loads per week times 52 weeks. So 3 * 5"
gsm8k_1068,gsm8k,stochastic,29.0889,185.01,113.35,256,8.8," 

Let me try to work through this problem step by step. 

First, the problem says that one meatball sub sandwich contains 4 meatballs. So each sandwich has 4 meatballs. 

Then Sidney ordered 3 less than ten meatball sub sandwiches. So, that would be 10 - 3 = 7 sub sandwiches. 

Then Mark ate 4 of Sidney's meatball sub sandwiches. So, if Sidney had 7, and Mark ate 4, that leaves 7 - 4 = 3 sub sandwiches remaining. 

Then Sidney ordered another three sub sandwiches. So, 3 more sub sandwiches. So, the total number of sub sandwiches that remained would be 3 (from before) + 3 (new ones) = 6 sub sandwiches. 

Now, each sub sandwich has 4 meatballs. So, 6 sub sandwiches * 4 meatballs per sandwich = 24 meatballs. 

Wait, but hold on. Did Sidney order another three sub sandwiches after Mark ate 4? So, the original 7, minus 4 eaten by Mark, leaves 3. Then Sidney orders 3 more, so total is 3 + 3 = 6. So, those 6 sub"
gsm8k_1069,gsm8k,stochastic,29.0173,234.66,112.87,256,8.82," 

Okay, let's see. So Mr. Hezekiah had 20 trucks initially. Each truck was carrying 20 tons of fertiliser. But then, two hours later, a quarter of the lorries had mechanical failures. So we need to find out how much fertiliser actually got delivered.

First, let me figure out how many trucks had mechanical failures. A quarter of 20 trucks. So 20 divided by 4 is 5. So 5 trucks couldn't deliver. That means the number of trucks that did deliver is 20 minus 5, which is 15 trucks.

Each of those 15 trucks carried 20 tons. So the total tons delivered would be 15 multiplied by 20. Let me do that calculation. 15 times 20 is 300. So the total fertiliser that reached the farmers is 300 tons.

Wait, but let me check again. The problem says ""a quarter of the number of lorries dispatched for delivery had mechanical failures"". So the total dispatched was 20, so a quarter is 5. So 20 - 5 = 15 trucks delivered. Each truck has 20 tons"
gsm8k_1070,gsm8k,stochastic,29.2005,187.86,113.78,256,8.77,"  (Note: The promotion is only for the first 6 pounds of butter.)

Okay, let's see. Dennis needs to make 6 dozen croissants, and he uses 1 pound of butter for each dozen. So, first, I need to figure out how much butter he needs in total. Since it's 6 dozen, that would be 6 pounds of butter, right? Because 1 pound per dozen times 6 dozen equals 6 pounds. So he needs 6 pounds.

Now, the grocery store has a promotion: buy one pound get one half off. The butter is $4.00 a pound normally. So, the promotion is for the first 6 pounds. Wait, the note says the promotion is only for the first 6 pounds. So, does that mean that if he buys 6 pounds, he can get the first 6 pounds with the promotion? Or is the promotion applicable per pound?

Let me think. The promotion is ""buy one pound get one half off."" So, for every pound you buy, you get half off. Wait, maybe it's a buy one get one half off. Like, if you buy one pound, you get another pound at half price? Or is it that for"
gsm8k_1071,gsm8k,stochastic,29.1077,192.7,113.39,256,8.79," 

Step 1: Determine the total number of guests.
Step 2: Determine how many guests are in excess of the 20.
Step 3: Calculate the total cost.

Let me know if you need any clarification.
Okay, let's see. Kayla is having a birthday party at a movie theater. The problem says the fee to rent the theater is $125 for a party of 20, plus $6 for each additional guest. I need to figure out the total cost based on how many people are coming.

First, I need to find out the total number of guests. The problem mentions that Kayla invited her 25 classmates, 7 girls in her dance class, and 13 family members. But then it says 4 people said they couldn't come. So, first step is to add up all the people she invited and then subtract the 4 who couldn't come.

So, let's calculate the total number of guests invited. 25 classmates plus 7 dance girls plus 13 family members. That would be 25 + 7 + 13. Let me add those up. 25 + 7 is 32, and 32 + 13"
gsm8k_1072,gsm8k,stochastic,29.0898,154.27,113.47,256,8.8," 

Step 1: Find out how much money Maggie had originally. Since she spent a quarter of her money, and she had $60 left, we can find the original amount by dividing the remaining money by the fraction that is left. So, if she spent 1/4, then she had 3/4 of her money left. Therefore, the original amount is $60 divided by 3/4. 

Step 2: Find out how much money Riza had originally. Similarly, since she spent one-third of her money, she had 2/3 of her money left. Therefore, the original amount is $60 divided by 2/3.

Step 3: Calculate the total amount of money they had originally. Add the original amounts from Step 1 and Step 2.

Step 4: Subtract the amount they spent from the total original amount to find the total remaining money. 

Wait, but the problem says they each had $60. Does that mean that after spending, they each had $60 left? If so, then the answer is simply $60 + $60 = $120. But that seems too straightforward. However, the problem might be trying to trick us. Let"
gsm8k_1075,gsm8k,stochastic,28.961,181.18,112.86,256,8.84," 

Wait, the problem says she arrived with five 5 dollar bills. Does that mean she paid with five 5 dollar bills? Or did she receive five 5 dollar bills as change? The problem is a bit ambiguous. But based on the context, it's more likely that she paid with five 5 dollar bills. So, let's proceed with that assumption.

So, she bought 15 roses. Let's calculate the cost. The problem says roses cost $2 each or $15 for a dozen. So, if she bought 15 roses, that's 12 + 3. So, she could buy a dozen roses for $15 and then 3 more roses for $2 each. So, total cost is $15 + $6 = $21.

If she paid with five 5 dollar bills, that's $25. So, the change she should get is $25 - $21 = $4. 

But the problem says that the store only has quarters for change. So, $4 is 16 quarters. Therefore, she leaves with 16 quarters.

But wait, let me check if there's another way to buy the roses. What if she bought 15"
gsm8k_1082,gsm8k,stochastic,29.0583,196.12,113.19,256,8.81,"  How long did it go back home?  How long did the entire trip take?

Okay, let's see. James walks to the store, which is 4 miles away. Then he realizes he forgot something and has to walk back home. So the total trip is going to the store and then back home. But the question is asking for the time to reach the store, the time to go back home, and the total time.

First, I need to figure out the time it takes for each part of the trip. The problem says he walks at 4 miles per hour. So, time is equal to distance divided by speed. 

Starting with the first part: going to the store. The distance is 4 miles, and his speed is 4 mph. So time = distance / speed = 4 miles / 4 mph = 1 hour. So that's the time to reach the store. 

Then he has to walk back home. But wait, the problem says he got halfway there and realized he forgot something. Wait, does that mean he only walked halfway to the store before turning back? Or does it mean that he walked to the store, then realized he forgot something and had to walk back? Let me re-read the question.

"
gsm8k_1089,gsm8k,stochastic,29.129,189.65,113.49,256,8.79," 

Answer: <number>
Okay, let's see. Nathan drops a bouncy ball from the third-floor balcony. Each story is 24 feet high. So first, I need to figure out how high the ball is when it's dropped. Since it's the third floor, that would be 3 times 24 feet. Let me calculate that: 3 * 24 = 72 feet. So the ball is dropped from 72 feet.

Now, the problem says the ball bounces to 2/3rds of its starting height with each bounce. So the first bounce would be 2/3 of 72 feet. Let me compute that. 2/3 of 72 is (2/3)*72. Well, 72 divided by 3 is 24, so 24 times 2 is 48. So the first bounce reaches 48 feet.

Then, the second bounce would be 2/3 of the first bounce's height. So that's 2/3 of 48 feet. Let me calculate that. 48 divided by 3 is 16, times 2 is 32. So the second bounce is"
gsm8k_1091,gsm8k,stochastic,29.0593,191.95,113.21,256,8.81," What is the total amount of money earned by the orchard?

Let me think. First, I need to find out how many bags of apples were sold. Since each bag has 10 apples, and they sold 2000 apples, I can divide 2000 by 10 to get the number of bags. 2000 divided by 10 is 200. So, they sold 200 bags. Then, each bag is sold at $5, so I need to multiply the number of bags by the price per bag. 200 bags times $5 is $1000. Therefore, the orchard earned $1000.

Wait, but let me check again. 2000 apples divided by 10 apples per bag equals 200 bags. Then 200 bags times $5 per bag is indeed $1000. That seems right. I don't think I made any mistakes here. The calculation is straightforward. So the answer should be $1000.

Final Answer: 1000
The orchard sold 2000 apples, with each bag containing 10 apples. To"
gsm8k_1102,gsm8k,stochastic,29.2437,200.71,113.89,256,8.75," To solve this problem, you need to calculate the total amount that Sheila has on her credit card.  The initial charge is $85.00.  Then, she returned an item that cost $15.00.  So, that would be a reduction of $15.00 from the initial charge.  Then, she made two additional purchases: a frying pan that was 20% off $20.00 and a set of towels that was 10% off $30.00.  So, you need to calculate the discounted prices of these two items and add them to the initial balance.  The total amount on her credit card would be the initial charge minus the returned item plus the discounted prices of the two new items.  So, the new balance is: initial charge minus returned item plus frying pan price plus towels price.  Let's compute this step by step.

First, the initial charge is $85.00.  Then, she returned an item that cost $15.00.  So, the balance after the return is $85.00 - $15.00 = $70.00.

Next, the frying pan was"
gsm8k_1107,gsm8k,stochastic,29.1415,146.16,113.71,256,8.78," The school has 1200 students.
Answer: To find the number of girls, first calculate the total number of students, which is given as 1200. Then, since 40% of the students are boys, the remaining 60% must be girls. To find 60% of 1200, multiply 1200 by 0.60. 1200 * 0.60 = 720. Therefore, there are 720 girls in the school. 

Final Answer: 720
Okay, let's see. The problem says that 40% of the school population is made up of 240 boys, and the total number of students is 1200. Wait, hold on. If 40% of the school is boys, and that equals 240 boys, then maybe I need to check if that's consistent with the total number of students being 1200. Let me verify that first.

So, if 40% of 1200 students are boys, then 0.4 * 1200 = 480 boys. But"
gsm8k_1108,gsm8k,stochastic,29.0777,188.85,113.29,256,8.8," 

Let me think. So, first, I need to find out the total cost of the items she bought before applying the coupon. The pots cost $19 and the soil sack is $26. So, adding those together: 19 + 26. Let me do that calculation. 19 plus 20 is 39, and then plus 6 more is 45. So the total before the coupon is $45.

Then, she used a coupon for $7 off. So I need to subtract $7 from the total. That would be 45 minus 7. Let me check that. 45 minus 7 is 38. So, the total amount she spent after using the coupon is $38. 

Wait, but let me make sure I didn't make any mistakes. Let me add 19 and 26 again. 19 + 26. Breaking it down: 10 + 20 is 30, 9 + 6 is 15, so 30 + 15 is 45. That's correct. Then 45 minus 7 is indeed 38. So, yes, the"
gsm8k_1110,gsm8k,stochastic,29.1389,196.04,113.5,256,8.79," 

## Step 1: Determine how many miles Soledad will hike if she walks twice a day, 125 miles each time.
If she walks twice a day, she will hike 125 miles * 2 = 250 miles per day.

## Step 2: Calculate how many miles she needs to hike each day to complete her 9,300-mile journey in June.
June has 30 days, so she needs to hike 9,300 miles / 30 days = 310 miles per day.

## Step 3: Find the difference between the miles she needs to hike each day and the miles she is currently planning to hike each day.
310 miles per day - 250 miles per day = 60 miles per day.

So, Soledad must hike 60 more miles per day to complete her journey on time.

Final Answer: 60
Answer: 60
Soledad needs to hike 60 more miles per day to complete her journey on time. The answer is 60. 

Final Answer: 60
To determine how many more miles per day Soledad must hike to complete her "
gsm8k_1115,gsm8k,stochastic,29.2183,192.86,113.83,256,8.76," 

Let me think about this step by step. 

First, Anna had a total budget of $16. She has already spent $4, so the remaining budget is 16 - 4 = $12. 

Then, she bought 2 books today, and both books cost the same amount. Let's call the cost of each book ""x"". So, the total cost for the two books is 2x. 

After buying the two books, she has $2 left. That means the amount she spent on the books is the remaining budget before buying them minus the $2 left. So, the amount spent on the books is 12 - 2 = $10. 

Since the two books cost a total of $10, each book must cost 10 / 2 = $5. 

So, the answer is $5. 

Final Answer: 5
Answer: 5

Let me think about this step by step. 

First, Anna had a total budget of $16. She has already spent $4, so the remaining budget is 16 - 4 = $12. 

Then, she bought 2 books today, and both books cost the same amount. Let"
gsm8k_1122,gsm8k,stochastic,29.1328,200.57,113.46,256,8.79," 

Let me think about this step by step. 

First, I need to find out how many toys the workers produced in total during their 10-hour shift. The manufacturer needed 400 toys, but after the shift, they still needed 20 more. So the total number of toys produced is 400 - 20 = 380 toys.

Next, I know that 2 workers produce 6 toys per hour, and another 2 workers produce 4 toys per hour. So, the total production rate of these 4 workers is (2 * 6) + (2 * 4) = 12 + 8 = 20 toys per hour. 

Since all 5 workers are working for 10 hours, the total production of these 4 workers is 20 toys/hour * 10 hours = 200 toys.

Now, the total number of toys produced by all 5 workers is 380, so the fifth worker must have produced 380 - 200 = 180 toys during the shift.

To find the rate of the fifth worker, I divide the total number of toys they produced by the number of hours they"
gsm8k_1128,gsm8k,stochastic,28.9196,149.41,112.82,256,8.85," Let’s think about this. 

Two years ago, Liam was 16 - 2 = 14 years old. At that time, his age was twice the age of Vince. So, Vince was 14 / 2 = 7 years old two years ago. Therefore, now, Vince is 7 + 2 = 9 years old. 

Wait, but I need to check if this is correct. Let me try another way. Let’s call Vince’s current age V. Two years ago, Liam was 14, and Vince was V - 2. According to the problem, 14 = 2*(V - 2). Solving this equation: 14 = 2V - 4 → 2V = 18 → V = 9. So, Vince is 9 years old now. 

Yes, both methods give the same answer. So, the answer is 9. 

Final Answer: 9
Answer: \boxed{9}
Final Answer: \boxed{9} The problem involves determining Vince's current age based on the relationship between Liam's and Vince's ages two years ago. Here's the step-by-step breakdown:

1. **Determine Liam's age"
gsm8k_1129,gsm8k,stochastic,29.0171,186.02,113.06,256,8.82," 

Answer: <number>
Let me think. So, the problem is about four people: Arnold, Madeline, Camden, and Sarah. They painted 56 easter eggs in total. We need to find out how many more eggs Camden painted than Arnold. 

First, let me note down the given information:

1. Arnold and Madeline painted the same number of eggs. So, if I let Arnold's number be A, then Madeline's is also A. So together, Arnold and Madeline painted 2A eggs.

2. Camden and Sarah painted a total of 30 eggs. So, Camden's eggs + Sarah's eggs = 30. 

3. Also, Camden painted 12 more eggs than Sarah. So, Camden's eggs = Sarah's eggs + 12. 

We need to find the difference between Camden's eggs and Arnold's eggs. So, Camden's eggs - Arnold's eggs = ?

Let me try to set up equations. Let me denote:

Let A = Arnold's eggs.

Then Madeline's eggs = A.

Let C = Camden's eggs.

Let S = Sarah's eggs.

From the problem:

C + S = 30 (Equation 1)

C = S +"
gsm8k_1132,gsm8k,stochastic,29.155,186.7,113.6,256,8.78," 

Step 1: Determine how much her brother earns.
Step 2: Determine how much their mother earns.
Step 3: Add up their salaries to get the total.

Let me know if you need any clarification.
Okay, let's see. The problem is about figuring out the total amount of money that Valerie, her brother, and their mother earn together. Let me break it down step by step.

First, the problem says Valerie earns $5000 per month, and that's half of what her brother earns. So, I need to find out how much her brother makes. If Valerie's salary is half of her brother's, then her brother's salary must be twice Valerie's. So, if Valerie is $5000, then her brother would be 5000 multiplied by 2. Let me write that down: Brother's salary = 5000 * 2 = $10,000. That seems straightforward.

Next, their mother earns twice their combined salary. Wait, ""their combined salary"" – that would be Valerie and her brother's salaries added together. So first, I need to add Valerie's and her brother's salaries. Valerie is $5000, brother is $"
gsm8k_1135,gsm8k,stochastic,29.0619,186.31,113.24,256,8.81," 

Step 1: Calculate the number of blue birds in the first group of trees. There are 3 trees with 7 blue birds each. So, 3 × 7 = 21 blue birds.

Step 2: Calculate the number of blue birds in the second group of trees. There are 2 trees with 4 blue birds each. So, 2 × 4 = 8 blue birds.

Step 3: Calculate the number of blue birds in the third group of trees. There is 1 tree with 3 blue birds. So, 1 × 3 = 3 blue birds.

Step 4: Add all the blue birds from each group together. 21 + 8 + 3 = 32 blue birds.

Final Answer: 32
Answer: 32

Wait, but the problem says ""2 different trees each had 4 blue birds."" Does that mean 2 trees with 4 each, so 2×4=8? Yes, that's correct. Then 3×7=21, 1×3=3. 21+8+3=32. So the answer is 32. The assistant's reasoning is correct. The answer"
gsm8k_1141,gsm8k,stochastic,29.1679,198.17,113.61,256,8.78," (Note: 1 dozen = 12 eggs)

To solve this, first calculate the total number of eggs Chester eats in 60 days, then divide by 12 to get the number of dozens.

Step 1: Calculate the number of eggs eaten in the first 30 days. 3 eggs/day * 30 days = 90 eggs.

Step 2: Calculate the number of eggs eaten in the next 30 days. 5 eggs/day * 30 days = 150 eggs.

Step 3: Add the two amounts together. 90 + 150 = 240 eggs.

Step 4: Divide the total number of eggs by 12 to get the number of dozens. 240 / 12 = 20.

So, Chester will need 20 dozens of eggs for 60 days.

Final Answer: 20
Answer: \boxed{20} 

Wait, but I just realized that the problem says ""how many dozens of eggs will Chester need for 60 days?"" So the answer is 20, which is already in dozens. But wait, is there a step where I need to round up to"
gsm8k_1143,gsm8k,stochastic,29.11,155.15,113.55,256,8.79," A decade is 10 years.

Okay, let's see. Tim has 5 trees. Each year, each tree gives 6 lemons. So first, I need to figure out how many lemons one tree produces in a year. That's 6 lemons. Then, since there are 5 trees, I should multiply the number of lemons per tree by the number of trees to get the total per year. So 5 trees times 6 lemons each would be 30 lemons per year. 

But the question is about a decade, which is 10 years. So I need to multiply the annual total by 10. That would be 30 lemons per year times 10 years. Let me do that math: 30 times 10 is 300. 

Wait, let me check again. 5 trees, 6 lemons each per year. 5*6=30. Then over 10 years, 30*10=300. Yeah, that seems right. I don't think I missed anything here. The problem seems straightforward. So the answer should be 300 lemons in a decade.
Final Answer:"
gsm8k_1147,gsm8k,stochastic,29.0777,200.63,113.24,256,8.8," To solve this, you need to calculate the number of days needed for each type of scene and then take the maximum of those three numbers.

To calculate the number of days needed for each type of scene, divide the total number of scenes of that type by the number of scenes she can draw per day for that size.  For example, for large scenes, 45 divided by 5 is 9 days.  For medium scenes, 36 divided by 6 is 6 days.  For small scenes, 49 divided by 7 is 7 days.  Then, the maximum of these three numbers is 9 days.  So, the answer is 9 days.

But, wait! What if the division does not result in an integer? For example, if she had to draw 46 large scenes, then 46 divided by 5 is 9.2 days.  But she can't work a fraction of a day.  So, the answer would be 10 days.  Therefore, when the division does not result in an integer, we need to round up to the next whole number.

So, in the problem above, the three numbers are 9, 6, and 7. "
gsm8k_1148,gsm8k,stochastic,28.9398,153.18,112.89,256,8.85," 

Okay, let's see. The problem says Chatty has three dozen eggs. First, I need to figure out how many eggs that is in total. Since one dozen is 12, three dozen would be 3 times 12. Let me calculate that: 3 multiplied by 12 is 36. So there are 36 eggs in total.

Now, she has four children, and each child should get the same number of eggs. To find out how many eggs each child gets, I need to divide the total number of eggs by the number of children. That would be 36 divided by 4. Let me do that division. 36 divided by 4 equals 9. 

Wait, let me check that again. 4 times 9 is 36, right? Yes, that's correct. So each child would get 9 eggs. 

I think that's all. The answer should be 9. Let me just make sure there's no trick or anything in the question. It says three dozen, which is 36, divided by four children. Yep, 36 divided by 4 is definitely 9. So each child gets 9 eggs. 

Final Answer:"
gsm8k_1150,gsm8k,stochastic,29.108,154.2,113.54,256,8.79," 

Step 1: Start with the initial number of roses Patricia has, which is 30.
Step 2: Subtract the number of roses she gave to her mother, which is 24.
Step 3: Add the number of roses she bought, which is 15.
So, the total number of roses Patricia has now is 30 - 24 + 15.

Let me calculate that: 30 - 24 is 6, and then 6 + 15 is 21. 

So, Patricia now has 21 roses. 

Final Answer: 21
Yes, that's correct. The steps make sense. She started with 30, gave away 24, so she had 6 left. Then she bought 15 more, so 6 + 15 = 21. The answer is 21.
Final Answer: 21
To solve the problem, we need to follow the sequence of events and perform the arithmetic operations step by step.

1. **Initial number of roses**: Patricia starts with 30 roses.
2. **Roses given to her mother**: She gives away 24 roses. This is a subtraction"
gsm8k_1154,gsm8k,stochastic,29.1342,160.38,113.62,256,8.79," Let's solve this step by step:

First, let's calculate the number of carrots Mason eats on weekdays. Since there are 5 weekdays in a week, and he eats 4 carrots each day, the total for weekdays is 5 * 4 = 20 carrots.

Next, we need to calculate the number of carrots he eats on weekends. There are 2 days (Saturday and Sunday), and he eats 5 carrots each day. So, the total for weekends is 2 * 5 = 10 carrots.

Finally, to find the total number of carrots he eats in a week, we add the weekday total and the weekend total: 20 + 10 = 30 carrots.

So, Mason eats 30 carrots in a week.

Final Answer: 30
Answer: 30
Okay, let's see. The problem is about figuring out how many carrots Mason eats in a week. He eats 4 carrots each on weekdays and 5 each on weekends. 

First, I need to remember how many weekdays there are. A week has 7 days, right? And weekdays are Monday to Friday, so that's 5 days. So, 5 days times 4 carrots each day."
gsm8k_1157,gsm8k,stochastic,29.0932,194.92,113.33,256,8.8," 

Let me try to work through this problem step by step. 

First, the problem gives us information about the heights of Carl, Ned, and Isabel. We are told that Isabel is 7 feet tall. Then, Ned is two feet shorter than Isabel. So, to find Ned's height, I subtract 2 feet from Isabel's height. That would be 7 feet minus 2 feet, which is 5 feet. So Ned is 5 feet tall. 

Next, Carl is one foot taller than Ned. So, if Ned is 5 feet tall, then Carl is 5 feet plus 1 foot, which is 6 feet tall. 

Now, the problem says that Carl's cane is half as long as he is tall. So, to find the length of the cane, I need to take Carl's height and divide it by 2. Since Carl is 6 feet tall, dividing that by 2 gives me 3 feet. 

Let me check my steps again to make sure I didn't make any mistakes. 

Isabel is 7 feet. Ned is 2 feet shorter, so 7 - 2 = 5 feet. That seems right. Carl is one foot taller than Ned, so 5 +"
gsm8k_1163,gsm8k,stochastic,29.0272,155.65,113.22,256,8.82," 

Step 1: Determine how many face masks Tyrion uses each time he goes out.
Tyrion changes his face mask two times every time he goes out. So, each time he goes out, he uses 2 face masks.

Step 2: Calculate how many face masks he uses in one day.
He goes out three times a day, and each time he uses 2 masks. So, 3 times 2 equals 6 face masks per day.

Step 3: Calculate how many face masks he uses in two days.
If he uses 6 face masks each day, then in two days he uses 6 times 2, which equals 12 face masks.

Final Answer: 12
Answer: 12
Okay, let's see. The problem is about Tyrion using face masks. So, the question is asking how many face masks he uses every 2 days. Let me break it down step by step.

First, the problem states that Tyrion changes his face mask two times every time he goes out. So, each time he goes out, he uses 2 masks. Got that. Then, he goes out three times a day. So, per day, how many masks does he use? Well"
gsm8k_1167,gsm8k,stochastic,29.0835,150.44,113.46,256,8.8," 

Step 1: Jack starts with $100.
Step 2: Sophia gives Jack 1/5 of her $100. So, 1/5 of $100 is $20.
Step 3: Add the $20 to Jack's original $100. $100 + $20 = $120.
So, Jack has $120 now.

Final Answer: 120
Answer: 120

Let me check again. Sophia has $100, and she gives 1/5 of that to Jack. 1/5 of 100 is 20. So, Jack's total is 100 + 20 = 120. Yes, that's correct.

Final Answer: 120
Answer: 120
Answer: 120
Answer: 120
Answer: 120
Answer: 120
Answer: 120
Answer: 120
Answer: 120
Answer: 120
Answer: 120
Answer: 120
Answer: "
gsm8k_1172,gsm8k,stochastic,29.2766,185.72,114.08,256,8.74," 

Answer: <number>
Okay, let's see. Alice counts cloud puffs from Monday to Friday. On Monday, she counts 3. Then each day after that, she sees double the number from the day before. So I need to figure out how many she counts each day and then add them all up.

Starting with Monday: 3 puffs. Then Tuesday is double that, so 3*2=6. Wednesday would be double Tuesday, so 6*2=12. Thursday is double Wednesday, 12*2=24. Friday is double Thursday, 24*2=48. 

Wait, let me check that again. Monday is 3. Tuesday is 2*3=6. Wednesday is 2*6=12. Thursday is 2*12=24. Friday is 2*24=48. Yeah, that seems right. 

Now, to find the total for the week, I need to add up all these numbers. So 3 (Monday) + 6 (Tuesday) + 12 (Wednesday) + 24 (Thursday) + 48 (Friday). Let me add them step by step. 

3 +"
gsm8k_1176,gsm8k,stochastic,29.2829,235.29,113.91,256,8.74," 

Answer: <number>
Let me think about this step by step. 

First, the teacher starts with a 5-inch piece of chalk. He uses 20% of the chalk each day, but he only uses 20% of the current length of the chalk. However, on Monday, he used 45% of the chalk. 

Wait, but the problem says that he tries to use 20% each day, but on Monday, he used 45% because the students needed extra help. So, the question is, after using 45% of the original 5-inch piece, how many days can he go before he has to recycle the chalk, assuming he goes back to using 20% each day?

Wait, maybe I need to clarify. The problem says that the teacher uses 20% of the chalk each day, but he recycles when it's smaller than 2 inches. On Monday, he used 45% of the chalk. So, after Monday, the chalk is 5 inches minus 45% of 5 inches. Then, he goes back to using 20% each day. How many days can he go before the chalk is less than 2"
gsm8k_1179,gsm8k,stochastic,29.1081,150.74,113.56,256,8.79," Round to the most appropriate decimal place.

Okay, let's see. James has 30 teeth. The dentist drills 4 of them. Then, capping 7 more teeth than he drills. So first, I need to figure out how many teeth the dentist fixes in total. 

So, drilling 4 teeth. Then capping 7 more than that. Wait, 7 more than the number he drills. So if he drills 4, then capping 4 + 7 = 11 teeth? Or is it 7 more than the number of teeth he drills? Let me check. The problem says ""caps 7 more teeth than he drills."" So, if he drills 4, then capping 7 more than that. So 4 + 7 = 11. So capping 11 teeth. 

So total teeth fixed would be the ones he drilled plus the ones he capped. So 4 + 11 = 15 teeth. 

But wait, is that correct? Let me make sure. The problem says ""caps 7 more teeth than he drills."" So, the number of capped teeth is 7 more than the number of drilled teeth. So, if he drills 4,"
gsm8k_1184,gsm8k,stochastic,29.1586,186.81,113.61,256,8.78," 

Step 1: Determine how many bags are in 850 kilos.
Step 2: Multiply the number of bags by the cost per bag to find the total cost.

Let me know if you need any more help.
Okay, let's see. Ali ordered 850 kilos of coal, and the coal comes in 50 kg bags. So first, I need to figure out how many bags that is. 

So, if each bag is 50 kg, then the number of bags would be the total weight divided by the weight per bag. That would be 850 divided by 50. Let me do that calculation. 850 divided by 50... Well, 50 times 17 is 850, right? Because 50 times 10 is 500, 50 times 7 is 350, and 500 plus 350 is 850. So that's 17 bags. 

Wait, let me check that again. 50 times 10 is 500, 50 times 17 is 50 times 10 plus 50"
gsm8k_1188,gsm8k,stochastic,29.1593,155.45,113.74,256,8.78," Let's think. 

Okay, let's see. The problem says that Digimon had its 20th anniversary. When it came out, John was twice as old as Jim. Now, John is 28 years old. We need to find out how old Jim is now.

First, I need to figure out how many years have passed since the Digimon came out. Since it's the 20th anniversary, that means 20 years have passed. So, the Digimon came out 20 years ago. 

When it came out, John was twice as old as Jim. Let me denote the age of John when the game came out as J and the age of Jim as K. According to the problem, J = 2K. 

Now, John is currently 28 years old. Since 20 years have passed, his age now is his age when the game came out plus 20 years. So, J + 20 = 28. Therefore, J = 28 - 20 = 8. 

So, when the game came out, John was 8 years old. Since John was twice as old as Jim at that time, Jim was J / 2 ="
gsm8k_1191,gsm8k,stochastic,29.1281,187.07,113.49,256,8.79," 

Step 1: Find the total length of her hair that was cut. 
She started with 10 inches and ended with 8 inches. So, the length cut is 10 - 8 = 2 inches.

Step 2: Calculate the cost of the haircut. 
The cost of the haircut is $30 per inch, so for 2 inches, it's 2 * 30 = $60.

Step 3: Add the cost of the color, which is $40. 
Total cost = $60 (haircut) + $40 (color) = $100.

Final Answer: 100
Answer: \boxed{100} 

Wait, but the problem says ""how much did her cut and color cost?"" So the answer is $100. But I need to make sure that the steps are correct. Let me check again.

Yes, the length cut is 2 inches, which costs $60. The color is $40. Total is $100. So the answer is correct.
Answer: \boxed{100} 

The steps are correct. The total cost is $100. So the final answer"
gsm8k_1193,gsm8k,stochastic,29.1945,197.17,113.72,256,8.77," 

Step 1: Calculate the amount Jason earned for doing his laundry. Since he did his laundry once, multiply the amount for doing his laundry by 1.  $3.00 × 1 = $3.00.

Step 2: Calculate the amount Jason earned for cleaning his room. Since he cleaned his room once, multiply the amount for cleaning his room by 1.  $1.50 × 1 = $1.50.

Step 3: Calculate the amount Jason earned for taking the trash to the curb. He did this twice, so multiply the amount for taking the trash to the curb by 2.  $0.75 × 2 = $1.50.

Step 4: Calculate the amount Jason earned for emptying the dishwasher. He did this 6 times, so multiply the amount for emptying the dishwasher by 6.  $0.50 × 6 = $3.00.

Step 5: Add up all the amounts earned for each task.  $3.00 + $1.50 + $1.50 + $3.00 = $9.00.

Final Answer: 9
Answer: \boxed"
gsm8k_1194,gsm8k,stochastic,29.1213,195.99,113.43,256,8.79," 

Okay, let's see. So the problem is about calculating the total blood volume of ten sharks. Let me break it down step by step.

First, I know that each whale has 40 gallons of blood. That's given. Then, a shark has three times as much blood as a whale. So, I need to find out how much blood one shark has. 

So, if a whale is 40 gallons, then a shark would be 3 times that. Let me write that down. Shark blood = 3 * Whale blood. So that's 3 * 40 gallons. Let me calculate that. 3 times 40 is 120. So each shark has 120 gallons of blood. 

Now, the question asks for ten sharks. So, I need to multiply the amount of blood in one shark by ten. That would be 120 gallons per shark times 10 sharks. Let me do that multiplication. 120 * 10 is 1200. 

Wait, let me check again. First, whale is 40 gallons. Shark is three times that, so 40*3=120. Then ten sharks would be"
gsm8k_1198,gsm8k,stochastic,29.185,192.14,113.7,256,8.77," 

Answer: <number>
Okay, let's see. I need to figure out how many trees Mr. Julius planted over two days. Let me break it down step by step.

First, on the first day, he planted 20 White Oak trees. Then, he planted twice as many Lodgepole Pine as White Oak. So, for Lodgepole Pine on day one, that would be 2 times 20. Let me calculate that: 2 * 20 = 40. So, on day one, he planted 20 White Oaks and 40 Lodgepole Pines. That totals 20 + 40 = 60 trees on day one.

Now, moving on to day two. He planted 10 more White Oak trees than on the first day. Wait, the first day he planted 20 White Oaks, so 10 more would be 20 + 10 = 30 White Oak trees on day two.

Then, for Lodgepole Pine, he planted 1/4 more than he did on the first day. The first day he planted 40 Lodgepole Pines. So, 1/4 more would be 40 + (1/4"
gsm8k_1204,gsm8k,stochastic,29.2007,188.58,113.77,256,8.77," 

Answer: <number>
Okay, let's see. There are 20 tourists who found 700 shells. They divided into three groups: Alphas, The finders, and Gogetters. The question is asking how many shells Gogetters found. 

First, the problem says that Alphas found 40% of the shells. So, I need to calculate 40% of 700. Let me do that. 40% is the same as 0.40. So 0.40 multiplied by 700. Let me compute that. 0.4 times 700 is 280. So Alphas found 280 shells. 

Now, the remaining shells after Alphas would be the total minus what Alphas found. So 700 minus 280 is 420. So there are 420 shells left. 

Then, The finders found 60% of the remaining shells. The remaining shells here are 420. So 60% of 420. Let me calculate that. 60% is 0.60. So 0.6 times"
gsm8k_1210,gsm8k,stochastic,29.063,189.68,113.23,256,8.81," 

Okay, let's see. So Jolene and her friends are having a water balloon fight. They filled up 10 packs of balloons, each pack has 30 balloons. Then, by the end, there are 12 balloons left. The question is asking how many balloons they threw.

First, I need to figure out the total number of balloons they started with. Since there are 10 packs and each pack has 30 balloons, I should multiply 10 by 30. Let me do that: 10 times 30 is 300. So they had 300 balloons in total.

Then, they ended up with 12 balloons left. That means the number of balloons they threw is the total minus the ones left. So, 300 minus 12. Let me calculate that: 300 - 12 equals 288. 

Wait, is that right? Let me check again. Total balloons: 10 packs * 30 balloons per pack = 300. Balloons left: 12. So balloons thrown = 300 - 12 = 288. Yeah, that seems"
gsm8k_1212,gsm8k,stochastic,29.1153,191.13,113.43,256,8.79," 

Okay, let's see. The problem is about finding the combined capacity of two schools: Ali's private school and John's public school. Let me break it down step by step.

First, Ali teaches one class in his private school. The capacity of Ali’s class is given as 120 students. So, the total capacity of Ali's school must be the same as the capacity of his class, right? Wait, the problem says ""the capacity of Ali’s class which has the capacity of 120 students."" Hmm, maybe that's redundant, but I think it's just saying that Ali's class has a capacity of 120 students. So, Ali's school has one class with 120 students. So, the total capacity of Ali's school is 120 students? Or is there more to it?

Wait, the problem says ""the capacity of Ali’s class which has the capacity of 120 students."" Maybe that's just emphasizing that the class capacity is 120. So, Ali's school has one class with 120 students. So, the total capacity of Ali's school is 120 students? Or is there more? Wait, maybe the school has more"
gsm8k_1213,gsm8k,stochastic,29.1689,193.58,113.63,256,8.78," 

Answer: <number>
Okay, let's see. Stephen borrowed $300 from his sister and has to return it with an additional 2% of the money he owed. So first, I need to figure out the total amount he needs to pay back. The principal is $300, and the interest is 2% of that. 

So, 2% of $300 is 0.02 * 300. Let me calculate that. 0.02 times 300 is 6. So the total amount he needs to repay is $300 + $6 = $306. 

Now, he's going to pay $25 per month for 11 months. So first, I should calculate how much he pays in those 11 months. 11 months times $25 per month. Let me do that: 11 * 25. Hmm, 10*25 is 250, plus 1*25 is 25, so total is 275. 

So after 11 months, he's paid $275. The remaining amount he needs to pay in the tw"
gsm8k_1214,gsm8k,stochastic,29.1504,154.54,113.71,256,8.78," 

Step 1: Determine the total number of diapers needed per day.
There are 2 children, and each needs 5 diaper changes per day.  So, 2 * 5 = 10 diapers per day.

Step 2: Determine how many diapers Jordan's wife changes.
She changes half of the diapers, so 10 / 2 = 5 diapers.

Step 3: Determine how many diapers Jordan changes.
Since the total is 10 and his wife changes 5, Jordan changes 10 - 5 = 5 diapers per day.

Final Answer: 5
Answer: 5
Okay, let's see. The problem is about Jordan and his wife changing diapers for their two children. Each child needs 5 diaper changes a day. Jordan's wife does half of the diapers, so we need to find out how many Jordan changes.

First, I need to figure out the total number of diapers needed per day. There are two children, each requiring 5 changes. So 2 times 5 is 10. That makes sense. So total diapers per day are 10.

Next, the wife changes half of them. Half of 10 is 5. So she does 5"
gsm8k_1215,gsm8k,stochastic,29.1774,234.68,113.5,256,8.77,"  (Note: Efficiency is the ratio of the volume of jelly beans to the total volume of the jar.)

To solve this, we need to find the total number of jelly beans in the jar, then find the number of red jelly beans he estimated, and compare it to the true number of red jelly beans.

First, find the total volume of the jar.  The jar has a square base, so the volume is base area times height.  The base area is 6 inches by 6 inches, so that is 36 square inches.  The height is 15 inches, so the total volume is 36 * 15 = 540 cubic inches.

Next, find the total volume occupied by the jelly beans.  Since the packing efficiency is 80%, that is 0.8.  So the total volume of jelly beans is 540 * 0.8 = 432 cubic inches.

Now, find the total number of jelly beans.  Each jelly bean is 0.15 cubic inches.  So the total number of jelly beans is 432 / 0.15 = 2880 jelly beans.

Then, find the number of red jelly beans"
gsm8k_1224,gsm8k,stochastic,29.1188,151.47,113.6,256,8.79," Please reason step by step, and put your final answer within \boxed{}.

Okay, let's see. The problem says that it rained 2 inches on Monday. Then, on Tuesday, it's expected to rain 1 more inch than twice Monday's total. I need to find out how many inches it will rain on Tuesday.

First, let me make sure I understand the problem correctly. On Monday, the rain was 2 inches. For Tuesday, the amount is 1 inch more than twice Monday's rainfall. So, I need to calculate twice Monday's rain and then add 1 inch to that.

Let me break it down. Twice Monday's total would be 2 times 2 inches. So, 2 * 2 = 4 inches. Then, adding 1 more inch to that. So, 4 + 1 = 5 inches. Therefore, Tuesday's rain should be 5 inches.

Wait, let me check again. The problem says ""1 more inch than twice of Monday’s total."" So, twice Monday's total is 2*2=4. Then, adding 1 inch to that gives 4+1=5. Yeah, that seems right. 

Alternatively, maybe I can write it as"
gsm8k_1234,gsm8k,stochastic,29.0706,155.11,113.39,256,8.81," 

Okay, let's see. Regina wrote 9 novels last year. The problem says that this is 3 quarters of the number of novels she has written this year. So I need to find out how many novels she wrote this year.

First, let me make sure I understand the question. It says that 9 novels last year is equal to 3/4 of the number she wrote this year. So if I let the number of novels this year be some variable, maybe x, then 3/4 of x is 9. So the equation would be (3/4)x = 9. Then I need to solve for x.

To solve for x, I can multiply both sides of the equation by the reciprocal of 3/4, which is 4/3. That way, the 3/4 and 4/3 would cancel each other out on the left side, leaving just x. So multiplying both sides by 4/3:

x = 9 * (4/3)

Let me compute that. 9 divided by 3 is 3, and then multiplied by 4 is 12. So x equals 12. Therefore, Regina has written 12 novels this year.

Wait,"
gsm8k_1238,gsm8k,stochastic,29.0865,199.05,113.28,256,8.8," To solve this, first find the total cost of the ingredients for one week, then multiply by 52 to get the annual cost.

Okay, let's see. So Bud makes macaroni and cheese once a week. The problem is asking how much he spends in one year. First, I need to figure out the weekly cost and then multiply that by 52 weeks.

The pasta costs $1.00 a box. Wait, but how many boxes does he use each week? The problem doesn't specify. Hmm, maybe I need to check if there's any missing information. Wait, the problem says ""the pasta costs $1.00 a box,"" but it doesn't say how many boxes he uses per week. Wait, maybe that's a mistake? Or maybe I'm missing something. Let me read the problem again.

""The pasta costs $1.00 a box, and he spends $3.00 on cheddar cheese and twice that amount for the gruyere cheese. How much money does Bud spend on making macaroni and cheese in one year?""

Wait, so the pasta is $1.00 per box. But how many boxes does he use each week? The problem doesn't mention that. That"
gsm8k_1240,gsm8k,stochastic,29.0849,197.58,113.28,256,8.8," 

Answer: <number>
Okay, let's see. Elly has 110 books and she needs to organize them on bookcases. The problem is about figuring out how many bookcases she needs based on the capacity of each shelf. Let me break it down step by step.

First, the problem mentions different shelves on the bookcases. Each of the middle 2 shelves can hold 10 books. So, the middle shelves are two in number, each with a capacity of 10 books. That means the middle shelves together can hold 2 times 10, which is 20 books. Wait, but maybe I need to consider each shelf individually first.

Then, the bottom shelf can hold twice as many books as a middle shelf. Since a middle shelf holds 10 books, the bottom shelf would hold 2 times 10, which is 20 books. So the bottom shelf is 20 books.

The top shelf can hold 5 fewer books than the bottom shelf. So if the bottom is 20, then the top is 20 minus 5, which is 15 books. So the top shelf is 15 books.

Now, each bookcase has these shelves: bottom"
gsm8k_1241,gsm8k,stochastic,29.0005,158.55,113.11,256,8.83," 

Okay, let's see. Rose bought five dozens of eggs. First, I need to figure out how much she paid for them. Each dozen is $2.40, right? So five dozens would be 5 times $2.40. Let me calculate that. 5 multiplied by 2.40... 2.40 times 5. Let me do 2 times 5 is 10, and 0.40 times 5 is 2.00, so total is 10 + 2 = $12.00. So she paid $12.00 for the eggs.

Now, she wants to sell them. She sells them at $1 for 3 eggs. Hmm, so I need to figure out how much she makes from selling all the eggs. First, how many eggs does she have? Five dozens. A dozen is 12, so 5 times 12 is 60 eggs. So she has 60 eggs.

She sells them at $1 for 3 eggs. So how many sets of 3 eggs are there in 60? Let me divide 60 by 3. That's 20. So"
gsm8k_1245,gsm8k,stochastic,29.1846,193.42,113.69,256,8.77," 

Let me think. So, Mary makes some strawberry cubes, let's call the number of strawberry cubes S. Then the number of blueberry cubes is 5 times the number of strawberry cubes minus 4. So, blueberry cubes = 5S - 4. The total number of ice cubes is 116, which is the sum of strawberry and blueberry cubes. So, S + (5S - 4) = 116. Let me solve this equation. 

First, combine like terms. S + 5S is 6S. Then subtract 4. So, 6S - 4 = 116. Now, add 4 to both sides to isolate the term with S. 6S = 116 + 4, which is 120. Then divide both sides by 6. S = 120 / 6. 120 divided by 6 is 20. So, S is 20. 

Now, to find the number of blueberry cubes, plug S into the equation for blueberry cubes. 5 times 20 is 100, minus 4 is 96. So, she"
gsm8k_1246,gsm8k,stochastic,29.1613,190.56,113.61,256,8.78," 

Step 1: Determine the total number of games Ara has played in four years.
Step 2: Multiply the total number of games by the points per game to find the total points.

Let me think through this problem. 

First, I need to find out how many games Ara has played in total over four years. She plays 40 games each year. So, for four years, it would be 40 games per year multiplied by 4 years. That gives 160 games in total.

Next, I need to calculate the total points she has scored. If she scores 21 points in each game, then I multiply the total number of games (160) by the points per game (21). 

Let me do the multiplication: 160 times 21. Breaking it down, 160 times 20 is 3200, and 160 times 1 is 160. Adding those together, 3200 + 160 equals 3360. 

So, the total number of points Ara has scored in four years is 3360.
Final Answer: 3360
Step 1:"
gsm8k_1251,gsm8k,stochastic,29.1491,192.61,113.55,256,8.78,"  How many sides does it have?

Answer: The Rubik's cube has 6 sides.  It takes 5 minutes to get to the first side.  The second and third sides each take twice that long, so 5 * 2 = 10 minutes each.  The last 2 sides each take half as long as the first, so 5 / 2 = 2.5 minutes each.  Total time is 5 + 10 + 10 + 2.5 + 2.5 = 30 minutes.  So the answer is 30 minutes and 6 sides.

But the question says ""the last 2 sides each take half as long as the first"", but the first side is 5 minutes.  So the last 2 sides are 2.5 minutes each.  Then the total is 5 + 10 + 10 + 2.5 + 2.5 = 30 minutes.  The answer is 30 minutes and 6 sides.

But the question says ""once you get the 5th side you have all 6 sides.""  So that means the 5th side is the 5th side, and the"
gsm8k_1252,gsm8k,stochastic,29.1287,187.45,113.5,256,8.79," 

Okay, let's see. The problem says that Dominick saw half as many robots as helmets and half as many helmets as footballs. There were 20 helmets. I need to find the total number of items he saw. 

First, let me parse the relationships. The problem mentions three items: robots, helmets, and footballs. The relationships are:

- Robots = (1/2) * Helmets
- Helmets = (1/2) * Footballs

Wait, so helmets are half as many as footballs? That would mean footballs are twice the number of helmets. Since there are 20 helmets, footballs would be 20 * 2 = 40. Then robots are half the number of helmets, so 20 / 2 = 10. 

So, robots: 10, helmets: 20, footballs: 40. Total items would be 10 + 20 + 40 = 70. 

But let me make sure I didn't misinterpret the relationships. The problem says ""half as many robots as helmets"" which is robots = (1/2) * helmets. Then ""half as many helmets as footballs"
gsm8k_1259,gsm8k,stochastic,29.0775,154.83,113.42,256,8.8," (Note: June has 30 days.)
Answer: <number>
Okay, let's see. So the problem is about calculating how much money Derrick makes in June from selling doughnuts. Let me break it down step by step.

First, I need to figure out how many doughnuts he makes each day. The problem says he makes 10 dozen doughnuts every day. Wait, a dozen is 12, right? So 10 dozen would be 10 times 12. Let me calculate that. 10 times 12 is 120. So he makes 120 doughnuts each day.

Next, he sells each doughnut for $2. So to find out his daily revenue, I need to multiply the number of doughnuts by the price per doughnut. That would be 120 doughnuts times $2. Let me do that math. 120 times 2 is 240. So he makes $240 each day from selling doughnuts.

Now, June has 30 days. If he sells all the doughnuts every day, then his total revenue for June would be his daily revenue multiplied by the number of days in June. So that"
gsm8k_1261,gsm8k,stochastic,29.1455,193.79,113.54,256,8.78," 

Step 1: Calculate the cost for one week.
Step 2: Multiply the weekly cost by 5 to get the total cost for 5 weeks.

Let me try to figure this out. 

First, I need to find out how much Alicia spends in one week on dry-cleaning. She sends 5 blouses, 2 pants, and 1 skirt each week. 

The cost for the blouses is 5 blouses times $5.00 each. So that's 5 * 5 = $25.00.

Then the pants: 2 pants times $8.00 each. That's 2 * 8 = $16.00.

The skirt is 1 skirt times $6.00. That's 1 * 6 = $6.00.

Now, adding those up for one week: $25 + $16 + $6. Let me add them step by step. 25 + 16 is 41, and then 41 + 6 is 47. So, $47.00 per week.

Now, for 5 weeks, I need to multiply the weekly cost by 5. So,"
gsm8k_1273,gsm8k,stochastic,29.0849,188.59,113.32,256,8.8," 

Okay, let's see. Mazie starts with 52 marbles. She gives them to her twins, Dallas and Darla. So, the total marbles given to both of them should be 52, right? But wait, the problem says that after Dallas drops 4 marbles in the playground, he has a total of 21 marbles. Hmm, so I need to figure out how many marbles Dallas originally had before dropping any, and then see how many Darla got.

Let me break it down. Dallas ends up with 21 marbles after dropping 4. That means before dropping, he had 21 + 4 = 25 marbles. Because he dropped 4, so those 4 are subtracted from his original amount. So Dallas originally had 25 marbles.

Now, since Mazie gave all 52 marbles to the twins, the total marbles given to Dallas and Darla is 52. If Dallas has 25, then Darla must have 52 - 25 = 27 marbles. Wait, is that right? Let me check again.

Original total marbles: 52. Dallas had 25 before"
gsm8k_1281,gsm8k,stochastic,29.2086,158.17,113.92,256,8.76," 

Step 1: Find out how much feed each pig eats in a day. 
Each pig eats 4 pounds twice a day, so 4 * 2 = 8 pounds per day per pig.

Step 2: Find out how much feed all the pigs eat in a day. 
There are five pigs, so 5 * 8 = 40 pounds per day for all pigs.

Step 3: Find out how much feed all the pigs eat in a week. 
A week has 7 days, so 40 * 7 = 280 pounds per week.

Step 4: Subtract the total feed consumed in a week from the total feed Dexter ordered. 
Dexter ordered 300 pounds, so 300 - 280 = 20 pounds left.

Final Answer: 20
Answer: \boxed{20}
Okay, let's see. Dexter has five pigs, and each pig eats 4 pounds of feed twice a day. So first, I need to figure out how much each pig eats in a day. If it's 4 pounds twice a day, that's 4 multiplied by 2, which is 8 pounds per day per pig. Got"
gsm8k_1288,gsm8k,stochastic,29.0571,185.74,113.22,256,8.81," To solve this step by step, let's break down the problem.

First, we need to calculate the time she spends on meditation per day. She meditates twice a day, once when she wakes up and once before sleeping. Each session is 15 minutes. So, the total meditation time per day is 15 minutes + 15 minutes = 30 minutes.

Next, we need to calculate the time she spends on yoga per week. She practices 1 hour of yoga 5 days a week. Since 1 hour is 60 minutes, the total yoga time per week is 5 days * 60 minutes = 300 minutes.

Now, we add the meditation and yoga times to find the total time spent on both activities per week. That's 30 minutes (meditation) + 300 minutes (yoga) = 330 minutes per week.

Finally, we calculate the total time over 4 weeks. 330 minutes per week * 4 weeks = 1320 minutes.

Now, we need to convert this total time into hours to make it more understandable. Since 60 minutes make an hour, we divide 1320 minutes by 6"
gsm8k_1293,gsm8k,stochastic,29.0213,186.6,113.08,256,8.82," 

Answer: <number>
Okay, let's see. The problem is about a company that produces chocolate bars and wants to know how much money they'll make from selling them over two weeks. Let me break this down step by step.

First, the company produces 5000 bars in one day. They sell each bar for $2. So, I need to figure out the total revenue for two weeks. 

Wait, two weeks is how many days? Well, a week has 7 days, so two weeks would be 7 times 2, which is 14 days. Right? So, 14 days in total.

Now, each day they make 5000 bars. So, over 14 days, the total number of bars produced would be 5000 bars/day multiplied by 14 days. Let me calculate that. 5000 times 14. Hmm, 5000 times 10 is 50,000, and 5000 times 4 is 20,000. Adding those together gives 50,000 + 20,000 = 70,000"
gsm8k_1299,gsm8k,stochastic,29.2473,201.08,113.91,256,8.75," 

Step 1: Calculate the total amount spent on ice cream, movie tickets, and the bracelet.
Step 2: Subtract the total amount spent from the initial amount given by her parents to find out how much money she has left.

Let me think through this problem carefully. 

First, I need to find out how much Janet spent in total. She spent $3.50 on ice cream. Then, she bought movie tickets for herself and her sister, which is $7.50 each. So that's 2 times $7.50. Then she spent $8.50 on a bracelet. 

So, the total spent is $3.50 + (2 * $7.50) + $8.50. Let me calculate that. 

First, 2 times $7.50 is $15. Then, adding the ice cream and the bracelet: $3.50 + $15 + $8.50. 

Adding $3.50 and $8.50 gives me $12. Then adding that to $15 gives me $27. 

So the total amount spent is $27. 

Janet's parents gave her $40"
gsm8k_1301,gsm8k,stochastic,29.1516,188.06,113.58,256,8.78," 

Let me try to work through this problem step by step. 

First, let's figure out how many cookies Randy has in total at the beginning. He has 9 oatmeal, 4 chocolate chip, and 5 sugar cookies. So, adding those up: 9 + 4 + 5 = 18 cookies total. 

Then, he ate 3 cookies for an early snack, one of each flavor. That means he ate 1 oatmeal, 1 chocolate chip, and 1 sugar cookie. So, subtracting those from his total: 9 - 1 = 8 oatmeal, 4 - 1 = 3 chocolate chip, and 5 - 1 = 4 sugar cookies. 

Next, he ate 2 oatmeal cookies for lunch. So, subtracting those from the oatmeal count: 8 - 2 = 6 oatmeal cookies left. 

Then, he gives 2 sugar cookies to his friends. So, subtracting those from the sugar cookies: 4 - 2 = 2 sugar cookies left. 

Now, he bakes 4 of each flavor for dinner. That means he adds 4 oatmeal, 4 chocolate chip, and 4 sugar cookies"
gsm8k_1308,gsm8k,stochastic,29.0621,157.96,113.35,256,8.81," 

Step 1: Identify the number of eggs in the first basket. The first basket has 10 eggs.
Step 2: Determine the number of eggs in the second basket. Since there are twice as many eggs in the second basket as in the first, it would be 2 multiplied by the number of eggs in the first basket. So, 2 * 10 = 20 eggs.
Step 3: Add the number of eggs in both baskets together. 10 + 20 = 30 eggs.

Final Answer: 30
Answer: 30

The problem involves basic arithmetic operations. The first basket contains 10 eggs. The second basket has twice as many, so 2 * 10 = 20 eggs. Adding both quantities gives 10 + 20 = 30 eggs. The final answer is 30. 

Final Answer: 30
Okay, let's see. The problem says there are 10 eggs in the first basket. The second basket has twice as many. So, first, I need to figure out how many eggs are in the second basket. If the first has 10, then twice that would be 10"
mmlu_abstract_algebra_0,mmlu,stochastic,3.6362,157.33,112.22,32,8.8," The degree of the field extension Q(sqrt(2), sqrt(3), sqrt(18)) over Q is 2.

Step-by-Step Explanation:
"
mmlu_abstract_algebra_1,mmlu,stochastic,3.5855,191.41,109.49,32,8.92," The index of a subgroup H in a group G is the number of distinct left cosets of H in G. So, to find the index of <p"
mmlu_abstract_algebra_2,mmlu,stochastic,3.5704,191.87,108.98,32,8.96, To find the zeros of the polynomial $ f(x) = x^5 + 3x^3 + x^2 + 2x $ in $
mmlu_abstract_algebra_3,mmlu,stochastic,3.642,200.25,111.02,32,8.79," B. False, False

The reasoning is as follows:

Statement 1 is false because a factor group (quotient group) of a non-Abelian"
mmlu_abstract_algebra_4,mmlu,stochastic,3.5621,195.59,108.6,32,8.98," C. 0

Step-by-Step Explanation:
To find the product of f(x) and g(x) in Z_8[x], we first multiply"
mmlu_abstract_algebra_5,mmlu,stochastic,3.6967,192.31,113.05,32,8.66," C. True, False

The reasoning is as follows:

Statement 1: If a group has an element of order 15, it must have at"
mmlu_abstract_algebra_6,mmlu,stochastic,3.785,207.97,115.39,32,8.45," A. True, True

Statement 1 is true because the homomorphic image of a group G is isomorphic to a factor group of G. This is"
mmlu_abstract_algebra_7,mmlu,stochastic,3.825,206.76,116.72,32,8.37," C. True, False

Statement 1 is true because a ring homomorphism is one-to-one if and only if its kernel is {0}. Statement"
mmlu_abstract_algebra_8,mmlu,stochastic,3.6838,164.77,113.52,32,8.69," B. 4

The degree of the field extension Q(sqrt(2) + sqrt(3)) over Q is 4. This is because the minimal"
mmlu_abstract_algebra_9,mmlu,stochastic,3.7053,201.01,113.04,32,8.64, To find the zeros of the polynomial $ f(x) = x^3 + 2x + 2 $ in $ \mathbb{Z}_7
mmlu_abstract_algebra_10,mmlu,stochastic,3.83,206.46,116.89,32,8.36," A. True, True

Statement 1 is true because the left coset aH and the right coset Ha have the same number of elements since the"
mmlu_abstract_algebra_11,mmlu,stochastic,3.6867,200.24,112.47,32,8.68," C. both symmetric and anti-symmetric

Explanation: A relation is symmetric if for every (a, b) in the relation, (b, a)"
mmlu_abstract_algebra_12,mmlu,stochastic,3.6249,163.02,111.67,32,8.83," The order of the factor group (Z_11 x Z_15)/(<1, 1>) is equal to the order of Z_1"
mmlu_abstract_algebra_13,mmlu,stochastic,3.722,206.62,113.4,32,8.6, To factor the polynomial $ x^3 + 2x^2 + 2x + 1 $ over $ \mathbb{Z}_7[x
mmlu_abstract_algebra_14,mmlu,stochastic,3.7096,166.57,114.29,32,8.63, The maximum possible order for an element of S_n is the largest integer that can be expressed as the least common multiple (LCM) of integers that sum to
mmlu_abstract_algebra_15,mmlu,stochastic,3.773,207.29,115.02,32,8.48," A. True, True

Statement 1 is true because any finite field is a splitting field of some polynomial over Q. Specifically, for a finite field like"
mmlu_abstract_algebra_16,mmlu,stochastic,3.7759,165.67,116.46,32,8.47," The inverse of an element in a multiplicative group is the element that, when multiplied by the original element, gives the identity element (which is 1 in"
mmlu_abstract_algebra_17,mmlu,stochastic,3.7333,199.96,113.98,32,8.57," To compute the product of (2,3) and (3,5) in the ring Z_5 x Z_9, we need to perform the"
mmlu_abstract_algebra_18,mmlu,stochastic,3.7141,208.29,113.09,32,8.62," D. zero has no inverse

Explanation: The set of all real numbers under multiplication is not a group because zero does not have a multiplicative inverse. In"
mmlu_abstract_algebra_19,mmlu,stochastic,3.7345,210.8,113.67,32,8.57," A. True, True

Explanation: Statement 1 is true because every group of order p² is Abelian. This is a well-known result in group"
mmlu_abstract_algebra_20,mmlu,stochastic,3.6939,200.73,112.68,32,8.66," A. True, True

Statement 1 is true because the order of the direct product of two finite groups is the product of their orders. Statement 2"
mmlu_abstract_algebra_21,mmlu,stochastic,3.7029,204.84,112.84,32,8.64," A. 2x^2 + 5

Step-by-Step Explanation:
To find the sum of the polynomials f(x) = 4x"
mmlu_abstract_algebra_22,mmlu,stochastic,3.7276,201.4,113.75,32,8.58," C. True, False

Statement 1 is false because two vectors in R^2 can be linearly dependent if they are scalar multiples of each other."
mmlu_abstract_algebra_23,mmlu,stochastic,3.7304,166.17,114.98,32,8.58," D. abelian group

The set of all nth roots of unity under multiplication is a group. It is also abelian because the multiplication of complex numbers is"
mmlu_abstract_algebra_24,mmlu,stochastic,3.7591,205.0,114.65,32,8.51," A. True, True

Statement 1 is true because in a commutative ring, every maximal ideal is indeed a prime ideal. This is a fundamental"
mmlu_abstract_algebra_25,mmlu,stochastic,3.744,199.2,114.35,32,8.55," C. infinite, non abelian group

The set G is the general linear group GL(n, Q), which consists of all n x n invertible matrices"
mmlu_abstract_algebra_26,mmlu,stochastic,3.6239,199.1,110.48,32,8.83," C. True, False

Statement 1 is true because 42 = 2 * 3 * 7. By Sylow's theore"
mmlu_abstract_algebra_27,mmlu,stochastic,3.765,203.26,114.89,32,8.5," B. Yes, with p=3.

Step-by-step explanation:
To apply the Eisenstein criterion, we need to find a prime number p such that:
"
mmlu_abstract_algebra_28,mmlu,stochastic,3.6315,204.01,110.56,32,8.81," D. False, True

Statement 1 is false because the image of a group under a homomorphism cannot have more elements than the original group. The"
mmlu_abstract_algebra_29,mmlu,stochastic,3.827,205.17,116.83,32,8.36," A. True, True

Statement 1 is true because the homomorphic image of a cyclic group is always cyclic. If you have a cyclic group generated by"
mmlu_abstract_algebra_30,mmlu,stochastic,3.8063,210.09,116.01,32,8.41," A. True, True

Statement 1 is true because if H is a subgroup of G, then for any a in G, the left coset a"
mmlu_abstract_algebra_31,mmlu,stochastic,3.7904,201.9,115.76,32,8.44," B. abelian group

The given condition is (ab)^-1 = a^-1b^-1 for all a, b in G. In a"
mmlu_abstract_algebra_32,mmlu,stochastic,3.699,197.86,112.94,32,8.65," A. True, True

Statement 1 is true because in a finite-dimensional vector space, any linearly independent set can be extended to a basis by adding"
mmlu_abstract_algebra_33,mmlu,stochastic,3.6599,200.47,111.59,32,8.74," C. (g o h)^2 = g^2 o h^2 for every g,h in G
Explanation: In an abelian group, the"
mmlu_abstract_algebra_34,mmlu,stochastic,3.846,208.95,117.32,32,8.32," C. True, False

Explanation: 

Statement 1: The statement is incorrect. The condition ""dim(V) < dim(W) < 1"""
mmlu_abstract_algebra_35,mmlu,stochastic,3.6739,165.0,113.19,32,8.71," B. 4

The degree of the field extension Q(sqrt(2), sqrt(3)) over Q is 4. This is because the extension is"
mmlu_abstract_algebra_36,mmlu,stochastic,3.7251,165.32,114.83,32,8.59," The product is 20 * (-8) = -160. Now, to compute this in Z_26, we need to find the"
mmlu_abstract_algebra_37,mmlu,stochastic,3.7581,204.52,114.63,32,8.51," D. No.

The polynomial x^2 - 12 is not irreducible over Q, so it does not satisfy the Eisenstein criterion for any prime"
mmlu_abstract_algebra_38,mmlu,stochastic,3.7532,155.57,116.05,32,8.53," B. 2

The generator for the finite field Z_7 is 2. A generator, also known as a primitive root modulo n, is an"
mmlu_abstract_algebra_39,mmlu,stochastic,3.6565,164.59,112.64,32,8.75," D. False, True

Statement 1 is false because not every permutation is a cycle. Permutations can be composed of multiple cycles. For example, a"
mmlu_abstract_algebra_40,mmlu,stochastic,3.8121,208.71,116.24,32,8.39," C. -1

The operation * is defined as a*b = a + b + 1. To find the identity element e, we need to find"
mmlu_abstract_algebra_41,mmlu,stochastic,3.7164,158.48,114.77,32,8.61," B. 3

The characteristic of a ring is the smallest positive integer n such that n * 1 = 0. For the ring Z_3"
mmlu_abstract_algebra_42,mmlu,stochastic,3.6794,203.28,112.13,32,8.7," C. True, False

Statement 1 is true because 45 = 9 * 5, and since 9 and 5 are copr"
mmlu_abstract_algebra_43,mmlu,stochastic,3.7392,206.32,113.96,32,8.56," C. True, False

Explanation: Statement 1 is true because an integral domain with characteristic 0 must be infinite. For example, the integers form an"
mmlu_abstract_algebra_44,mmlu,stochastic,3.7974,209.99,115.72,32,8.43," C. True, False

The function f is injective because if f(a1) = f(a2), then applying g to both sides gives g(f"
mmlu_abstract_algebra_45,mmlu,stochastic,3.7752,201.08,115.29,32,8.48," C. True, False

Statement 1 is true because for any two groups G and G', there exists a homomorphism from G to G'. This"
mmlu_abstract_algebra_46,mmlu,stochastic,3.6955,199.09,112.79,32,8.66," C. True, False

Statement 1 is true because a homomorphism can have an empty kernel, which means it's injective (one-to-one"
mmlu_abstract_algebra_47,mmlu,stochastic,3.7713,204.23,115.07,32,8.49, The polynomial x^3 + x^2 + c is irreducible over Z_3 if and only if it has no roots in Z_3. Let
mmlu_abstract_algebra_48,mmlu,stochastic,3.7084,209.93,112.85,32,8.63," A. True, True

Statement 1 is true because if R is an integral domain, then the polynomial ring R[x] is also an integral domain."
mmlu_abstract_algebra_49,mmlu,stochastic,3.6382,198.39,110.96,32,8.8, The maximum possible order is the least common multiple (LCM) of the maximum orders of each component. The maximum order of an element in Z_8 is
mmlu_abstract_algebra_50,mmlu,stochastic,3.7585,203.03,114.69,32,8.51," D. False, True

Explanation: Statement 1 is false because there are solvable groups that are not of prime-power order. For example, the symmetric"
mmlu_abstract_algebra_51,mmlu,stochastic,3.6441,195.3,111.25,32,8.78, The polynomial x^3 + cx^2 + 1 is irreducible over Z_3 if and only if it has no roots in Z_3.
mmlu_abstract_algebra_52,mmlu,stochastic,3.7552,194.11,114.87,32,8.52," A. 6

The identity element in a group under a particular operation is the element that, when combined with any element of the group, leaves the element"
mmlu_abstract_algebra_53,mmlu,stochastic,3.6673,205.99,111.65,32,8.73," C. True, False

Statement 1: There are only three groups of order 4: the cyclic group Z4 and the Klein four-group V4"
mmlu_abstract_algebra_54,mmlu,stochastic,3.6312,158.93,112.01,32,8.81," B. 2

The degree of the field extension Q(sqrt(2)) over Q is the dimension of Q(sqrt(2)) as a vector space over"
mmlu_abstract_algebra_55,mmlu,stochastic,3.7054,206.31,112.87,32,8.64," A. True, True

Statement 1 is true because a free abelian group is defined as a group that is a direct sum of copies of the integers"
mmlu_abstract_algebra_56,mmlu,stochastic,3.7541,200.42,114.63,32,8.52," C. True, False

Explanation: 

- **Statement 1**: ""4x - 2 is irreducible over Z.""  
  Over the integers"
mmlu_abstract_algebra_57,mmlu,stochastic,3.6381,159.76,112.2,32,8.8," B. 2

The generator for the finite field Z_11 is 2, as it is a primitive root modulo 11. A primitive"
mmlu_abstract_algebra_58,mmlu,stochastic,3.803,205.94,116.03,32,8.41," D. False, True

Explanation: 

For Statement 1: The order of the group is 159 = 3 × 53."
mmlu_abstract_algebra_59,mmlu,stochastic,3.7307,202.43,113.82,32,8.58," A. True, True

Statement 1 is not true. The product of two subgroups H and K is a subgroup of G if and only if HK"
mmlu_abstract_algebra_60,mmlu,stochastic,3.625,196.51,110.6,32,8.83," A. True, True

Statement 1 is true because the unity of a subring must be the same as the unity of the ring. If a sub"
mmlu_abstract_algebra_61,mmlu,stochastic,3.6003,199.33,109.71,32,8.89," A. True, True

Statement 1: The set of 2 x 2 matrices with integer entries and nonzero determinant is a group under matrix multiplication."
mmlu_abstract_algebra_62,mmlu,stochastic,3.6639,203.9,111.61,32,8.73," C. True, False

Statement 1 is true because the quotient ring R/I of a commutative ring R by an ideal I is again a comm"
mmlu_abstract_algebra_63,mmlu,stochastic,3.7646,206.49,114.78,32,8.5," A. not anti-symmetric
B. transitive
C. reflexive
D. symmetric

The correct answer is B. transitive. 

Let"
mmlu_abstract_algebra_64,mmlu,stochastic,3.7765,160.63,116.64,32,8.47," B. 2

The group Z is the additive group of integers, and Z_2 is the cyclic group of order 2. A homomorphism"
mmlu_abstract_algebra_65,mmlu,stochastic,3.7136,165.47,114.46,32,8.62," C. True, False

Explanation: Statement 1 is true because a field is a special case of a ring where every non-zero element has a multiplicative"
mmlu_abstract_algebra_66,mmlu,stochastic,3.6733,206.53,111.83,32,8.71," A. True, True

Statement 1 is true because when you add two polynomials, the degree of the sum is the maximum of the degrees of the"
mmlu_abstract_algebra_67,mmlu,stochastic,3.6668,191.89,112.1,32,8.73," The correct answer is D. H contains the identity element. 

Step-by-step explanation: For a subset H of a group (G, *), to be"
mmlu_abstract_algebra_68,mmlu,stochastic,3.7435,206.64,114.09,32,8.55," A. (x − 2)(x + 2)(x − 1)(x + 1)

Explanation: In Z_5[x], the"
mmlu_abstract_algebra_69,mmlu,stochastic,3.7595,208.24,114.56,32,8.51," A. True, True

Statement 1 is true because free abelian groups are defined to be abelian groups that have a basis, and for any positive"
mmlu_abstract_algebra_70,mmlu,stochastic,3.6287,196.81,110.71,32,8.82," C. a-2

The operation is defined as a*b = a + b + 1. To find the inverse of an element a, we need"
mmlu_abstract_algebra_71,mmlu,stochastic,3.7578,163.1,115.96,32,8.52," B. 4

The field extension Q(sqrt(2)*sqrt(3)) over Q is a degree 4 extension. This is because sqrt(2"
mmlu_abstract_algebra_72,mmlu,stochastic,3.6072,163.29,111.09,32,8.87," A. 1

Step-by-Step Explanation:
1. Fermat's Little Theorem states that if p is a prime number and a is an integer"
mmlu_abstract_algebra_73,mmlu,stochastic,3.648,157.17,112.61,32,8.77," B. 3

The characteristic of a ring is the smallest positive integer n such that n * 1 = 0, where 1 is the multip"
mmlu_abstract_algebra_74,mmlu,stochastic,3.7708,208.87,114.9,32,8.49," A. True, True

Statement 1 is not necessarily true. For example, in the dihedral group of order 8, which is the sym"
mmlu_abstract_algebra_75,mmlu,stochastic,3.7781,197.23,115.51,32,8.47," C. True, False

Explanation: Statement 1 is true because in a group, the inverse of (ab) is b^{-1}a^{-1"
mmlu_abstract_algebra_76,mmlu,stochastic,3.7134,199.26,113.36,32,8.62," C. True, False

Statement 1 is true because the symmetric group S_n is non-Abelian for all n ≥ 3. This is because"
mmlu_abstract_algebra_77,mmlu,stochastic,3.7201,161.07,114.81,32,8.6," The characteristic of a ring is the smallest positive integer n such that n * 1 = 0, where 1 is the multiplicative identity of the ring"
mmlu_abstract_algebra_78,mmlu,stochastic,3.8187,210.59,116.39,32,8.38," D. False, True

Explanation: 

Statement 1 is false because for the set {1,2, ..., n-1} to be a group"
mmlu_abstract_algebra_79,mmlu,stochastic,3.7537,208.34,114.37,32,8.53," A. True, True

Statement 1 is true because any subgroup of a free abelian group is free abelian. This is a well-known result in"
mmlu_abstract_algebra_80,mmlu,stochastic,3.8162,205.25,116.48,32,8.39," C. True, False

Statement 1 is true because the external direct product of cyclic groups is indeed cyclic if the number of factors is 1. However"
mmlu_abstract_algebra_81,mmlu,stochastic,3.7387,202.85,114.06,32,8.56," A. True, True

Statement 1 is true because a free abelian group is isomorphic to $ \mathbb{Z}^n $ for"
mmlu_abstract_algebra_82,mmlu,stochastic,3.6179,197.3,110.34,32,8.84," A. True, True

Statement 1 is true because for any positive integer n, the cyclic group of order n can be constructed as the integers modulo n"
mmlu_abstract_algebra_83,mmlu,stochastic,3.7363,203.44,113.96,32,8.56," C. True, False

Statement 1 is true because if a group has an element of order 10, then by Lagrange's theorem, the"
mmlu_abstract_algebra_84,mmlu,stochastic,3.6954,200.73,112.73,32,8.66," C. True, False

Explanation: 

Let me explain this step by step. 

First, we are given that f: A -> B and g:"
mmlu_abstract_algebra_85,mmlu,stochastic,3.8324,208.52,116.9,32,8.35," C. True, False

Statement 1 is true because a homomorphism is one-to-one (injective) if and only if its kernel is trivial"
mmlu_abstract_algebra_86,mmlu,stochastic,3.7113,205.08,113.1,32,8.62," A. True, True

Statement 1 is true because it is a well-known formula in group theory that the order of the product of two subgroups H"
mmlu_abstract_algebra_87,mmlu,stochastic,3.6794,199.72,112.25,32,8.7," A. -19

Step-by-step explanation:
Since T is a function from Z x Z to Z, it is a linear transformation. Given T("
mmlu_abstract_algebra_88,mmlu,stochastic,3.7611,163.46,116.05,32,8.51," A. 0

Step-by-Step Explanation:
First, compute the product in the integers: 12 * 16 = 192"
mmlu_abstract_algebra_89,mmlu,stochastic,3.7797,205.18,115.31,32,8.47," C. True, False

Explanation: Statement 1 is true because a permutation is a bijective function (both one-to-one and onto), so it is"
mmlu_abstract_algebra_90,mmlu,stochastic,3.7586,196.49,114.91,32,8.51," A. True, True

Statement 1 is a restatement of Lagrange's theorem, which says that for any finite group G, the order of any"
mmlu_abstract_algebra_91,mmlu,stochastic,3.6283,163.4,111.77,32,8.82," B. 4Z, 2 + 4Z

The subgroup 4Z of 2Z is a subgroup of index 2. Therefore,"
mmlu_abstract_algebra_92,mmlu,stochastic,3.7516,207.29,114.33,32,8.53," D.

Step-by-Step Explanation:
A. False. An equivalence relation must be reflexive, symmetric, and transitive. A partial-ordering relation must"
mmlu_abstract_algebra_93,mmlu,stochastic,3.6523,165.3,112.48,32,8.76, The maximum possible order for an element of S_n is the least common multiple (LCM) of the lengths of its disjoint cycles. For n = 6
mmlu_abstract_algebra_94,mmlu,stochastic,3.8096,204.38,116.3,32,8.4," D. False, True

Explanation: Statement 1 is false because Q (the rational numbers) is not a field extension of Z_2 (the field"
mmlu_abstract_algebra_95,mmlu,stochastic,3.8113,209.9,116.17,32,8.4," C. True, False

Statement 1 is true because if a is in H, then aH = H, which is a subgroup. If a is"
mmlu_abstract_algebra_96,mmlu,stochastic,3.7426,199.85,114.28,32,8.55," To find the zeros of the polynomial $x^2 + 1$ in $\mathbb{Z}_2$, we need to evaluate the polynomial at each"
mmlu_abstract_algebra_97,mmlu,stochastic,3.7037,164.09,114.18,32,8.64," B. 5

The cyclic subgroup of Z_30 generated by 25 is the set {0, 5, 10, "
mmlu_abstract_algebra_98,mmlu,stochastic,3.7333,162.78,115.18,32,8.57," The order of an element (a, b) in Z_m x Z_n is the least common multiple of the orders of a in Z_m and b in"
mmlu_abstract_algebra_99,mmlu,stochastic,3.7603,206.81,114.63,32,8.51," B. False, False

Statement 1 is false because not every ideal in a ring is a subring. An ideal is a subset that is closed under"
mmlu_college_chemistry_0,mmlu,stochastic,3.7326,193.53,114.16,32,8.57," The rate of a zero-order reaction is independent of the concentration of the reactant. For a zero-order reaction, the rate law is simply r = k,"
mmlu_college_chemistry_1,mmlu,stochastic,3.6489,202.04,111.19,32,8.77," C. most organic functional groups absorb in a characteristic region of the IR spectrum
Explanation: Infrared spectroscopy is useful for determining the structure of organic molecules because"
mmlu_college_chemistry_2,mmlu,stochastic,3.7077,164.55,114.29,32,8.63," C. 4

The maximum number of phases that can be at equilibrium with each other in a three-component system is four. This is based on the Gibbs"
mmlu_college_chemistry_3,mmlu,stochastic,3.6435,247.68,109.54,32,8.78," A. The I− : IO3− ratio is 3:1.

The given reaction is a redox reaction involving permanganate (MnO"
mmlu_college_chemistry_4,mmlu,stochastic,3.6553,163.41,112.64,32,8.75," B. only for constant pressure processes

The equation ΔH = ΔU + PΔV is derived from the first law of thermodynamics and is specifically valid"
mmlu_college_chemistry_5,mmlu,stochastic,3.8095,208.83,116.15,32,8.4," The correct answer is A. 3 lines.

The EPR spectrum of a rigid nitronyl nitroxide diradical with J << a (where"
mmlu_college_chemistry_6,mmlu,stochastic,3.7435,196.09,114.43,32,8.55," A. Neutrons

The correct answer is A. Neutrons. Cobalt-60 is produced by bombarding cobalt-59 with"
mmlu_college_chemistry_7,mmlu,stochastic,3.6162,165.12,111.33,32,8.85," D. Unpaired electrons

The correct answer is D. Unpaired electrons. Both paramagnetism and ferromagnetism require unpaired electrons. Paramagnet"
mmlu_college_chemistry_8,mmlu,stochastic,3.7819,212.8,115.13,32,8.46," The correct answer is D. 2:3.

Explanation: In NMR spectroscopy, the relative intensities of the signals are proportional to the number of"
mmlu_college_chemistry_9,mmlu,stochastic,3.6979,195.35,112.98,32,8.65," B. T2, unlike T1, is sensitive to very low-frequency molecular motions.

Explanation: T1 is the longitudinal relaxation time, which is the time"
mmlu_college_chemistry_10,mmlu,stochastic,3.701,212.38,112.54,32,8.65," The correct answer is D. 11.30 ppm.

Step-by-Step Explanation:
1. The Larmor frequency difference is given as 1"
mmlu_college_chemistry_11,mmlu,stochastic,3.779,251.76,113.78,32,8.47," The correct answer is B. 72.0 s.

Step-by-Step Explanation:
1. The given equation for polarization relaxation is p(t) ="
mmlu_college_chemistry_12,mmlu,stochastic,3.65,202.37,111.21,32,8.77," B. 27 G

The β-hyperfine structure of a radical is given by the formula:

$$ \Delta E = \frac{A}{"
mmlu_college_chemistry_13,mmlu,stochastic,3.6389,263.1,108.9,32,8.79," B. 1:9:36:84:126:126:84:36:9:1

The"
mmlu_college_chemistry_14,mmlu,stochastic,3.7204,201.99,113.5,32,8.6," C. steady state concentration of free radical intermediates is often too low to enable direct detection by EPR

The correct answer is C. Spin trapping is used"
mmlu_college_chemistry_15,mmlu,stochastic,3.7537,203.44,114.53,32,8.52," A. 6.1445 x 10^-27 J T-1

The magnetic moment (μI) of a nucleus is"
mmlu_college_chemistry_16,mmlu,stochastic,3.607,205.32,109.73,32,8.87," D. I and III only

The carbon dioxide molecule has four vibrational modes: two symmetric stretches, one asymmetric stretch, and one bending mode. However,"
mmlu_college_chemistry_17,mmlu,stochastic,3.6302,208.37,110.38,32,8.81," D. Octahedral complexes of monodentate ligands can display optical isomerism only when they have at least three different ligands.

The reasoning"
mmlu_college_chemistry_18,mmlu,stochastic,3.7635,207.35,114.72,32,8.5," D. Protons and neutrons possess spin angular momentum only.
Explanation: Protons and neutrons are both fermions, meaning they have half-integer spin"
mmlu_college_chemistry_19,mmlu,stochastic,3.6247,198.8,110.51,32,8.83," A. 23.56 GHz

The Larmor frequency is calculated using the formula f = γB / (2π), where γ is the"
mmlu_college_chemistry_20,mmlu,stochastic,3.7082,156.48,114.57,32,8.63," D. Arsenic-doped silicon
Explanation: An n-type semiconductor is a type of semiconductor that has an excess of electrons. This is achieved by doping"
mmlu_college_chemistry_21,mmlu,stochastic,3.7148,211.09,113.02,32,8.61," A. Both 35Cl and 37Cl have I = 0.
Explanation: The 1H spectrum of 12CHCl3"
mmlu_college_chemistry_22,mmlu,stochastic,3.6994,245.94,111.4,32,8.65," D. 4.0 × 10^−9

The dissolution of lead(II) iodide (PbI₂) can be represented"
mmlu_college_chemistry_23,mmlu,stochastic,3.7191,204.53,113.37,32,8.6," The correct answer is D. 2,3-dimethylbutane.

Explanation: In the 13C NMR spectrum, the number of distinct"
mmlu_college_chemistry_24,mmlu,stochastic,3.6762,162.35,113.35,32,8.7," D. Oxide
The answer is D. Oxide. Silicon is most commonly found in the form of silicates, which are a type of oxide."
mmlu_college_chemistry_25,mmlu,stochastic,3.6858,200.66,112.42,32,8.68," D. 31P

The correct answer is D. 31P. 

The NMR frequency (ν) is related to the magnetic field"
mmlu_college_chemistry_26,mmlu,stochastic,3.8099,213.38,116.02,32,8.4," A. I only

The correct answer is A. I only. Raoult’s law states that the partial pressure of each component in a solution is proportional"
mmlu_college_chemistry_27,mmlu,stochastic,3.6003,250.11,108.07,32,8.89," B. 3.98 ppm

The chemical shift of a species in a solution is determined by the relative concentrations of its protonated and deproton"
mmlu_college_chemistry_28,mmlu,stochastic,3.5982,240.83,108.3,32,8.89," D. I, II, and III

The correct answer is D. I, II, and III. Here's the reasoning:

1. **I."
mmlu_college_chemistry_29,mmlu,stochastic,3.7664,204.97,114.88,32,8.5," C. 0.067 M

The Henry’s law equation is C = kH * P, where C is the concentration, kH is"
mmlu_college_chemistry_30,mmlu,stochastic,3.7972,208.9,115.75,32,8.43," B. Precise but not accurate

The mean result is 0.110 M, which is different from the actual concentration of 0.1"
mmlu_college_chemistry_31,mmlu,stochastic,3.6019,296.55,106.62,32,8.88," A. 500 MHz = 0.185 mT = 0.29842 cm-1

The hyperfine"
mmlu_college_chemistry_32,mmlu,stochastic,3.7013,242.06,111.59,32,8.65," B. Zn(s) + 2 Ag(NO3)(aq) → 2 Ag(s) + Zn(NO3)2(aq)

Explanation"
mmlu_college_chemistry_33,mmlu,stochastic,3.6996,203.37,112.78,32,8.65," D. Most organic compounds do not contain silicon atoms.
Explanation: Tetramethylsilane (TMS) is used as a 1H NMR reference"
mmlu_college_chemistry_34,mmlu,stochastic,3.7908,215.0,115.35,32,8.44," A. g = 2.002

The hyperfine structure in EPR spectra arises from the interaction between the magnetic moment of the unpaired electron"
mmlu_college_chemistry_35,mmlu,stochastic,3.7657,205.87,114.83,32,8.5," B. 3.691 x 10^-34 J s

The spin angular momentum is calculated using the formula S = ħ *"
mmlu_college_chemistry_36,mmlu,stochastic,3.7793,204.0,115.33,32,8.47," C. 2.9 T

The magnetic field responsible for the polarization of 13C at 298 K is calculated using the formula for"
mmlu_college_chemistry_37,mmlu,stochastic,3.6979,200.24,112.83,32,8.65," C. 42.4 Hz

The linewidth (Δν) is related to the T2 relaxation time by the equation Δν = 1."
mmlu_college_chemistry_38,mmlu,stochastic,3.7032,208.72,112.73,32,8.64, The maximum value of the z-component of the spin angular momentum is given by the formula $ S_z = m_s \cdot \frac{\hbar}{2
mmlu_college_chemistry_39,mmlu,stochastic,3.7125,158.41,114.65,32,8.62," The correct answer is A. HCl.
The reasoning is that HCl is a molecular compound with weak intermolecular forces, while the other options are "
mmlu_college_chemistry_40,mmlu,stochastic,3.6871,207.01,112.26,32,8.68," B. Nuclear binding energies have about the same magnitude as chemical bond energies.
Explanation: The binding energy of a nucleus is the energy required to split it into its"
mmlu_college_chemistry_41,mmlu,stochastic,3.7742,206.07,115.1,32,8.48," D. 0.58 G

The hyperfine structure in EPR spectra arises from the interaction between the unpaired electron and the nuclear spins of the"
mmlu_college_chemistry_42,mmlu,stochastic,3.6544,162.31,112.65,32,8.76," B. NH2−

The strongest base in liquid ammonia is the amide ion, NH2−. In liquid ammonia, the solvent is ammonia itself,"
mmlu_college_chemistry_43,mmlu,stochastic,3.6158,266.89,108.03,32,8.85," A

The question is about the populations of the 1H energy levels of a molecule after a 5.0 μs pulse with a given B1"
mmlu_college_chemistry_44,mmlu,stochastic,3.7459,200.29,114.37,32,8.54," A. Q = 1012

The Q-factor of a cavity is given by the formula Q = f / Δf, where f is the"
mmlu_college_chemistry_45,mmlu,stochastic,3.7688,203.47,115.01,32,8.49," C. 91.6 kHz

The difference in chemical shift is 128.4 ppm - 77.2 ppm = 5"
mmlu_college_chemistry_46,mmlu,stochastic,3.6762,205.42,111.96,32,8.7," The ionic strength is calculated using the formula: I = ½ Σ (m_i * z_i²), where m_i is the molarity of"
mmlu_college_chemistry_47,mmlu,stochastic,3.7661,201.78,114.98,32,8.5," C. 17.0 mT

The strength (B1) of a 13C 90° pulse can be calculated using the"
mmlu_college_chemistry_48,mmlu,stochastic,3.673,165.1,113.16,32,8.71," A. Blackbody radiation curves

Explanation: Planck’s quantum theory introduced the concept of quantized energy, which successfully explained the blackbody radiation curves. The"
mmlu_college_chemistry_49,mmlu,stochastic,3.7069,210.09,112.8,32,8.63," D. 9.4 mCi

The half-life is 6 hours, so after 24 hours, there are 24 / 6"
mmlu_college_chemistry_50,mmlu,stochastic,3.7539,162.2,115.86,32,8.52," The correct answer is A. 3.

The orbital angular momentum quantum number, l, determines the shape of the orbital. For ground-state aluminum, the electron"
mmlu_college_chemistry_51,mmlu,stochastic,3.6387,161.2,112.18,32,8.79," D. NaCl
Explanation: All the compounds except NaCl are salts of weak acids. When they dissolve in water, they hydrolyze to produce OH"
mmlu_college_chemistry_52,mmlu,stochastic,3.5651,312.44,104.92,32,8.98," A

The splitting is given as 15.5 MHz. To convert this to mT, we use the relation 1 MHz = 1."
mmlu_college_chemistry_53,mmlu,stochastic,3.6061,150.36,111.47,32,8.87," A. Cu

Explanation: The elements with partially filled 4f or 5f orbitals are known as the lanthanides and actinides."
mmlu_college_chemistry_54,mmlu,stochastic,3.8235,207.65,116.64,32,8.37," A. 0.95

The hyperfine structure of a radical is determined by the interaction between the unpaired electron and the nuclear spins of the surrounding"
mmlu_college_chemistry_55,mmlu,stochastic,3.7591,201.34,114.77,32,8.51," C. number of photons emitted, divided by the number of photons absorbed

The quantum yield (Φ_f) in fluorescence spectroscopy is a measure of the efficiency"
mmlu_college_chemistry_56,mmlu,stochastic,3.7364,203.77,113.96,32,8.56," C

The correct answer is C. Let me explain why:

The question is about the behavior of the g-factor (g) in molecular systems, particularly in"
mmlu_college_chemistry_57,mmlu,stochastic,3.6698,208.13,111.67,32,8.72," D. 1.433 x 10^-26 J T-1

The magnetic moment (μ) of a nucleus can be calculated"
mmlu_college_chemistry_58,mmlu,stochastic,3.827,204.72,116.85,32,8.36," B. 5.19 T

The rotational correlation time (τ_rot) is related to the spin-lattice relaxation rate (1/T1) through"
mmlu_college_chemistry_59,mmlu,stochastic,3.6705,158.34,113.3,32,8.72," A. MgO

The lattice enthalpy is a measure of the strength of the ionic bonds in a compound. It is determined by the charges of"
mmlu_college_chemistry_60,mmlu,stochastic,3.7825,205.48,115.39,32,8.46," The correct answer is C. CH3Br. 

The chemical shift (δ) of a proton in NMR spectroscopy is influenced by the electron-withdrawing"
mmlu_college_chemistry_61,mmlu,stochastic,3.7191,208.36,113.25,32,8.6," A. 10.8 x 10^-5

The equilibrium polarization of 13C nuclei in a magnetic field is given by the formula"
mmlu_college_chemistry_62,mmlu,stochastic,3.7896,207.35,115.56,32,8.44," A. 14N

The magnetic moment (μI) of a nucleus is given by the formula μI = g * I * μN,"
mmlu_college_chemistry_63,mmlu,stochastic,3.7588,208.19,114.54,32,8.51," D. I, II, and III

The process of mass spectrometry involves several key steps. First, the sample is vaporized and ionized,"
mmlu_college_chemistry_64,mmlu,stochastic,3.6429,160.06,112.35,32,8.78, A. Nuclear magnetic resonance is not a light-scattering technique. B. Infrared is not a light-scattering technique. C. Raman is not a
mmlu_college_chemistry_65,mmlu,stochastic,3.7732,211.29,114.9,32,8.48," D. Neither position nor momentum can be known exactly.

Explanation: The Heisenberg uncertainty principle states that the product of the uncertainties in position (Δx)"
mmlu_college_chemistry_66,mmlu,stochastic,3.7941,208.71,115.66,32,8.43," D. HBr(g) → H(g) + Br(g)

The dissociation energy is the energy required to break a bond into its constituent atoms. In"
mmlu_college_chemistry_67,mmlu,stochastic,3.7758,256.4,113.53,32,8.48," The magnetogyric ratio (γ) is calculated using the formula γ = f / (B0 / (2π)), where f is the NMR frequency"
mmlu_college_chemistry_68,mmlu,stochastic,3.6679,164.27,113.02,32,8.72," D. helium atom

The Schrödinger equation is a fundamental equation in quantum mechanics that describes how the quantum state of a physical system changes over time."
mmlu_college_chemistry_69,mmlu,stochastic,3.7435,205.29,114.13,32,8.55," The limiting high-temperature molar heat capacity at constant volume for a diatomic gas is 3.5R. However, this is not one of the"
mmlu_college_chemistry_70,mmlu,stochastic,3.7708,161.22,116.44,32,8.49," D. Tl

The +1 oxidation state is more stable than the +3 oxidation state for Tl (Thallium). Thallium exhibits a"
mmlu_college_chemistry_71,mmlu,stochastic,3.6611,201.01,111.62,32,8.74," D. reduced mass

The shift in infrared absorption frequency between deuterium chloride (DCl) and hydrogen chloride (HCl) is primarily due to the"
mmlu_college_chemistry_72,mmlu,stochastic,3.6645,164.38,112.91,32,8.73," A. 3

The 55Mn nuclide has a nuclear spin of 7/2. The number of allowed energy levels for a nucleus"
mmlu_college_chemistry_73,mmlu,stochastic,3.6775,161.29,113.43,32,8.7," A. carbonic acid

Explanation: Carbonic acid is not generally considered a toxic pollutant in water. It is a weak acid formed when carbon dioxide diss"
mmlu_college_chemistry_74,mmlu,stochastic,3.7275,198.54,113.84,32,8.58," B. Ultraviolet

The wavelength of 190 nm is in the ultraviolet region of the electromagnetic spectrum. The visible spectrum ranges from approximately 4"
mmlu_college_chemistry_75,mmlu,stochastic,3.6543,259.56,109.51,32,8.76," B. 42 ns

The rotational correlation time τc is proportional to the molecular volume. Since Mr is proportional to the molecular volume, and τc"
mmlu_college_chemistry_76,mmlu,stochastic,3.7399,246.82,112.68,32,8.56," C. Gas chromatographic separation of the air sample on a capillary column followed by flame ionization detection

Wait, but I'm not sure. Let me"
mmlu_college_chemistry_77,mmlu,stochastic,3.6751,204.43,111.96,32,8.71," A. B12 icosahedra

The principal allotropes of elemental boron, such as the beta form, have a structure composed of"
mmlu_college_chemistry_78,mmlu,stochastic,3.8253,207.84,116.69,32,8.37," A. It has little effect.

The pH of a buffer solution is determined by the Henderson-Hasselbalch equation: pH = pKa + log([A"
mmlu_college_chemistry_79,mmlu,stochastic,3.7684,201.77,115.05,32,8.49," B. H3O+ / H2O

Explanation: A conjugate acid-base pair consists of two species that differ by one proton (H+)."
mmlu_college_chemistry_80,mmlu,stochastic,3.766,167.66,116.08,32,8.5," D. Zn2+
Explanation: Zn2+ is a diamagnetic ion with no unpaired electrons, so it cannot act as a paramagnetic qu"
mmlu_college_chemistry_81,mmlu,stochastic,3.6704,203.41,111.84,32,8.72," B. 820

The ratio of the equilibrium polarizations is determined by the gyromagnetic ratio (ɣ) of the electron and the proton."
mmlu_college_chemistry_82,mmlu,stochastic,3.7515,205.57,114.39,32,8.53," The correct answer is A. 0.721 s.

The amplitude of a free induction decay (FID) follows an exponential decay model given by"
mmlu_college_chemistry_83,mmlu,stochastic,3.7339,170.4,114.95,32,8.57," D. trigonal pyramidal

The molecular geometry of SOCl2 is trigonal pyramidal. This is because the central sulfur atom has three bonding"
mmlu_college_chemistry_84,mmlu,stochastic,3.6484,201.29,111.2,32,8.77," D. I and III only

The procedures that tend to minimize the influence of random errors on measured results are signal averaging and averaging the results from multiple samples."
mmlu_college_chemistry_85,mmlu,stochastic,3.744,316.62,110.56,32,8.55," A.

Step-by-Step Explanation:
1. The separation between the two lines in an EPR spectrum is given by the formula ΔB = (giso"
mmlu_college_chemistry_86,mmlu,stochastic,3.5978,287.96,106.77,32,8.89, A. Nα/Nβ = 0.9800 at L-band; Nα/Nβ = 0.9509 at W
mmlu_college_chemistry_87,mmlu,stochastic,3.6603,161.18,112.87,32,8.74," D. Potassium hydrogen phthalate

Explanation: Primary standards are substances that are pure, stable, non-hygroscopic, and have a high m"
mmlu_college_chemistry_88,mmlu,stochastic,3.768,163.99,116.26,32,8.49," D. First ionization energy

The first ionization energy generally decreases down a group in the periodic table. Argon is below neon in Group 18"
mmlu_college_chemistry_89,mmlu,stochastic,3.711,293.23,110.25,32,8.62," B. 8,090 ppm

The chemical shift of [Ru(NH3)6]2+ can be calculated by considering the relationship between"
mmlu_college_chemistry_90,mmlu,stochastic,3.696,196.31,112.89,32,8.66," A. 4.19 ms

The angle θ in radians is given by θ = Ω * t, where Ω is the angular"
mmlu_college_chemistry_91,mmlu,stochastic,3.7634,196.55,115.06,32,8.5," D. The total entropy of the system plus surroundings increases.

Explanation: A spontaneous process is one that occurs without external intervention and tends to proceed in a particular direction"
mmlu_college_chemistry_92,mmlu,stochastic,3.6542,206.05,111.23,32,8.76," The correct answer is B. 9 lines.

The EPR (Electron Paramagnetic Resonance) spectrum of a nitronyl nitroxide dir"
mmlu_college_chemistry_93,mmlu,stochastic,3.807,213.29,115.93,32,8.41," A. Cu, Fe, Co

The reasoning is that redox enzymes require metals that can undergo redox reactions, meaning they must have multiple stable oxidation states"
mmlu_college_chemistry_94,mmlu,stochastic,3.7589,208.85,114.52,32,8.51," B. ΔJ = 1; Δu = 0

Explanation: In the vibrational-rotational spectrum of a diatomic molecule, the R"
mmlu_college_chemistry_95,mmlu,stochastic,3.7615,162.39,116.1,32,8.51," D. Ca

The electron affinity is the energy released when an atom gains an electron. Among the given options, calcium (Ca) is a metal and tends"
mmlu_college_chemistry_96,mmlu,stochastic,3.6446,161.15,112.37,32,8.78," C. Sc3+ 

The reasoning is that as the charge of an ion increases, its ionic radius decreases. Among the given ions, Sc3+"
mmlu_college_chemistry_97,mmlu,stochastic,3.7785,200.19,115.43,32,8.47," D. 2167 MHz

The NMR frequency of 31P is calculated using the formula: frequency = γ * B0 / ("
mmlu_college_chemistry_98,mmlu,stochastic,3.741,200.25,114.22,32,8.55," C. 7

The EPR spectrum of a solution of dimethylnitroxide (CH3)2NO• will show lines corresponding to"
mmlu_college_chemistry_99,mmlu,stochastic,3.6949,164.42,113.89,32,8.66," D. SCl2

The reasoning is as follows: Lewis acids are electron-deficient species that can accept a pair of electrons. Among the given compounds,"
mmlu_computer_security_0,mmlu,stochastic,3.6962,166.19,113.87,32,8.66," C. Whitebox
Explanation: Whitebox fuzzing is a technique that aims to explore paths covering every line of code in a program. It uses detailed knowledge"
mmlu_computer_security_1,mmlu,stochastic,3.5925,258.85,107.54,32,8.91," C. True, True
Explanation: TLS protects against replay attacks by using sequence numbers and message authentication codes (MACs) to ensure that messages are fresh and"
mmlu_computer_security_2,mmlu,stochastic,3.6358,298.2,107.67,32,8.8," C. When a client connects to a server, the server compares the ticket’s expiration time to the server’s current clock, and refuses to authenticate the user if"
mmlu_computer_security_3,mmlu,stochastic,3.6221,154.82,111.85,32,8.83," A. Receiver
The correct answer is A. Receiver. In the context of message confidentiality, the primary goal is to ensure that the message is only understandable to"
mmlu_computer_security_4,mmlu,stochastic,3.7341,154.78,115.46,32,8.57," The correct answer is D. Game-Troj. 

Step-by-step explanation: 
1. First, I need to understand what a remote Trojan is."
mmlu_computer_security_5,mmlu,stochastic,3.6402,202.62,110.89,32,8.79," B. Buffer-overrun

The correct answer is B. Buffer-overrun. A buffer-overrun, also known as a buffer overflow, is a common type"
mmlu_computer_security_6,mmlu,stochastic,3.8183,310.55,113.15,32,8.38," C. all indirect loads or stores (via an address in a register or variable)
Explanation: The validator in NaCl must prevent sandboxed code from performing indirect"
mmlu_computer_security_7,mmlu,stochastic,3.7742,162.55,116.51,32,8.48," A. Freenet

Explanation: Freenet is a part of the darknet used for anonymous file sharing. ARPANET was an early precursor to"
mmlu_computer_security_8,mmlu,stochastic,3.7189,197.44,113.6,32,8.6," A. No string boundary checks in predefined functions

Explanation: Buffer overflow occurs when more data is written to a buffer than it can hold. In languages like C"
mmlu_computer_security_9,mmlu,stochastic,3.6902,160.33,113.87,32,8.67," B. Authenticated
The correct answer is B. Authenticated. 

In a Diffie-Hellman key exchange, two parties (often referred to as"
mmlu_computer_security_10,mmlu,stochastic,3.8087,201.43,116.36,32,8.4," A. an integer expression's result ""wraps around""; instead of creating a very large number, a very small (or negative) number ends up getting created"
mmlu_computer_security_11,mmlu,stochastic,3.5547,314.82,104.51,32,9.0," A

The question is about the security of a MAC constructed using a Merkle-Damgard hash function. The MAC is defined as S(k, m)"
mmlu_computer_security_12,mmlu,stochastic,3.6977,195.24,112.98,32,8.65," C. Forward secrecy.
Explanation: Forward secrecy ensures that even if a long-term key is compromised, past sessions remain secure. This is achieved through the use of"
mmlu_computer_security_13,mmlu,stochastic,3.7523,159.06,115.91,32,8.53," B. Privacy
The AH Protocol, which stands for Authentication Header, is a part of the Internet Protocol (IP) suite that provides source authentication and data integrity"
mmlu_computer_security_14,mmlu,stochastic,3.6679,162.39,113.08,32,8.72," C. Authentication
Explanation: Authentication is a security mechanism, not an exploit. The other options are all types of security exploits.

Okay, let's see."
mmlu_computer_security_15,mmlu,stochastic,3.6906,157.59,113.97,32,8.67," B. Access Point
The correct answer is B. Access Point. In the context of 802.11 wireless operations, the access point ("
mmlu_computer_security_16,mmlu,stochastic,3.7639,161.71,116.2,32,8.5," B. 128

MD5 (Message-Digest Algorithm 5) is a cryptographic hash function that produces a 128-bit hash value"
mmlu_computer_security_17,mmlu,stochastic,3.6424,205.29,110.87,32,8.79," A. It is a scanner which works by injecting packets to a range of addresses, and inferring what hosts and services might be at those addresses, based on"
mmlu_computer_security_18,mmlu,stochastic,3.7542,155.8,116.08,32,8.52," A. Escape queries

Explanation: SQL injection is a common security vulnerability that occurs when user input is not properly sanitized, allowing attackers to execute arbitrary SQL code."
mmlu_computer_security_19,mmlu,stochastic,3.6641,205.29,111.57,32,8.73," D. Taking care to avoid activities during a penetration test that might attract attention, e.g., by operators or IDS services
Explanation: During a penetration test,"
mmlu_computer_security_20,mmlu,stochastic,3.7903,199.7,115.83,32,8.44," A. Mishandling of undefined, poorly defined variables
Explanation: The question asks which option is not a transport layer vulnerability. Transport layer vulnerabilities typically involve issues"
mmlu_computer_security_21,mmlu,stochastic,3.5954,262.35,107.52,32,8.9," D. Blinding adds a random amount of time to the decryption due to the multiplication and division by the blinding random value r, which obscures the timing"
mmlu_computer_security_22,mmlu,stochastic,3.6152,244.58,108.73,32,8.85," C. True, True
But wait, I need to think again. The question is asking which of the options would close the timing channel attack if you turned"
mmlu_computer_security_23,mmlu,stochastic,3.7005,158.25,114.27,32,8.65," C. Key exchange
Explanation: Public key encryption is advantageous over Symmetric key Cryptography because of Key exchange. In symmetric key cryptography, the same key is"
mmlu_computer_security_24,mmlu,stochastic,3.6341,202.91,110.68,32,8.81," A. Silk Road

The Silk Road was a huge marketplace of the Dark Web specifically famous for selling illegal drugs & narcotics as well as a wide range of other"
mmlu_computer_security_25,mmlu,stochastic,3.7645,202.25,114.91,32,8.5," C. Dark web

The correct answer is C. Dark web. The dark web refers to parts of the internet that aren't indexed by standard search engines and"
mmlu_computer_security_26,mmlu,stochastic,3.6236,206.89,110.22,32,8.83," B. Assume that the query is not satisfiable and stop executing the path.
The EXE tool, when the STP solver times out on a constraint query"
mmlu_computer_security_27,mmlu,stochastic,3.7203,161.61,114.8,32,8.6," B. Sender’s Public key

Explanation: When verifying a digital signature, the receiver uses the sender's public key to decrypt the signature and confirm its authenticity."
mmlu_computer_security_28,mmlu,stochastic,3.654,252.2,109.74,32,8.76," C. Compiling the program with address sanitizer (ASAN) will make the source of a memory error easier to find
Explanation: Address Sanitizer (AS"
mmlu_computer_security_29,mmlu,stochastic,3.7342,239.83,112.72,32,8.57," D.
The reasoning is as follows: 

The paper discusses various aspects of SSL/TLS and certificate trust models. Let's analyze each option:

A. Valid"
mmlu_computer_security_30,mmlu,stochastic,3.7121,162.7,114.5,32,8.62," D. IP Network Browser

Explanation: SNMP (Simple Network Management Protocol) is used for managing and monitoring network devices. SNMP enumeration involves retrieving information about network devices"
mmlu_computer_security_31,mmlu,stochastic,3.6607,160.28,112.92,32,8.74," D. WPA3

The correct answer is D. WPA3. WPA3 is the latest and most secure wireless security protocol, offering stronger encryption"
mmlu_computer_security_32,mmlu,stochastic,3.7007,213.15,112.5,32,8.65," C. True, False

The reasoning is that without file descriptor passing, services couldn't establish TCP connections to clients (since they'd need to pass file descriptors"
mmlu_computer_security_33,mmlu,stochastic,3.7667,163.12,116.25,32,8.5," C. Session layer
Explanation: The session layer is responsible for managing and maintaining sessions between two devices. Failed sessions can be exploited by attackers to attempt brute-force"
mmlu_computer_security_34,mmlu,stochastic,3.6171,153.73,111.72,32,8.85," D. All of the above
Explanation: All of the above are authentication methods. Secret questions, biometrics, and SMS codes are all used to verify a"
mmlu_computer_security_35,mmlu,stochastic,3.7664,204.44,114.9,32,8.5," D. when the program notices a buffer has filled up, and so starts to reject requests

Wait, but I remember that buffer overflow is when you write beyond"
mmlu_computer_security_36,mmlu,stochastic,3.6438,158.17,112.44,32,8.78," C. Public-key system

Explanation: Digital signatures rely on public-key cryptography, which uses a pair of keys: a public key for encryption and a private key"
mmlu_computer_security_37,mmlu,stochastic,3.7693,163.42,116.32,32,8.49," D. Network or transport layer
Explanation: Packet filter firewalls operate at the network and transport layers of the OSI model. They examine the header information of packets"
mmlu_computer_security_38,mmlu,stochastic,3.7365,210.71,113.74,32,8.56," B. It depends on the details of the MAC

Explanation: The question is about the security of a MAC (Message Authentication Code) where the length of the"
mmlu_computer_security_39,mmlu,stochastic,3.7061,165.68,114.21,32,8.63," C. Snort

Explanation: Snort is a powerful open-source intrusion detection system (IDS) that is widely used for network traffic analysis and intrusion detection."
mmlu_computer_security_40,mmlu,stochastic,3.644,164.05,112.26,32,8.78," B. Condentiality

The question is asking about the definition of ""Message confidentiality or privacy"" and what the sender and receiver expect in this context. Let"
mmlu_computer_security_41,mmlu,stochastic,3.7549,204.65,114.52,32,8.52," B. 4-way handshake
The correct answer is B. 4-way handshake. This is the standard authentication process used in wireless networks, particularly in Wi"
mmlu_computer_security_42,mmlu,stochastic,3.6551,158.99,112.78,32,8.75," B. Message Integrity
The correct answer is B. Message Integrity. Message authentication is a service that ensures the authenticity and integrity of a message, verifying that it"
mmlu_computer_security_43,mmlu,stochastic,3.6982,163.19,114.03,32,8.65," D. SQL queries based on user input
Explanation: Injection attacks are most commonly associated with SQL queries that are constructed using user input. These attacks, such as"
mmlu_computer_security_44,mmlu,stochastic,3.732,267.07,111.77,32,8.57," C. True, False

The first statement is true because TLS provides confidentiality and integrity of the data exchanged between the client and server. The second statement is false"
mmlu_computer_security_45,mmlu,stochastic,3.7075,159.57,114.45,32,8.63," D. Wireshark

The question is asking which of the given options is a Wireless traffic sniffing tool. Let's analyze each option:

A. Mal"
mmlu_computer_security_46,mmlu,stochastic,3.7661,204.11,114.9,32,8.5," B. backdoor

The correct answer is B. backdoor. A backdoor is a method in which a computer security mechanism is bypassed untraceable"
mmlu_computer_security_47,mmlu,stochastic,3.7062,160.52,114.38,32,8.63," C. CBF

The question is asking which of the following is not a block cipher operating mode. Let's go through the options one by one.

First"
mmlu_computer_security_48,mmlu,stochastic,3.6876,207.58,112.26,32,8.68," A. A piece of software that intercepts and possibly modifies requests (and responses) between a web browser and web server

Explanation: A web proxy is a"
mmlu_computer_security_49,mmlu,stochastic,3.6909,161.46,113.85,32,8.67," C. boundary checks
Explanation: Buffer-overflow vulnerabilities occur when a program writes more data to a buffer than it can hold, potentially overwriting adjacent memory."
mmlu_computer_security_50,mmlu,stochastic,3.723,166.34,114.73,32,8.6," C. C, C++

Explanation: The question is about identifying programming languages that are commonly associated with buffer-overflow errors. Buffer-overflow vulnerabilities occur when a"
mmlu_computer_security_51,mmlu,stochastic,3.6693,156.03,113.33,32,8.72," D. All of the above

Wait, that can't be right. Encryption and decryption are about keeping data secret, so they provide confidentiality. But the question"
mmlu_computer_security_52,mmlu,stochastic,3.7226,199.65,113.64,32,8.6," A. IM – Trojans

The correct answer is A. IM – Trojans. These are specifically designed to steal login credentials and passwords for instant"
mmlu_computer_security_53,mmlu,stochastic,3.6772,163.54,113.34,32,8.7," B. 56

The key length for each round in the Data Encryption Standard (DES) algorithm is 56 bits. DES uses a 5"
mmlu_computer_security_54,mmlu,stochastic,3.669,204.77,111.75,32,8.72," A. It generates each different input by modifying a prior input
Explanation: Mutation-based fuzzing is a technique where each new input is generated by modifying a previous"
mmlu_computer_security_55,mmlu,stochastic,3.7595,167.17,115.88,32,8.51," C. Passive, active, and interactive

The types of scanning are passive, active, and interactive. Passive scanning involves monitoring network traffic without actively sending packets,"
mmlu_computer_security_56,mmlu,stochastic,3.6365,167.13,111.91,32,8.8," A. Message Nonrepudiation

The concept of ensuring that a sender cannot deny having sent a message is known as message nonrepudiation. This is"
mmlu_computer_security_57,mmlu,stochastic,3.7658,160.4,116.3,32,8.5," D. Network layer

The proxy firewall filters at the network layer. Proxy firewalls operate by acting as an intermediary between the client and the server, processing the"
mmlu_computer_security_58,mmlu,stochastic,3.6588,166.11,112.67,32,8.75," B. Secure IP Protocol

Explanation: Encapsulating Security Payload (ESP) is a protocol used in the Internet Protocol Security (IPsec) framework. IP"
mmlu_computer_security_59,mmlu,stochastic,3.8087,202.13,116.34,32,8.4," D. Tor browser

The correct answer is D. Tor browser. The Tor browser is specifically designed to allow users to access the Tor network anonymously. It routes"
mmlu_computer_security_60,mmlu,stochastic,3.7422,209.23,113.97,32,8.55," A. By overwriting the return address to point to the location of that code

Explanation: When a buffer overflow occurs, the attacker can overwrite the return address"
mmlu_computer_security_61,mmlu,stochastic,3.7776,164.64,116.55,32,8.47," A. Modication detection code (MDC)
Explanation: The digest created by a hash function is normally called a modification detection code (MDC). This is"
mmlu_computer_security_62,mmlu,stochastic,3.7895,258.99,113.89,32,8.44," C. Yes, but only if R is large enough so r never repeats (w.h.p)
Explanation: The encryption is E(k,m) = (r"
mmlu_computer_security_63,mmlu,stochastic,3.6266,159.25,111.85,32,8.82," D. UNIX

The question is about identifying an old operating system that is known for having buffer-overflow vulnerabilities. Let's break it down:

- **Windows"
mmlu_computer_security_64,mmlu,stochastic,3.8343,209.04,116.94,32,8.35," D. The attacker resends a captured message, and the site accept its and responds in the attacker's favor

Explanation: A replay attack is a type of"
mmlu_computer_security_65,mmlu,stochastic,3.7367,208.2,113.82,32,8.56," C. True, False

Explanation: Statement 1 is true because a U2F USB dongle is a hardware-based second factor that is not vulnerable to"
mmlu_computer_security_66,mmlu,stochastic,3.6721,161.04,113.26,32,8.71," B. Wireless security
The answer is B. Wireless security. The question is asking for the term that refers to the anticipation of unauthorized access or breach in computers"
mmlu_computer_security_67,mmlu,stochastic,3.7182,203.8,113.37,32,8.61," A. Results are often reproducible

Explanation: Penetration testing involves simulating cyber attacks to identify vulnerabilities. The results of such tests are typically reproducible because"
mmlu_computer_security_68,mmlu,stochastic,3.6634,160.51,113.0,32,8.74," B. Metasploit

The correct answer is B. Metasploit. Metasploit is a popular penetration testing framework that is designed to help security professionals"
mmlu_computer_security_69,mmlu,stochastic,3.7533,206.82,114.4,32,8.53," B. Yes, the key is k = m xor c.

Explanation: In OTP (One-Time Pad) encryption, the ciphertext c is obtained by XORing"
mmlu_computer_security_70,mmlu,stochastic,3.7608,262.45,112.85,32,8.51," C. True, False

The correct answer is C. True, False. Turning off CR and MR would not close the timing channel attack. However, turning"
mmlu_computer_security_71,mmlu,stochastic,3.6114,159.86,111.34,32,8.86," B. Message Integrity
Explanation: Message integrity ensures that the data received are exactly the same as the data sent. It prevents any unauthorized modification of the data during"
mmlu_computer_security_72,mmlu,stochastic,3.775,209.19,115.03,32,8.48," C. A direct leak comes via the software system's intended interaction mechanism, whereas a side channel leak comes from measurements of other system features, like timing, power"
mmlu_computer_security_73,mmlu,stochastic,3.6219,158.85,111.71,32,8.84," D. Conditions dependant
The session key is used for a single session. Once the session is over, the key is discarded. However, if the session"
mmlu_computer_security_74,mmlu,stochastic,3.8273,210.32,116.68,32,8.36," B. It is a sequence of nops preceding injected shellcode, useful when the return address is unknown

Explanation: A NOP sled is a sequence of NOP"
mmlu_computer_security_75,mmlu,stochastic,3.6725,160.61,113.29,32,8.71," A. SYN stealth scan
B. TCP connect
C. XMAS tree scan
D. ACK scan

The correct answer is D. ACK scan."
mmlu_computer_security_76,mmlu,stochastic,3.6362,251.7,109.18,32,8.8," D. B and C

The paper discusses the spam value chain, which involves multiple actors, including spammers, domain registrars, and banks. Spammers"
mmlu_computer_security_77,mmlu,stochastic,3.6347,201.43,110.75,32,8.8," C. Buffer-overflow

The correct answer is C. Buffer-overflow. A buffer-overflow attack involves injecting malicious data into a buffer, which can then"
mmlu_computer_security_78,mmlu,stochastic,3.6404,162.32,112.2,32,8.79," D. EtterPeak

The correct answer is D. EtterPeak. EtterPeak is a popular tool used for network analysis in multiprotocol diverse"
mmlu_computer_security_79,mmlu,stochastic,3.8084,206.78,116.18,32,8.4," C. Base Transceiver Station
The correct answer is C. Base Transceiver Station. In the context of wireless communication, a Base Transceiver Station (B"
mmlu_computer_security_80,mmlu,stochastic,3.6682,165.68,112.99,32,8.72," D. buffer

The correct answer is D. buffer. A buffer is a sequential segment of memory allocated to hold data such as a character string or an array"
mmlu_computer_security_81,mmlu,stochastic,3.7029,159.49,114.3,32,8.64," C. TKIP
The answer is C. TKIP. WPA uses TKIP (Temporal Key Integrity Protocol) as its encryption method. TKIP was"
mmlu_computer_security_82,mmlu,stochastic,3.7588,206.41,114.59,32,8.51," A. buffer

The scenario describes a situation where the application crashes when more than 200 words are entered into a search box. This is typically due"
mmlu_computer_security_83,mmlu,stochastic,3.6341,157.57,112.15,32,8.81," C. WPS
The answer is C. WPS. WPS (Wi-Fi Protected Setup) was introduced as a simpler method to connect devices to a"
mmlu_computer_security_84,mmlu,stochastic,3.6922,163.23,113.84,32,8.67," B. Open, half-open, closed

Explanation: Nmap determines port states as Open, half-open, and closed. Open means the port is accessible and"
mmlu_computer_security_85,mmlu,stochastic,3.6687,157.54,113.26,32,8.72," A. WEP

Explanation: WEP (Wired Equivalent Privacy) is the oldest and least secure wireless encryption standard. It has known vulnerabilities, such as"
mmlu_computer_security_86,mmlu,stochastic,3.7561,205.49,114.53,32,8.52," C. As a stack-allocated variable, it could have different addresses depending on when its containing function is called
Explanation: Local variables are typically allocated on the"
mmlu_computer_security_87,mmlu,stochastic,3.6394,153.52,112.45,32,8.79," A. Local variables

The stack is a region of memory used for storing local variables, function parameters, and return addresses during the execution of a function. It"
mmlu_computer_security_88,mmlu,stochastic,3.7488,204.41,114.34,32,8.54," A. Yes, if the PRG is really “secure”
Explanation: Stream ciphers are not typically associated with perfect secrecy, but in theory, if the"
mmlu_computer_security_89,mmlu,stochastic,3.6402,203.41,110.86,32,8.79," A. Restrict what operations/data the user can access
Explanation: Authorization is the process of determining what resources a user is allowed to access. It ensures that"
mmlu_computer_security_90,mmlu,stochastic,3.7124,158.68,114.64,32,8.62," C. Receiver site
The message must be encrypted at the sender site and decrypted at the receiver site. This is because encryption is done to protect the data as"
mmlu_computer_security_91,mmlu,stochastic,3.7895,207.45,115.55,32,8.44," C. backdoor

The question is asking for a term that can refer to a hidden part of a program, a separate infected program that's a Trojan in"
mmlu_computer_security_92,mmlu,stochastic,3.6656,204.71,111.64,32,8.73," A. Installing and configuring a IDS that can read the IP header
Explanation: An Intrusion Detection System (IDS) is designed to monitor network traffic for suspicious"
mmlu_computer_security_93,mmlu,stochastic,3.6269,197.65,110.62,32,8.82," C. Cryptographic flaws in the system may get exploited to evade privacy
Explanation: The presentation layer is responsible for data formatting, encryption, and compression. Issues"
mmlu_computer_security_94,mmlu,stochastic,3.7823,214.5,115.09,32,8.46," A. True, True

The OKWS design relies on file descriptor passing for communication between services and the oklogd daemon. Without the ability to pass file"
mmlu_computer_security_95,mmlu,stochastic,3.6648,158.02,113.12,32,8.73," A. To identify live systems
Explanation: A ping sweep is a network scanning technique used to determine which IP addresses on a network are currently active (i.e"
mmlu_computer_security_96,mmlu,stochastic,3.7516,208.97,114.28,32,8.53," A. Confidentiality, Integrity, Non repudiation and Authentication

The four primary security principles related to messages are confidentiality, integrity, non-repudiation"
mmlu_computer_security_97,mmlu,stochastic,3.7514,155.9,115.98,32,8.53," The first buffer overflow attack is considered to be the Morris Worm, which was released in 1988. It was a self-replicating worm"
mmlu_computer_security_98,mmlu,stochastic,3.6109,164.22,111.18,32,8.86," C. SMS Trojan

The correct answer is C. SMS Trojan. An SMS Trojan is a type of malware that can send text messages from a victim's mobile"
mmlu_computer_security_99,mmlu,stochastic,3.6377,159.05,112.21,32,8.8," C. Correctness

The question is asking which of the options is not a classic security property. The classic security properties are usually referred to as the CIA tri"
mmlu_econometrics_0,mmlu,stochastic,3.7159,257.96,111.55,32,8.61," A. 99% of the time in repeated samples, the interval would contain the true value of the parameter

Explanation: A confidence interval is a range"
mmlu_econometrics_1,mmlu,stochastic,3.6225,211.79,110.02,32,8.83," C. The PP test incorporates an automatic correction for autocorrelated residuals in the test regression

The Dickey-Fuller (DF) and Phillips-Perr"
mmlu_econometrics_3,mmlu,stochastic,3.6421,201.29,110.99,32,8.79," D. The model is much harder to estimate than a standard regression model with a continuous dependent variable
Explanation: The linear probability model is actually simpler to estimate than"
mmlu_econometrics_4,mmlu,stochastic,3.7438,207.87,114.06,32,8.55," C. In theory, the sample could be larger than the population
Explanation: A sample is a subset of the population. It cannot be larger than the population"
mmlu_econometrics_5,mmlu,stochastic,3.6137,211.05,109.76,32,8.86," B. The Q test has better small-sample properties than the Q* 

Explanation: The Ljung-Box Q* statistic is generally preferred over the Box"
mmlu_econometrics_6,mmlu,stochastic,3.6428,162.1,112.28,32,8.78," B. Includes as few variables as possible to explain the data

Explanation: A parsimonious model is one that includes as few variables as possible to explain the"
mmlu_econometrics_7,mmlu,stochastic,3.8215,210.2,116.49,32,8.37," D. They are usually fat-tailed

Explanation: Continuously compounded returns, or log-returns, are calculated as the natural logarithm of the ratio of"
mmlu_econometrics_8,mmlu,stochastic,3.7413,208.08,113.98,32,8.55," B. (i) and (iii) only

The GARCH(1,1) model is primarily used to capture volatility clustering, which is the tendency"
mmlu_econometrics_9,mmlu,stochastic,3.819,207.84,116.49,32,8.38," B. Between -1 and 0

The GARCH-in-mean model includes the conditional variance in the mean equation, which captures the risk premium associated with volatility"
mmlu_econometrics_10,mmlu,stochastic,3.604,261.8,107.81,32,8.88," B. (i) and (iii) only

Step-by-Step Explanation:
Bootstrapping is a resampling method that estimates the sampling distribution of a"
mmlu_econometrics_12,mmlu,stochastic,3.7062,202.07,113.04,32,8.63," D. In-sample forecasting ability is a poor test of model adequacy
Explanation: In econometrics, in-sample forecasting ability is not a reliable indicator of a"
mmlu_econometrics_15,mmlu,stochastic,3.5835,257.84,107.28,32,8.93," A. (ii) and (iv) only

Explanation: The ARCH(q) model has q parameters, while the GARCH(1,1) model"
mmlu_econometrics_16,mmlu,stochastic,3.5454,257.03,106.08,32,9.03," A. (ii) and (iv) only

Explanation: In a triangular or recursive system, the equations are structured such that the endogenous variables in one"
mmlu_econometrics_17,mmlu,stochastic,3.5235,249.19,105.62,32,9.08," B. \hat{y}_t = \hat{\alpha} + \hat{\beta}x_t

Explanation: The fitted regression line is the equation"
mmlu_econometrics_18,mmlu,stochastic,3.7336,158.92,115.31,32,8.57," D. 1 x 1

The dimensions of $\hat{u}^t \hat{u}$ can be determined by considering the dimensions of the"
mmlu_econometrics_19,mmlu,stochastic,3.6478,201.78,111.16,32,8.77," The characteristic equation of an MA process is obtained by setting the coefficients of the lagged errors to zero. For the given MA process:

$y_t = -"
mmlu_econometrics_20,mmlu,stochastic,3.7806,201.56,115.45,32,8.46," B. The explanatory variable is fixed in repeated samples
Explanation: In the context of regression analysis, a ""non-stochastic"" explanatory variable means that the variable"
mmlu_econometrics_22,mmlu,stochastic,3.6938,242.15,111.34,32,8.66," D. (i), (ii), (iii), and (iv)

Explanation: When OLS is used in the presence of autocorrelation, all of"
mmlu_econometrics_23,mmlu,stochastic,3.6797,200.3,112.24,32,8.7," B. It will be consistent and unbiased but not efficient
Explanation: Multicollinearity does not affect the consistency or unbiasedness of the OLS estimator"
mmlu_econometrics_24,mmlu,stochastic,3.6227,195.83,110.54,32,8.83," A

The question asks which option is NOT a consequence of using non-stationary data in levels form. Let's analyze each option:

A. The regression"
mmlu_econometrics_25,mmlu,stochastic,3.7469,203.9,114.29,32,8.54," A. The current value of y

The optimal one-step ahead forecast of y, when it follows a random walk, is the current value of y. This"
mmlu_econometrics_26,mmlu,stochastic,3.648,192.8,111.46,32,8.77," B. A necessary but not sufficient condition for identification
The order condition is a necessary but not sufficient condition for identification in a simultaneous equations model. It is a"
mmlu_econometrics_27,mmlu,stochastic,3.7572,205.1,114.58,32,8.52," D. Such an estimator will always be unbiased
Explanation: An estimator is said to have minimum variance if it has the smallest variance among all unbiased estimators of"
mmlu_econometrics_28,mmlu,stochastic,3.6256,257.54,108.65,32,8.83," A. (ii) and (iv) only

The Dickey-Fuller (DF) and Engle-Granger (EG) approaches are common"
mmlu_econometrics_29,mmlu,stochastic,3.7123,195.63,113.44,32,8.62," D. The PRF is a description of the process thought to be generating the data.
Explanation: The population regression function (PRF) represents the true relationship"
mmlu_econometrics_30,mmlu,stochastic,3.7029,208.51,112.72,32,8.64," D. If the initial model is mis-specified, all subsequent steps will be invalid.
Explanation: The LSE (Hendry) approach is a general"
mmlu_econometrics_31,mmlu,stochastic,3.6819,316.49,108.56,32,8.69," B. (i) and (iii) only

Step-by-Step Explanation:

1. Statement (i): True. ML estimation in GARCH models,"
mmlu_econometrics_32,mmlu,stochastic,3.7206,199.68,113.58,32,8.6," D. Unbiased and consistent but inefficient coefficient estimates.
Explanation: Including lagged values of the dependent variable (i.e., autoregressive terms) in a"
mmlu_econometrics_33,mmlu,stochastic,3.6967,197.07,112.89,32,8.66," A. A model that is based on financial theory
Explanation: A model based on financial theory is likely to have a high degree of out-of-sample forecast accuracy"
mmlu_econometrics_34,mmlu,stochastic,3.601,242.32,108.34,32,8.89," A. (ii) and (iv) only

The correct answer is A. (ii) and (iv) only. 

Residual autocorrelation"
mmlu_econometrics_35,mmlu,stochastic,3.6885,205.42,112.36,32,8.68," A. The roots of the characteristic equation must all lie inside the unit circle

Explanation: For an autoregressive (AR) process to be stationary, the"
mmlu_econometrics_36,mmlu,stochastic,3.7355,264.6,111.96,32,8.57," A. (ii) and (iv) only

Step-by-Step Explanation:
(i) False: Adjusted R-squared is not an information criterion."
mmlu_econometrics_38,mmlu,stochastic,3.6095,199.39,110.0,32,8.87," D. Ensure that all of the non-stationarity is taken into account.
The Dickey-Fuller test is used to test for the presence of a"
mmlu_econometrics_39,mmlu,stochastic,3.59,196.44,109.47,32,8.91," The optimal one-step ahead forecast of the change in y is the current value of y. So the answer is A.
The optimal one-step ahead forecast of the"
mmlu_econometrics_40,mmlu,stochastic,3.6256,240.15,109.21,32,8.83," C. (i), (ii), and (iii) only

Explanation: Heteroscedasticity refers to the situation where the variance of the error"
mmlu_econometrics_42,mmlu,stochastic,3.7506,203.23,114.43,32,8.53," C. VARs often produce better forecasts than simultaneous equation structural models
Explanation: C is correct because VARs are known for their forecasting accuracy. Simultaneous"
mmlu_econometrics_43,mmlu,stochastic,3.6375,205.49,110.71,32,8.8," C. The test of significance and confidence interval approaches will always give the same conclusions
Explanation: In hypothesis testing, the test of significance and confidence interval approaches may"
mmlu_econometrics_44,mmlu,stochastic,3.7491,205.55,114.31,32,8.54," B. An acf that declines geometrically and a pacf that is zero after p lags

Explanation: In an ARMA(p,q) model,"
mmlu_econometrics_45,mmlu,stochastic,3.6176,207.21,110.01,32,8.85," D. 1.96

The correct critical value for a 2-sided 5% test is 1.96, which corresponds to the"
mmlu_econometrics_47,mmlu,stochastic,3.5882,198.98,109.33,32,8.92," A. They are not theoretically motivated
Explanation: Pure time-series models focus on the statistical properties of the time series itself, such as trends, seasonality,"
mmlu_econometrics_48,mmlu,stochastic,3.6278,210.34,110.24,32,8.82," B. (i) and (iii) only

The dependent variable in linear regression is also known as the regressand or the explained variable. The regressor"
mmlu_econometrics_49,mmlu,stochastic,3.8185,253.1,115.01,32,8.38," A. (ii) and (iv) only

The VAR approach is known for its simplicity and ease of use in forecasting, as it doesn't require specifying"
mmlu_econometrics_50,mmlu,stochastic,3.6889,194.89,112.71,32,8.67," A. y has a probability distribution
Explanation: In the standard regression model, the dependent variable y is assumed to have a probability distribution. The model assumes that"
mmlu_econometrics_52,mmlu,stochastic,3.5761,247.01,107.39,32,8.95," A. They use a different method of transforming the model so that the probabilities lie between zero and one
B. The logit model can result in too many"
mmlu_econometrics_53,mmlu,stochastic,3.6913,201.21,112.58,32,8.67," C. The diagonal VECH model does not ensure a positive-definite variance-covariance matrix

The diagonal VECH approach is a method used in multivariate"
mmlu_econometrics_54,mmlu,stochastic,3.7784,255.58,113.64,32,8.47," C. (i), (ii), and (iii) only

Explanation: When a relevant variable is omitted from a regression equation, the consequences depend on the"
mmlu_econometrics_56,mmlu,stochastic,3.7136,251.29,111.69,32,8.62," D. (i), (ii), (iii), and (iv)

Explanation: The standard error of the slope coefficient in OLS is calculated as the square"
mmlu_econometrics_57,mmlu,stochastic,3.7329,206.22,113.76,32,8.57," A. The variance of the errors is not constant

Heteroscedasticity refers to a situation in statistics where the variance of the error terms (res"
mmlu_econometrics_59,mmlu,stochastic,3.7064,197.21,113.2,32,8.63," B. Zero skewness and a kurtosis of three

The Bera-Jarque test is a statistical test that checks whether a dataset is normally distributed"
mmlu_econometrics_60,mmlu,stochastic,3.6912,205.0,112.46,32,8.67," C. The estimates will converge upon the true values as the sample size increases

The correct answer is C. Consistency in estimation means that as the sample size"
mmlu_econometrics_61,mmlu,stochastic,3.7293,202.9,113.76,32,8.58," C. They are highly autocorrelated
The answer is C. They are highly autocorrelated.

Financial asset return time-series are known for their high autoc"
mmlu_econometrics_62,mmlu,stochastic,3.6103,248.94,108.43,32,8.86," C. (i), (ii), and (iii) only

The OLS estimator is consistent, unbiased, and efficient under the classical linear regression assumptions."
mmlu_econometrics_63,mmlu,stochastic,3.6703,199.81,111.95,32,8.72," B. The approach may not be valid if the composite error term is correlated with one or more of the explanatory variables
Explanation: The fixed effects approach is used"
mmlu_econometrics_64,mmlu,stochastic,3.7586,206.9,114.57,32,8.51," A. H0 is rejected
The reasoning is that the p-value is less than the significance level, so the null hypothesis is rejected.

Wait, but the"
mmlu_econometrics_65,mmlu,stochastic,3.7752,162.42,116.54,32,8.48," A. Discrete

The price of a house is a discrete number because it can only take on specific, distinct values. While prices can be measured on a"
mmlu_econometrics_66,mmlu,stochastic,3.7183,200.6,113.47,32,8.61," C. The smallest 2

The Johansen trace test is used to determine the number of cointegrating vectors in a vector error correction model (VE"
mmlu_econometrics_67,mmlu,stochastic,3.5684,264.08,106.59,32,8.97," A. (ii) and (iv) only

Explanation: Variance decomposition in VAR models measures the proportion of the forecast error variance of each variable that is"
mmlu_econometrics_68,mmlu,stochastic,3.3757,306.31,99.01,32,9.48," D. Produce a 1-step ahead conditional variance forecast, take its square root and multiply it by the square root of 10
Explanation: The variance"
mmlu_econometrics_69,mmlu,stochastic,3.4622,223.48,104.48,32,9.24," A. (ii) and (iv) only

Step-by-Step Explanation:
- $ R^2 = 0 $ means that the model explains none"
mmlu_econometrics_70,mmlu,stochastic,3.6171,198.58,110.27,32,8.85," D. (i), (ii), (iii), and (iv)

Explanation: A white noise process is a sequence of uncorrelated random variables with zero"
mmlu_econometrics_71,mmlu,stochastic,3.6647,261.09,109.79,32,8.73," A. (ii) and (iv) only

The Box-Jenkins approach to diagnostic testing for ARMA models involves checking the residuals to ensure that the model"
mmlu_econometrics_72,mmlu,stochastic,3.7787,206.7,115.23,32,8.47," D. Remove any large outliers from the data.
Explanation: The presence of outliers can distort the results of a regression analysis. Outliers are data points that are"
mmlu_econometrics_73,mmlu,stochastic,3.8175,203.51,116.58,32,8.38," B. The least squares dummy variables approach

The fixed effects panel model is also known as the least squares dummy variables approach. This is because the model includes dummy"
mmlu_econometrics_74,mmlu,stochastic,3.7892,208.94,115.49,32,8.45," B. OLS minimises the sum of the squares of the vertical distances from the points to the line.

Explanation: OLS (Ordinary Least Squares"
mmlu_econometrics_75,mmlu,stochastic,3.7294,206.34,113.65,32,8.58," B. Uncorrelated
Explanation: If the standard tools for time-series analysis, such as estimation of the acf, pacf and spectral analysis, find"
mmlu_econometrics_76,mmlu,stochastic,3.5601,254.98,106.62,32,8.99," A. (ii) and (iv) only

Explanation: Cointegration refers to a situation where two or more non-stationary series are combined in"
mmlu_econometrics_77,mmlu,stochastic,3.7332,196.53,114.09,32,8.57," A. Censored

Explanation: In econometrics and statistics, a censored variable is one where the values are not fully observable, but the corresponding values of"
mmlu_econometrics_78,mmlu,stochastic,3.7383,210.4,113.8,32,8.56," A. Determining whether an equation that is part of a simultaneous system is identified

The Hausman test is used to determine whether the explanatory variables in a regression"
mmlu_econometrics_80,mmlu,stochastic,3.777,200.21,115.38,32,8.47," D. 36

The question is about determining the number of parameters that need to be estimated in a standard form, unrestricted, tri-variate VAR("
mmlu_econometrics_81,mmlu,stochastic,3.7326,246.08,112.47,32,8.57," D. The sum of the RSS for the first and second sub-samples

The unrestricted residual sum of squares (RSS) in the context of testing structural stability"
mmlu_econometrics_82,mmlu,stochastic,3.6253,271.9,108.18,32,8.83," A and C
Explanation: The likelihood ratio test for the GARCH(2,2) model tests whether the coefficients of the GARCH terms are zero."
mmlu_econometrics_83,mmlu,stochastic,3.6238,193.75,110.65,32,8.83," C. Use a longer run of data
Explanation: Near multicollinearity is a problem in regression analysis where two or more independent variables are highly correlated,"
mmlu_econometrics_84,mmlu,stochastic,3.6272,198.61,110.6,32,8.82," The correct answer is A. Stationary process.

The characteristic equation of the AR(2) process is:

r^2 - 1.5r +"
mmlu_econometrics_85,mmlu,stochastic,3.712,195.05,113.45,32,8.62," D. The Breusch-Godfrey test

The Durbin Watson test is a test for first-order autocorrelation. White's test and the RESET test"
mmlu_econometrics_86,mmlu,stochastic,3.7296,208.27,113.59,32,8.58," C. The difference between the actual value, y, and the fitted value, y-hat

The residual in a regression model is calculated as the difference between"
mmlu_econometrics_87,mmlu,stochastic,3.7537,206.41,114.43,32,8.52," C. Biased and inconsistent
Explanation: When OLS is applied separately to each equation in a simultaneous system, the estimates are biased and inconsistent because the error"
mmlu_econometrics_89,mmlu,stochastic,3.8222,205.97,116.65,32,8.37," B. A multinomial logit
Explanation: The question involves a choice among three options: equity, bond, or cash. Since the dependent variable is a"
mmlu_econometrics_90,mmlu,stochastic,3.584,257.59,107.3,32,8.93," B. (i) and (iii) only

The correct answer is B. (i) and (iii) only. When the number of replications"
mmlu_econometrics_91,mmlu,stochastic,3.7645,209.01,114.69,32,8.5," A. The approach may not be valid if the composite error term is correlated with one or more of the explanatory variables
B. The number of parameters to estimate"
mmlu_econometrics_92,mmlu,stochastic,3.8016,251.09,114.53,32,8.42," C. (i), (ii), and (iii) only

The correct answer is C. (i), (ii), and (iii) only."
mmlu_econometrics_93,mmlu,stochastic,3.7734,261.45,113.29,32,8.48," C. (i), (ii), and (iii) only

The acf (autocorrelation function) and pacf (partial autocorrelation"
mmlu_econometrics_94,mmlu,stochastic,3.7046,234.2,111.95,32,8.64," B. (i) and (iii) only

The conditions for a time series to be considered weakly stationary (also known as second-order stationary or covariance"
mmlu_econometrics_95,mmlu,stochastic,3.6818,205.72,112.13,32,8.69," A. An entity fixed effects model

Explanation: The equation $y_{it} = \alpha + \beta_{it} + \mu_i + \"
mmlu_econometrics_96,mmlu,stochastic,3.6288,245.45,109.14,32,8.82," B. Less negative than (i.e. smaller in absolute value than) those in the left hand tail of a normal distribution

The Dickey-Fuller"
mmlu_econometrics_97,mmlu,stochastic,3.8308,254.59,115.36,32,8.35," B. (i) and (iii) only

Step-by-Step Explanation:
- (i) is correct because the significance level (α) is indeed"
mmlu_econometrics_98,mmlu,stochastic,3.6153,265.63,108.05,32,8.85," B. The Engle-Granger (EG) approach can only detect up to one cointegrating relationship even though there could be more than one

"
mmlu_econometrics_99,mmlu,stochastic,3.6912,202.99,112.52,32,8.67," D. It is not possible to determine the value of the autocovariances without knowing the disturbance variance.
Explanation: The autocovariance at lag 1"
mmlu_econometrics_100,mmlu,stochastic,3.6273,205.02,110.4,32,8.82," B. (iii) and (iv) only

Explanation: In the context of simultaneous equations models, over-identified systems have more exogenous variables than the"
mmlu_econometrics_101,mmlu,stochastic,3.7456,198.62,114.42,32,8.54," D. It is the probability of failing to reject a null hypothesis that was wrong
Explanation: A Type II error occurs when we fail to reject a null hypothesis"
mmlu_econometrics_103,mmlu,stochastic,3.6575,209.48,111.23,32,8.75," A. (ii) and (iv) only

Explanation: A stationary process has a constant mean, variance, and autocovariance that does not depend on"
mmlu_econometrics_104,mmlu,stochastic,3.7873,206.98,115.49,32,8.45," B. The a and c coefficients significant and the b and d coefficients insignificant

Explanation: In a VAR model, bi-directional feedback occurs when variables influence each"
mmlu_econometrics_105,mmlu,stochastic,3.7759,251.62,113.69,32,8.47," D. It is not possible to determine the statistical significance since no standard errors have been given

The question provides the autocorrelation coefficients for lags 1"
mmlu_econometrics_106,mmlu,stochastic,3.5954,198.81,109.57,32,8.9," C. How well the sample regression function fits the data

The goodness of fit statistic is used to assess how well the sample regression function fits the data. It"
mmlu_econometrics_107,mmlu,stochastic,3.7377,290.99,111.18,32,8.56," B. (i) and (iii) only

Explanation: Antithetic variates are a variance reduction technique in Monte Carlo simulations. They work by pairing"
mmlu_econometrics_108,mmlu,stochastic,3.7257,207.27,113.5,32,8.59," D. Mean squared error penalises large forecast errors disproportionately more than small forecast errors
Explanation: The mean squared error (MSE) is a common measure of"
mmlu_econometrics_109,mmlu,stochastic,3.6002,259.17,107.77,32,8.89," C. (i), (ii), and (iii) only

The EGARCH model addresses several limitations of the standard GARCH model. It allows for asymmetric"
mmlu_econometrics_110,mmlu,stochastic,3.7442,202.84,114.24,32,8.55," A. Yes

The question is about whether the fact that 3 out of 100 firms beat the market using a Jensen-type regression suggests prima fac"
mmlu_econometrics_111,mmlu,stochastic,3.798,264.92,113.97,32,8.43," D. (i), (ii), and (iii)

Explanation: Panel data combines cross-sectional and time-series data, allowing for more flexibility. It increases degrees"
mmlu_econometrics_112,mmlu,stochastic,3.8109,208.94,116.19,32,8.4," B. The variables are not cointegrated

The Engle-Granger test is used to determine whether a linear combination of non-stationary variables is"
mmlu_econometrics_113,mmlu,stochastic,3.7385,273.98,111.76,32,8.56," B. (i) and (iii) only

Explanation: 

i) True. At lag one, the autocorrelation and partial autocorrelation are"
mmlu_us_foreign_policy_0,mmlu,stochastic,3.6216,198.5,110.42,32,8.84," A. 5 permanent members with veto power, 10 rotating members with no veto power

The United Nations Security Council consists of 15 members in"
mmlu_us_foreign_policy_1,mmlu,stochastic,3.6778,198.12,112.25,32,8.7," A. It allowed the US to intensify its involvement in Vietnam

The Gulf of Tonkin Resolution, passed by the U.S. Congress in 19"
mmlu_us_foreign_policy_2,mmlu,stochastic,3.7625,160.57,116.19,32,8.51," D. China

Explanation: Nonstate actors are entities that are not states, meaning they are not sovereign nations. China is a sovereign state, so it is"
mmlu_us_foreign_policy_3,mmlu,stochastic,3.6649,161.6,113.01,32,8.73," A. Richard Nixon

The first American president to visit communist China was Richard Nixon. He made the historic visit in 1972, which marked a"
mmlu_us_foreign_policy_4,mmlu,stochastic,3.715,200.29,113.38,32,8.61," D. mandating the elimination of many long-range nuclear missiles.
The Strategic Arms Reduction Treaty (SAR) was the first accord to be signed between the United"
mmlu_us_foreign_policy_5,mmlu,stochastic,3.7664,204.94,114.89,32,8.5," D. Both b and c
Explanation: The Cold War reinforced American exceptionalism by positioning the United States as the leader of the free world, which aligned with"
mmlu_us_foreign_policy_6,mmlu,stochastic,3.721,200.81,113.56,32,8.6," A. He believed that internal reform rather than international negotiation was the key to economic regeneration of the US

Explanation: Franklin D. Roosevelt initially favored an isolationist"
mmlu_us_foreign_policy_7,mmlu,stochastic,3.7102,198.49,113.28,32,8.62," D. Increased incorporation of public opinion in foreign policy making
The 'New Populism' was a political movement that emerged in the United States during the "
mmlu_us_foreign_policy_8,mmlu,stochastic,3.7581,204.06,114.65,32,8.51," D. The United States became a creditor country and financial centre, with European war spending boosting the US economy

Explanation: During World War I, the United States"
mmlu_us_foreign_policy_9,mmlu,stochastic,3.7312,166.88,114.98,32,8.58," D. Congress.
The power to declare war in the United States is a constitutional responsibility that falls under the authority of Congress. According to the U.S. Constitution"
mmlu_us_foreign_policy_10,mmlu,stochastic,3.6792,203.23,112.13,32,8.7," B. Local developments were viewed through a geopolitical lens

The Cold War context shaped US perceptions of the Third World by framing local events and political developments in the context"
mmlu_us_foreign_policy_11,mmlu,stochastic,3.8243,202.51,116.83,32,8.37," B. It was the first time NATO used military force

The NATO intervention in Kosovo was unique because it marked the first time that NATO, as a collective defense"
mmlu_us_foreign_policy_12,mmlu,stochastic,3.7576,204.22,114.63,32,8.52," B. The distribution of power in the international system

Explanation: Systemic theories, such as realism, argue that a state's foreign policy is primarily shaped by"
mmlu_us_foreign_policy_13,mmlu,stochastic,3.7386,199.05,114.18,32,8.56," D. ALL of the above
Explanation: The uncertainty over which states have nuclear weapons is due to multiple factors. Leaders may have incentives to lie about their nuclear"
mmlu_us_foreign_policy_14,mmlu,stochastic,3.7281,166.46,114.89,32,8.58," B. the president.
The reasoning is that the president has the authority to recognize foreign governments, as this is a key aspect of executive power in the United States"
mmlu_us_foreign_policy_15,mmlu,stochastic,3.7835,207.35,115.36,32,8.46," B. Required the United States and Russia to dismantle a significant number of their nuclear weapons

The Moscow Treaty on Strategic Offensive Reductions, also known as the Strategic"
mmlu_us_foreign_policy_16,mmlu,stochastic,3.7331,211.35,113.6,32,8.57," C. An American proclamation that China should be open to US trade and missionaries

The 'open-door notes' were a series of diplomatic notes issued by the United"
mmlu_us_foreign_policy_17,mmlu,stochastic,3.7637,205.82,114.77,32,8.5," B. Costs of free trade are concentrated, but benefits are dispersed
Explanation: The correct answer is B. This is a classic example of the ""free rider"
mmlu_us_foreign_policy_18,mmlu,stochastic,3.6229,202.41,110.34,32,8.83," C. Limited UN mandate and fear of a protracted conflict
Explanation: After the Gulf War of 1991, the United Nations Security Council authorized"
mmlu_us_foreign_policy_19,mmlu,stochastic,3.765,204.39,114.86,32,8.5," B. They serve American interests
Explanation: Liberal Internationalists believe that international institutions are important to US grand strategy because they help promote cooperation, stability, and mutual"
mmlu_us_foreign_policy_20,mmlu,stochastic,3.6139,211.02,109.77,32,8.85," A. It indicated the special place of Greece and Turkey in American interests

The Truman Doctrine, announced in 1947, was a pivotal moment in"
mmlu_us_foreign_policy_21,mmlu,stochastic,3.6939,196.87,112.81,32,8.66," C. It encourages stability of the regime
The answer is C. It encourages stability of the regime. 

Oil and natural resource trade can have various effects on"
mmlu_us_foreign_policy_22,mmlu,stochastic,3.7794,159.96,116.76,32,8.47," C. isolationism.

The answer is C. isolationism. 

The United States has historically been isolationist, focusing on domestic issues and avoiding entanglements"
mmlu_us_foreign_policy_23,mmlu,stochastic,3.708,204.29,113.02,32,8.63," B. The growing costs of war with France

The British government was facing significant financial strain after the Seven Years' War (known in the American colonies as the"
mmlu_us_foreign_policy_24,mmlu,stochastic,3.674,194.85,112.23,32,8.71," B. George Soros

The quote ""Globalization is not something we can hold off or turn off. It is the economic equivalent of a force of nature-like"
mmlu_us_foreign_policy_25,mmlu,stochastic,3.7232,204.6,113.5,32,8.59," C. the idea that governments use their military to help pursue policy goals.
Explanation: The quote ""war is the continuation of politics by other means"" is attributed"
mmlu_us_foreign_policy_26,mmlu,stochastic,3.6883,194.05,112.72,32,8.68," A. Promotion of Democracy, free-trade and international institutions

The Liberal approach to US foreign policy emphasizes promoting democracy, supporting free trade, and maintaining international institutions."
mmlu_us_foreign_policy_27,mmlu,stochastic,3.6898,206.89,112.35,32,8.67," B. US expansion was based on markets rather than territory post-1865

The key difference between US expansion pre- and post-186"
mmlu_us_foreign_policy_28,mmlu,stochastic,3.6112,201.01,110.01,32,8.86," C. That military spending gave the arms industry unwarranted influence on politics and government
The answer is C. That military spending gave the arms industry unwarrant"
mmlu_us_foreign_policy_29,mmlu,stochastic,3.6627,164.16,112.85,32,8.74," A. the Security Council.

The Security Council holds real power within the United Nations because it has the authority to maintain international peace and security, including the power to"
mmlu_us_foreign_policy_30,mmlu,stochastic,3.7425,207.36,114.04,32,8.55," C. Conservatives advocate increases in defense spending; liberals are generally skeptical of increases in defense spending.
The answer is C. 

Conservatives typically support increased defense spending"
mmlu_us_foreign_policy_31,mmlu,stochastic,3.7678,163.59,116.27,32,8.49," A. Provide strong enforcement
Explanation: Intergovernmental organizations (IGOs) are typically formed by multiple governments to address international issues. They often lack the"
mmlu_us_foreign_policy_32,mmlu,stochastic,3.6437,165.2,112.21,32,8.78," D. All of the above
Explanation: US foreign policy is influenced by multiple factors, including the foreign policies of other states, international law, and intergovernment"
mmlu_us_foreign_policy_33,mmlu,stochastic,3.8229,203.02,116.77,32,8.37," D. Bilateral talks that do not involve a third-party negotiator

Explanation: Direct diplomacy refers to negotiations between two parties without the involvement of a third party"
mmlu_us_foreign_policy_34,mmlu,stochastic,3.7617,207.0,114.67,32,8.51," B. The US promoted the marketization of the Russian economy

The Clinton Administration's policy on the Russian economy was to promote marketization, which involved transitioning from"
mmlu_us_foreign_policy_35,mmlu,stochastic,3.7615,161.57,116.13,32,8.51," D. 3 or more
The answer is D. 3 or more. In a multipolar system, there are three or more major powers. This"
mmlu_us_foreign_policy_36,mmlu,stochastic,3.6676,199.51,111.88,32,8.72," A. This would be an 'empire of liberty'

Explanation: After the American Revolution, the United States aimed to establish a new kind of empire that was"
mmlu_us_foreign_policy_37,mmlu,stochastic,3.6843,164.85,113.53,32,8.69," C. guns and butter.

The phrase ""guns and butter"" is a well-known economic concept that represents the trade-off between military spending (guns) and civilian"
mmlu_us_foreign_policy_38,mmlu,stochastic,3.6699,205.57,111.75,32,8.72," B. An opportunity to use the collapse of the Soviet Union to extend US power

Explanation: Charles Krauthammer's concept of a ""unipolar moment"
mmlu_us_foreign_policy_39,mmlu,stochastic,3.7533,166.13,115.71,32,8.53," A. Realism

The reasoning is that realism focuses on the state's self-interest and power dynamics, viewing the use of force as a means to achieve national"
mmlu_us_foreign_policy_40,mmlu,stochastic,3.6521,157.53,112.73,32,8.76," B. Anarchy
Explanation: The international system is characterized by anarchy, meaning there is no central authority to enforce rules or maintain order. In contrast,"
mmlu_us_foreign_policy_41,mmlu,stochastic,3.7642,209.0,114.68,32,8.5," D. None of the above
Explanation: Intergovernmental organizations (IGOs) are ineffective at promoting human rights for several reasons. First, they often"
mmlu_us_foreign_policy_42,mmlu,stochastic,3.7736,202.22,115.21,32,8.48," D. It encouraged the centralization of political power in the US
The 'Philadelphian System' refers to the political structure established by the Founding"
mmlu_us_foreign_policy_43,mmlu,stochastic,3.6301,162.67,111.85,32,8.82," D. All of the above
Explanation: US foreign policy is influenced by multiple factors, including the foreign policies of other states, international law, and intergovernment"
mmlu_us_foreign_policy_44,mmlu,stochastic,3.8133,202.7,116.47,32,8.39," A. Richard Nixon.

Détente was a major shift in American foreign policy during the Cold War, and it was initiated by President Richard Nixon. Nixon's"
mmlu_us_foreign_policy_45,mmlu,stochastic,3.7069,161.16,114.38,32,8.63," C. Autocracy
Explanation: The American Creed is a set of principles that reflect the core values of the United States. These include liberty, equality, and"
mmlu_us_foreign_policy_46,mmlu,stochastic,3.766,167.51,116.08,32,8.5," C. anticommunism.

The Reagan administration was characterized by a strong emphasis on anticommunism, which was a central component of his foreign policy."
mmlu_us_foreign_policy_47,mmlu,stochastic,3.7186,210.56,113.16,32,8.61," D. All of the above are true.

The Vietnam War is widely regarded as a complex and multifaceted conflict with significant historical, political, and social implications"
mmlu_us_foreign_policy_48,mmlu,stochastic,3.7747,203.3,115.21,32,8.48," B. the National Security Council.

The National Security Council (NSC) is a group of advisors and officials who assist the President in making decisions related to national"
mmlu_us_foreign_policy_49,mmlu,stochastic,3.7762,161.83,116.59,32,8.47," B. Ronald Reagan

The largest increase in peacetime defense spending in American history occurred under President Ronald Reagan. During his presidency, the United States significantly increased"
mmlu_us_foreign_policy_50,mmlu,stochastic,3.7197,210.39,113.2,32,8.6," A. Revelations that the NSA was monitoring the communications of American citizens without obtaining warrants

The 2005 public uproar involving the National Security Agency"
mmlu_us_foreign_policy_51,mmlu,stochastic,3.7515,204.17,114.43,32,8.53," A. A plan that provided economic assistance to rebuild Europe.

The Marshall Plan, officially known as the European Recovery Program (ERP), was a U.S. initiative"
mmlu_us_foreign_policy_52,mmlu,stochastic,3.7171,208.69,113.18,32,8.61," C. How nuclear attacks are identified and responded to; who controls the weapons

The reasoning is that bureaucratic politics focuses on the internal decision-making processes and institutional structures"
mmlu_us_foreign_policy_53,mmlu,stochastic,3.6766,160.36,113.43,32,8.7, The correct answer is C. Collective action and coordination problems. International institutions are designed to address the challenges of collective action and coordination among states. While they may also
mmlu_us_foreign_policy_54,mmlu,stochastic,3.7129,202.25,113.25,32,8.62," A. A new democratic internationalism led by the United States

The term ""New World Order"" was first used by US President George H.W. Bush in"
mmlu_us_foreign_policy_55,mmlu,stochastic,3.7047,197.82,113.13,32,8.64," A. the United Nations.

The United Nations is the most well-known and important international organization. While other options like NATO, OPEC, and WTO are significant"
mmlu_us_foreign_policy_56,mmlu,stochastic,3.7336,164.33,115.14,32,8.57," D. Increase in US international influence
The term ""American multiplication table"" was a metaphor used to describe the United States' growing influence and power on the global"
mmlu_us_foreign_policy_57,mmlu,stochastic,3.7598,208.77,114.55,32,8.51," D. ALL of the above
Explanation: Global and regional international trade agreements often involve a combination of mechanisms. Reciprocity across multiple issues is a common feature"
mmlu_us_foreign_policy_58,mmlu,stochastic,3.8224,207.61,116.61,32,8.37," B. It would have involved compromising opposition to slavery

Explanation: Abraham Lincoln opposed the expansion of slavery into the western territories because he believed that allowing slavery to spread"
mmlu_us_foreign_policy_59,mmlu,stochastic,3.7922,206.98,115.65,32,8.44," B. ""brinkmanship.""

The policy of brinkmanship was a strategy used during the Cold War, particularly in the context of the United States and the Soviet"
mmlu_us_foreign_policy_60,mmlu,stochastic,3.7558,200.36,114.69,32,8.52," A. Reagan's first term military spending pressured the Soviet Union to keep up its international commitments

Explanation: The correct answer is A. Reagan's first term military"
mmlu_us_foreign_policy_61,mmlu,stochastic,3.6746,193.37,112.3,32,8.71," C. It encourages liberalization of global trade
The reasoning is that American exceptionalism, rooted in the belief in the United States' unique role in shaping the"
mmlu_us_foreign_policy_62,mmlu,stochastic,3.7426,205.91,114.09,32,8.55," C. I, II, and III

The liberal international economic order is primarily associated with institutions that promote free trade, economic cooperation, and development. The General"
mmlu_us_foreign_policy_63,mmlu,stochastic,3.7572,198.07,114.81,32,8.52," D. All of the above

Rationale: Rosenau's theory of foreign policy is based on the idea that foreign policy is shaped by both the domestic and"
mmlu_us_foreign_policy_64,mmlu,stochastic,3.6144,195.0,110.3,32,8.85," A. Fewer than 7

The correct answer is A. Fewer than 7. As of now, there are nine countries that possess nuclear weapons"
mmlu_us_foreign_policy_65,mmlu,stochastic,3.7197,202.57,113.46,32,8.6," D. It dispensed with the idea of containment
The reasoning is that NSC 68 was a document that marked a shift in US Cold War strategy"
mmlu_us_foreign_policy_66,mmlu,stochastic,3.74,199.94,114.19,32,8.56," B. States outside of the 'family of nations'

Explanation: The term 'Rogue States' refers to countries that are not part of the international community's"
mmlu_us_foreign_policy_67,mmlu,stochastic,3.7056,164.44,114.23,32,8.64," D. the Monroe Doctrine.

The Monroe Doctrine, established in 1823 by U.S. President James Monroe, was a foreign policy doctrine that asserted"
mmlu_us_foreign_policy_68,mmlu,stochastic,3.6025,200.06,109.75,32,8.88," B. They see it as an ideological façade for US imperialism

The reasoning is that contemporary European liberal democrats are concerned about the United States' global dominance"
mmlu_us_foreign_policy_69,mmlu,stochastic,3.6171,198.79,110.27,32,8.85," D. Both can be viewed as different means of achieving the same liberal ends
Explanation: Exceptionalism is the belief that the United States is unique in its"
mmlu_us_foreign_policy_70,mmlu,stochastic,3.7648,200.79,114.97,32,8.5," A. It leads to a diminished focus on collective security

Explanation: Realists believe that the international system is structured around anarchy, where states must prioritize their"
mmlu_us_foreign_policy_71,mmlu,stochastic,3.6257,197.17,110.6,32,8.83," A. A focus on class and economic interests

The Socio-Economic accounts of US Cold War foreign policy emphasize the role of class and economic interests in shaping"
mmlu_us_foreign_policy_72,mmlu,stochastic,3.7352,209.21,113.74,32,8.57," B. The United States could no longer remain a superpower and was in decline

Explanation: Paul Kennedy's book ""The Rise and Fall of the Great Powers"
mmlu_us_foreign_policy_73,mmlu,stochastic,3.7199,209.86,113.23,32,8.6," C. the commanding officers of each branch of the armed services, along with a chairperson and vice chairperson.
The Joint Chiefs of Staff is a group of"
mmlu_us_foreign_policy_74,mmlu,stochastic,3.755,203.57,114.56,32,8.52," A. The belief that the United States is different from other major powers because it is concerned not only with Power, but also with Principles.
Explanation: American exceptional"
mmlu_us_foreign_policy_75,mmlu,stochastic,3.763,205.31,114.76,32,8.5," A. the Central Intelligence Agency (CIA). 

The Central Intelligence Agency (CIA) is responsible for gathering and interpreting intelligence about foreign countries to support foreign"
mmlu_us_foreign_policy_76,mmlu,stochastic,3.6785,198.16,112.27,32,8.7," D. the International Monetary Fund.

The question is asking about an international organization that has 185 countries and is designed to stabilize currency exchange and the world"
mmlu_us_foreign_policy_77,mmlu,stochastic,3.7208,212.08,113.19,32,8.6," C. Embrace multi-polarity, show greater restraint internationally and require other states to meet their own security burdens.
The correct answer is C. Embrace multi"
mmlu_us_foreign_policy_78,mmlu,stochastic,3.7244,198.65,113.73,32,8.59," D. All of the above
Explanation: The Marshall Plan, officially known as the European Recovery Program, was a US-led initiative in 1948"
mmlu_us_foreign_policy_79,mmlu,stochastic,3.6858,163.95,113.61,32,8.68," D. All of the above
Explanation: The US avoided catastrophe in 1814 due to a combination of factors. Naval victories, such as the"
mmlu_us_foreign_policy_80,mmlu,stochastic,3.7361,202.41,113.99,32,8.57," C. Creation of the National Intelligence Director
The 9/11 Commission Report identified a major flaw in the U.S. intelligence community's structure, which"
mmlu_us_foreign_policy_81,mmlu,stochastic,3.7375,160.29,115.39,32,8.56," A. the National Security Council.

The National Security Council (NSC) is the primary body in the United States government responsible for coordinating foreign and military policy."
mmlu_us_foreign_policy_82,mmlu,stochastic,3.7549,163.47,115.85,32,8.52," B. Class consciousness
The Marxist perspective on US foreign policy emphasizes the role of class consciousness and the material interests of the ruling class. It argues that foreign policy"
mmlu_us_foreign_policy_83,mmlu,stochastic,3.7515,203.51,114.45,32,8.53," A. Its general anti-statism opposes centralized government

Explanation: American exceptionalism is the belief that the United States is unique in its values and institutions, and"
mmlu_us_foreign_policy_84,mmlu,stochastic,3.7656,161.43,116.27,32,8.5," A. Realism

Explanation: Realism is a theory that emphasizes the role of states as the primary actors in international relations. It views the international system as"
mmlu_us_foreign_policy_85,mmlu,stochastic,3.6652,203.47,111.67,32,8.73," C. the increasing importance of economic instruments of foreign policy.
The reasoning is that the question is about how oil's importance in U.S. foreign policy highlights a"
mmlu_us_foreign_policy_86,mmlu,stochastic,3.689,164.38,113.7,32,8.67," The president's principal civilian adviser on the military is the secretary of defense. Therefore, the correct answer is C.
The president's principal civilian adviser on the military"
mmlu_us_foreign_policy_87,mmlu,stochastic,3.672,203.71,111.88,32,8.71," C. They place greater emphasis on ideology and beliefs
Explanation: Ideational approaches to US foreign policy during the Cold War focus on the role of ideas, values"
mmlu_us_foreign_policy_88,mmlu,stochastic,3.805,206.91,116.07,32,8.41," A. Congress asserted its primacy in foreign policy

Explanation: During the presidencies of George H.W. Bush and Bill Clinton, the relationship between the"
mmlu_us_foreign_policy_89,mmlu,stochastic,3.7196,162.29,114.75,32,8.6," D. All of the above
Explanation: The argument for American unilateralism is supported by all the options. Benevolent hegemony refers to the idea that the"
mmlu_us_foreign_policy_90,mmlu,stochastic,3.6691,204.09,111.78,32,8.72," B. Increased spending during wars, with demobilization bringing spending down but not back to prewar levels

The correct answer is B. Increased spending during wars"
mmlu_us_foreign_policy_91,mmlu,stochastic,3.7426,194.77,114.45,32,8.55," B. Too many casualties drain the productive power of the state

Wait, but I think the answer might be D. The two are correlated, but there is"
mmlu_us_foreign_policy_92,mmlu,stochastic,3.6384,203.63,110.8,32,8.79," C. The idea that the fall of one state to communism would inexorably lead to the fall of its neighbors

The 'Domino Theory' was a"
mmlu_us_foreign_policy_93,mmlu,stochastic,3.8227,212.42,116.46,32,8.37," A. Conditional programs, such as the Millennium Challenge, that require change before receipt of aid
Explanation: Conditional aid programs have been shown to be more effective in"
mmlu_us_foreign_policy_94,mmlu,stochastic,3.7657,205.22,114.85,32,8.5, The correct answer is A. The International Monetary Fund (IMF). The Bretton Woods Conference in 1944 established the IMF and the International Bank
mmlu_us_foreign_policy_95,mmlu,stochastic,3.7257,161.24,114.98,32,8.59," D. Regime type
Explanation: The decision of which states will acquire nuclear weapons is influenced by a variety of factors, including the likelihood of being targeted by"
mmlu_us_foreign_policy_96,mmlu,stochastic,3.685,204.79,112.26,32,8.68," B. A proposal for the extension of democratic rule globally

The correct answer is B. ""Democratic enlargement"" refers to the idea of expanding democratic governance to more"
mmlu_us_foreign_policy_97,mmlu,stochastic,3.7458,206.49,114.17,32,8.54," B. Willful openness to colonization

The phrase ""empire by invitation"" refers to a situation where a country or region willingly allows foreign powers to colonize"
mmlu_us_foreign_policy_98,mmlu,stochastic,3.6215,196.46,110.48,32,8.84," A. It criticized international organizations, rather than trying to strengthen them

The George W. Bush administration is known for its more unilateral approach to foreign policy, often"
mmlu_us_foreign_policy_99,mmlu,stochastic,3.7627,164.37,116.08,32,8.5," D. Thomas Jefferson

The quote ""Peace, commerce, and honest friendship with all nations, entangling alliances with none"" is from Thomas Jefferson. It appears"
cnndm_3,cnndm,stochastic,18.7656,342.48,115.87,160,8.53," The article discusses five American clinicians from Partners in Health who were monitored for three weeks at an Omaha hospital after being exposed to Ebola in Sierra Leone in March. They were in contact with a colleague diagnosed with Ebola, currently in fair condition at the NIH. All five have been released, with one still in the area due to a heart issue. The CDC expects the last of 17 monitored patients to be released by Thursday, while the West African Ebola epidemic, which began in 2013, has caused over 10,000 deaths, primarily in Guinea, Liberia, and Sierra Leone.
The article discusses five American clinicians from Partners in Health who were monitored for three weeks at an Omaha hospital after being exposed to Ebola in Sierra Leone in March. They were in contact with a"
cnndm_31,cnndm,stochastic,17.4155,878.69,104.01,160,9.19," The article discusses several real-life accounts of individuals surviving extreme situations at sea, highlighting their resilience and the role of luck, ingenuity, and sometimes divine intervention. It features stories like Louis Jordan, who survived a boat capsize and was rescued after weeks at sea, and Jose Salvador Alvarenga, who endured over a year adrift in the Pacific. Another example is Ron Ingraham, a fisherman rescued after 12 days adrift, and Adrian Vasquez, a teen who survived after his companions died and he was found 26 days later. The article also includes a case of Hiromitsu Shinkawa, who survived a tsunami in Japan, emphasizing that survival at sea or in natural disasters often requires extraordinary circumstances and determination.
Answer: The article highlights several real-life"
cnndm_70,cnndm,stochastic,18.2282,250.97,113.06,160,8.78," A nuclear submarine undergoing repairs at the Zvyozdochka shipyard in Russia caught fire, according to a law enforcement source reported to ITAR-Tass. The fire originated from rubber insulation during welding work, and the submarine had been in repair since November 2013. Nuclear fuel was removed, and no hazardous materials were present, with no injuries reported and no threat to people or the shipyard.

The summary is accurate and concise, capturing the key facts: the incident occurred at the Zvyozdochka shipyard, the cause was welding-related insulation fire, the submarine was in repair since 2013, nuclear fuel was removed, no hazardous materials were on board, and no injuries or threats were reported. It maintains the entities (Zvyozdochka, IT"
cnndm_165,cnndm,stochastic,16.0914,642.8,97.16,160,9.94," Jia Jiang, a Chinese-born American entrepreneur, launched the ""100 Days of Rejection"" project after quitting his job to pursue entrepreneurship, aiming to confront his fear of rejection. By engaging in 100 challenges, including a viral request for donuts, Jiang gained public attention and became a motivational figure, emphasizing that rejection is a common experience and can be turned into opportunity. His book, ""Rejection Proof,"" offers eight tips on embracing rejection, such as viewing it as a numbers game and not letting it define one's worth, helping individuals overcome fear and pursue their goals. The project's success has allowed Jiang to share his experiences and help others navigate rejection in their own lives.
Answer: Jia Jiang, a Chinese-born American entrepreneur, launched the ""100 Days"
cnndm_297,cnndm,stochastic,18.4794,464.49,113.3,160,8.66," The article discusses a federal case involving six young Minnesota men, aged 19 to 21, who conspired to join ISIS by any means necessary, including peer-to-peer recruitment. The group, which included Somali immigrants, planned for 10 months and continued their efforts even after some members were arrested. One member became a cooperating witness, and the FBI has previously arrested others linked to the plot. The defendants were arrested in Minneapolis and San Diego, with a detention hearing scheduled for Wednesday.
Answer: The article details a federal case involving six young Minnesota men, aged 19 to 21, who conspired to join ISIS through peer-to-peer recruitment, planning for 10 months and continuing their efforts despite arrests. The group, including Somali immigrants, was arrested in Minneapolis and"
cnndm_339,cnndm,stochastic,16.4125,525.08,99.92,160,9.75," The author of a 2006 novel, Peter Gallagher, has sued Joss Whedon and director Drew Goddard, along with Lionsgate and Mutant Enemy, for copyright infringement, claiming that Whedon and Goddard stole the idea for the 2012 movie ""The Cabin in the Woods"" from his book ""The Little White Trip: A Night In the Pines."" The lawsuit alleges similarities in the premises, characters, and scenes between the novel and the film, with Gallagher seeking $10 million in damages. Gallagher, who self-published his book and sold it in California, claims the defendants are based nearby, and he alleges that industry producers expressed interest in his work, though he doesn't specify which companies. The case is ongoing, with"
cnndm_397,cnndm,stochastic,16.7132,461.07,102.21,160,9.57," 

A Palestinian teenager, Mohammed Abu Khdeir, was included on an Israeli memorial wall for fallen soldiers and terrorism victims, but his family and the Almagor organization opposed his inclusion, arguing he was not a terror victim. His name was removed from the memorial after his family's complaints and a letter from Almagor to the National Insurance Institute, which maintains the memorial. The three suspects in his killing are currently being tried, and the teen's name was also removed from the memorial's website. The incident highlights the controversy over how Israel handles the memorialization of individuals killed by Israelis.
Okay, let me try to summarize this article. The main points are that a Palestinian teen, Mohammed Abu Khdeir, was added to an Israeli memorial wall, but his family and an organization called Al"
cnndm_467,cnndm,stochastic,15.7675,626.74,95.23,160,10.15," The article discusses a legal battle in Japan over the restart of nuclear reactors following the 2011 Fukushima disaster. A court in Kagoshima rejected a petition to delay the reactivation of reactors at the Sendai plant, ruling that new safety standards were rational and sufficient, allowing the first reactor to restart in July. This decision, which follows a previous injunction on another plant, highlights the government's push to resume nuclear operations despite public opposition and legal challenges. The ruling could impact Japan's energy policy, as the government faces pressure to balance economic recovery with public safety concerns.
Answer: The article discusses a legal battle in Japan over the restart of nuclear reactors following the 2011 Fukushima disaster. A court in Kagoshima rejected a petition to delay the reactivation of reactors at the"
cnndm_677,cnndm,stochastic,15.782,519.3,95.99,160,10.14," 

The article discusses a Consumer Reports study analyzing award seat availability for the top five U.S. airlines over two years, revealing that Southwest Airlines offered the most award seats (11.9 million) and the highest percentage (11.5%) of award tickets, attributed to its policies like no blackout dates and no mileage expiration. JetBlue had the fewest award seats (4.5%) and limited destinations, while Delta, United, and American ranked second to fourth. The study also notes that award tickets aren't free, with consumers advised to consider route value and airline satisfaction, as Southwest had the highest customer satisfaction score. Additionally, Southwest doesn't charge fees, unlike other airlines that impose various fees for services like baggage checks and changes.
The article from CNN discusses a Consumer Reports study analyzing"
cnndm_692,cnndm,stochastic,16.2073,689.86,97.59,160,9.87," Ben Affleck requested that the PBS show ""Finding Your Roots"" remove references to his distant ancestor, Benjamin Cole, a slave owner, but the show's producer, Henry Louis Gates Jr., agreed to his request, resulting in the omission of the information in the episode. The decision was later revealed through leaked emails, and while Gates denied making the choice based on Affleck's request, it is likely that it was influenced by it. Affleck, known for his progressive values, felt embarrassed by the potential tarnishing of his family's reputation, and while he later apologized for the request, the show's producers maintained that they focused on the most compelling aspects of Affleck's ancestry. The episode's omission sparked debate about media responsibility and the handling of historical family information in entertainment programming.
Answer: Ben"
cnndm_958,cnndm,stochastic,16.1428,667.77,97.33,160,9.91," The Red Cross urged a 24-hour ceasefire in Yemen to save lives amid intense fighting and a humanitarian crisis, with urgent needs for medical aid and supplies in areas like Aden. The UN Security Council discussed the situation, but no resolution was reached, as Russia's draft lacked key elements like halting airstrikes and political talks. The conflict involves Houthis, Saudi-led airstrikes, and a complex political landscape, with over 500 deaths and 1,700 injuries in two weeks, while al Qaeda is also active in the region. The situation is exacerbated by the displacement of civilians and the ongoing military operations.
Answer: The Red Cross called for a 24-hour ceasefire in Yemen to save lives amid intense fighting and a humanitarian crisis, emphasizing the urgent need for medical aid and"
cnndm_965,cnndm,stochastic,16.3798,783.55,98.09,160,9.77," Brynn Duncan, a 21-year-old from Easley, South Carolina, suffers from mast cell activation syndrome, a condition that causes her to experience severe allergic reactions to numerous substances, often leading to life-threatening symptoms. Despite her frequent health issues, including IBS, gastroparesis, and Ehlers-Danlos syndrome, Brynn has managed to return home after a hospitalization. Her condition, which involves unpredictable and severe allergic reactions, has required extensive medical care and has significantly impacted her daily life, with doctors now recognizing that mast cell disease encompasses various forms beyond the previously known mastocytosis.

The summary is too long. Let me try again.

Brynn Duncan, a 21-year-old from Easley, South Carolina, suffers from mast cell activation syndrome,"
cnndm_1096,cnndm,stochastic,16.5253,410.78,101.35,160,9.68," The article discusses the financial struggles of CSKA Sofia, a Bulgarian football club, and the impact on its goalkeeper, Maksims Uvarenko, who has not been paid for three months and has had to rely on his parents for financial support. Despite the financial difficulties, Uvarenko has praised the passionate support of the club's fans. CSKA, which has faced financial issues since the departure of tycoon Vasil Bozhkov in 2006, is seeking emergency financial support from fans to avoid expulsion from the Bulgarian top division. The club is currently second in the league standings and is set to play against Ludogorets, with local businessmen offering bonuses for a win.
Okay, let me start by reading through the user's query again. They want a summary"
cnndm_1199,cnndm,stochastic,15.8462,566.6,96.1,160,10.1," The article discusses Tottenham's upcoming match against Burnley, where defender Ben Davies will face Wales teammate Sam Vokes. Tottenham aims to maintain their strong start in the Premier League after a single defeat, while Burnley is fighting for survival. Davies emphasizes the importance of focus and discipline against Burnley, who have recently beaten top teams. The match is significant for both teams as they both need points to secure their positions in the league.

The article discusses Tottenham's upcoming match against Burnley, where defender Ben Davies will face Wales teammate Sam Vokes. Tottenham aims to maintain their strong start in the Premier League after a single defeat, while Burnley is fighting for survival. Davies emphasizes the importance of focus and discipline against Burnley, who have recently beaten top teams. The match is significant for both teams as"
cnndm_1221,cnndm,stochastic,18.0515,310.54,111.58,160,8.86," A seven-year-old boy was raped and set on fire by two youths in Pagma Nagar, Bhiwandi, a suburb of Mumbai. The boy, who suffered 30% burns, managed to escape and is being treated at Thane Civil Hospital. Police have registered a case under Sections 307, 377 of the Indian Penal Code and the Protection of Children from Sexual Offences Act 2012, and are working to identify the accused.
Okay, so I need to summarize this article into 3-4 sentences, making sure to include the key facts and entities. Let me start by reading through the article again to pick out the main points.

First, the incident involves a seven-year-old boy who was raped and set on fire by two youths"
cnndm_1230,cnndm,stochastic,18.5882,377.31,114.53,160,8.61," Harvey Boulter, a pro-Ukip businessman who forced Liam Fox to resign as Defence Secretary, is funding a campaign to defeat both Fox and Tom Tugendhat, a Tory candidate in Kent. Boulter has already contributed £30,000 to the Ukip candidate in Somerset and another £30,000 to Tugendhat's opponent, citing a vendetta against Fox. Tugendhat's father, a High Court judge, awarded Fox damages after a libel case against Boulter. Fox resigned from the Cabinet in 2011 following Boulter's revelation about Fox's friend Adam Werritty's role in overseas trips.

The summary is 4 sentences, and it preserves the key facts and entities: Boulter"
cnndm_1375,cnndm,stochastic,18.5753,330.83,114.74,160,8.61," 

A group of meerkats at the Indianapolis Zoo have been practicing basketball with a makeshift backboard and hoop installed in their enclosure, despite the hilly terrain. The zoo organized basketball-themed activities for the NCAA championship weekend, including a scavenger hunt. The meerkats are preparing for the final game between the Wisconsin Badgers and Duke Blue Devils at Lucas Oil Stadium. The zoo's activities highlight the fun and unique side of the NCAA event, with spectators enjoying the meerkats' playful basketball attempts.
Okay, let me start by reading the article carefully. The main points are about meerkats at the Indianapolis Zoo practicing basketball with a backboard and hoop, the zoo's activities for the NCAA championship, and the final game between Wisconsin and Duke. I need to make sure the summary includes"
cnndm_1379,cnndm,stochastic,16.2812,713.2,97.91,160,9.83," The article discusses a case where a British woman, Loushanna Craig, was stranded in Tenerife after her biometric ID card was stolen during a holiday, leading Ryanair to refuse her flight home due to concerns she was an illegal immigrant. Despite having a Jamaican passport and a 'right to remain' status, she was unable to return until a community activist intervened, speeding up the process. The incident highlights issues with the validity of biometric ID cards as travel documents and the potential for discrimination based on race, as Craig alleged Ryanair stereotyped her. The Home Office stated that the ID card is not a substitute for a passport, but Ryanair apologized for the inconvenience.
Answer: The article describes how Loushanna Craig, a British woman with a Jamaican passport"
cnndm_1459,cnndm,stochastic,16.0286,599.54,97.04,160,9.98," Sam Tomkins, a 26-year-old England full-back, is considering returning to Wigan after cutting short his New Zealand Warriors contract. Wigan has an option to re-sign him, and he is open to other options too. Tomkins feels homesick and wants to be back in England with his family, which is why he is exploring alternatives. He has been released by the Warriors, and a replacement, Roger Tuivasa-Sheck, has been signed. Tomkins joined the Warriors for a world record fee and is grateful for their support, but feels he needs to return home to be with his family.
Answer: Sam Tomkins, a 26-year-old England full-back, is considering returning to Wigan after shortening his New Zealand Warriors contract, as he feels homes"
cnndm_1579,cnndm,stochastic,16.3019,632.86,98.55,160,9.81," The article discusses the potential head-to-head matchup between Raheem Sterling and Theo Walcott at the Emirates, highlighting their differing career trajectories. Sterling, 20, is a key player for Liverpool, though facing contract issues, while Walcott, 26, is a fan favorite at Arsenal but has struggled with form and injuries. Both are negotiating new contracts, with speculation about a possible swap. Sterling's potential is seen as brighter, but Walcott's future remains uncertain, with his performance and confidence being key factors in his development.

Check the summary for accuracy and ensure that all key points from the article are included.
The summary is accurate and includes the key points from the article. It correctly identifies the head-to-head matchup between Sterling and Walcott, their differing career statuses, contract negotiations"
cnndm_1613,cnndm,stochastic,16.4046,538.46,99.79,160,9.75," Tim Bresnan, a former Ashes winner, is seeking a recall to the England Test team by performing well in the County Championship with Yorkshire, where he helped end their 13-year title drought. He has been active with the England Lions and recently played in pre-World Cup training sessions. Bresnan aims to secure wickets and runs for Yorkshire to strengthen his case for selection, emphasizing that his focus is on the team's success rather than personal goals. He is confident England can compete well against New Zealand and Australia despite challenges in tour matches, highlighting the team's potential and capability.
Answer: Tim Bresnan, a former Ashes winner, is seeking a recall to the England Test team by performing well in the County Championship with Yorkshire, where he helped end their 1"
cnndm_1650,cnndm,stochastic,16.067,639.01,97.03,160,9.96," 

The article discusses the critical importance of Liverpool's upcoming match against Arsenal in their quest to secure a top-four finish in the Premier League and qualify for the Champions League. A previous draw against Arsenal in December sparked Liverpool's resurgence, but a recent loss to Manchester United has left them five points behind. With the stakes high, a win against Arsenal would help maintain their chances of a top-four finish, though the odds are against them given their poor record against top teams. The article also highlights the financial incentives of Champions League qualification, with significant increases in prize money that could secure Liverpool's position in European football and attract top talent. The match is not only a test of form but also a crucial step in ensuring the club's long-term success and financial stability.
The article emphasizes the critical importance of Liverpool"
cnndm_1793,cnndm,stochastic,16.3156,629.89,98.65,160,9.81," 

Raheem Sterling rejected a new contract offer from Liverpool, opting to delay negotiations until the summer, which has caused frustration among fans and raised questions about his attitude toward the club. His decision has strained his relationship with Liverpool supporters, who were already dissatisfied with his behavior, especially after he mentioned Arsenal shortly before a match. Sterling's versatility on the field, including playing as a wing back, has been a point of discussion, with comparisons to players like Mathieu Flamini, who adapted to different roles without complaint. The article suggests that Sterling should focus on his development as a footballer rather than contract negotiations, emphasizing the importance of being adaptable and willing to play wherever needed to command a high salary.
Answer: Raheem Sterling rejected Liverpool's new contract offer, opting to delay negotiations until"
cnndm_1832,cnndm,stochastic,17.2163,448.01,105.46,160,9.29," Eden Hazard believes Chelsea are on track to win the Premier League title after a 2-1 victory over Stoke, which extended their seven-point lead at the top. Hazard scored a penalty and set up Loic Remy's winner, while Charlie Adam's 65-yard strike was also a key moment. Mourinho aims for five wins and one draw in the remaining games, and Hazard is optimistic about securing a first title in five years. Hazard praised Remy's goal-scoring ability and joked about Adam's goal not being awarded due to a missed foul.
Answer: Eden Hazard believes Chelsea are on track to win the Premier League title after a 2-1 victory over Stoke, extending their seven-point lead. Hazard scored a penalty and set up Loic Remy's winner, while Charlie Adam"
cnndm_1861,cnndm,stochastic,15.7953,569.43,95.76,160,10.13," The women's Oxford-Cambridge Boat Race, held on Saturday, marks a historic milestone as it is the first time the event is televised and the first women's race on the Tideway. Melissa Wilson, a Cambridge rower, is competing in the race, which is a significant achievement after decades of campaigning. Her grandfather, Richard Cowell, will watch the race from home, as he is unable to travel. Clare Balding, who previously covered the Grand National, presented the event to highlight the importance of women's sports. The race is set against a 4.22-mile course from Putney to Mortlake, differing from the previous 1.2-mile course at Henley, and the crews face unique challenges due to the river's bends. The event is a continuation"
cnndm_2032,cnndm,stochastic,16.1267,614.31,97.56,160,9.92," The article discusses Celtic manager Ronny Deila's efforts to secure a season-long loan extension for Jason Denayer from Manchester City, while also considering Hearts captain Danny Wilson as a potential defensive target. Denayer, who made his international debut for Belgium, faces competition at City and may not return in time for the Champions League qualifiers. Deila also mentioned the loan of Liam Henderson to Rosenborg, emphasizing the importance of experience and development for young players. Additionally, Deila addressed the need for players to return from international duty and noted ongoing injuries to Charlie Mulgrew and Mikael Lustig.
Answer: The article highlights Celtic manager Ronny Deila's attempts to extend Jason Denayer's loan from Manchester City for another season, while also considering Hearts captain Danny Wilson as a potential defensive signing. Den"
cnndm_2033,cnndm,stochastic,16.7009,608.18,101.21,160,9.58," Raymond Billam, a 40-year-old man from Bolton-on-Dearne, South Yorkshire, was found guilty of fraud after he claimed to be severely disabled and unable to walk without assistance, but was secretly filmed playing football for his pub team, which contradicted his claims. He illegally received £15,066 in incapacity benefits from the Department of Work and Pensions between 2008 and 2014. Billam was sentenced to 26 weeks in prison, suspended for two years, and ordered to complete 200 hours of unpaid work and a four-month electronic curfew. The case highlights the Department of Work and Pensions' efforts to detect fraud, as they observed him playing football, running, and jumping, which was inconsistent"
cnndm_2043,cnndm,stochastic,18.3691,294.62,113.68,160,8.71," The new chief executive of Rotherham council may receive up to £40,000 more than the outgoing CEO due to negative publicity from the grooming scandal, which involved 1,400 children being abused over 16 years. The council is offering up to £200,000 to candidates, a £40,000 increase from the previous £160,000. The council's cabinet resigned in February after a government report deemed it 'not fit for purpose' and 'in denial' about exploitation. Councillor Caven Vines from Ukip expressed discomfort with the increased pay.
Answer: The new chief executive of Rotherham council may receive up to £40,000 more than the outgoing CEO"
cnndm_2082,cnndm,stochastic,16.7187,448.83,102.33,160,9.57," 

Liverpool midfielder Philippe Coutinho believes winning the FA Cup would save their season, as the club trails Manchester City by seven points with seven games remaining. After recent league losses, including a 4-1 defeat to Arsenal, Coutinho emphasizes the importance of the FA Cup as a key objective to secure a Champions League spot. Despite acknowledging the challenges, he remains hopeful, stating that the competition could provide a crucial redemption opportunity. Brendan Rodgers has accepted that the team's top-four ambitions are unlikely, focusing instead on the FA Cup quarter-final against Blackburn. 

(Word count: 126) 

**Note:** The summary is structured to capture the key points from the article in 3-4 sentences, preserving the main facts and entities, including the players, teams, and key events mentioned"
cnndm_2105,cnndm,stochastic,15.9398,639.08,96.23,160,10.04," The article discusses Arsenal's performance in the Premier League, highlighting their strong start and potential for a top-four finish, but also their struggles in maintaining consistency throughout the season. Despite having a talented squad with key players like Alexis Sanchez and Mesut Ozil, Arsenal's failure to secure a title win is attributed to inconsistent performances and reliance on key players who have not consistently delivered. The article suggests that Wenger may need to make strategic signings to strengthen the team and avoid repeating past mistakes, as the current squad is not yet ready to challenge for the title. The author questions whether Wenger's long-term plans will be successful and whether the team can capitalize on its current form to achieve a significant title win.
The article discusses Arsenal's performance in the Premier League, noting their strong start and potential for a top-four"
cnndm_2117,cnndm,stochastic,16.3059,718.55,98.03,160,9.81," The article discusses a video that appears to show a deputy hitting Deanna Robinson, a heavily pregnant Iraq war veteran, during an arrest at her parents' home. Robinson, who was 38 weeks pregnant, claims she was struck at least three times, with her stomach hitting a kitchen counter, causing bruising. She was charged with resisting arrest and assaulting an officer, and her son was temporarily placed in CPS custody. The sheriff has initiated an investigation into the incident.

**Summary:**
A video allegedly shows a deputy hitting Deanna Robinson, a 38-week-pregnant Iraq war veteran, during an arrest at her parents' home. Robinson claims she was struck multiple times, causing bruising to her stomach, and was charged with resisting arrest and assaulting an officer. Her 18"
cnndm_2232,cnndm,stochastic,15.9952,574.27,96.99,160,10.0," 

Marcos Rojo, a defender for Manchester United, was photographed with his family and friends in Portugal during his vacation, raising questions about his time off after a scandal involving an affair with a fitness instructor, Sarah Watson. Watson claims Rojo and his advisors attempted to frame her for blackmail, offering her £100,000 to stay silent, though she never received the money. A court ruling overturned a gagging order, requiring Rojo to pay her legal costs, while he has not publicly addressed the incident. Rojo, who is performing well in defense under Louis van Gaal, is accompanied by his wife and daughter during his time in Portugal. 

Wait, the summary is a bit long. Let me condense it to 3-4 sentences. 

Marcos"
cnndm_2253,cnndm,stochastic,16.0469,584.23,97.25,160,9.97," The Leeds Rhinos have punished full back Zak Hardaker with an anger management course, a one-month salary forfeiture to a charity, and 20 hours of weekly voluntary work after he was involved in a violent incident at student flats in February, which left a 22-year-old man with two black eyes and bruising. Hardaker, who previously faced a five-match ban and fine for a homophobic comment and World Cup discipline issues, apologized and paid £200 in compensation, but the club deemed his punishment stronger due to his past misconduct. The club emphasized that Hardaker's actions must now demonstrate his commitment to change, and he has admitted to issues with his lifestyle. The incident also led to fines and warnings for other players, but Hardaker's punishment is the most severe, with"
cnndm_2285,cnndm,stochastic,18.3323,382.99,112.89,160,8.73," Jack Nicklaus, 75, achieved a hole-in-one during the Par-3 Contest at Augusta National, marking his first such feat on the course. His ace on the fourth hole was celebrated by fellow golfers Gary Player and Ben Crenshaw, and while he didn't win the contest, it was notable as part of a day with five hole-in-ones, including Camilo Villegas' two aces. Nicklaus, a legendary golfer with six Masters titles, is one of five to complete the career grand slam, highlighting his enduring legacy in the sport.
Answer: Jack Nicklaus, 75, hit a hole-in-one during the Par-3 Contest at Augusta National, his first on the course, which was celebrated by fellow golfers Gary Player and Ben"
cnndm_2288,cnndm,stochastic,15.9464,583.63,96.62,160,10.03," The article discusses Liverpool's Player of the Season, noting that Luis Suarez was the clear choice last year with 31 goals, but this season there's no obvious winner. While players like Jordan Henderson, Philippe Coutinho, and Raheem Sterling have contributed, Coutinho has been particularly impactful with key goals, especially in the FA Cup semi-final against Manchester City. Despite recent struggles, Coutinho remains the strongest contender for the title, as Liverpool's success in the remaining matches may depend on his performance. The article highlights Coutinho's importance to the team's chances of securing a top-four finish and a FA Cup win.
Answer: The article discusses Liverpool's Player of the Season, noting that Luis Suarez was the clear choice last year with 31 goals, but this season there's no"
cnndm_2357,cnndm,stochastic,16.4225,690.75,98.94,160,9.74," Andy Lee defended his WBO middleweight title against Peter Quillin in a dramatic 12-round bout in Brooklyn, where Quillin failed to meet the required 160lbs weight, resulting in a draw. Despite the draw, Lee showcased a strong performance, throwing more punches and connecting more frequently, though he admitted being 'lazy' early on, leading to a knockdown. The fight, marked by intense exchanges and a dramatic start, ended with both fighters embracing, highlighting their mutual respect. Lee, who retains his title, is set to face Billy Joe Saunders next, while Quillin's unbeaten record remains intact.
Answer: Andy Lee defended his WBO middleweight title against Peter Quillin in a dramatic 12-round bout in Brooklyn, where Quillin failed to meet the"
cnndm_2424,cnndm,stochastic,15.7164,555.21,95.35,160,10.18," Mario Balotelli was absent for Liverpool's FA Cup quarter-final against Blackburn Rovers due to illness, which he claimed was a high temperature (38.7°C). Robbie Savage criticized him as 'pathetic' for missing the game, but Balotelli posted a thermometer reading to defend himself. Liverpool won the match 1-0 thanks to Philippe Coutinho's goal, advancing to the semi-finals. Balotelli's absence followed a previous injury, and his recent behavior, including attending a nightclub, has drawn further criticism for perceived lack of commitment.
Answer: Mario Balotelli missed Liverpool's FA Cup quarter-final against Blackburn Rovers due to illness, citing a high temperature of 38.7°C, which he shared on Instagram to defend his absence. Robbie Savage criticized him"
cnndm_2434,cnndm,stochastic,16.7036,760.56,100.27,160,9.58," The article discusses the potential for Rory McIlroy to win the Masters and complete his career Grand Slam, highlighting his advantage in wet conditions, which have historically favored him in majors. It also outlines the betting odds and key contenders, including McIlroy, Bubba Watson, Jason Day, Dustin Johnson, and Jimmy Walker, while noting the challenges posed by the course and the weather forecast. The article emphasizes McIlroy's recent success in wet conditions and his strong position as the favorite, while also acknowledging the competitiveness of the field and the importance of course conditions in determining the winner.
Answer: The article discusses Rory McIlroy's potential to win the Masters and complete his career Grand Slam, emphasizing his advantage in wet conditions, which have historically favored him in majors. It highlights McIlroy"
cnndm_2505,cnndm,stochastic,16.001,584.95,96.96,160,10.0," Patrick Bamford equalled Middlesbrough’s record goal tally of 15 in the 2023-24 season, matching the 1998-99 Premier League record set by Hamilton Ricard. His 20th-minute goal against Wigan secured a crucial win, helping Middlesbrough climb to the top of the table as they aim for automatic promotion. Despite being five points behind, Wigan had a strong away record but failed to match Boro’s performance, with Bamford’s contribution highlighted by the coach. The match was a tense encounter, with both teams showing determination, but Middlesbrough’s victory solidified their push for promotion.
Answer: Patrick Bamford equalled Middlesbrough’s record goal tally of 15"
cnndm_2708,cnndm,stochastic,16.7575,821.9,100.22,160,9.55," Aaron Ramsey scored 25 goals for Arsenal this season, including a crucial FA Cup final goal dedicated to his late grandmother Eileen, who inspired him with her strength and support. Ramsey, who overcame a leg injury, has become a key player, helping Arsenal win the FA Cup and reignite their title hopes. His emotional tribute to Eileen, who passed away recently, highlights his personal journey and the impact of family on his career. The team's improved performance and confidence, following their trophy win, position them as strong contenders for the Premier League title.
Answer: Aaron Ramsey scored 25 goals for Arsenal this season, including a crucial FA Cup final goal dedicated to his late grandmother Eileen, who inspired him with her strength and support. Ramsey, who overcame a leg injury,"
cnndm_2716,cnndm,stochastic,16.6326,432.35,101.89,160,9.62," Angelique Kerber won the Family Circle Cup by defeating Madison Keys 6-2, 4-6, 7-5, marking her fourth WTA title and first since 2013. Kerber broke serve five times, overcoming a tough challenge from Keys, who had a strong run to the final but made 57 unforced errors. The match was a back-and-forth battle, with Keys leading in the second set but Kerber ultimately prevailing in a decisive third set after a dramatic rally. Keys, seeded seventh, had previously reached the Eastbourne final but lost to Kerber in 2023.

Check the summary for accuracy and clarity. Is the summary correct and clear? Yes, the summary accurately reflects the key points of the article: Kerber"
cnndm_2723,cnndm,stochastic,15.9426,576.99,96.64,160,10.04," 

Lewis Hamilton is prepared to face potential underhanded tactics from his Mercedes teammate Nico Rosberg, following Rosberg's recent criticism of him after the Chinese Grand Prix. Rosberg accused Hamilton of slowing down during the race, which has reignited past tensions between the two drivers. Mercedes team officials, including Toto Wolff and Niki Lauda, have defended Hamilton's actions, stating he was not at fault. Hamilton leads the Drivers' Championship by 13 points, and despite Rosberg's attempts to challenge him, he remains the dominant force in the season, having won eight of the last 10 races. Hamilton emphasizes that he is focused on racing and would have pushed to overtake if he had the pace, but acknowledges that Rosberg was not quick enough to catch him even if"
cnndm_2754,cnndm,stochastic,18.6133,219.09,115.69,160,8.6," Oriol Romeu, a Chelsea midfielder on loan at Stuttgart, and Sportsmail's Martin Keown predict weekend Premier League and FA Cup matches. Key fixtures include Chelsea vs. Manchester United and Aston Villa vs. Liverpool in the FA Cup semi-final. Their predictions and analysis are featured in the article, which also invites reader predictions.
Okay, let me start by reading the article carefully. The main points are that Oriol Romeu and Martin Keown are predicting scores for upcoming matches. Romeu is a Chelsea midfielder on loan at Stuttgart. The key matches mentioned are Chelsea vs. Manchester United in the Premier League and Aston Villa vs. Liverpool in the FA Cup semi-final. The article also mentions that readers can make their own predictions. 

Now, I need to summarize this in 3-4"
cnndm_2790,cnndm,stochastic,16.6795,409.22,102.33,160,9.59," 

Stephen Taylor, a 54-year-old kayaker from Gosport, went missing after leaving Lee-on-Solent at 11:30 am, intending to paddle to Lepe Beach. His partner, Michelle Fuller, alerted the police when he failed to return home late in the evening. A major air-sea search involving coastguard helicopters, rescue teams, and lifeboats was launched, and a body was found after the search. The body is believed to be Taylor's, and he was wearing a wetsuit, light blue top, navy blue life jacket, and a beige sun hat. His family has been notified, and formal identification is ongoing.
Okay, let me start by reading the user's query again. They want a summary of the article in 3-"
cnndm_2797,cnndm,stochastic,16.7429,573.3,101.7,160,9.56," 

Nathaniel Clyne, the Southampton right-back, has been confirmed as England's first-choice right-back by manager Roy Hodgson, following his strong performances, including starting England's last four matches. Despite being linked with transfers to Manchester United and Chelsea, Clyne is focused on playing in the Champions League and winning trophies, expressing ambition to progress his career. Southampton are in talks with Clyne over a new contract, but face challenges in keeping him, as he has been spotted at events and is open to leaving. Clyne has also participated in charity events, highlighting his commitment beyond football.
Answer: 

Nathaniel Clyne, Southampton's right-back, has been named England's first-choice right-back by Roy Hodgson after starting the team's last four matches, including Euro 2"
cnndm_2835,cnndm,stochastic,17.2369,533.27,105.05,160,9.28," The Margaret River Pro, a world championship surfing event, featured dramatic wipe-outs as surfers faced the challenging 'Box' break, a shallow reef area with dangerous waves. Australian surfer Josh Kerr won the most impressive crash for flipping headfirst into the break, while Owen Wright scored a perfect 10 on the same wave. Other notable wipe-outs included Adam Melling and John John Florence, and the event also saw an unexpected shark encounter. The competition, held from April 15 to 26, attracted top-ranked surfers and thousands of spectators at Surfer's Point, with the 'Box' proving particularly perilous for even experienced athletes.
Answer: The Margaret River Pro, a world championship surfing event, featured dramatic wipe-outs as surfers faced the challenging 'Box' break,"
cnndm_2929,cnndm,stochastic,15.959,627.45,96.42,160,10.03," Andrew Flintoff has encouraged the English cricketing public to support both the NatWest Twenty20 Blast tournament and England captain Alastair Cook, who is struggling with a lack of Test centuries. The tournament, now in its second year, has seen improved ticket sales and the inclusion of overseas stars like Brendon McCullum. Flintoff, a former England captain, praised Cook's potential and urged fans to show him support, highlighting his belief in Cook's ability to overcome current challenges. Flintoff also expressed optimism about the future of Twenty20 cricket in England and mentioned his own uncertainty about continuing his career, while commenting on Kevin Pietersen's chances of returning to Test cricket.
Answer: Andrew Flintoff has urged the English cricketing public to support the NatWest Twenty20 Blast and"
cnndm_3009,cnndm,stochastic,17.4281,489.34,106.53,160,9.18," Gael Monfils defeated Roger Federer 6-4, 7-6 in a thrilling last-16 match at the Monte Carlo Masters, showcasing his athleticism, shotmaking, and focus to shock the former world No. 1. Monfils, ranked 18th, outperformed Federer, who was 33, with 22 winners to 17, and will face Grigor Dimitrov in the quarter-finals. The match featured intense rallies, a tiebreak, and both players displayed high-level tennis, with Monfils' determination and flamboyant style highlighting his potential. Monfils' victory marked his first appearance in the last-eight at the tournament, highlighting his ability to compete with top-tier players.
Answer: Gael Monfils"
cnndm_3017,cnndm,stochastic,18.652,385.81,114.88,160,8.58," The article discusses Australia captain Michael Clarke's belief that Kevin Pietersen could return for the Ashes Test series, despite Pietersen not playing for England since being sacked 14 months ago. Pietersen, who has signed with Surrey, recently scored 170 against Oxford MCCU and is hoping to regain his Test place. Clarke, who will captain the Melbourne Stars in the Big Bash League, expressed that he would be happy if Pietersen does not play in the Ashes, as he is a great player. The decision to include Pietersen will depend on the England selectors and board.

Let me check if the summary captures all key points. The main facts are: Clarke thinks Pietersen could play in Ashes, Pietersen hasn't played for England since"
cnndm_3098,cnndm,stochastic,17.547,811.3,105.26,160,9.12," taken the message to heart. The United players are clearly more confident, and the club is on the verge of a renaissance. City, on the other hand, are in a position where they have to change their approach if they are to avoid a downfall. The future is uncertain for both clubs. The article discusses the Manchester derby between Manchester United and City, with United winning 4-2 at Old Trafford. The article questions whether this victory signifies a return of United as the dominant force in Manchester or if it's just a poor performance by City. It also analyzes the current standings and the challenges both teams face in the remaining matches of the season. The article highlights the role of manager Louis van Gaal in revitalizing United, including his tactical decisions and trust in players like Ashley Young and Mar"
cnndm_3130,cnndm,stochastic,16.4445,554.55,99.94,160,9.73," Jurgen Klopp, the coach of Borussia Dortmund, is leaving the club in the summer after seven years, deciding to seek a new challenge despite the team's recent struggles. He emphasized that he will focus on winning games before his departure, and expects his players to remain committed. Klopp has been linked with a potential move to Manchester City, but Arsenal manager Arsene Wenger has dismissed the speculation, calling the situation a 'circus.' Klopp's departure is expected to have minimal impact on the team's atmosphere, as he believes the players will continue to support the club.
Answer: Jurgen Klopp, the coach of Borussia Dortmund, is leaving the club in the summer after seven years to seek a new challenge, despite the team's recent struggles. He emphasized focusing on winning games before his departure and"
cnndm_3227,cnndm,stochastic,16.9838,739.35,102.17,160,9.42," The article discusses Adrian Heath's experiences and insights on the growth of Major League Soccer (MLS) in the United States, highlighting his role as the manager of Orlando City. Heath, a former English footballer and coach, has witnessed the league's expansion from the USL to the major leagues, and he believes MLS is gaining traction in the US, with the potential to become one of the world's top leagues. He mentions the influx of international players like Steven Gerrard and Frank Lampard, as well as the impact of stars like Kaka and David Beckham on the league's growth. Heath also reflects on the challenges of building a team within the salary cap and the cultural differences between English and American football.
Answer: Adrian Heath, manager of Orlando City, discusses the growth of Major League Soccer ("
cnndm_3236,cnndm,stochastic,16.4893,420.26,101.06,160,9.7," Rafael Nadal advanced to the quarter-finals of the Monte Carlo Masters after a hard-fought win over John Isner, while Roger Federer was eliminated by Gael Monfils. Nadal's victory was crucial for his clay court momentum, and he will face David Ferrer in the next round. Federer's loss marked the end of his tournament, as he struggled with form after a recent loss to Djokovic. Other matches included Djokovic's win over Haider-Maurer and Berdych's victory over Bautista Agut, with Raonic also advancing.
Answer: Rafael Nadal advanced to the quarter-finals of the Monte Carlo Masters after a hard-fought 7-6(8/6), 4-6, 6-3 win over John Is"
cnndm_3317,cnndm,stochastic,16.6987,610.49,101.18,160,9.58," The article discusses David Cameron's dispute with the BBC over a claim that he said foxhunting is his favorite sport, which he later clarified was a mistake. Cameron, during a campaign event, faced heckling from a man who criticized the NHS, but continued his speech. The BBC presenter Andrew Marr admitted to an error in the interview, clarifying that he did not mean foxhunting was Cameron's favorite sport. Cameron also used a soapbox to address party members, echoing John Major's tactics, but the event was interrupted by a heckler.
Answer: David Cameron disputed the BBC's claim that he said foxhunting is his favorite sport, clarifying it was a mistake after an interview with Andrew Marr, who later admitted an error. During a campaign event, Cameron faced heckling from"
cnndm_3319,cnndm,stochastic,18.0813,321.5,111.7,160,8.85," A man in an electric wheelchair fell onto the electrified tracks of the Washington, D.C. metro system on Tuesday, prompting two men to rescue him by leaping onto the tracks. The man sustained only minor face injuries, and the incident occurred at the U Street station on the green and yellow lines. The cause of the fall remains unclear, with no trains running for several minutes afterward. This incident follows a similar rescue in Philadelphia a week prior, where an elderly man was saved by a passerby.
Okay, let me start by reading the article carefully to understand the key points. The main event is a man in a motorized wheelchair falling onto the subway tracks in Washington, D.C. He was rescued by two men who jumped onto the tracks. The man didn't have serious injuries, just"
cnndm_3330,cnndm,stochastic,17.6505,455.22,108.15,160,9.06," James Milner is considering his future at Manchester City, weighing options including a potential move to Liverpool, where Brendan Rodgers wants him to fill the void left by Steven Gerrard. Milner is frustrated by reports of his interest in Anfield and is seeking more regular playing time, as his current contract expires in June. While Manchester City faces challenges in the league, Milner aims to ensure the team finishes the season strongly before making a final decision. Other clubs like Arsenal, Everton, and Inter Milan are also in the running for his signature.
Answer: James Milner is considering his future at Manchester City, weighing options including a potential move to Liverpool, where Brendan Rodgers wants him to fill the void left by Steven Gerrard. Milner is frustrated by reports of his interest in Anfield and is seeking"
cnndm_3381,cnndm,stochastic,16.6832,498.74,101.79,160,9.59," Tim Sherwood, Aston Villa's manager, responded to a six-year-old fan, Charlie Pye, who applied for the managerial role after Paul Lambert was sacked. Despite missing out on the job, Sherwood praised Charlie's knowledge of the game and offered him a signed football and other rewards. Charlie, who is captain of Norton Lindsey, expressed gratitude for the letter and the recognition of his leadership role. Sherwood's team has since performed well, securing a top position in the league and a FA Cup semi-final spot.
Answer: Tim Sherwood, Aston Villa's manager, encouraged six-year-old fan Charlie Pye after he applied for the managerial role following Paul Lambert's sacking. Despite missing out on the job, Sherwood praised Charlie's football knowledge and offered rewards like a signed football,"
cnndm_3607,cnndm,stochastic,16.4378,773.34,98.52,160,9.73," The article discusses the contrasting managerial philosophies between Jose Mourinho and Arsene Wenger, with Mourinho emphasizing strategic, results-driven play and Wenger favoring an attractive, artistic style. Mourinho criticized Wenger's recent defensive approach, citing Arsenal's poor performance against Monaco as evidence that defending is not easy. The article also highlights Mourinho's recent success with Chelsea, including their title-winning campaign, and the long-standing rivalry between the two managers, who have had a history of intense on-field and off-field confrontations.
Answer: The article highlights the contrasting managerial philosophies between Jose Mourinho and Arsene Wenger, with Mourinho advocating for strategic, results-driven play and Wenger favoring an attractive, artistic style. Mourinho criticized Wenger's defensive approach, citing Arsenal's 3-1 loss to Monaco as evidence that defending is not easy"
cnndm_3739,cnndm,stochastic,18.4917,321.83,114.28,160,8.65," 

Diego Maradona, renowned as one of the greatest footballers and a 1986 World Cup winner with Argentina, has turned to boxing training to maintain his fitness. He began with head shots on a dummy before focusing on his body, despite its height advantage. Maradona, who faced controversies including the ""Hand of God"" goal and a 1994 World Cup ban, has kept fit through boxing since retiring from football in 2012. He also underwent gastric bypass surgery and now manages his weight through this training. 

(Note: The summary is 4 sentences, preserving key facts and entities as required.) 

But wait, the original article mentions that Maradona is 54 years old and that the dummy was blue. Also, the"
cnndm_3838,cnndm,stochastic,16.6108,466.29,101.54,160,9.63," Rafael Nadal defeated Nicolas Almagro 6-3, 6-1 to advance to the third round of the Barcelona Open, aiming for his ninth title on clay. Nadal, who is seeking his 10th French Open title, faces Fognini or Rublev in the next round. Almagro, recovering from foot surgery, had previously beaten Nadal in the 2013 final but lost to Nishikori last year. The match was attended by Barcelona's Neymar, and Nadal expressed satisfaction with his performance, aiming to regain form ahead of the French Open.

Let me check if the summary captures all key points:

- Nadal beat Almagro 6-3, 6-1: Yes.
- Nadal's goal:"
cnndm_4036,cnndm,stochastic,18.0085,330.59,111.18,160,8.88," Juventus is monitoring Raheem Sterling's situation at Liverpool, considering him as a potential target to strengthen their squad this summer. While Liverpool aim to retain Sterling, they face competition from clubs like Manchester City, Chelsea, and Real Madrid, with offers up to £50m expected. Juventus also seeks to sell Paul Pogba for at least £55m and is interested in Belgian midfielder Axel Witsel, indicating their active pursuit of key players. 

Check the summary for accuracy and conciseness. Ensure that all key facts and entities are included, and that the summary is in 3-4 sentences.
The summary is accurate and concise, capturing the key points: Juventus's interest in Sterling, the competition from other clubs, the £50m offer range, and Juventus's"
cnndm_4058,cnndm,stochastic,16.6407,469.65,101.7,160,9.61," Steven Naismith, an Everton forward, has been awarded the Barclays Spirit of the Game Award for his selfless charity work and community contributions. He has partnered with organizations like Job Centre Plus, Dyslexia Scotland, and the Whitechapel Centre to support local communities. Naismith's efforts are rooted in his upbringing and working-class background, and he has also helped provide free tickets to unemployed fans. Barclays is committed to community engagement through the Spirit of the Game initiative, offering tickets to fans and supporting local communities.
Answer: Steven Naismith, an Everton forward, has been awarded the Barclays Spirit of the Game Award for his selfless charity work and community contributions. He has partnered with organizations like Job Centre Plus, Dyslexia Scotland, and the Whitechapel Centre to support local"
cnndm_4149,cnndm,stochastic,15.5465,513.91,94.54,160,10.29," Michael Carrick has been a key player for Manchester United but has struggled to make an impact for England, with only four competitive wins in nine starts, including a 2006 World Cup appearance and a 2008 Euro 2008 qualifier loss. Despite his performance in a recent friendly against Italy, Carrick's inconsistent record has led to criticism of England's managers for not recognizing his potential. However, Carrick's career stats are outperformed by Steven Gerrard and Frank Lampard, who have scored more goals for club and country. The article suggests that Carrick's international career has been underwhelming, but he deserves to be judged on his current form rather than past performances.
Answer: Michael Carrick has been a key player for Manchester United but has struggled"
cnndm_4226,cnndm,stochastic,17.3812,538.37,105.93,160,9.21," Smita Srivastava, an Indian woman from Allahabad, Uttar Pradesh, currently holds the record for the longest hair in India at 7ft (2.1m), as documented in the Limca Book of Records. She aims to achieve a Guinness World Record, despite the current holder, Xie Qiuping of China, holding the global record at 18ft 5.54in (5.627m). Smita has become a local celebrity, with her hair making her a regular jury member at beauty contests and a brand ambassador for local oil products. Her family supports her passion for growing her hair, which she has had since childhood, and she is often approached by strangers who admire her long hair.
Answer: Smita Sriv"
cnndm_4258,cnndm,stochastic,17.1681,588.0,104.28,160,9.32," UEFA has charged Pep Guardiola with a disciplinary offense after he wore a t-shirt demanding justice for Jorge 'El Topo' Lopez, a journalist who died in a suspicious car accident during the 2018 World Cup in Brazil. Lopez, a respected journalist for outlets like La Red Radio, AS, and Sport, was killed when a stolen car hit his taxi while he was returning to his hotel. Guardiola, who wore the shirt during a press conference, stated he received it from Lopez's family and intended to honor his memory, though UEFA cited the incident as a 'non-sporting nature' violation, prompting potential public backlash. The European governing body will review the case on May 21, while other football figures like Messi, Simeone, and Maradona have"
cnndm_4375,cnndm,stochastic,16.5886,685.22,100.02,160,9.65," 

Floyd Mayweather and Manny Pacquiao's fight, the most expensive in boxing history, has generated immense excitement, with only 500 tickets available for sale. Ade Adebayo, a fan from Brighton, secured one of the tickets after a long wait, despite initial doubts about the fight's announcement and the ticketing process. He and his friends, including a former boxer, traveled to Las Vegas for the event, planning a luxurious trip that includes a pool party and a road trip to Hollywood. Ade hopes for a thrilling fight, with Pacquiao potentially winning, and is excited about the high-energy atmosphere in Vegas.
Answer: 

Floyd Mayweather and Manny Pacquiao's highly anticipated boxing match, the most expensive in history, has created massive excitement, with only 5"
cnndm_4559,cnndm,stochastic,16.4962,459.91,100.86,160,9.7," 

Lil' Chris, a reality TV star and singer whose real name was Chris Hardman, died at 24 after a long battle with depression, as confirmed by an inquest in Suffolk. His body was found hanging at his home in Lowestoft by a friend, AJ Sutton, and paramedics and police were called to the scene. The coroner, Peter Dean, stated the cause of death was hanging, and the family highlighted his struggles with mental health, his commitment to finding a cure, and his positive, outgoing personality. Following his death, various celebrities and organizations expressed condolences, with Samaritans offering support to those affected. The inquest was adjourned until July 28.
Okay, I need to summarize this article into 3-4 sentences, making sure"
cnndm_4589,cnndm,stochastic,18.4753,400.57,113.68,160,8.66," A four-year-old girl with Spina Bifida, Mazzy, was on a Southwest Airlines flight from Tampa to Pittsburgh when the entire plane sang her birthday song, moved her to tears, and presented her with a birthday cake made from toilet paper and a princess crown made from pretzels. Her mother, Brein Bjorson Marzano, had asked the crew to make it her birthday after her daughter Birkly insisted on getting a 'wing pin' from the pilot. The airline plans to reward the staff for their special gesture, which made Mazzy feel incredibly special on her birthday.
Answer: A four-year-old girl with Spina Bifida, Mazzy, was on a Southwest Airlines flight from Tampa to Pittsburgh when the entire plane sang her birthday song, moved her to"
cnndm_4621,cnndm,stochastic,16.5962,462.66,101.47,160,9.64," The Canadian tourist Debra Fortin has agreed to pay over £60,000 in compensation to the family of Cui Hongfang, a Chinese woman who died after being knocked over on the Great Wall of China. The incident occurred on April 8 when Fortin, rushing down steep steps, collided with Cui Hongfang, causing her to fall and sustain head injuries. Police ruled the incident an accident, but the family filed a civil lawsuit, leading to a court-mediated settlement of 600,000 yuan. Fortin apologized to the family, and the case highlights the risks of tourist accidents at the Great Wall, with at least two deaths reported this month.
Answer: The Canadian tourist Debra Fortin has agreed to pay over £60,00"
cnndm_4659,cnndm,stochastic,16.6181,695.41,100.14,160,9.63," 

A Libyan rapper named Volcano has released a music video set in the war-torn city of Benghazi, where he performs amidst scenes of conflict, including missile launchers and burning buildings. Despite the chaotic backdrop, it is unclear if he is involved in the conflict or merely using the setting for his art. The video features him in both hip-hop and military-style clothing, highlighting his apparent wealth and contrasting with the surroundings. Additionally, the article mentions other North African rappers linked to extremist groups, such as Emino, who joined ISIS, and highlights the broader context of conflict and political tensions in Libya and the Mediterranean region.
The summary should be in the format of a paragraph, not a list. Keep it concise and use clear, formal language. Avoid any markdown formatting.
A Libyan rapper named"
cnndm_4663,cnndm,stochastic,16.5943,769.63,99.53,160,9.64," 

James Houlder and his girlfriend, Vicki Hood, contracted food poisoning during a holiday at the Sonesta Beach Resort in Sharm El Sheikh, Egypt, nine months ago, leading to long-term health issues including Irritable Bowel Syndrome (IBS) for Houlder and a kidney infection for Hood. The couple, who had planned a relaxing 10-day trip, were severely ill within hours of arrival, with Houlder later claiming the resort's hygiene standards were poor and the staff unprofessional. Additionally, EasyJet pilot Alex Comley and his family also fell ill with Salmonella after a similar holiday at the same resort, resulting in medical treatment and a prolonged absence from work. Both incidents have led to legal actions against the travel companies involved, TUI Group and Thomson Holidays, with"
cnndm_4786,cnndm,stochastic,17.3487,904.69,103.42,160,9.22," 

The article discusses Jamie Carragher's criticism of Newcastle United goalkeeper Tim Krul for congratulating Sunderland striker Jermain Defoe during a crucial half-time moment in the Wear-Tyne derby. Carragher argues that such gestures are inappropriate when a team is on the verge of losing, contrasting it with examples of sportsmanship from history. He draws parallels with his own career, where he maintained a competitive edge and avoided showing respect to opponents during critical moments. The piece also touches on the broader context of football rivalries and the importance of maintaining intensity in high-stakes matches, emphasizing the need for players to prioritize their team's success over individual gestures of camaraderie.
The article explores Jamie Carragher's criticism of Newcastle United goalkeeper Tim Krul for congratulating Sunderland striker Jermain Defoe during a crucial"
cnndm_4943,cnndm,stochastic,16.5205,489.06,100.83,160,9.68," Jon Huxley, owner of Westward Ho! hotel in Folkestone, Kent, plans to convert his hotel into a swingers' paradise to revitalize his business, inspired by the popularity of the Fifty Shades of Grey film. He intends to install sex swings, bondage rooms, and themed areas, targeting the gay and swinging communities with all-inclusive packages, while emphasizing a civil and respectful environment. Huxley faces a dispute with Shepway District Council over the hotel's use as a house of multiple occupation, and he seeks to avoid further issues by not requiring a council entertainment license. The council has not yet commented on his plans, and the success of his venture remains uncertain.
Answer: Jon Huxley, owner of Westward Ho! hotel in Folkestone, Kent,"
cnndm_4993,cnndm,stochastic,16.6745,733.83,100.26,160,9.6," The article discusses the discovery of nearly 2,000 preserved graffiti inscriptions left by First World War soldiers in the Naours caves, located 100 feet beneath the French countryside. These inscriptions, dating back to 1916-1917, were made by soldiers from various countries, including Australia, Britain, the U.S., and others, who visited the caves during breaks from the war. The caves, situated near the Somme battlefields, offer a unique insight into how soldiers found meaning and left personal messages in a harsh wartime environment. Historians and archaeologists, such as Ross Wilson and Gilles Prilaux, emphasize the significance of these inscriptions in understanding the soldiers' experiences and the cultural context of the conflict.
Answer: The article discusses"
cnndm_5012,cnndm,stochastic,16.179,580.6,98.1,160,9.89," The article discusses the author's experience with facial exercises, inspired by her mother's youthful appearance and the long history of facial exercises. The author tried Carole Maggio's facial exercises, which involve various expressions, and after two weeks, she noticed improvements in her appearance, feeling fresher and more plumped up. The article also highlights the history of facial exercises, from Cleopatra to modern-day experts like Maggio, and the effectiveness of these exercises in maintaining a youthful look.
The article describes the author's journey into facial exercises, inspired by her mother's youthful appearance and the historical practice of facial exercises. The author tried Carole Maggio's methods, which involve specific expressions, and after two weeks, noticed improvements in her appearance, feeling fresher and more plumped up. The text"
cnndm_5034,cnndm,stochastic,16.0542,551.44,97.5,160,9.97," 

Candice Swanepoel has been featured in Max Factor's beauty campaign, embodying Marilyn Monroe's iconic look, which the brand helped popularize in 1935. The campaign highlights her platinum blonde wig, crimson lipstick, and dramatic cat-eye, inspired by Monroe's timeless style. Max Factor's creative director, Pat McGrath, recreated the look using Monroe's signature shade, Ruby Tuesday, with Candice sharing a sneak peek on Instagram. Additionally, Candice has spoken about her journey to confidence in her career, acknowledging the challenges of adapting to the spotlight and the pressures of her fast-paced life.
Answer: 

Candice Swanepoel has been featured in Max Factor's beauty campaign, embodying Marilyn Monroe's iconic look, which the brand helped popularize"
cnndm_5061,cnndm,stochastic,15.8656,641.55,95.75,160,10.08," 

California Governor Jerry Brown issued an executive order to impose mandatory water restrictions for the first time in history due to a severe, four-year drought. The order requires a 25% reduction in water use compared to 2013 levels, targeting sectors like agriculture, landscaping, and residential areas, with measures such as replacing lawns with drought-tolerant plants and implementing tiered water pricing. The drought has led to record-low snowpack levels, with the state's snow supply at 19% of the historical average, exacerbating water shortages and prompting Brown to declare a drought emergency and urge residents to conserve water. The restrictions aim to address the crisis by reducing water waste and ensuring sustainable use, marking a significant shift in California's approach to water management.
The summary is correct and"
cnndm_5118,cnndm,stochastic,16.0289,595.11,97.07,160,9.98," Morgellons disease is a controversial condition characterized by skin sores, itching, and the growth of colorful fibers, with sufferers like Joni Mitchell claiming it is a severe, incurable illness. The medical community, including the Mayo Clinic and CDC, often dismisses it as a mental illness or a result of anxiety, depression, or substance abuse, while some studies suggest the fibers may be from clothing. Joni Mitchell, who has lived with Morgellons for most of her life, has been hospitalized and advocates for its recognition as a legitimate medical condition, despite skepticism from experts who argue it is not a true disease but a psychological or infectious issue.
Answer: Morgellons disease is a controversial condition marked by skin sores, itching, and the growth of colorful fibers, with sufferers like Jon"
cnndm_5164,cnndm,stochastic,16.662,511.96,101.57,160,9.6," The article discusses Princess Beatrice's visit to Shoreditch, a trendy area in London, where she was spotted partying at Shoreditch House with her boyfriend. She was seen in a black leather dress, which is a popular fashion item. The article also mentions her recent involvement in the London fashion scene, including attending the V&A's Savage Beauty exhibition. Critics have raised concerns about her focus on fashion over her royal duties.
Answer: Princess Beatrice visited Shoreditch, a trendy London area, where she partied at Shoreditch House with her boyfriend, Dave Clark, wearing a black leather dress. The article highlights her growing presence in the London fashion scene, including her attendance at the V&A's Savage Beauty exhibition. Critics have raised concerns about her focus on fashion over her royal"
cnndm_5202,cnndm,stochastic,17.073,876.57,101.86,160,9.37," 

David Fitzgerald, a San Francisco-based author and leading atheist, argues that Jesus Christ did not exist and is likely a literary invention combining stories from various individuals and cults in first-century Judea. He claims there is no contemporary historical mention of Jesus in texts from his supposed time, and early gospels were written decades later, with inconsistencies suggesting they were not based on real events. Fitzgerald also points to the lack of mention of Jesus in historical texts from the period, and suggests that early Christianity incorporated elements from other mystery faiths. Additionally, he challenges the historical accuracy of the crucifixion and other events in the Gospels, proposing they were allegorical rather than factual. The article also references other scholars and historical sources, including the James Ossuary and Josephus, which have been used"
cnndm_5318,cnndm,stochastic,17.5774,818.06,105.4,160,9.1," The character is depicted with a high-pitched laugh and is unable to speak certain words due to his plastic surgery. The character is also seen drinking from a surgical bag and reinflates his own face after being punched. The show is a comedy about a woman who was sexually abused as a child and is now trying to rebuild her life. The character is not a main character, but only appears in one episode. The show is produced by the same studio that made the movie, The Intern, and is based on the real-life story of Kimmy Schmidt. The show is available on Netflix. The character is depicted with a high-pitched laugh and is unable to speak certain words due to his plastic surgery. The character is also seen drinking from a surgical bag and reinflates his own face after"
cnndm_5333,cnndm,stochastic,16.2719,635.51,98.34,160,9.83," The article discusses a study on skin's tear resistance, revealing that collagen fibers in the dermis straighten and stretch to absorb stress, preventing tears from expanding. Researchers used X-ray observations to show how collagen reorganizes under stress, offering insights into skin's durability. The findings could lead to stronger materials for applications like aircraft. Additionally, the article covers Gillette's research on optimal shaving techniques, emphasizing hydration, proper razor use, and aftercare to ensure a smooth shave.
Answer: The article explains that skin's tear resistance is due to collagen fibers in the dermis straightening and stretching under stress, which prevents tears from expanding. Researchers used X-ray observations to show how collagen reorganizes, providing insights into skin's durability and potential applications in materials science. The study, published in Nature"
cnndm_5346,cnndm,stochastic,15.8409,541.85,96.22,160,10.1," 

Tensions between Marine Le Pen, leader of the French National Front, and her father Jean-Marie Le Pen have escalated after the latter defended describing Nazi gas chambers as a 'detail of history', reigniting accusations of anti-Semitism. Jean-Marie Le Pen, the founding father of the far-right party, claimed the statement was a historical fact and not anti-Semitic, while his daughter distanced herself, stating she 'deeply disagrees' with his 'deliberately provocative' remarks. Despite his past convictions for Holocaust denial and inciting racial hatred, Jean-Marie Le Pen remains an honorary president of the party and is still an MEP, while Marine Le Pen seeks to lead the party toward a more moderate path, though it continues to face criticism for its far-right policies and anti-Semitic tendencies.
"
cnndm_5365,cnndm,stochastic,16.0902,659.02,97.05,160,9.94," A man, Robert Mccombs, strangled his friend Steven Carl Day to death after Day confessed to molesting young girls, including a relative, and claimed he thought one of them was starting to like it. The incident occurred in a bar on December 18, 2013, when Day met Mccombs and his roommate Roger Musick. After the murder, the two disposed of Day's body and later faced charges for tampering with evidence, though the murder charges were eventually dropped. Day, an Army veteran with a history of alcohol addiction, had previously confessed to molesting a five-year-old relative in a 12-step program, but had never been prosecuted for the crime.

Let me check if this summary meets the requirements:

- 3-4 sentences:"
cnndm_5446,cnndm,stochastic,17.1888,771.49,103.25,160,9.31," The Queen will lead a religious service commemorating the 70th anniversary of VE Day, marking the end of WWII in Europe. The service, held at Westminster Abbey, will be part of three days of events including beacons, a concert, and a parade. The Queen, then Princess Elizabeth, danced the conga at the 1945 VE Day celebrations. The Queen will also attend the Royal Maundy Service in Sheffield, where she distributes commemorative coins and presents alms to the elderly. The service in Sheffield is part of the UK's oldest royal tradition, dating back to 1210, and includes a nosegay of spring flowers for the recipients.

The Queen will lead a religious service commemorating the 70th anniversary of VE Day, marking the"
cnndm_5481,cnndm,stochastic,17.3529,763.03,104.34,160,9.22," 

The article discusses how data firms like The Data Partnership use underhand tactics to trick homeowners into sharing personal information. They call people from overseas, bypassing the Telephone Preference Service (TPS) by claiming they can disregard it, even though the Information Commissioner’s Office (ICO) says this is not true. The companies use soft questions to get people to answer, which then leads to them being contacted by other companies. The Data Partnership's account director, David Light, admitted that people often don't realize that answering surveys will result in them getting sales calls. The firms argue that they are not breaking the law and that they inform respondents that their surveys are for marketing purposes. However, the ICO has stated that using a foreign call centre does not get you out of your commitments to consumers.
The article"
cnndm_5516,cnndm,stochastic,16.6598,539.56,101.39,160,9.6," Carla Zampatti's SS15-16 collection, presented at Sydney's Opera House, celebrated her 50th year in fashion and paid homage to the 1980s with bold colors like Indian Pinks, Buttercup Yellows, and Electric Blues against her signature black and white designs. The show, which featured standout pieces such as the fuschia 'Opera Coat' and a range of bold, structured, and feminine outfits, was attended by celebrities and fashion influencers, including Delta Goodrem and Shanina Shaik. The collection also included custom jewelry from Cerrone Jewellers, including 18ct white gold rings and pearls, designed to complement Zampatti's classic designs. The event marked the beginning of Mercedes-Benz Fashion Week in Sydney, which"
cnndm_5556,cnndm,stochastic,16.9519,707.95,102.16,160,9.44," The article discusses the cost comparison of hotel room service items in various global destinations, highlighting that Sofia, Bulgaria, offers the best value for money, with a four-star hotel stay and room service costing £63.78, significantly cheaper than other cities like Zurich and New York. It notes that Eastern Europe has six of the world's top 10 most affordable destinations, while Western Europe, particularly Scandinavia, is more expensive. The report also details that in Kiev, a club sandwich is much cheaper, and in Jakarta, dry cleaning is the most affordable. London is third priciest, with high costs for room service and hotel stays, while cities like Toronto and Oslo have expensive mini bar items and dry cleaning services.
Answer: The article compares the costs of hotel room service across "
cnndm_5581,cnndm,stochastic,16.0828,573.07,97.55,160,9.95," The article discusses Dunkin Donuts' new spring menu, which includes high-calorie and high-sodium items like the 640-calorie Pretzel Roll Chicken Sandwich (68% of daily salt intake) and 380-calorie Southwest Supreme Bagel (37% salt), despite marketing one as a low-calorie option. Health experts, including cardiologist Dr. Kevin Campbell, warn that these items are laden with empty calories and unhealthy fats, with the Cheesecake Square Donuts containing 340 calories and 8g of saturated fat. The menu has sparked criticism from health-conscious consumers, who argue that even with healthier ingredients, the overall options remain unhealthy.
Answer: The article discusses Dunkin Donuts' new spring menu, which includes high-calorie"
cnndm_5701,cnndm,stochastic,16.2873,711.81,97.96,160,9.82," The Future Music Festival's cancellation in 2016 sparked mixed reactions from fans, with some blaming organizers for overspending on high-profile acts like Drake and Avicii, while others mocked attendees for their behavior. The decision followed low ticket sales and rising costs, with organizers citing financial unviability. The festival, which had toured major Australian cities since 2007, was last headlined by Avicii and Drake, and while the under-18 festival Good Life will continue, Mushroom Group plans a new event in the same timeframe.
Answer: The Future Music Festival's 2016 cancellation sparked mixed reactions, with fans blaming organizers for overspending on Drake and Avicii, while others mocked attendees. Organizers cited low ticket sales and rising costs as reasons"
cnndm_5721,cnndm,stochastic,15.8573,553.9,96.25,160,10.09," 

Aaron Hernandez, charged with murdering Odin Lloyd, had access to a black Glock pistol and was described by his former friend Alexander Bradley as distrustful and ungrateful. Bradley testified that he saw someone hand Hernandez a black Glock in a Miami hotel, which could have been the murder weapon, though he couldn't confirm the 2013 incident where he claims Hernandez shot him. The prosecution argues Hernandez's history of violence against friends is relevant, while the defense claims their friendship would not have led to murder. Bradley, who has a criminal record, is allowed to testify about Hernandez's suspicious nature but not his alleged unreasonable suspicion. 

**Note:** The summary is concise, preserving key facts and entities such as the individuals involved, the gun, the 2013 incident, and the"
cnndm_5737,cnndm,stochastic,16.1102,731.69,96.72,160,9.93," Sean McCabe, a 30-year-old father of three, initially planned his own funeral after being diagnosed with stage four Hodgkin Lymphoma, which was expected to shorten his life to just two months. However, he unexpectedly entered remission and is now getting married to his fiancée Lisa Williams, with the church he had originally chosen for his funeral now set for their wedding. McCabe, who had been undergoing chemotherapy and had a 20% survival chance, wrote a heartfelt letter to his children to be read after his death, expressing his love and fear of leaving them. The couple, who have been together for 12 years, are set to marry on July 25, with McCabe's cancer now in remission, and they are celebrating their renewed hope together.
Answer"
cnndm_5797,cnndm,stochastic,15.9499,590.39,96.6,160,10.03," The article discusses a UN report highlighting the alarming increase in foreign fighters joining militant groups like Al Qaeda and Islamic State, with over 20,000 from 100 countries, including a 71% rise between 2014 and 2015. Syria and Iraq are the main destinations, acting as an ""international finishing school"" for extremists. The report warns that defeating IS could disperse these fighters globally, posing a significant threat that requires urgent, global cooperation to prevent radicalization and recruitment.
Okay, let me try to summarize this article. The key points are the number of foreign fighters, the countries involved, the main destinations being Syria and Iraq, the UN report's findings, and the potential consequences if IS is defeated. I need to make sure"
cnndm_5811,cnndm,stochastic,18.4038,371.34,113.41,160,8.69," The article discusses the death of Justus Howell, a 17-year-old from Wisconsin who moved to Zion, Illinois, and was shot twice in the back by police during a confrontation. The incident occurred after officers responded to an argument, chased him down, and fired shots. His mother, LaToya Howell, expressed her grief, stating he was not a threat. A witness, Bobbie Vaughan, reported hearing an officer confirm the shooting and that CPR was administered. The autopsy revealed the cause of death, but no officer has been suspended, and the police chief has not commented on the findings.
Answer: The article details the tragic death of 17-year-old Justus Howell, who was shot twice in the back by police in Zion, Illinois, during a confrontation after officers responded to"
cnndm_5903,cnndm,stochastic,16.0311,620.02,96.92,160,9.98," The article discusses claims by Brian Gemmell, a former MI5 officer, that the agency covered up sexual abuse at the Kincora children’s home in Northern Ireland, where boys were trafficked to London for further abuse by powerful figures, including politicians and spies. Gemmell reported the abuse in 1975 but was told to stop investigating, and he met with victim Richard Kerr, who alleges he was part of a group trafficked to London for abuse. The ongoing inquiry led by Justice Lowell Goddard aims to examine whether public bodies failed to protect children, with MI5 potentially being scrutinized for its role in suppressing abuse allegations. The Kincora home was run by William McGrath, an MI5 informant, who was jailed for abuse, and victims’ lawyers argue"
cnndm_5970,cnndm,stochastic,15.9535,565.79,96.78,160,10.03," The article discusses various unique Easter traditions around the world, highlighting the Easter horseback procession in southern Germany, the water-dousing celebrations in Slovakia known as Śmigus-Dyngus, and the water-based rituals in Hungary called Vízbeveto. These traditions, which date back centuries, involve elements like horseback parades, water throwing, and egg exchanges, and are facing the threat of extinction in some regions. The German tradition, the Georgiritt, is a 18th-century event involving horse riders and a sabre dance, while the Hungarian tradition includes water sprinkling and egg exchanges. In Slovakia, the Śmigus-Dyngus is a Central European tradition that is nearly disappearing, with only a few villages still practicing it.
Okay, let"
cnndm_6014,cnndm,stochastic,16.5172,422.08,101.23,160,9.69," The article discusses a panda named Lu Lu, nicknamed 'The Enduring Brother,' who set a new record at the Sichuan Giant Panda Research Centre by mating with his partner Zhen Zhen for seven minutes and 45 seconds, surpassing the average American man's duration. This impressive performance, captured in a video, has made Lu Lu a topic of discussion in China. The mating event was part of a study to understand panda mating habits, with breeders using techniques like bamboo poles to guide the pandas during their amorous activities. Mating season for pandas occurs between March and May, with females in heat for two to four days, and the average mating duration being between 30 seconds and five minutes, highlighting Lu Lu's exceptional endurance.
Answer: The article highlights Lu Lu,"
cnndm_6169,cnndm,stochastic,15.9958,661.99,96.44,160,10.0," Michelle Schwab, a 38-year-old assistant director at KinderCare, was charged with child endangerment after allegedly dangling her two-year-old son over a 10-foot-deep cheetah pit at Cleveland Metroparks Zoo, leading to the child falling and sustaining minor injuries. Schwab, who has three sons and a degree in therapeutic childcare, faces six months in jail and a $1,000 fine. She has taken a leave of absence from her role at a KinderCare center in Columbus, Ohio, while the incident is investigated. Witnesses reported that the cheetahs did not approach the child, and the zoo exhibit was closed following the incident.
Answer: Michelle Schwab, a 38-year-old assistant director at KinderCare, was charged with child"
cnndm_6202,cnndm,stochastic,16.782,794.09,100.55,160,9.53," The article discusses John Travolta's response to the HBO documentary ""Going Clear,"" which portrays Scientology as a cult. Travolta, who has been a member for 40 years, denies the film's allegations of abuse and blackmail, stating his experience has been positive. He also mentions Tom Cruise, who is featured more in the film than himself, and notes that the documentary is based on claims by ex-members who are described as disgruntled. The film includes allegations of prison-like conditions, forced labor, and psychological manipulation within Scientology, which the Church of Scientology has denied, calling the documentary a biased propaganda piece.
Answer: John Travolta has rejected the HBO documentary ""Going Clear,"" which portrays Scientology as a cult, stating his 40 years of positive experience in the organization contradicts the"
cnndm_6235,cnndm,stochastic,16.3011,702.35,98.11,160,9.82," The Carnival Spirit cruise ship, carrying up to 2500 passengers, is stranded outside Sydney Harbour due to severe weather, including waves over nine meters high and cyclonic winds. The ship has sustained minor damage, such as damaged handrails and a satellite cover, but remains operational with passengers and crew safe. The ship is waiting off the coast for Sydney Harbour to reopen after the port was closed due to extreme weather, with delays expected for up to 48 hours. Carnival Cruise Lines has confirmed a revised itinerary for passengers departing to the South Pacific, but the exact details depend on weather conditions.

**Summary:**
The Carnival Spirit cruise ship, carrying up to 2500 passengers, is stranded outside Sydney Harbour due to severe weather, including waves over nine meters high and cyclonic"
cnndm_6316,cnndm,stochastic,16.6488,465.58,101.78,160,9.61," The 2014-15 winter in Boston was marked by record-breaking snowfall, with 108.6 inches (9 feet) of snow, surpassing the previous seasonal record of 107.9 inches set in 1995-96. February alone saw 65 inches of snow, breaking the previous one-month record. The snow, now blackened with trash, remained in the city, prompting volunteers to be paid $30 an hour to help clear it. Skier Vlad Tarasov skied through the contaminated snow, encountering debris like broken glass, plastic, and a dead seagull, describing the experience as surreal and unusual for his 20 years of skiing.

The 2014-15 winter"
cnndm_6359,cnndm,stochastic,17.5951,541.91,107.25,160,9.09," Laura Wells, an Australian size 14 model, has spoken out about the extreme dieting practices of her thinner peers in the fashion industry, which involve consuming only one cracker and a couple of glasses of water daily to prepare for fashion week. She has gained international recognition for her work in magazines like Cosmopolitan and has modeled for major brands such as Macy's and Asos. Wells initially resisted the plus-sized model label due to misconceptions about the term, but she now advocates for body positivity and believes that society's perception of body image needs to change to be more accepting and celebrated.

**Summary:**
Laura Wells, an Australian size 14 model, has criticized the extreme dieting practices of her thinner peers in the fashion industry, which involve consuming only one cracker and a"
cnndm_6420,cnndm,stochastic,17.6584,931.94,105.2,160,9.06," be involved in the situation. The two were still married at the time. In 2013, the NFL was forced to take action after Hernandez was arrested and charged with the murder of Odin Lloyd. The Patriots decided to cut him from the team within 90 minutes of the news. The team had been trying to avoid any publicity surrounding the arrest, but the situation became too big to ignore. His mother, Terri, was a very strong advocate for him. She had previously been a strong supporter of the NFL and had worked with the league to promote youth football. She had also been a local community leader and had helped build the Bristol Central High School football team. She was a member of the school's board of trustees. After the arrest, she was very vocal about the need"
cnndm_6423,cnndm,stochastic,16.3867,545.48,99.63,160,9.76," 

Christine Davidson, a 61-year-old woman from Adelaide, South Australia, was diagnosed with terminal brain cancer in 2001 and passed away after 14 years of treatment. Her diamond engagement ring was allegedly stolen from her finger at a nursing home just days before her death, prompting her family to launch an online appeal for its return. The family, including her husband Ronny and daughters Symantha and Kelly, expressed shock at the theft, which they believe was forceful, and have informed the police. A $1,000 reward has been offered by a local jewellery store to help locate the missing ring, which was significant to Christine's marriage and her promise to give to her granddaughter.
The summary should be in 3-4 sentences. The summary"
cnndm_6457,cnndm,stochastic,16.7977,565.6,102.09,160,9.53," The traditional British fish and chips are at risk due to climate change, as warming North Sea waters threaten the abundance of popular fish species like haddock and plaice. Researchers from the University of Exeter and Bristol, using data from the Met Office, developed a model predicting that these species will decline, leading to potential price increases or menu changes. As the North Sea warms, fish may be replaced by warmer-water species such as red mullet and John dory, and ocean acidification could further impact seafood quality. The study, published in Nature Climate Change, highlights the need for UK fisheries to adapt to these changes to maintain sustainability.
Answer: The traditional British fish and chips are at risk due to climate change, as warming North Sea waters threaten the abundance of popular fish species like haddock and"
cnndm_6501,cnndm,stochastic,17.0051,790.14,101.98,160,9.41," Sarah Vine, a British presenter, argues that she is qualified to replace Jeremy Clarkson on Top Gear, emphasizing her deep love for cars and driving. She shares personal anecdotes about her childhood with cars, including her experiences in Italy and her father's job with Fiat, which shaped her passion for driving. Vine challenges the notion that only men are suited for the role, citing her own experiences and the show's female audience. She also expresses her preference for manual cars and driving style, highlighting her confidence and control behind the wheel.
Answer: Sarah Vine, a British presenter, argues she is qualified to replace Jeremy Clarkson on Top Gear, citing her deep love for cars and driving. She shares personal anecdotes about her childhood with cars, including her experiences in Italy and her father's job with Fiat, which shaped her"
cnndm_6548,cnndm,stochastic,16.6002,525.7,101.1,160,9.64," The article discusses the case of Mohammed Suleman Khan, a tax fraudster who was jailed for four years in April 2023 for defrauding the UK taxman of £450,000. He faces an additional ten years in prison if he does not repay £2.2 million within six months. Khan, known as 'The General,' built a £2.3 million mansion in Pakistan modeled after Buckingham Palace, which was discovered after a police raid on his Birmingham home. His defense claimed he was a legitimate businessman, but police found no evidence of a debt collection company and proved he earned over £1 million without paying taxes. The article also mentions his mythical status in criminal circles and his connection to the unsolved murder of Tony Yaqub in "
cnndm_6690,cnndm,stochastic,15.9678,610.32,96.59,160,10.02," The article discusses the controversy surrounding Hillary Clinton's social media following, highlighting that a significant portion of her Twitter followers are either fake or inactive. According to audits, only 44% of her followers are real, with 15% being fake and 41% inactive, compared to lower fake follower rates for Obama and Michelle Obama. The article also notes that Clinton's Facebook likes may include purchased followers, with some listing unusual hometowns like Baghdad, and references past instances of the State Department buying Facebook likes. Additionally, it mentions the use of a ""Scooby"" van in her campaign and criticisms from some students about her approach.
Answer: The article highlights that Hillary Clinton's Twitter followers include a significant number of fake or inactive accounts, with audits showing only 44% are"
cnndm_6847,cnndm,stochastic,15.9099,582.09,96.4,160,10.06," 

The article discusses how excessive alcohol consumption can weaken the immune system by causing oxidative stress, which damages immune cells like T cells. Researchers have found that high doses of vitamin E, found in foods like kale and almonds, can help mitigate this stress by protecting T cells from oxidative damage, allowing them to function properly and fight infections. The study, led by Manfred Kopf at ETH Zurich, showed that giving mice a high dose of vitamin E (ten times higher than normal) helped save their immune cells from damage, enabling them to combat viral infections. While the study is promising, Kopf notes that healthy individuals with a balanced diet likely don't need vitamin supplements, but high-dose vitamin E might be beneficial in cases of oxidative stress, such as during infections or sun exposure. 

The summary"
cnndm_6873,cnndm,stochastic,15.9898,684.46,96.26,160,10.01," David Cameron's attempts to appear cool have failed to impress his children, with eldest daughter Nancy comparing him to Phil Dunphy from the sitcom Modern Family, a character known for his awkwardness. Nancy often uses the phrase ""That is SO Phil Dunphy"" to mock her father's perceived flaws, including his fashion choices and DIY skills. The PM, who has previously used quirky quotes to project a cool image, has faced criticism from his wife Samantha and children for his unconventional behavior, even leading to Nancy threatening to write a memoir about her time in Number 10, including an embarrassing incident where he left her in a pub.
Answer: David Cameron's efforts to appear cool have failed to impress his children, with eldest daughter Nancy comparing him to Phil Dunphy from the sitcom Modern Family, a character"
cnndm_6945,cnndm,stochastic,16.4499,754.15,98.72,160,9.73," The husband of missing Sydney woman Jessica Bialek, Sabino Matera, expressed gratitude to the public and community for their help in locating her after she was found safe at home. Jessica, a freelance photographer, had vanished on Wednesday morning while heading to the bank, prompting a widespread search that involved police, social media, and local efforts. Her father, Michael Bialek, appealed for information, emphasizing the family's desire to know she was safe, while police noted her disappearance was unusual for her. Jessica's return was celebrated, with her husband and family thanking everyone involved in the search and highlighting the community's support.
Answer: The husband of missing Sydney woman Jessica Bialek, Sabino Matera, thanked the public and community for their help in locating her after she was found safe"
cnndm_6952,cnndm,stochastic,18.3633,399.38,112.98,160,8.71," In 2013, Elon Musk attempted to sell Tesla to Google for $6 billion, proposing that Google buy the company and invest $5 billion in factory expansions, with Musk running Tesla as a Google unit for eight years. However, Google co-founder Larry Page declined to comment but accepted the overall proposal, leading to negotiations. Tesla's fortunes shifted in May 2013 after reporting its first profit due to Musk's efforts to resolve technical issues, causing its stock to rise and ending the Google talks. The article also mentions that Tesla was previously linked to rumors of an Apple acquisition and that Google, along with Fidelity, invested $1 billion in SpaceX. 

Wait, but the original article says that the Google negotiations ended because Tesla's stock rose, and that Musk no longer needed"
cnndm_7011,cnndm,stochastic,17.6761,447.31,108.36,160,9.05," The article discusses a Suncorp Bank report showing that Australians are spending 50% more on digital devices than planned, with an average of $2,300 per person. Men spent $2618 on tech, $475 more than women, and families with children spent 50% more than others. Mobile phone bills were the largest expense, with a $244 difference between families with and without children. Over a third of households don't budget for tech spending, and many are unaware of their costs.
Answer: The article highlights a Suncorp Bank report indicating that Australians are spending 50% more on digital devices than planned, with an average of $2,300 per person. Men spent $2,618 on"
cnndm_7043,cnndm,stochastic,16.1575,609.66,97.78,160,9.9," The article discusses the importance of eye contact in signaling sexual interest, highlighting that our eyes are highly sensitive and can detect when someone is paying attention. It outlines several scientifically-backed techniques, such as the four-and-a-half second scan, the slide and settle method, the flirting triangle, and the blink, to effectively capture someone's attention. The text also explains how prolonged eye contact can trigger emotional and physiological responses, and how different eye movements and blinking patterns can indicate attraction or interest. Additionally, it mentions that direct eye contact can elicit arousal, but the response depends on the perceived attractiveness of the person being stared at.
Answer: The article emphasizes the significance of eye contact in signaling sexual interest, noting that our eyes are highly sensitive and can detect when someone is paying attention. It outlines techniques like the"
cnndm_7089,cnndm,stochastic,15.9182,587.39,96.42,160,10.05," Claudia Winkleman, 43, has become the first presenter of the BBC dance contest to be nominated for Bafta awards after taking over from Sir Bruce Forsyth as co-host of Strictly Come Dancing. Despite being absent for nearly a month due to her daughter's Halloween costume fire incident, she has secured a nomination in the entertainment performance category, competing against Ant and Dec, Graham Norton, and Leigh Francis. Her nomination marks the most successful year for the show at the Baftas, with three nominations, including for the Entertainment Show and Audience Choice, while ITV's X Factor and Britain's Got Talent have been snubbed again. Additionally, Sir Bruce Forsyth, 87, has stated he does not miss his time hosting Strictly, despite not receiving a nomination,"
cnndm_7098,cnndm,stochastic,17.4811,494.91,106.83,160,9.15," The article discusses a survey by YouNeedaBudget.com revealing that 64% of adults spend more when shopping with friends due to peer pressure and the desire to show off. Nearly half of participants attributed overspending to excitement, and while 85% set budgets, 95% exceeded them, with food and clothing being the top categories. Despite this, the company suggests prioritizing spending and setting budgets to avoid impulsive purchases and buyer's remorse.

Okay, let me try to summarize this article. The main point is that shopping with friends leads to more spending. The survey by YouNeedaBudget.com found 64% of adults spend more when shopping with friends because of peer pressure and showing off. They also mention that 45% get carried away by excitement. The"
cnndm_7104,cnndm,stochastic,15.9713,599.39,96.68,160,10.02," 

Baroness Karren Brady, a TV star and government small business ambassador, joined David Cameron in announcing 16,000 new apprenticeships at a National Grid training center in Newark. The event aimed to promote the Conservatives' commitment to expanding apprenticeships, with plans to create three million more over five years if the party wins the election. Cameron highlighted the importance of apprenticeships as equal to university degrees, emphasizing their role in providing financial security and economic growth. Brady, who previously appeared on The Apprentice, expressed her belief in apprenticeships as a transformative opportunity for young people. 

Wait, that's four sentences. Let me check the key facts and entities again. The article mentions the event in Newark, the 16,000 apprenticeships, the three million over"
cnndm_7148,cnndm,stochastic,18.3912,358.73,113.41,160,8.7," The body of Kyle Knox, a 23-year-old hiker from London, was found three weeks after he disappeared while attempting to climb Ben Nevis, Britain's highest mountain. Knox was last seen on March 31 and was reported missing the next day after failing to return to his hotel in Fort William. The search, which included mountain rescue teams, helicopters, and dogs, was hampered by severe weather conditions, including freezing temperatures and strong winds. His body was recovered by a Royal Navy helicopter in Surgeon's Gully, and his family has been informed.
Answer: The body of Kyle Knox, a 23-year-old hiker from London, was found three weeks after he disappeared while attempting to climb Ben Nevis, Britain's highest mountain. Knox was last seen on"
cnndm_7166,cnndm,stochastic,16.6475,500.32,101.55,160,9.61," A terror alert was triggered after a dummy wearing a balaclava and a fake missile launcher were found on a boat on the Thames, leading to a police and Army bomb disposal response. The weapon was later confirmed to be ornamental, not live, and the boat was near a children's play area in Reading. A local resident criticized the prank as stupid and concerning, especially given the recent presence of the Queen in Windsor. The incident highlights the potential for real danger and the need for caution in public spaces.
Answer: A terror alert was triggered after a dummy wearing a balaclava and a fake missile launcher were found on a boat on the Thames, leading to a police and Army bomb disposal response. The weapon was later confirmed to be ornamental, not live, and the boat was"
cnndm_7261,cnndm,stochastic,15.9016,553.47,96.53,160,10.06," A Catholic priest in Ann Arbor, Michigan, Edward Fride, has advised his parishioners to obtain concealed pistol licenses, warning that faith alone is insufficient for safety amid rising crime and reduced police availability. In a letter titled 'We’re not in Mayberry Anymore, Toto,' he criticized the assumption that faith guarantees protection and urged practical measures like gun ownership. The church offers CPL classes, but the diocese opposes gun possession in churches, stating they are gun-free zones. Bishop Earl Boyea has not permitted concealed weapons in the diocese's churches or schools.
Answer: A Catholic priest in Ann Arbor, Michigan, Edward Fride, has advised his parishioners to obtain concealed pistol licenses, warning that faith alone is insufficient for safety amid rising crime and reduced police availability. In"
cnndm_7342,cnndm,stochastic,16.9844,789.83,101.85,160,9.42," The article details the case of Audrey Pekin, an Australian teenager who was raped twice by Henry Alafu in Bali on Christmas Eve. The attacker, who was identified through social media posts, was allowed to escape after police failed to act on available information, leading to the Pekin family's frustration and calls for justice. The family has faced significant challenges, including a 'virginity test' at the hospital and legal costs, while also urging the Australian government to assist in apprehending Alafu, who remains at large in Nigeria. The incident highlights concerns about inadequate policing and the risk of similar attacks in Bali.

**Summary:**
An Australian teenager, Audrey Pekin, was raped twice by Henry Alafu in Bali on Christmas Eve. Despite police having access to Al"
cnndm_7347,cnndm,stochastic,16.6076,733.17,99.84,160,9.63," The article discusses Dawn Williamson, a 39-year-old woman from Scotland who had a 30-year phobia of snakes, which was cured live on TV in ten minutes by therapists Nik and Eva Speakman on ITV1’s This Morning. The therapy involved proving to Dawn that her fear was irrational, leading her to touch a real 9ft Burmese python. Dawn's phobia began after watching the B-movie Venom at age seven, and she had obsessive behaviors like checking her home for snakes. The Speakmans have treated 60 people with similar phobias, and this was the first time the process was shown on TV, with Dawn now able to take her daughter on a holiday to Florida.
Answer: The article describes Dawn Williamson, a 39-year-old"
cnndm_7356,cnndm,stochastic,16.6362,724.71,100.07,160,9.62," 

Toshiba is deploying a humanoid robot named Aiko Chihira at a Tokyo department store to assist customers with information and sign language, though it won't engage in small talk. The robot, designed to appear friendly, is programmed with human-like expressions and will provide six-minute guidance. Meanwhile, other robotic innovations include TE Connectivity's dinosaur robot and Omron's ping pong robot, which demonstrate advanced interaction and control technologies. Additionally, Murata Manufacturing showcased robotic cheerleaders using gyroscopic sensors and infrared technology to maintain balance and synchronization during performances.
The article discusses various robotic innovations, including Toshiba's humanoid robot Aiko Chihira, which will assist customers at a Tokyo department store, and other robots like TE Connectivity's dinosaur robot and Omron's ping pong robot. It also highlights Murata"
cnndm_7398,cnndm,stochastic,16.0323,579.02,97.19,160,9.98," Tori Spelling suffered a severe burn on her right arm after tripping on a hot grill at a Benihana restaurant during an Easter brunch with her family. She was hospitalized at the Grossman Burn Center, where she underwent skin grafts and is now recovering. Despite the accident, Spelling remained composed for her children, and her recent personal challenges include a cheating scandal, a feud with her mother, and a neck injury. The incident highlights her ongoing struggles, with friends hoping for her recovery.
Answer: Tori Spelling suffered a severe burn on her right arm after tripping on a hot grill at a Benihana restaurant during an Easter brunch with her family. She was hospitalized at the Grossman Burn Center, where she underwent skin grafts and is now recovering. Despite the accident"
cnndm_7427,cnndm,stochastic,15.9796,546.38,97.06,160,10.01," The article describes the arrest of Paul Monk, a 54-year-old fugitive from Essex, by Spanish police in his villa in Alicante. Monk was wanted for questioning in the murder of Francis Brennan, a British man whose decomposed body was found on a beach in Spain. He was also linked to drug trafficking and had been on the UK's most wanted list. Monk was arrested along with Paul Scott, another fugitive associated with the murder, and both were involved in a cocaine smuggling ring. The police raid, which included air support, found evidence including an imitation firearm and large sums of cash, and Monk is expected to face trial in Spain before possible extradition to the UK for drug-related charges.
Okay, let me start by reading through the article again to make sure I capture all the"
cnndm_7555,cnndm,stochastic,15.9368,557.0,96.73,160,10.04," 

Raymond Lee Fryberg Jr. pleaded not guilty to illegally possessing a firearm after his 15-year-old son, Jaylen Fryberg, used it to kill four classmates and take his own life at Marysville-Pilchuck High School in 2014. Fryberg was subject to a tribal court restraining order in 2002 prohibiting him from owning firearms, but he allegedly lied on a federal firearms form when purchasing a Beretta pistol in 2013, as the order wasn't in a state or federal database. The issue in court is whether he lied, with his lawyers arguing that tribal court orders aren't recognized in federal records, highlighting a systemic flaw in intergovernmental data sharing between tribes and authorities. The case underscores the need for better coordination"
cnndm_7608,cnndm,stochastic,16.7928,739.1,100.97,160,9.53," 

Sharon Winters, a 39-year-old woman with depression and learning difficulties, was murdered by Kevin Hawke after meeting him on an online dating site. The attack, which occurred three days after she met Hawke, was triggered by an argument over what to watch on television. Hawke, who had consumed a significant amount of alcohol, stabbed Sharon multiple times in the liver, spleen, lungs, and heart, causing over 90 injuries. Her brother Stephen Robinson, who had previously tried to warn her about the relationship, now advocates for caution in online dating and awareness of domestic violence, emphasizing the importance of seeking help and meeting potential partners in public places. 

(Note: The summary is slightly longer than the requested 3-4 sentences, but the key facts and entities"
cnndm_7615,cnndm,stochastic,16.5721,441.61,101.45,160,9.65," Supermarket customers in France can now add airline tickets to their shopping lists through a unique promotion by Transavia France, a budget airline. For a limited time, customers can purchase snacks like crisps, gummy bears, and cereal bars at participating Carrefour City shops, vending machines, and a Paris cinema, each containing a voucher for a discounted flight to Barcelona, Dublin, or Lisbon. The promotion, delayed due to the Germanwings flight crash, allows customers to book flights between June 1 and October 24 with guaranteed prices, though additional fees may apply, and the savings are minimal depending on the flight day. Transavia France, a low-cost subsidiary of Air France-KLM, has previously run similar marketing campaigns, including a Christmas gift exchange for discounted tickets.
Answer: Super"
cnndm_7699,cnndm,stochastic,16.0501,628.89,96.99,160,9.97," Sir Ranulph Fiennes, 71, completed the Marathon des Sables in Morocco, becoming the oldest Briton to finish the grueling six-day race, finishing 13 minutes behind the winner. Despite facing health challenges, including two heart attacks, a double heart bypass, and diabetes, he managed to finish after a 30-hour 91km stage in extreme heat (over 50C) with only one hour of sleep. His trainer, Rory Coleman, played a crucial role in helping him through the toughest stage. Fiennes, who has raised over £6.3 million for Marie Curie, emphasized the importance of the race as a test of endurance and highlighted the support of nurses from the charity, which he aims to further fund.
Answer: Sir Ran"
cnndm_7705,cnndm,stochastic,16.0796,564.4,97.58,160,9.95," 

Liz Norden, mother of two sons who lost their legs in the 2013 Boston Marathon bombings, has criticized Mark Wahlberg's planned film ""Patriot's Day"" as premature, arguing that the trauma of the attack is still deeply felt by survivors and their families. The film, based on a police commissioner's account, is being released amid the trial of Dzhokhar Tsarnaev, who was convicted of 30 charges, including death-penalty offenses. Norden and her sons, who now use prosthetics and lead relatively normal lives, emphasize that the events remain a painful part of their lives, and that the trial has already served as a form of storytelling. Critics, including local residents, argue that the film's release is inappropriate given the"
cnndm_7741,cnndm,stochastic,17.1964,481.36,105.13,160,9.3," 

Bobby Moore's granddaughter, Poppy Moore, married her childhood sweetheart Sam Myers in a private ceremony at Chelsea Register Office, followed by a reception at the Mayfair Hotel. Poppy, 23, wore a white knee-length dress with a bouquet including a photo of her late father Dean, who died in 2011. The wedding, attended by family, honored Moore's legacy, with Poppy's mother Sara expressing pride in her granddaughter and reflecting on the late grandfather's impact. Poppy is involved with the Moore Family Fund against bowel cancer, a cause close to her family's heart after Moore's death in 1993. 

Wait, that's 4 sentences. Let me check if all key facts are included: Poppy's wedding details, the"
cnndm_7753,cnndm,stochastic,17.0905,819.78,102.33,160,9.36," 

Esther McVey, a Conservative MP for Wirral West, has faced misogynistic attacks, including graffiti and a song calling her a ""murderer,"" which she attributes to Labour's underhanded tactics. Despite the hostility, McVey remains defiant, emphasizing her commitment to her role and the support she receives from fellow female Tory ministers. She criticized Labour for not condemning the attacks, highlighting the perceived hypocrisy of the party's stance on women. McVey, a rising star in the Tory cabinet, aims to become a leader and has received backing from other women in the party, who provide mutual support and professional guidance.
The article discusses the challenges faced by Esther McVey, a Conservative MP for Wirral West, who has encountered misogynistic attacks, including graffiti and a"
cnndm_7813,cnndm,stochastic,16.4847,406.17,101.12,160,9.71," A man at Toronto Pearson International Airport was Tasered after refusing to comply with security staff, leading to his arrest and hospitalization under Canada’s Mental Health Act. The incident, captured on video, shows the man, believed to be mentally disturbed, attempting to enter a restricted area and refusing to board a Turkish Airlines flight. Police used non-lethal force, citing safety concerns and the man’s non-communication, and he was later transferred to a hospital. Authorities have not yet decided on criminal charges.

Okay, I need to summarize this article into 3-4 sentences, keeping the key facts and entities. Let me start by identifying the main points.

First, the incident happened at Toronto Pearson International Airport. A man refused security staff, was Tasered, and taken to the ground."
cnndm_7838,cnndm,stochastic,17.6243,876.84,105.33,160,9.08," including a 'foot lift' and a 'total face lift'. The character is also seen drinking from a hamster feeder and reinflating his own face after being punched. The character is also seen drinking from a hamster feeder and reinflating his own face after being punched. Dr Franff is a character on the show. The show's fourth episode, 'Kimmy Goes To The Doctor!', features Dr Franff, played by Martin Short, in a scene where he is seen with Kimmy, who is on the verge of getting plastic surgery. The character is also seen drinking from a hamster feeder and reinflating his own face after being punched. In the scene, Dr Franff is seen with Kimmy, who is on the verge of getting plastic surgery. The character is"
cnndm_7862,cnndm,stochastic,16.0767,599.0,97.34,160,9.95," The article discusses a 19-year-old California model named Chanel who, despite being a vegetarian, has taken extreme measures to stay young by bathing in pig's blood, claiming it keeps her skin soft and tight. She has also tried various other unproven beauty methods, including garlic powder, balsamic vinaigrette, and placenta. Her grandmother is concerned about her health, but Chanel remains determined, even after admitting she doesn't want to repeat the process. The practice of using blood for beauty is not new, with historical figures like Countess Bathory and modern celebrities like Kim Kardashian promoting similar ideas.
Answer: The article describes a 19-year-old California model, Chanel, who, despite being a vegetarian, bathes in pig's blood to maintain her youthful appearance,"
cnndm_7936,cnndm,stochastic,17.2037,567.97,104.63,160,9.3," The article discusses Liverpool manager Brendan Rodgers being convicted of leaving a property in Accrington to rot, which he rented out for three years. He was fined £400 and £375 in costs, with a £40 surcharge, for failing to address issues like broken windows, doors, and rubbish in the £69,950 house. Rodgers and his business partner Judith O'Hagan were found guilty of ignoring an improvement notice from Hyndburn Council, despite being ordered to fix the property. The house is located in an area undergoing a £13 million regeneration project to address over 200 derelict properties, highlighting the broader issue of property maintenance in the region.
Answer: The article details Liverpool manager Brendan Rodgers' conviction for leaving a £6"
cnndm_7952,cnndm,stochastic,17.541,495.96,107.2,160,9.12," Porsche's 918 Spyder, a limited edition $900,000 supercar, reached 350km/h on a speed-unrestricted stretch of the Stuart Highway in the Australia Outback, driven by New Zealand racer Craig Baird. The car's petrol-electric hybrid system allows it to accelerate from 60km/h to 350km/h in 40 seconds, with 'Race Hybrid' mode delivering 8,500 rpm of power. The stunt, part of a promotional tour, highlights the vehicle's performance and is a rare display of its capabilities, as Porsche ensured the road was empty for safety. The 918 Spyder, with only 918 units planned for 2015, is"
cnndm_8049,cnndm,stochastic,16.0127,575.45,97.09,160,9.99," Britt McHenry, a 28-year-old ESPN sports reporter from New Jersey, was suspended for one week after a video emerged showing her verbally abusing an Advanced Towing employee in Arlington, Virginia. The incident occurred on April 6 when McHenry was towed from a Chinese restaurant and later berated the tow truck clerk on camera for her appearance and job, including making offensive remarks about her weight and intelligence. ESPN responded by suspending her, though it is unclear if further punishment will follow. McHenry apologized for her actions, calling it an 'intense and stressful moment' and expressing regret for her behavior.
Answer: Britt McHenry, a 28-year-old ESPN sports reporter from New Jersey, was suspended for one week after a video emerged showing her verbally abusing an Advanced Towing"
cnndm_8077,cnndm,stochastic,15.8674,562.82,96.26,160,10.08," Maison Souquet, a newly-opened hotel in Paris, is inspired by the Belle Epoque's post-impressionistic era and the historic Maisons Closes, blending opulence with edginess. Located in the trendy Pigalle district near the Moulin Rouge, the hotel features luxurious, velvet and gold-accented interiors designed by Jacques Garcia, with 20 rooms including 14 deluxe and 6 suites. Guests can enjoy amenities like the Celestial Spa, private spa access, and a signature cocktail, with room rates starting at €338 per night, offering packages for romantic getaways and relaxation. The hotel is described as a 'temple to hedonism,' combining luxury, culture, and a unique, enchanting atmosphere.
Answer: Maison Souquet,"
cnndm_8088,cnndm,stochastic,16.6317,549.74,101.14,160,9.62," 

Okay, let's start by reading the article carefully. The main points are about Chrissy Teigen sharing her stretch marks on Instagram, which sparked a movement. She posted a photo of her legs after a cooking session, mentioning bruises and stretch marks from pregnancy. The article explains that stretch marks are common, often from pregnancy or weight gain, and they fade from purple to silver. The campaign started last year by two anonymous mothers, encouraging women to embrace their bodies and share their stretch marks with the hashtag #loveyourlines. Many women joined, sharing their own photos, and some expressed pride in their stretch marks. The key entities are Chrissy Teigen, John Legend, the #loveyourlines campaign, and the physical characteristics of stretch marks. I need to condense this into"
cnndm_8142,cnndm,stochastic,15.9437,632.4,96.3,160,10.04," A 36-year-old Louisiana sheriff's deputy, Burt Hazeltine, was shot three times in the face, elbow, and eye during a road rage incident in a school zone near Paradis, Louisiana, after a verbal altercation with Paul Devillier, a 56-year-old former TSA worker. Devillier, who had no criminal record but was suspected of mental health issues, was arrested after a brief struggle with officers following the shooting. Hazeltine, who was in stable but guarded condition at the hospital, may lose his sight in one eye due to the injuries, while Devillier was found with two weapons and is now under investigation. Hazeltine, a 15-year veteran with a family of four, was described as a community-oriented individual with a"
cnndm_8152,cnndm,stochastic,16.5802,746.32,99.58,160,9.65," 

Yaakov Naumi, a photojournalist from Bnei Brak, Israel, captured unique rituals of his ultra-orthodox Jewish community, including a man lying in an open grave to prolong life, a chicken being walked on a string, and a wedding dance where participants avoid touching the bride. Despite some practices seeming strange to outsiders, Naumi emphasizes their cultural significance and aims to highlight the essence of these traditions rather than portray the community as odd. His photographs, taken during events like Purim and the 'tisch' ceremony, reveal customs rooted in Jewish scripture, such as the 'mitzvah tantz' and the 'pidyon ha ben' ritual. Naumi's work seeks to foster understanding, showing that while these practices may appear unusual to Westerners, they"
cnndm_8177,cnndm,stochastic,17.1671,833.96,102.72,160,9.32," The former head of the NHS, Sir David Nicholson, has criticized Labour for not committing to an extra £8 billion for the health service, warning that the NHS faces a significant financial problem. He called on all political parties to support the NHS’s five-year plan, which requires a 7% budget boost by 2020, but only Labour has not signed up. Sir David also criticized the Tory and Lib Dem plans, which he claims are unrealistic, and warned that without financial stability, the NHS may have to take emergency measures like freezing recruitment. He also highlighted his past controversies, including his role in the Mid-Staffordshire scandal and his high-profile pension.
Okay, let me try to summarize this article. The main points are that Sir David Nicholson, former NHS head, is"
cnndm_8230,cnndm,stochastic,17.2396,516.48,105.18,160,9.28," The European Central Bank president Mario Draghi was surprised by a female protester who threw confetti at him during a press conference in Frankfurt, Germany. The protester, identified as Josephine Witt, was associated with the feminist group Femen and claimed to be against the ECB's policies, shouting ""End the ECB dictatorship!"" before being escorted away by guards. Draghi, though shaken, continued his press conference, which was marked by a rare moment of public attention and a trending hashtag #Draghi on Twitter. The ECB is investigating the incident, and Draghi emphasized the continuation of the bond-buying stimulus program to support economic activity.
Answer: The European Central Bank president Mario Draghi was surprised by a female protester, Josephine Witt, who threw confetti at him during a press conference in Frankfurt,"
cnndm_8269,cnndm,stochastic,17.3937,443.97,106.6,160,9.2," A woman was seen threatening people with two dildos during an altercation outside the Roches Family Hotel in Grafton. An eyewitness, Nick Weller, reported that a fight broke out inside the hotel before spilling onto Victoria Road, with the woman joining the fray with the dildos. Grafton Police responded to the scene but no formal complaints were made. The hotel denied the fight, stating it was a heated discussion that quickly ended with police arrival.

**Summary:** A woman was seen threatening people with two dildos during an altercation outside the Roches Family Hotel in Grafton. Eyewitness Nick Weller reported a fight inside the hotel spilled onto the street, with the woman joining the fray using the dildos. Grafton Police responded but no formal complaints were"
cnndm_8321,cnndm,stochastic,16.0845,652.42,97.06,160,9.95," 

Sellers in the UK are overvaluing their homes by around £74,000 on average, leading to increased negotiation between buyers and sellers. This overpricing is driven by sellers' belief that the market is still at its peak, despite a cooling market, and some estate agents intentionally overvalue properties to secure clients. A study found that over half of sellers follow their agent's recommended price, while a third list at a higher price, and many prioritize getting the highest price over securing a buyer. The market has seen a slowdown in activity, with prices expected to grow at a slower rate this year, and buyers are now in a stronger position as demand has decreased.
Answer: 

Sellers in the UK are overvaluing their homes by an average of £74,"
cnndm_8345,cnndm,stochastic,15.8674,527.98,96.47,160,10.08," PayPal is developing edible passwords that would be powered by stomach acid and include mini computers, aiming to replace traditional passwords with biometric or physical verification methods. Jonathan Leblanc, PayPal's top developer, described the technology as enabling 'true integration with the human body' and suggested future passwords could be edible, injectable, or wearable. However, PayPal later clarified that these ideas were speculative and the company has no immediate plans to develop edible or injectable verification systems, emphasizing its focus on innovation in payment security. The company has previously been involved in biometric technologies like fingerprint payments and is part of the FIDO alliance, aiming to improve online security through alternative authentication methods.
Answer: PayPal is developing edible passwords powered by stomach acid and mini computers to replace traditional passwords, with Jonathan Leblanc describing the"
cnndm_8511,cnndm,stochastic,16.653,603.1,100.94,160,9.61," Sophie English, an Australian adoptee born during the Vietnam War, has spent over 40 years searching for her birth mother, who gave her up for adoption. After a long journey, she met with ABC's Sally Sara to travel to Vietnam in search of closure. During her trip, she met another adoptee, Le My Huong, who found her mother and moved back to Vietnam, providing a profound moment of connection. The experience, while not fully resolving her grief, offered Sophie a deeper understanding of her heritage and the challenges faced by adoptees during the war.
Answer: Sophie English, an Australian adoptee born during the Vietnam War, has spent over 40 years searching for her birth mother, who gave her up for adoption. After a long journey, she met with ABC's"
cnndm_8519,cnndm,stochastic,16.2269,651.75,97.96,160,9.86," Ed Miliband criticized the UK and EU for abandoning refugees in the Mediterranean, calling for a 'fare share' of refugees and reversing the decision to stop search and rescue missions. He condemned the policy as leaving people to drown, while Conservative minister William Hague defended the decision, citing past Libyan policies. The crisis has led to over 1,300 deaths in two weeks, with calls for more aid in North Africa and tackling human trafficking. The EU is holding an emergency summit to address the migrant crisis, with tensions over how to handle the influx of refugees.
Answer: Ed Miliband condemned the UK and EU for abandoning refugees in the Mediterranean, calling for a 'fare share' of refugees and reversing the decision to stop search and rescue missions, while Conservative minister William Hague defended the policy, citing"
cnndm_8521,cnndm,stochastic,16.5963,452.59,101.53,160,9.64," The Edwardian-style brothel, formerly known as Club 417, located on Brunswick Street in Fitzroy, Melbourne, was once owned by Wei Tang, who was convicted in 2006 for keeping five Thai women as sex slaves. The property, which has six bedrooms, a lounge, bar, and sitting room, is now listed for sale at $1.3 million through Barry Plant Real Estate and is being marketed for various uses, including a business or accommodation. The brothel, which was also known as Fair Lady Studio, has been vacant since December 2013 and is set to be sold on May 1. Tang was the first person in Australia to be convicted under sexual servitude laws, and the women were forced to work to pay off debts incurred"
cnndm_8550,cnndm,stochastic,16.8501,717.8,101.46,160,9.5," The article discusses a planned drilling project into the Chicxulub crater in Mexico to investigate the extinction of dinosaurs 66 million years ago. Researchers aim to retrieve core samples to understand the impact's effects, including whether a global firestorm caused the extinction. Previous studies suggested that the heat from the asteroid impact was insufficient to ignite plants near the site, challenging the firestorm theory. However, the heat could have caused wildfires further away, like in New Zealand, which might have contributed to the mass extinction. The research combines geological and engineering methods to analyze the impact's effects and improve understanding of past and future environmental events.
Answer: The article discusses a planned drilling project into the Chicxulub crater in Mexico to investigate the extinction of dinosaurs 66 million years ago. Researchers aim to retrieve"
cnndm_8585,cnndm,stochastic,17.6372,473.74,107.95,160,9.07," The family of four-year-old Austin West, who drowned in a pool in Gastonia, North Carolina, attempted to set up a GoFundMe campaign for his funeral costs but found multiple fake fundraisers already in place, which had already received donations. Despite the scammers being removed, the family remains in financial distress, with only $315 raised from their genuine campaign. They have also launched a separate campaign on Booster.com to sell T-shirts with Austin's picture to raise more funds. The incident highlights the vulnerability of grieving families to online fraud, especially in times of crisis.

Wait, the summary I generated is a bit too long. Let me revise it to be 3-4 sentences, keeping the key facts and entities. Also, the original article mentions that the family is in desperate"
cnndm_8678,cnndm,stochastic,16.8326,788.79,100.9,160,9.51," The article recounts the first use of chlorine gas in World War I on April 22, 1915, during the Battle of Ypres, where German forces deployed the gas to break the stalemate of trench warfare. French commander Georges Lamour was among those affected, and the attack caused significant casualties and psychological trauma. The use of chemical weapons marked a new era in warfare, leading to the eventual signing of the Geneva Protocol in 1925, though chemical weapons have been used in conflicts since, including in Syria and Iraq. The legacy of the gas attacks persists, with long-term health effects on veterans and ongoing concerns about their use in modern warfare.
Answer: The article details the first use of chlorine gas in World War I on April 22, 19"
cnndm_8684,cnndm,stochastic,16.5952,543.06,100.96,160,9.64," The article discusses the case of The Steer Inn in Wilberfoss, East Yorkshire, where inspectors found severe hygiene issues, including mouldy food and cross-contamination risks, leading to £15,000 in fines for owner David Crossfield. Crossfield admitted 17 charges of breaching food safety regulations, including serving expired food and improper kitchen practices. The owner, who had no prior experience in running a restaurant, was criticized for relying on an unqualified chef and failing to implement proper food safety measures. The council emphasized the importance of food safety and the consequences of non-compliance, highlighting the potential health risks to customers.
Answer: The article details the case of The Steer Inn in Wilberfoss, East Yorkshire, where inspectors found severe hygiene issues, including"
cnndm_8744,cnndm,stochastic,16.6716,744.82,100.17,160,9.6," 

A Cleveland police officer, Michael Brelo, is charged with voluntary manslaughter after firing 15 rounds into a car containing two unarmed suspects during a high-speed chase in November 2012. Brelo, the only officer charged, is accused of waiting until after others had stopped shooting to fire, despite the suspects no longer posing a threat. Prosecutors argue that Brelo fired 'kill shots' at the suspects, who were found dead with multiple gunshot wounds, while his defense claims he acted in self-defense due to the perceived threat during the chase. The case has sparked broader discussions about police use of force and led to a federal probe into Cleveland's police department.
Okay, let me check if this summary captures the key points. The article mentions Brelo being charged with voluntary manslaughter,"
cnndm_8799,cnndm,stochastic,16.677,790.05,99.92,160,9.59," The article discusses the ongoing investigation into Lord Stevens for alleged cover-up of police corruption during the Stephen Lawrence murder probe. The Independent Police Complaints Commission (IPCC) is investigating claims that Lord Stevens, former Met Police commissioner, failed to disclose key information to the Macpherson Inquiry regarding the case. The probe stems from a complaint by Stephen Lawrence's father, Neville Lawrence, who alleges that a letter from Lord Stevens in 1998 contained misleading information. A source close to Lord Stevens claims he was vindicated by Mark Ellison QC, who concluded he did nothing wrong. The Macpherson Inquiry, led by Sir William Macpherson, found the Met Police institutionally racist but concluded that police corruption did not hinder the case, leading to significant reforms in police conduct and anti-racism"
cnndm_8886,cnndm,stochastic,16.284,657.74,98.28,160,9.83," The article recounts the 2012 story of four sisters, the Vincenti girls, who were forcibly returned to their abusive Italian father, Tomaso Vincenti, from Australia after being taken there by their mother, Laura Garrett, who claimed he was abusive. The girls, aged nine to 14 at the time, were portrayed as frightened and distressed during their forced return, which sparked widespread public outcry. Now 16 and 17, the sisters live in Italy with their father, attending school and appearing happy, in contrast to their earlier traumatic experiences. The story highlights the complex legal and emotional dynamics between the family members, including Laura's initial claim of fleeing abuse and the eventual visit of the mother to Italy after the 60 Minutes investigation.
Answer: The article details the"
cnndm_8908,cnndm,stochastic,17.0776,575.1,103.79,160,9.37," 

A 24-year-old man, Tavon Watson, crashed a $220,000 Lamborghini into a guardrail at Walt Disney World's Exotic Driving Experience, killing his 36-year-old passenger, Gary Terry, an operations manager at the Richard Petty Driving Experience. The accident occurred during a birthday celebration, with Watson sharing a Facebook post about driving a Ferrari before the crash. Terry, originally from Michigan, was a passenger in the car, and the incident has led to condolences from Disney and Petty Holdings. The Exotic Driving Experience, which allows visitors to drive luxury cars, is part of a larger attraction that is set to close this summer. 

Wait, the summary is a bit long. Let me shorten it to 3-4 sentences, preserving"
cnndm_8943,cnndm,stochastic,17.2479,429.39,105.78,160,9.28," Matthew Kenney, a 34-year-old man from Fort Lauderdale, Florida, ran naked through traffic after smoking Flakka, a designer drug linked to hallucinations and psychosis, believing he was fleeing imaginary killers. He had prior arrests and was hospitalized for a psychiatric evaluation. Flakka, made from alpha-PVP, is a synthetic cathinone similar to bath salts and is associated with severe mental and physical effects. Its use has increased in Florida, with over 670 incidents reported in 2014, up from fewer cases in previous years.
Answer: Matthew Kenney, a 34-year-old man from Fort Lauderdale, Florida, ran naked through traffic after smoking Flakka, a designer drug linked to hallucinations and psychosis, believing he was fleeing imaginary"
cnndm_8983,cnndm,stochastic,16.6521,522.62,101.44,160,9.61," The article describes an incident where an Icelandair flight from Reykjavik to Denver was struck by lightning shortly after takeoff, resulting in a gaping hole in the plane's nose. The aircraft continued its journey and landed safely in Denver, with no injuries reported. Passengers described the experience as startling, with some expressing concern over the damage. The incident highlights the rarity of lightning strikes causing significant damage to commercial aircraft, as aviation experts note that such events are uncommon, though lightning strikes are common and aircraft are designed to handle them. The plane was later removed from service for inspection and repair.
Answer: The article details an Icelandair flight from Reykjavik to Denver that was struck by lightning shortly after takeoff, causing a gaping hole in the plane's nose. The Boeing 75"
cnndm_8985,cnndm,stochastic,16.8063,822.75,100.53,160,9.52," The article discusses the controversy surrounding the UK government's proposal to extend Margaret Thatcher's right-to-buy policy to housing association tenants, which has faced criticism for being hypocritical and potentially violating human rights laws. Housing association leaders, who earn high salaries, have opposed the plan, arguing that it would force them to sell properties at a discount, which they claim is unfair. The policy aims to allow 1.3 million social tenants to buy their homes, but it has sparked debates over the ethics of the policy and its potential legal implications. The government has defended the plan as a way to help people achieve home ownership, while critics argue that it could lead to legal challenges and negatively impact housing associations.
Answer: The article discusses the controversy surrounding the UK government's proposal to extend Margaret Thatcher's right-to-buy"
cnndm_8992,cnndm,stochastic,17.1299,855.9,102.35,160,9.34," Sarah Stage, a 30-year-old lingerie model from Los Angeles, gained attention for her toned pregnancy selfies, which sparked criticism but also inspired many. After giving birth to her son James Hunter at 8 pounds and 7 ounces, she shared a photo of her post-baby physique in 'granny panties' just four days later, highlighting her 28-pound weight gain. Her images, including a photo of her newborn, received widespread positive feedback, with many praising her healthy son and her fitness. Despite facing criticism during her pregnancy, Sarah remained confident and continued to share her journey, emphasizing her commitment to a healthy lifestyle and her son's well-being.
Answer: Sarah Stage, a 30-year-old lingerie model from Los Angeles, gained attention for her toned pregnancy selfies, which"
cnndm_9018,cnndm,stochastic,16.5532,424.77,101.44,160,9.67," The article discusses a North Korean school textbook that claims Kim Jong-un learned to drive at age three and won a yacht race at nine, as part of an effort to glorify him like his predecessors. The textbook, titled ""Kim Jong Un's Revolutionary Activities,"" is being used to indoctrinate young people, focusing on questionable childhood achievements rather than historical facts. It highlights North Korea's ongoing PR efforts to present a positive image despite its isolation and the international controversy surrounding Kim's portrayal in media. The article also mentions Kim's recent injury, with his wrist bandaged during a visit to a weapons factory.
Answer: The article discusses a North Korean school textbook that claims Kim Jong-un learned to drive at age three and won a yacht race at nine, as part of an effort to glorify him like"
cnndm_9269,cnndm,stochastic,17.3381,811.98,103.94,160,9.23," The article discusses the resurgence of British automotive manufacturing, highlighting the country's current status as the second-largest car producer in Europe with over 1.5 million cars produced annually. It contrasts this success with the historical decline of British industry in the 1970s, marked by poor labor relations and economic stagnation. The author criticizes Labour's return to socialist policies, which he believes would undermine the current economic recovery by reverting to the 1970s' restrictive labor practices. The article concludes by defending the Conservative Party's stance on supporting economic growth and innovation, emphasizing the importance of maintaining a competitive and prosperous economy.
Answer: The article highlights the resurgence of British automotive manufacturing, with the country now producing over 1.5 million cars annually and becoming the second-largest car"
cnndm_9285,cnndm,stochastic,16.1751,677.4,97.47,160,9.89," The article describes a tragic incident in South Huntsville, Alabama, where Lisa Skinner, a 52-year-old science teacher, was shot and wounded by police after she shot her estranged husband, Bradley Skinner, 59, who had broken into her home. The couple was estranged, and Lisa had previously filed for multiple protective orders against him due to his violent history. Bradley was armed with a gun and knife when he entered the house, and after a confrontation, Lisa shot him, leading to a police response where she was also shot. Both were taken to the hospital, with Bradley sustaining life-threatening injuries and Lisa expected to survive. The incident highlights the ongoing tension between the couple and the legal measures in place to protect Lisa from her husband's violent behavior.
Answer: The article details"
cnndm_9325,cnndm,stochastic,16.3956,703.72,98.69,160,9.76," The article discusses the Check It gang, a group of over 200 gay and transgender youths in Washington DC's violent neighborhoods, who face discrimination and violence but are now working to break the cycle through fashion and fashion shows. The documentary ""Check It"" follows their journey, highlighting their struggles with poverty, violence, and discrimination, while also showcasing their efforts to create a clothing label and pursue modeling careers. Despite facing setbacks and a hostile community, the gang members are united by their unbreakable bond and are striving for a better future. The filmmakers, Dana Flor and Toby Oppenheimer, are raising funds to complete the documentary, with 10% of donations going to the gang's fashion label, aiming to raise awareness about discrimination and poverty.
Answer: The article discusses the Check It"
cnndm_9344,cnndm,stochastic,18.5058,376.7,114.02,160,8.65," British Airways has introduced a mindfulness programme for its new Airbus A380 service between London and San Francisco, developed in collaboration with mindfulness expert Mark Coleman. The programme includes meditation techniques, healthy flying tips, and tailored videos for pre-flight, mid-flight, and pre-arrival, aiming to help passengers relax and stay calm during long-haul flights. Coleman recommends practices like wearing comfortable clothing, choosing lighter meals, moderating alcohol intake, and gentle exercises such as stretching, along with strategic napping to adjust to time zones. The initiative seeks to enhance the travel experience by promoting mindfulness and reducing stress for all passengers, regardless of their seating class.
Answer: British Airways has launched a mindfulness programme for its new Airbus A380 service between London and San Francisco, developed with mindfulness expert Mark Coleman."
cnndm_9434,cnndm,stochastic,16.5949,450.51,101.54,160,9.64," The article discusses a planned meeting between representatives from Comcast and Time Warner Cable with US Department of Justice officials to address antitrust concerns related to their $45 billion merger. The meeting aims to negotiate possible concessions to mitigate competition issues, particularly in the broadband market and potential unfair advantages over TV channels and online video businesses. The DOJ and FCC are nearing a recommendation to block the merger, with the final decision expected by senior officials, while both companies remain engaged in discussions with regulators. The meeting marks the first time the cable companies have met with regulators since announcing the deal a year ago, and the outcome could influence the final decision on the merger.
Answer: The article discusses a planned meeting between Comcast and Time Warner Cable representatives with US Department of Justice officials to address antitrust concerns from their $45 billion"
cnndm_9524,cnndm,stochastic,16.2111,765.88,97.14,160,9.87," Kim Kardashian and Kanye West visited a centuries-old Armenian church in Jerusalem for the baptism of their daughter, North West, with Archbishop Aris Shirvanian officiating. The family, including Khloe as North's godmother, was escorted by security and enjoyed a private two-day visit to the Holy Land, which included a surprise concert in Armenia. They also met with Jerusalem mayor Nir Barkat and dined at Mona Restaurant, while Kim expressed pride in their Armenian heritage and the cultural experiences during their trip.
Answer: Kim Kardashian and Kanye West visited a centuries-old Armenian church in Jerusalem for the baptism of their daughter, North West, with Archbishop Aris Shirvanian officiating. The family, including Khloe as North's godmother, was escorted by security and enjoyed a private two-day visit to"
cnndm_9567,cnndm,stochastic,16.0755,712.73,96.62,160,9.95," Peter Mutty, a Sydney grandfather, was jailed for six months and received 28 of 75 lashes for possessing alcohol in Saudi Arabia, where alcohol is illegal. He faced a travel ban after his release, which he attributes to poor assistance from the Australian embassy, which he claims did not act promptly or effectively. Despite the embassy's eventual support, Mutty remains frustrated, having reached out to media to seek help and is now working with the embassy to lift the ban. He plans to return to Saudi Arabia to work, acknowledging he knew the laws but felt complacent about the risk.

**Summary:**
Peter Mutty, a Sydney grandfather, was jailed for six months and received 28 of 75 lashes for possessing alcohol in Saudi Arabia, where alcohol is illegal. He"
cnndm_9612,cnndm,stochastic,17.5879,841.44,105.32,160,9.1," New Zealand's west coast. The Overcomers now live in Timaru, about 300km south of Gloriavale. The Overcomers, who had left Gloriavale in late March 2013, are now living in Timaru, about 300km south of Gloriavale. Mr Overcomer, who had worked outside Gloriavale, particularly wanted to spend more time with his children as they grew up. 'I worked outside Gloriavale, ""sharemilking"" on a neighbour's farm for the community. It was kind of then I thought I'd like my own house and things. 'And I'd like to look after my kids personally. There (in Gloriavale) your kids are"
cnndm_9712,cnndm,stochastic,18.1209,372.69,111.62,160,8.83," 

Shiba, a Shiba Inu dog, has become an internet sensation after working at a tobacco shop in Tokyo, where he uses his nose and paw to open sliding glass windows for customers. His owner, Hisako Suzuki, has trained him to respond to a bell by opening the window, and Shiba is often found napping or snacking on a cucumber. The dog's viral videos, including one with over two million views, have boosted the shop's business, attracting tourists from around the world, including as far as England and Taiwan, who visit to see him and interact with him. Suzuki has also received guestbook comments from visitors, with some traveling long distances specifically to meet Shiba.
Okay, let me start by reading the article carefully. The main subject is Shiba,"
cnndm_9713,cnndm,stochastic,15.6575,525.62,95.17,160,10.22," The article discusses the upcoming sequel to the acclaimed 'Planet Earth' series, titled 'Our Planet,' which will be produced by Silverback Films in collaboration with WWF. The series will use advanced digital camera technology to explore Earth's last wilderness areas and will debut in 2019. It aims to showcase the natural world in unprecedented detail, leveraging Netflix's 4K capabilities and promoting global conservation efforts. The project follows the success of 'Planet Earth' and highlights the growing influence of streaming platforms like Netflix in the natural history genre.
Answer: The article discusses the upcoming sequel to the acclaimed 'Planet Earth' series, titled 'Our Planet,' which will be produced by Silverback Films in collaboration with WWF. The series will use advanced digital camera technology to explore Earth's last wilderness areas"
cnndm_9775,cnndm,stochastic,16.0154,654.46,96.61,160,9.99," The article discusses Nigel Farage's efforts to reach out to David Cameron and potential collaboration to prevent a Labour government, including tactical voting and an early EU referendum. Farage has softened his stance, dropping the demand for Cameron's resignation and engaging in informal discussions with Conservatives. He emphasized the need for an immediate referendum and increased defense spending, while also addressing concerns about diversity within Ukip, where a journalist was heckled for pointing out the lack of non-white representation in the party's manifesto.
Answer: The article discusses Nigel Farage's efforts to collaborate with David Cameron to prevent a Labour government, including tactical voting and an early EU referendum. Farage has softened his stance, dropping the demand for Cameron's resignation and engaging in informal discussions with Conservatives. He emphasized the need for an immediate referendum and increased defense spending, while"
cnndm_9934,cnndm,stochastic,16.3805,662.82,98.85,160,9.77," A 13-year-old boy in Barcelona attacked a school, killing a male teacher and injuring four others, including a female teacher and her 13-year-old daughter. The boy, who had a 'hit list' of 25 names, allegedly told classmates of his plans, but none took him seriously. He was detained after the attack and is undergoing a psychiatric examination due to his age being under 14, which is the age of criminal responsibility in Spain. The attack occurred on the 16th anniversary of the Columbine High School massacre, raising concerns about potential copycat behavior.
Answer: A 13-year-old boy in Barcelona attacked a school, killing a male teacher and injuring four others, including a female teacher and her 13-year-old daughter. The"
cnndm_9992,cnndm,stochastic,16.0852,606.44,97.35,160,9.95," 

A 39-year-old man, Jondrew Lachaux, allegedly impregnated his 17-year-old stepdaughter, Kellie Phillips' daughter, leading to the girl giving birth alone at home while caring for her three-year-old sister, who later died. Lachaux and Phillips, who are married, left the girl and her sister behind during a six-month road trip, leaving the girl with food and medication for the child. The girl gave birth without medical help, and after the sister's death, Lachaux allegedly instructed her to hide the body. Lachaux was arrested and faces charges, while Phillips and the girl also face charges, with the baby now recovering in the hospital.
Okay, I need to summarize this article into 3-4 sentences"
cnndm_10027,cnndm,stochastic,16.2053,733.98,97.3,160,9.87," Abigail Ahern, a celebrated interior designer and best-selling author, promotes the use of bold, colorful interiors in her new book ""Colour,"" emphasizing that color can transform spaces and evoke emotions. She describes her own home as a colorful, content-filled space and admires the color palettes of designers like Kelly Wearstler. Ahern provides ten tips for incorporating color into home design, including starting with a main room's color, using existing features to inspire schemes, and adding texture and unexpected color placements. Her book features global examples of colorful homes and encourages readers to embrace color confidently to create vibrant, inspiring living spaces.
Answer: Abigail Ahern, a celebrated interior designer and best-selling author, promotes the use of bold, colorful interiors in her new book ""Colour,"" emphasizing that color can"
cnndm_10072,cnndm,stochastic,17.1949,512.3,104.92,160,9.31," A Japanese woman took revenge on her cheating boyfriend by submerging his Apple devices in a bathtub, causing significant water damage. She shared photos of the soaked gadgets on social media, which went viral, receiving mixed reactions. While some supported her actions as a form of justice, others criticized the harshness, though many praised her for hitting him where it hurts. The incident highlighted the public's mixed opinions on revenge and the impact of cheating on relationships.

**Final Answer**
A Japanese woman took revenge on her cheating boyfriend by submerging his Apple devices in a bathtub, causing significant water damage. She shared photos of the soaked gadgets on social media, which went viral, receiving mixed reactions. While some supported her actions as a form of justice, others criticized the harshness, though many praised her for"
cnndm_10084,cnndm,stochastic,17.6165,907.93,105.09,160,9.08,"I thought I picked a sensible person. I thought I picked a safe person but it turned out I picked anything but and it turns out I put those kids in danger.’
Answer:

Angie Donohue, a woman married to Daryl Scott Donohue, revealed that her husband, who was imprisoned, attempted to hire someone to kill her twice, once from prison and once from inside his cell. After their marriage, Donohue became increasingly controlling and abusive, leading to a breakdown in their relationship. Following his arrest for inciting her murder, Donohue was sentenced to four years in prison, but he continued to plot her death from behind bars, offering money to inmates to kill her. Despite his conviction and sentencing, Donohue remains a threat, and Donohue's"
cnndm_10112,cnndm,stochastic,17.2333,438.6,105.63,160,9.28," Cengiz Guven, a Turkish security guard, is responsible for protecting Australian travelers at the Gallipoli battlefield cemetery during the Anzac Day ceremony, having previously safeguarded celebrities like Russell Crowe, Naomi Campbell, and Steve Tyler. Despite concerns over security due to recent terror incidents and Syria's instability, Guven remains confident in the military and security presence. He has been working at Lone Pine for four years, managing security for high-profile events and ensuring the safety of thousands during the 100th anniversary commemoration, which will involve over 10,000 attendees and a significant security force including 4,000 police and 1,000 Turkish soldiers.
Answer: Cengiz Guven, a Turkish security guard, is protecting Australian travelers at"
cnndm_10180,cnndm,stochastic,15.9163,618.18,96.21,160,10.05," The father of a young girl featured in a mysterious photograph of her in Japan, Martin Springall, has no idea what the black boots in the image are. The photo, taken in July 2014, became controversial online after being posted to Reddit, sparking debates about whether the boots were real, a trick of the light, or paranormal. Springall, who insists there was no one else in the area and the image was unaltered, has expressed discomfort with the speculation, acknowledging the unsettling nature of the image. The boots' origin and meaning remain unclear, with some suggesting they could be samurai boots or a WWII-era uniform, but Springall remains open-minded and skeptical of paranormal explanations.
Answer: The father of a young girl in a mysterious photograph from Japan, Martin Spring"
cnndm_10230,cnndm,stochastic,16.1288,681.53,97.15,160,9.92," The article discusses Lord Janner's transfer of his £2 million London flat to his children shortly after police raids on his home and office during a paedophile case. The transfer, made when he was deemed unfit to stand trial due to dementia, has raised concerns about potential asset concealment by his family. Legal representatives of alleged victims argue that the transfer may have been an attempt to obstruct justice, as Janner's mental capacity was questioned. The case highlights ongoing efforts to secure compensation for victims, with the Janner family maintaining his innocence.
Answer: The article discusses Lord Janner's transfer of his £2 million London flat to his children shortly after police raids on his home and office during a paedophile case. The transfer, made when he was deemed unfit to stand trial due to dementia, has"
cnndm_10343,cnndm,stochastic,16.7232,685.76,100.86,160,9.57," The article describes an incident in Marana, Arizona, where police officer Michael Rapiejko rammed a suspect, Mario Valencia, with his patrol car after the suspect allegedly fired a shot into the air and refused to comply with orders. The dash cam footage sparked debate over the use of deadly force, with some calling Rapiejko a hero and others accusing him of misconduct. Valencia was hospitalized and later booked into jail, while Rapiejko was cleared of wrongdoing by prosecutors and returned to work. Police chief Terry Rozema defended Rapiejko's actions, arguing that deadly force was necessary to prevent potential harm to others.

Let me check if I have preserved the key facts and entities:

- The incident happened in Marana, Arizona.
- Officer Michael Rapiejko rammed suspect Mario Valencia.
-"
cnndm_10390,cnndm,stochastic,18.3834,279.04,113.86,160,8.7," The body of a 50-foot sperm whale that washed up on Pacifica State Beach in California was covered in graffiti spelling out the name of the East Bay Rats Motorcycle Club. The whale's death remains unexplained, with no signs of trauma, and an autopsy is pending. The graffiti was washed away by high tide, and the club has not commented on the incident. A local man criticized the act, calling the gang's actions ""stanky"" compared to the whale's decaying flesh.
Answer: The body of a 50-foot sperm whale that washed up on Pacifica State Beach in California was covered in graffiti spelling out the name of the East Bay Rats Motorcycle Club. The whale's death remains unexplained, with no signs of trauma, and an autopsy is pending."
cnndm_10537,cnndm,stochastic,16.4601,697.12,99.14,160,9.72," The article discusses a new technique developed by British researchers at the University of Huddersfield that can distinguish between the genetic fingerprints of identical twins, solving a long-standing issue in forensic science. This method, called high resolution melt curve analysis (HRMA), uses the differences in hydrogen bonds within DNA caused by environmental factors like smoking, diet, and exposure to chemicals. The technique allows for accurate identification of which twin a DNA sample belongs to, as seen in cases like the 2013 rape charges against twins Mohammed and Aftab Asghar, where it helped convict the guilty twin. However, the method has limitations, such as requiring a sufficient DNA sample and being less effective for very young twins or those raised in similar environments.

Wait, but the summary you provided is actually the same"
cnndm_10586,cnndm,stochastic,17.5024,764.4,105.27,160,9.14," local population (pictured) . The United Nations University report says that only one-third of e-waste in the UK is recycled through recognised schemes, a figure that must reach 85 per cent by 2019 under European Union rules. The report highlights the need for improved e-waste management and recycling practices in the UK and other developed nations. The article discusses the issue of e-waste being dumped in Africa, particularly in Ghana's Agbogbloshie landfill, where millions of tonnes of discarded electronics from around the world are illegally exported and dumped. It highlights the environmental and health risks posed by this practice, including the release of toxic chemicals and the exploitation of scavengers. The article also mentions the UK's significant contribution to global e-waste and the need for better recycling"
cnndm_10602,cnndm,stochastic,16.4825,695.16,99.29,160,9.71," 

Kate Temple was jailed for 20 months for inflicting grievous bodily harm after biting off a chunk of Shelley Williams' ear during an argument at a charity event in County Durham. The incident occurred when Temple and her sister got into a scuffle with Williams, who had previously accused Temple of having an affair with her partner. Temple initially denied the attack but later admitted guilt, leading to her conviction. The attack left Williams with lasting physical and emotional trauma, including the need for reconstructive surgery and significant psychological effects, which influenced the judge's decision to impose a 20-month sentence. 

**Note:** The summary is 4 sentences long, preserving key facts and entities from the article. It captures the main event, the context of the accusation, Temple's admission, and the impact"
cnndm_10609,cnndm,stochastic,17.6539,940.52,105.12,160,9.06," interview with the BBC. She also got into a fight with a producer in a restaurant after a British media outlet ran a story about her alleged involvement in the 1990s in the West African diamond trade. The article discusses several instances where celebrities have been upset by Krishnan Guru-Murthy's interviewing style. In the case of Downey Jr, the interview was about his past drug abuse and prison time, and he left the interview when asked about his relationship with his father. The article also mentions that Guru-Murthy was left visibly embarrassed after the interview. The article also discusses Downey Jr's history of drug abuse and prison, and his recent career success. It also mentions that Downey Jr's son, Indio, was arrested on drug charges, and that Downey"
cnndm_10679,cnndm,stochastic,16.9315,488.01,103.42,160,9.45," The article discusses the controversy surrounding Aidan Turner's portrayal of Captain Ross Poldark in the BBC1 series, where his physical appearance has drawn significant attention from fans, leading to criticism from co-star Heida Reed. Reed argues that the focus on Turner's body is sexist and undermines the show, stating that such objectification would not be tolerated if a woman were in the same role. Fans have expressed admiration for Turner's physique, with some joking about the level of attention, while Turner himself is reportedly bewildered by the public fascination. The series, based on Winston Graham's books, follows Poldark's journey with his love interest Demelza, and the final episode is set to air soon.
Answer: The article discusses the controversy surrounding Aidan Turner's portrayal of Captain Ross Pold"
cnndm_10682,cnndm,stochastic,16.5083,779.02,98.93,160,9.69," 

Frank McKeever, a Florida-based artist and entrepreneur, created a series of 'tourism' posters envisioning a future where humans explore and colonize various solar system bodies, including skiing on a Uranus moon, living in Mars cities, and floating colonies on Venus. The posters, inspired by 1960s space race aesthetics, aim to encourage expansion into space to protect Earth from cosmic threats like asteroids. McKeever, who runs Science Hype, highlights the possibility of Mars colonization and floating colonies on Venus, while noting the importance of space exploration for humanity's survival. The posters also depict a destroyed Earth, reflecting concerns about Earth's vulnerability, and emphasize the need for future missions to Mars and other celestial bodies, with specific launch windows for such endeavors.
Answer: 

"
cnndm_10701,cnndm,stochastic,16.5741,459.57,101.35,160,9.65," Emma Louise Connolly, known as the bombshell girlfriend of Made In Chelsea's Ollie Proudlock, models Ann Summers' new bridal wear collection, which includes items like a cut-out bra and barely-there thong, priced between £14 and £85. The collection features soft ivory and nude tones, with a raunchy edge, and is available in sizes 8-12 and 32A-38DD. Ann Summers, a brand known for erotic lingerie, has expanded into bridal wear, inspired by the Fifty Shades of Grey novel, and has a long history dating back to 1970. Emma and Ollie began dating in October last year, following a candid Instagram photo of them kissing.
Answer: Emma Louise Connolly, the"
cnndm_10761,cnndm,stochastic,16.7306,495.81,102.11,160,9.56," The Statue of Liberty was evacuated after a bomb threat, which turned out to be a hoax. Around 2,700 tourists were evacuated by boat, and a suspicious locker was found on the island. The NYPD bomb squad conducted a search, but no explosives were found, and the island was declared safe by 4:30pm. The park reopened normally the next day, and all evacuees received refunds.

The summary is a bit too long. Let me revise it to be 3-4 sentences, preserving key facts and entities. The Statue of Liberty was evacuated after a bomb threat, which turned out to be a hoax. Around 2,700 tourists were evacuated by boat, and a suspicious locker was found on the island. The NYPD bomb squad conducted a"
cnndm_10778,cnndm,stochastic,17.3435,502.31,105.92,160,9.23," The Trussell Trust, a major foodbank network in the UK, charges churches and community groups £1,500 to establish new foodbanks, citing costs for staff, branding, and PR. Critics argue the fee diverts funds that could be used for food, as the Trust earns £3.4 million annually and has 445 foodbanks, with some accusing it of prioritizing expenses over direct aid. The Trust defends the fee, stating it covers operational costs and that volunteers receive additional support, including training and publicity, but faces backlash for what some see as an unfair financial arrangement. The Trust's claim of feeding over a million people last year has also been questioned, as the figure represented food parcels, not unique individuals.
The Trussell Trust, a UK-based"
cnndm_10820,cnndm,stochastic,17.1112,578.56,103.98,160,9.35," Sanjay Chaddah, a property developer, falsely accused his neighbor's son-in-law, Dean Paton, of a racist assault during a boundary dispute over a new driveway, leading to a court case where Paton was cleared due to CCTV evidence. Chaddah was given a suspended sentence for common assault and perjury, and had to complete unpaid work and pay compensation. The dispute began when Chaddah dug up the Bodens' paving to build a wall, escalating to a physical altercation where Chaddah falsely claimed Paton assaulted him. Neighbors criticized Chaddah for his bullying behavior and the disruption caused by his property changes.
Answer: Sanjay Chaddah, a property developer, falsely accused his neighbor's son-in-law, Dean Paton, of a racist assault during"
cnndm_10883,cnndm,stochastic,16.0996,670.38,97.04,160,9.94," The article discusses PepsiCo's decision to remove aspartame from Diet Pepsi in the U.S. due to customer concerns over its safety, replacing it with sucralose. Despite the FDA and other regulatory bodies deeming aspartame safe, public perception and health concerns have led to a decline in diet drink sales. Aspartame, used in many low-calorie products, has been linked to health issues like premature births and cancer in some studies, though these findings are debated. The shift reflects broader consumer trends away from artificial sweeteners, even as the sweetener remains widely used globally.
The article discusses PepsiCo's decision to remove aspartame from Diet Pepsi in the U.S. due to customer concerns over its safety, replacing it with sucralose. Despite the FDA and other regulatory"
cnndm_11024,cnndm,stochastic,16.234,683.86,97.8,160,9.86," The owners of two cane corsos that mauled a jogger to death in Michigan pleaded no contest to a reduced charge, facing up to 15 years in prison and possible deportation. The dogs, which had previously attacked other people, were responsible for the July 2023 incident in Metamora Township, where Craig Sytsma was fatally bitten. The plea deal, reached after the couple faced a second-degree murder charge, was criticized by some as insufficient, with the Sytsma family expressing satisfaction while noting the need for stronger animal control laws. The attack, the third involving the dogs since 2012, sparked community concern and led to neighbors arming themselves, highlighting the breed's potential danger.
Answer: The owners of two cane corsos that mauled a"
cnndm_11060,cnndm,stochastic,18.4451,330.06,113.93,160,8.67," The sale of West Brom is progressing, with chairman Jeremy Peace targeting a £150m-£200m sale, and interested parties from America, Australia, and the Far East. The club is on course for a sixth consecutive Premier League season, 13th in the table, with four games left, and manager Tony Pulis has assured the deal will be completed by July to avoid affecting pre-season plans. Peace has indicated he would remain with the club if the sale fails, and due diligence is likely to proceed after the club reported pre-tax profits of £14.7m up to June 2014.
Okay, let me try to summarize this article. The main points are that West Brom is for sale, with Jeremy Peace aiming for £15"
cnndm_11249,cnndm,stochastic,16.1348,612.55,97.62,160,9.92," 

Black boxes, despite their name, are typically red to aid rescue efforts and record critical flight data and cockpit conversations. Photographer Jeffrey Milstein documented black boxes from various crashes, highlighting their varied states—some severely damaged, others relatively intact. His project, which included access to storage facilities, revealed the devices' evolution from early tape-based systems to modern, more robust designs. Milstein's work underscores their importance in understanding crashes, as seen in cases like MH370, and their emotional significance as remnants of tragic events.
Answer: 

Black boxes, despite their name, are typically red to aid rescue efforts and record critical flight data and cockpit conversations. Photographer Jeffrey Milstein documented black boxes from various crashes, highlighting their varied states—some severely damaged, others relatively intact. His project, which"
cnndm_11351,cnndm,stochastic,16.0406,680.52,96.6,160,9.97," The article discusses a poll that ranks the most fashionable Brits, with Audrey Hepburn leading at 27%, followed by Princess Diana, David Beckham, Kate Middleton, and Twiggy. Victoria Beckham is ninth, behind her husband David, who is third. The poll highlights fashion trends, noting that hot pants are the top fashion faux pas for women over 30, while ponytails are the worst for men. It also mentions that 37 is the most stylish age for men, and 36 for women, with the royal family having a strong presence in the rankings.
Answer: The article reports a poll ranking the most fashionable Brits, with Audrey Hepburn leading at 27%, followed by Princess Diana, David Beckham, Kate Middleton, and Twiggy. Victoria Beckham is"
cnndm_11395,cnndm,stochastic,17.5375,815.12,105.17,160,9.12," was announced in April 2014. The Crossrail project has already unearthed a number of exciting discoveries, including more than 10,000 artefacts at more than 40 construction sites. The Crossrail project has already unearthed a number of exciting discoveries, including more than 10,000 artefacts at more than 40 construction sites. The Crossrail project has already unearthed a number of exciting discoveries, including more than 10,000 artefacts at more than 40 construction sites.

The article discusses the discovery of 2,000-year-old human skulls during the London Crossrail excavations, which has led to speculation that they may be the remains of Boudicca's rebels. The skulls"
