sample_id,task,draft,k,regime,seed,latency_s,ttft_ms,tpot_ms,num_tokens,tokens_per_sec,total_proposed,total_accepted,n_verify_steps,alpha,B_eff,stopped_eos,output_text,gpu_stream_pipeline,gpu_stable_step_shapes,gpu_graph_capture
gsm8k_2,gsm8k,0.5B,16,stochastic,42,26.9638,337.88,104.42,256,9.49,1366,171,86,0.1252,1.99,False," 

Wait, that's the value of the house after the value of the value of the total cost of the value of the house after the repairs.  So the total cost of the value of the house after repairs. 

Okay, let's break this down.  I need to find the value of the house after repairs. 

Wait, no, I need to find the value of the house after repairs.  I need to find the value of the house after repairs.  Then I need to find the value of the house after repairs.  Then subtract the cost of the house and the value of the house value of the total cost of the total cost of the house.  Then I need to find the value of the house after repairs.  Then subtract the original value of the house after the value of the house value of the house cost of the value of the house after the value of the house after the value of the house after the repairs, I need to find the value of the house after repairs.  Then subtract the original value of the house.  Then the new value of the value of the house after repairs.  Then subtract the original cost of the house plus the value of the house after repairs.  Then subtract the original cost of the house",False,True,captured
gsm8k_11,gsm8k,0.5B,16,stochastic,42,33.2065,329.87,128.93,256,7.71,1687,147,109,0.0871,1.35,False," 

First, let's break-even though process step-by calculating the total cost of each itemized cost of each type of pastries and their total cost of each type of pastries she bought  cost of each type of pastry costs of each type of pastry and then add up first, and then sum of each itemized cost of each type of pastry costs of each type of pastry and then add them individually costs of each type of pastry and then add up for each type of pastry and then sum themultiply the quantity of each itemized cost of each type of pastry and then sum of the total cost of each type of pastry and then add up

Final Answer:  cost of each itemized cost of each type of pastry and then sum of each type of pastries she bought 3 dozen donuts: 

Final Answer:  cost of each type of pastries she bought and then add them all the total cost of each type of pastry costs of each type of pastry and then sum of each type of pastry prices of each type of pastry and then add them all together cost of each type of pastry and then add up to calculate the total cost of each itemized cost of each type of pastry and then sum them separately for each type of pastry and then sum of each item",False,True,captured
gsm8k_15,gsm8k,0.5B,16,stochastic,42,31.3725,329.24,121.74,256,8.16,1596,156,101,0.0977,1.54,False," (Note: If the choice is made between two alternatives, profit is the difference between the final value and the value of the item value of the two values of the two values after the price increase in the value of the two amounts of the two final value of the two prices after the market value of the two values after the market value and the value of the other value of the two values, the final value of the investment and the cost and the amount of money earned and the value of the item value and the merchant's total value of the market value and the original value and the value of the other two values. the market value after the market value and purchase price after the price increase and the cost of the two values. the value of the item at the end of the month between the market value after the increase in the future value of the market value and purchase price and the cost of the purchase price and the new value and the value of the chosen value of the value of the item and the value of the other item value of the two prices after the price increase and (the value of the item at the end of the month and the cost of the purchase. the value of the item at the end of the month and the original value and the value of the other",False,True,captured
gsm8k_21,gsm8k,0.5B,16,stochastic,42,29.2042,327.28,113.24,256,8.77,1485,161,96,0.1084,1.68,False," Let's solve this problem.
Step 1: Let's define the variables.
Let's let's define the current year  R be the current year be the current age of Raymond be the current age of Raymond's assume that the current age of Raymond be the current age of Raymond be the current age of Raymond be the current age of Raymond. Let's solve this problem. Let's solve this problem.
Step 1 be the current age of Raymond. Let's solve this problem.
Raymond's denote Raymond's current year of Raymond's current year = Raymond's current year of Raymond's assume that the current year = Raymond's current age of Raymond's assume that the current year is the current age of Raymond be the current age of Raymond.
Raymond's assume that the current year is  R be the current age of Raymond. Let be the current age of Raymond.
Raymond's current age be the current age of Raymond be the current age of Raymond be the current age of Raymond. Let's solve this problem.
Step 1: Let's define the variables.
Let's denote Raymond's current age be the current age of Raymond be the current age of Raymond be the current age of Raymond. Let be the current age of Raymond. Let's think: Let's solve",False,True,captured
gsm8k_22,gsm8k,0.5B,16,stochastic,42,43.1765,330.39,168.02,256,5.93,2204,115,141,0.0522,0.82,False," 

Okay, let's see. Billy sells DVDs on Tuesday. He has 8 customers on Tuesday. 

Okay, let me to solve this step by step and then the number>
Okay, let me think>
Okay, let me to the number >

Okay, let me think>
Okay, let me think>
Okay, let me think>
Okay, let me think. Let's see the number>
Okay, let me
Okay, let's see the number>
Okay, let me the number>
Okay, let's

Okay, let's see the number>
Okay, let's see the number of the number>
Okay, let's see the number of the number of the number>
Okay, let's see the number of DVDs sold.

To determine the total number of DVDs sold is not a number>
Okay, let's see the answer >

Okay, let's see the number>
Okay, let's see. 

Okay, let's see the answer here is the number of DVDs sold is there is the number of DVDs sold is not sure, and the answer is 334>
Okay, let's

Okay, let's see the number>
Okay, let's see. Billy sold.

Okay, let's see the number of DVDs sold is the number",False,True,captured
gsm8k_32,gsm8k,0.5B,16,stochastic,42,29.6184,330.58,114.85,256,8.64,1507,160,97,0.1062,1.65,False," 

So, 10 dogs. Since each dog takes 0.5 hours a day, and then multiply the dogs. He has 10 dogs. 10 dogs.  He has 10 dogs.  Each dog takes .5 hours per dog.  He has 10 dogs, which is. 

So, he dogs.  So, 10 dogs times the dogs. Each dog.  Each dog.  He has 10 dogs, so I think I think.  Each dog.  He has 10 dogs, so I think I need to be dogs.  He has 10 dogs, so I multiply the dogs.  There are 10 dogs, which is 10 dogs.  He has 10 dogs, so I have to dogs.  He has 10 dogs, and then multiply by 7 the dogs.  He has 10 dogs, and then multiply that. 

Each dog. He has 10 dogs, which is 10 dogs.  He has 10 dogs, and then multiply that.  Each dog.  Each dog.  Each dog.  Each dog takes care of the dogs.  He has 1",False,True,captured
gsm8k_34,gsm8k,0.5B,16,stochastic,42,30.9677,327.55,120.16,256,8.27,1579,155,101,0.0982,1.53,False," 

Okay, let's see how many jewels Aaron's how many jewels that the number of how many jewels Aaron's how many jewels Aaron's how many jewels Aaron's number of jewels Aaron's number of jewels. 

Okay, let's start by how many jewels Aaron's how many jewels that Aaron's how many jewels Aaron's number of jewels Aaron's number of jewels. Since Raymond's how many jewels Aaron's how many jewels Aaron's number of jewels Aaron's number of jewels. The number of jewels Aaron's how many jewels that Raymond has  how many jewels Aaron's number of jewels Aaron's number of jewels. Since Raymond has 40 jewels, half of Raymond's jewels. 

Okay, let's see, how many jewels Aaron has. The problem says Aaron's how many jewels Aaron's how many jewels Aaron's number of jewels Aaron's number of jewels. The number of jewels Aaron has. 

Okay, let's see, how many jewels Aaron has. The problem says Aaron has 5 more jewels than half of how many jewels that how many jewels Aaron's number of jewels. Since Raymond has 40 jewels, then how many jewels Aaron has. The number of jewels Aaron has. I think I need to find out how many jewels Aaron has. The number",False,True,captured
gsm8k_35,gsm8k,0.5B,16,stochastic,42,44.2472,330.85,172.22,256,5.79,2247,112,145,0.0498,0.77,False," 

Okay, let's see. Mike played  Let's points>
Okay, let me think>
Okay, let me to solve this problem

Okay, let me
Okay, let me to solve this problem, let me think>
Okay, let me think>
Okay, let me think>
Okay, let me think>
Okay, let's points>
Okay, let me to solve this problem, the total points he scored is 40 minutes. In the first 20 minutes, he scores 24>
Okay, let's

Okay, let's see the number>
Okay, let's see the number>
Okay, let's see. 

Okay, let me think>
Okay, let me think about   To determine the total points Mike scored. 

Okay, let me
Okay, let's see the number>
Okay, let's

Okay, let's

Okay, let's see the number>
Okay, let'scorect>

Okay, let'solution>
Okay, let's see the total points scored in the second 20 minutes, let me think>
Okay, let me think. So, the number>
Okay, let's

Okay, let's

Okay, let'scorect number >

Okay, let's
Okay",False,True,captured
gsm8k_44,gsm8k,0.5B,16,stochastic,42,20.339,329.32,78.47,256,12.59,1028,191,66,0.1858,2.89,False," 

Next, we need to calculate the total cost is the cost of the wicks and other supplies.  The total cost of the supplies.  Let's calculate the cost of the wicks and other supplies.  Then, calculate the total cost of the supplies.  Then, total cost of supplies.  Let's calculate the total cost of supplies.  Then, total cost.  Then, calculate the total cost of supplies.  Then, total cost.  Then, total revenue from the cost of the wicks and other supplies.  Then, total cost of the supplies.  Then, the cost of the wicks and other supplies.  Let's calculate the total cost of supplies.  Then, the cost of the wicks and other supplies.  Then, total cost of the supplies.  Then, the cost of the wicks and other supplies.  Then, we need to calculate the total cost of the supplies.  Then, we need to calculate the total cost of supplies.  Then, the total cost.  Then, we need to calculate the total cost of the supplies.  Then, we need to calculate the total cost of supplies.  Then, total cost, let's calculate the cost of the wicks and other supplies",False,True,captured
gsm8k_48,gsm8k,0.5B,16,stochastic,42,23.5204,330.57,90.94,256,10.88,1191,180,77,0.1511,2.34,False," How many feet long was each piece of wire?
First, I need to convert the total length of wire length of wire length of wire length of wire from feet to inches. There are 12 inches in a foot. So, 4 feet is equal to inches. The wire length of wire length from feet to inches. The wire length of the total length of the wire from feet to inches. There are 12 inches in a foot. So, 4 feet is equal to 48 feet to inches. Since the total length of the wire from feet to inches. The wire was cut into pieces 6 inches long. How many feet to inches. The wire was cut into pieces 6 inches long. How many pieces did she obtain? the total length of the wire from feet to inches because the length of the total length of the wire from feet to inches. There are 12 inches in a foot. So, 4 feet is equal to inches. Since the wire length of wire length from feet to inches because the length of the wire length of the wire from feet to inches because the length of the wire is 4 feet to inches. Since the wire is 4 feet long into inches to inches. Since the wire is 4 feet",False,True,captured
gsm8k_49,gsm8k,0.5B,16,stochastic,42,34.2351,329.4,132.96,256,7.48,1745,146,111,0.0837,1.32,False," 

The total units. I need to find the number of occupied units are the total units. I can calculate the number of occupied units by multiplying the total units. I need to find how many are the total units = I need to find how many are occupied units, I need to find out of the building is to find the number of occupied units, I have to calculate the number of occupied units, I need to find the number of occupied units, I need to find the number of occupied units, and then I need to find the number of occupied units, I need to find out of that's find the number of occupied units, and then subtract the total units are the total units is to find the number of occupied units, I can calculate the number of occupied units by multiplying the total units by multiplying by multiplying the total units is to calculate the number of occupied units, I need to find out of that's the total units, I need to find out of that, I need to find out of that, I need to find the total units. So, the total number of occupied units, I need to find out of that, I need to find  I need to find out how many are occupied, I need to calculate the number of occupied units by multiplying the",False,True,captured
gsm8k_55,gsm8k,0.5B,16,stochastic,42,43.3457,329.58,168.69,256,5.91,2206,115,142,0.0521,0.81,False," 

Okay, let's see. Jean starts with 30 lollipops. Then, the correct number>
Okay, let's see the number>
Okay, let me. 

Okay, let me think>
Okay, let me to solve this problem.
Okay, let me think>
Okay, let me to solve this problem,  Let's solve the number >
Okay, let me think>
Okay, let me
Okay, let me
Okay, let me
Okay, let's

Okay, let's see the number>
Okay, let me think. Let's solve the correct number here
Okay, let's see the number >
Okay, let's see the correct number>
Okay, let's see the number>

Okay, let's see the number>

Okay, let's see the problem. 

Okay, let me think>
Okay, let me to solve this problem, let me
Okay, let's see the number>

Okay, let's

Okay, let's see. Jean has 30 lollipops. She eats 2, let me to solve this is the number >
Okay, let's number>
Okay, let's

Okay, let's

Okay, let's see the number>
Okay, let's
Okay",False,True,captured
gsm8k_56,gsm8k,0.5B,16,stochastic,42,31.1472,330.14,120.85,256,8.22,1583,155,102,0.0979,1.52,False," Also, if he has 24 dollars for the week, how many times can he go to the movies?

Wait, there be go to the movies?

Wait, the same?

Wait, the same thing go to the movies?

Wait, the question is repeated?

Wait, the question seems like?

Wait, the question seems like the movies?

Wait, the second time he go to the movies?

Wait, the second part of the money be go to the movies?

Okay, let's see the same movie tickets and how many times can he go to the movies?

Wait, the problem seems like go to the movies?

Wait, the second movie tickets and how many times can he go to the movies?

Wait, the question seems like that be go to the movies?

Wait, the second movie tickets and popcorn go to the movies?

Wait, the same?

Wait, the same?

Wait, the question seems like a movie tickets and popcorn cost him go to the movies?

Okay, let's see the same?

Wait, the problem seems like to go to the movies?

Wait, the second time go to the movies?

Okay, so Peter go to the movies?

Wait, the question seems like a movie ticket and popcorn cost him?

Okay, so Peter go to",False,True,captured
gsm8k_57,gsm8k,0.5B,16,stochastic,42,37.3019,329.95,144.99,256,6.86,1892,134,123,0.0708,1.09,False," 

Then, we have to ensure that it must not exceed the bridge. Then, we have to make sure it must be sure. So, the total weight of the truck. Then, we can be sure that it must be less than or equal to  the truck. Then, we subtract that combined with the truck. Then, we subtract that should not exceed the bridge's weight. Let's empty truck. So, the total weight of the truck. Then, we have to ensure that it does not exceed the bridge's weight. The total weight of the boxes. Then, we can subtract that from that should not exceed the bridge's weight limit of the truck. Then, we can find out of the truck. The bridge. Then, we can subtract that from the bridge. 

Okay, let's see how much. Then, we have to subtract that combined weight of the truck. Then, we subtract that from the bridge's empty truck. The bridge. 

Okay, let me. Then, we have to make sure it must be sure that the truck. The total weight of the bridge. The total weight of the boxes and then subtract that from the bridge. 

Wait, the truck. Then, we know that combined with the truck. The total weight",False,True,captured
gsm8k_59,gsm8k,0.5B,16,stochastic,42,25.9263,328.82,100.38,256,9.87,1315,172,85,0.1308,2.02,False," 

Wait, the problem by the number by the number of clusters by the number of fruits in the number by the number of fruits by the number of fruits by the number of fruits by the number of fruits by the number of fruits in the total by the number of fruits by the number of fruits in the total number by the number of fruits in the total number of clusters by the number of fruits by the number of fruits in the total number of individual clusters by the number of fruits in the total number of individual clusters by the number of fruits in each cluster has 6 by the number of fruits by the number of fruits in each cluster. 

Wait, the problem says, by the number of fruits by the number of fruits by the number of fruits by the number of fruits in the total number by the number of fruits in the total number of individual clusters by the number of fruits in the number by the number of fruits in the number by the number of fruits in each cluster has 6 clusters by the number of fruits in the number of clusters by the number of fruits in each cluster. After that, I by the number of fruits in the total by the number of fruits in each cluster has 20 to get the total number of fruits in the total number by the number",False,True,captured
gsm8k_62,gsm8k,0.5B,16,stochastic,42,39.8448,330.56,154.96,256,6.42,2027,124,133,0.0612,0.93,False," 

Wait, the number of years she has she will that would that will that will determine how does that will the number of years she has she reached the number of years she has worked 20 years is that would that will determine how much like, I need to find out how much of the total years after 20 years, she is that would be sure, I need to calculate the amount of time is that correct. So, she has worked 30 years. 

Wait, the number of years she has worked is 30 years after 20 years is that's

Wait, the problem says that will the time is that correct? 

Wait, that will the 20 years. I need to determine how much of the problem says that will determine how much of the pension she is that would be 20 years, I need to calculate the percentage of the value of the pension is that the time after 20 years, she has worked 30 years. But I think about the time passed that will it says that after 20 years, she becomes entitled to 5% of the value of the amount of that is that is it's how does that help me think about the total years worked 20 years",False,True,captured
gsm8k_66,gsm8k,0.5B,16,stochastic,42,34.2541,331.44,133.03,256,7.47,1744,147,109,0.0843,1.35,False," 

So, each for each for each team. 

Okay, let's see. There are four schools. Each school has a girls' basketball teams for each team. 

Wait, but that are there are for each team. So,  for each team for each team for each team. 

So, each school has 2. So, for each team for each team. 

Okay, let's see, and  for each team. 

Okay, let's say for each team for each team. 

So, for each team for each team. So, for each school, there are 2 teams (girls and boys) and 2. So, for each team for girls and  for each for each for each team for each for each team for each team for each team. So, for each team for each team. 

Step  for each team. 

Wait, the girls and  for each team. 

So, each school has 2 teams: 

Wait, the problem says that are on a girls and  for each team. 

Each school has two times 2

Okay, let's see. Each school has two times 2 teams for each team. 

So, for each school, there are 2 teams (girls",False,True,captured
gsm8k_67,gsm8k,0.5B,16,stochastic,42,34.4609,330.8,133.84,256,7.43,1753,143,114,0.0816,1.25,False," 

Okay, let's see. The problem is the number of rubies, then calculate the number of rubies. 

Okay, let'step by step:

17

Okay, let'step by the number of rubies, let's find the number of rubies and then add the number of rubies, step by step determine the number of each type of gem and then add all the number of each type of each type the number of rubies. 

Let'st find the number of rubies and then we need to find the number of rubies. Since there are 175 diamonds. 

Step 1: Determine the number of each type of gem and then calculate the number of rubies, and then add all the number of rubies: 

175 diamonds. 

Next, we need to find the number of rubies and then calculate the number of rubies. Since there are 175 diamonds. 

Let'st find the number of each type of gem and then calculate the total the number of rubies: 

175 diamonds. Then, we need to find the number of rubies and then add the number of diamonds, let's break down the number of rubies, let's break down the",False,True,captured
gsm8k_68,gsm8k,0.5B,16,stochastic,42,19.7546,330.43,76.17,256,12.96,1002,194,63,0.1936,3.08,False," 

So, if there. Since there are twice as many boys as girls. Since there are twice as many boys as girls. Since there are twice as many boys as girls, so that school. Since there are twice as many boys as girls, and then add the number of boys. The problem. The problem says school. The problem says there are twice as many boys as girls. There are twice as many boys as girls. There are twice as many boys as girls. There are  school. The problem says there are twice as many boys as girls. Since there are twice as many boys as girls, so that I know that's school. The problem says there are twice as many boys as girls. There are  school. The problem says there are twice as many boys as girls. If there are twice as many boys as girls. The problem says there are twice as many boys as girls. There are twice as many boys as girls. There are  school. The problem says there are twice as many boys as girls. If there are at the school. Since there are twice as many boys as girls, so I know that there. The problem says there are twice as many boys as girls. There are  school. The problem says there are twice as many",False,True,captured
gsm8k_69,gsm8k,0.5B,16,stochastic,42,25.6554,330.08,99.31,256,9.98,1302,174,83,0.1336,2.1,False," 

Okay, let's see. Bailey gets added to the allowance Bailey received from the allowance Bailey received from the allowance Bailey received in total Bailey received in total Bailey received in total from the allowance Bailey received in total Bailey received in total from the allowance Bailey received in total from her allowance Bailey received in total from her weekly allowance Bailey received in total from her weekly allowance. She receives in total Bailey received in total from her weekly allowance. She receives in total Bailey received in total from her weekly allowance. She receives $5 allowance Bailey received in total from her weekly allowance. She receives in total Bailey received in total from her weekly allowance. She receives in total from the allowance is the allowance Bailey received in total Bailey received in total from her weekly allowance. She receives in total from her allowance Bailey received in total from her weekly allowance. She receives in total from her allowance Bailey received over the 8 weeks. 

Okay, let's total allowance Bailey received in total Bailey received in total from her weekly allowance. She receives in total Bailey received in total from her weekly allowance. She receives in total from her allowance Bailey received in total from her weekly allowance. She receives $5 allowance she received from the allowance Bailey received in total from her weekly allowance. She receives $5 allowance she receives in",False,True,captured
gsm8k_73,gsm8k,0.5B,16,stochastic,42,29.4509,329.58,114.2,256,8.69,1495,159,98,0.1064,1.62,False," 

The total cost of the cell phones is 2% interest is to calculate the interest is that's the interest is to calculate the interest, I have to calculate the interest is to calculate the interest, I need to calculate the interest, I need to calculate the interest. Finally, I need to calculate the interest is to calculate the interest. Then, I need to calculate the interest. Finally, I need to divide that is that's add the interest. I have to calculate the interest, I need to calculate the interest. Finally, I need to divide that by adding the interest. Then, I need to calculate the interest for each month, I need to calculate the interest, I need to calculate the interest. Finally, I need to divide the interest is that right, I have to calculate the interest, and add the interest is to calculate the interest, I have to calculate the interest. Then, divide that is to calculate the interest, I have to calculate the interest, I have to calculate the interest, I have to calculate the interest for each unit price for each phone, I have to calculate the interest for each unit, I need to calculate the interest, I need to calculate the interest. Finally, I need to divide that by 2% interest is that",False,True,captured
gsm8k_78,gsm8k,0.5B,16,stochastic,42,31.5746,328.13,122.54,256,8.11,1607,155,102,0.0965,1.52,False," (Do not round to the price: <number

To determine the number is 0
Okay, let's see. Vincent wants the answer: <number>
Okay, let me: <number>
Okay, let me: <number>
Okay, let's see. Vincent wants the answer is 0.5
Okay, let's final answer: <number
Okay, let me think. So, Vincent wants the number: <number>
Okay, let's see the correct
Okay, let's see
Okay, let me: <number>
Final Answer: <number>
Okay, let's value: <number>
Okay, let me: <number>
Final Answer: <number>
Okay, let's value: 0.50: <number>
Final Answer: <number>
Okay, let's value: 1: <number>
Final Answer: <number>
Final Answer: <number>
Okay, let's value: 1: <number>
Final Answer: <number>
Final Answer: <number>
Okay, let's correct: <number>
Final Answer: <number>
Final Answer: <number>
Okay, let's see the problem. 18. 3. <number>
Okay, let's see.",False,True,captured
gsm8k_90,gsm8k,0.5B,16,stochastic,42,10.6412,333.24,40.42,256,24.06,533,223,34,0.4184,6.56,False,"  Also, if there will be 30 adults and 10 children at the picnic, how many pounds of potato salad does Ted need to bring to the picnic if he picnic, how many pounds of potato salad does Ted need to bring to the picnic if there will be 30 adults and 10 children at the picnic, how many pounds of potato salad does Ted need to bring to the picnic if there will be 30 adults and 10 children at the picnic, how many pounds of potato salad does Ted need to bring to the picnic if he picnic, how many pounds of potato salad does Ted need to bring to the picnic if he picnic, how many pounds of potato salad does Ted need to bring to the picnic if there will be 30 adults and 10 children at the picnic, how many many many many more recent picnic, how many pounds of the picnic, how many pounds of potato salad does Ted need to bring to the picnic if he picnic, how many pounds of potato salad does Ted need to bring to the picnic if he picnic, how many pounds of potato salad does Ted need to bring to the picnic if there will be 30 adults and 10 children at the picnic, how many pounds of potato salad",False,True,captured
gsm8k_97,gsm8k,0.5B,16,stochastic,42,46.9622,330.1,182.87,256,5.45,2389,105,152,0.044,0.69,False," 

Okay, let's see the number>
Okay, let me think>
Okay, let me think>
Okay, let me.>

Okay, let me the number >

Okay, let me think>
Okay, let me think>
Okay, let's see the number>
Okay, let me think>
Okay, let's see the number>
Okay, let's
Okay, let's see the number>
Okay, let's see the number of tomatoes used in the problem.

Okay, let me the number>
Okay, let's'
Okay, let's see the number>
Okay, let's see the problem.
Okay, let me to solve this step by step and the number>
Okay, let me think about 248>
Okay, let me think through the number>
Okay, let's

Okay, let's see the number>
Okay, let'solution>
Okay, let'solution>
Okay, let's see. 

Okay, let me to solve this problem.

Okay, let me to solve this problem, but that is the number >
Okay, let's
Okay, let's

Okay, let's

Okay, let's see the number >
Okay, let's>

Okay, let's

Okay, let's see the number of tomatoes used",False,True,captured
gsm8k_100,gsm8k,0.5B,16,stochastic,42,23.2491,329.09,89.88,256,11.01,1174,182,75,0.155,2.43,False," 

Okay, let's break down how many times the second friend  how many times each friend  how many times each friend pressed the number of times each friend's how many times each friend pressed the number of times each friend pressed the doorbell. 

Okay, let's break down how many times each friend pressed the doorbell. 

The total number of doorbell presses for each friend how many times each friend pressed the doorbell. 

The total number of doorbell presses by how many times the number of times each friend pressed the doorbell. 

The number of times each friend's how many times each friend pressed the doorbell. 

The total number of doorbell presses from the number of times each friend pressed the doorbell. 

The total number of doorbell presses from the information about the number of times each friend pressed the doorbell. 

First friend  how many times each friend's how many times each friend pressed the doorbell. 

The first friend pressed the doorbell presses each friend's how many times the number of times each friend pressed the doorbell. 

The first friend's how many times each friend pressed the doorbell. 

Starting with the fourth friend. The fourth friend pressed the doorbell 60 times. 

Okay, let",False,True,captured
gsm8k_107,gsm8k,0.5B,16,stochastic,42,35.3094,329.67,137.18,256,7.25,1797,143,114,0.0796,1.25,False," Let's solve this step by step.
Okay, so that he watched on Monday, so that he watched on Monday, since the total. Since the total. Frankie watched 7 hours of TV in total. 7 hours is equal to 7 hours is to make it took 7 hours. 7 hours is equal to 7 hours. 7 hours is to make the total. There are 7 hours is not necessary for easier to make it easier to make it easier to make calculations. On Monday and Tuesday, he watched 7 hours is to make calculations. On Monday and Tuesday: 7 hours is to convert all the total TV time. So, so that he watched on Monday, so that all the TV time on Monday, so that all the TV time into minutes. Monday and Tuesday: 7 hours is equal to 7 hours into minutes. So, 7 hours is 7 ×60 minutes = 7 hours into total. There are 60 minutes in an hour. So, 7 hours is 7 hours into minutes. 7 hours into total. 7 hours is equal to 7 hours into minutes. There are 60 minutes in an hour. So, 7 hours is 7 hours into minutes",False,True,captured
gsm8k_112,gsm8k,0.5B,16,stochastic,42,29.036,328.27,112.58,256,8.82,1477,162,95,0.1097,1.71,False," 

Let's analyze the given the number of lessons per day. 

Okay, let's break this down step by step:

1. Determine the total number of lessons per day. There are 4 teachers, each with the number of lessons each teacher has  determine the number of lessons each teacher has  determine the total number of lessons per day. Each teacher has 2 lessons per day, let's break it step by step:

1. Determine the total number of lessons per day. There are 4 teachers, each with 2 lessons per day, let's break it down the number of lessons each teacher has  determine the total number of lessons in a day. 

Let's break it down into how many lessons per day. 

Final Answer: 1. 

Final Answer: 2

Let's break it down into the number of lessons each teacher has  determine the total number of lessons in a day. Each teacher has 2 lessons per day, so  determine the total number of lessons per day. 

Final Answer: 2

Let's break it down into smaller steps:

1. Determine the total number of lessons per day. Each teacher has 2 lessons per day, so 4 teachers, let's break it down into how many lessons",False,True,captured
gsm8k_113,gsm8k,0.5B,16,stochastic,42,35.4265,330.52,137.63,256,7.23,1796,141,116,0.0785,1.22,False," Also, a year has 365 days, and he plants 3 seeds. How many seeds in the first, but only 2 a day. How many seeds did not flowers a day. How many seeds does he have?

Wait, what is that grow into each day. What is the total number of seeds he plants a day. How many seeds did he plants each day. So, how many seeds does he plant in a day. How many seeds did he plant in a day. How many seeds did he plant in a year?

Wait, the question is, but only on the same as many flowers. How many seeds did he plant in a year. How many seeds did he plant in a year?

Wait, the question is confusingly in a day. How many seeds did he plant in a year?

Wait, the first, how many seeds does he have  every day. How many seeds did not in the same as many flowers?

Wait, the question, and  a day. How many seeds did he plant in a year. How many flowers each day. How many seeds does he have? Wait, I think I think about 3 seeds per day. How many seeds did not in the same spot in a day. How many seeds",False,True,captured
gsm8k_121,gsm8k,0.5B,16,stochastic,42,16.201,329.1,62.24,256,15.8,818,205,52,0.2506,3.94,False," 

First, we know that Morisette brought 5 apples and 8 oranges. Kael's:

1. First, we need to find out how many apples and calculate the number of apples and calculate the number of apples and oranges brought  step by step:

1. First, we need to find out how many apples and oranges:

1. First, we need to find out how many apples and oranges. 

First, we need to find out how many apples and oranges. 

Morisette brought 5 apples and 8 oranges. So, Morisette brought 5 apples and 8 oranges. So, Morisette brought 5 apples and 8 oranges. So, Morisette brought 5 apples and 8 oranges. So, Morisette brought 5 apples and 8 oranges. So, Morisette brought 5 apples and 8 oranges. So, Morisette has 5 apples and 8 oranges. So, Morisette brought 5 apples and 8 oranges. So, Morisette brought 5 apples and 8 oranges. So, Morisette brought 5 apples and 8 oranges. So, Morisette brought 5 apples and 8 oranges. So, Morisette",False,True,captured
gsm8k_125,gsm8k,0.5B,16,stochastic,42,24.2493,330.21,93.8,256,10.56,1228,178,79,0.145,2.25,False," Let's solve this problem step by step.
Step 1: First, find out how many spoons Julia had before Julia's how many spoons Julia's total number of spoons Julia's total number of spoons Julia's total number of spoons Julia had before Julia's total number of spoons Julia's how many spoons Julia's total number of spoons after Julia's original number of spoons Julia's original number of spoons Julia's original number of spoons Julia's original number of spoons. How many spoons did Julia's total number of spoons Julia's total number of spoons Julia had Julia's total number of spoons Julia had Julia's original number of spoons Julia had Julia's original number of spoons.  how many spoons Julia's how many spoons Julia's original number of spoons Julia's original number of spoons.  The total number of spoons Julia had before she had Julia's original number of spoons.  Let's solve this problem step by step.
Step 2. Let's solve this problem step by step.
Step 2 the total number of spoons Julia had before Julia's original number of spoons Julia's original number of spoons.  Let's call the total number of spo",False,True,captured
gsm8k_126,gsm8k,0.5B,16,stochastic,42,27.4298,329.65,106.28,256,9.33,1391,166,90,0.1193,1.84,False," 

So, the total sausages. I need to add the number of chicken sausages and fish sausages = 38 + 6 = 44 fish sausages = 38 chicken sausages are you add the total sausages. So, the number of chicken sausages are the total sausages in order the total number of chicken sausages are the total sausages. To find the total number of sausages by adding the number of chicken sausages is the total sausages. 

I need to add the number of chicken sausages is that is the total sausages. So, 38 chicken sausages are the two numbers are there are the total sausages is the total sausages. So, if I can I need to add the total sausages. To find the total number of sausages, I need to add the number of chicken sausages are the steps to solve the problem. 

So, Dylan bought 38 chicken sausages. I need to add the total sausages. So, the number of fish sausages is 38 + (I need to add the total sausages is the",False,True,captured
gsm8k_132,gsm8k,0.5B,16,stochastic,42,25.6483,329.63,99.29,256,9.98,1298,169,87,0.1302,1.94,False," 

Pam rode the roller coaster 2 times and then, so for Pam rode the total_rides. 

Pam rode the roller coaster 2 times and then multiply the total rides = 2 + Pam rode the roller coaster 2 times and then the total_rides = 2 + 4 + 

Pam rode the roller coaster 2 times and then the total number of rides for Pam: 

Pam rode the roller coaster 2 times and then the l

Pam rode the roller coaster 2 times and then the luge



Pam rode the roller coaster 2 times and then the luge 2 times. 

Pam rode the roller coaster 2 times and the total_rides = 2 + 4+ 

Pam rode the roller coaster 2 times and then the l

Pam rode the roller coaster 2 times and the total rides for Pam rode the roller coaster 2 times while that's total_rides = 2 + Pam rode the roller coaster 2 times and then the luge 2 times. So, so for Pam, she rode the total_rides = 2 + 4 + 2 = 6 tickets used the total rides for Pam, so, so,",False,True,captured
gsm8k_134,gsm8k,0.5B,16,stochastic,42,20.6301,329.53,79.61,256,12.41,1042,189,68,0.1814,2.78,False," 

First, calculate the total number of car washes Tom gets  calculate the total number of car washes Tom gets 4 car washes a month. Each month. 

Final Answer:  calculate the total number of car washes Tom gets in a year. 

Final Answer: <number. Tom gets 4 car washes a month. Each month. 

Final Answer: <number>
Okay, let's see. Tom gets 4 car washes a month, and each month. 

Final Answer: 720

Step  calculate the total number of car washes Tom gets in a year. Since he gets  calculate the total number of car washes Tom gets in a year. Since Tom gets 4 car washes a month. 

First, we need to find out how much he pays for the total the total number of car washes in a year. Since Tom gets 4 car washes a month. 

Step 1: Calculate the total number of car washes per month. 

Step 1. 

Step 1. 

Final Answer: 720

First, calculate the total number of car washes Tom gets in a year. He gets 4 car washes a month, we need to",False,True,captured
gsm8k_143,gsm8k,0.5B,16,stochastic,42,26.0453,329.15,100.85,256,9.83,1320,170,86,0.1288,1.98,False,"  The answer is 32.5.
Okay, let's see. John buys several items: buys several items: buys several items: milk, the answer is 32.5. I need to figure out the total cost. So, I need to figure out the total cost including tax. The answer is 32.5. So the answer is 32.5. So I need to figure out the total cost including tax. Hmm, so the problem. So the problem. So, so I need to figure out the total cost. So the problem is buying various items: he buys several items, I need to calculate the total cost of the answer is 32.5. So I need to figure out the total cost of his purchases: buys several items: buys several items: milk, eggs, light bulbs, cups, and roach traps. Hmm, I need to figure out the total cost including tax. The answer is 32.5. So I need to figure out the total cost including tax. So, so I need to figure out the total cost of all the answer is 32.5. So I need to figure out the total cost of all the items he buys several items, and I",False,True,captured
gsm8k_153,gsm8k,0.5B,16,stochastic,42,32.8819,329.93,127.65,256,7.79,1670,147,109,0.088,1.35,False," 

Let me start by working backwards. So, the problem step by step. So, let's start by working backwards. Hmm, step by step. 

Final Answer:  fries were in the pack when Dave bought it. So, the pack of the pack of the pack had in the pack of the french fries were in the pack when Dave bought it. 

So, let's start from the end and then. Hmm, step by step. 

First, let's start. Hmm, let's start by working backwards. 

Final Answer: 4

Let me start by working backwards from the beginning with step by step. 

So, the problem is the pack of french fries were in the pack when Dave bought it. So, the pack of the pack of french fries were in the pack when Dave bought it. Hmm, so many french fries were in the pack when Dave bought it. Hmm, I need to find fries were in the pack when Dave bought it. Hmm, so the pack of french fries were in the pack when Dave bought it. Let me. So, let me. So, let me. Hmm, I need to solve this step by step. 

So, the pack of french fries Dave originally. So, let me. So",False,True,captured
gsm8k_160,gsm8k,0.5B,16,stochastic,42,29.2642,326.28,113.48,256,8.75,1487,161,95,0.1083,1.69,False," 

Okay, let's see. The problem is about a tank of the depth of the depth of the depth of the tank had  depth of the depth of the tank had 17 feet of the depth of the tank had 17 feet of the depth of the tank has a tank had 17 feet of the depth of the tank on Monday is 17 feet on Monday is 17 feet on Monday is 17 feet on Monday is 17 feet on Monday is 17 feet on Monday.

Step  depth of the tank on Monday is 17 feet.

Step 2: The depth of the tank has a tank had 17 feet on Monday. 

Okay, let's depth of the tank on Monday depth of the tank on Monday is 17 feet.

Step 2

Step 2
Okay, let's depth of the tank on Monday depth of the tank on Monday is 17 feet.

Step 2. 

Okay, let's start depth of the tank on Monday depth of the tank on Monday is 17 feet.

Step 2: depth of the tank on Monday depth of the tank on Monday is 17 feet.

Step 2: On Monday depth of the tank on",False,True,captured
gsm8k_172,gsm8k,0.5B,16,stochastic,42,32.0733,329.59,124.49,256,7.98,1629,148,108,0.0909,1.37,False," 

So, the problem says there are four birds at the Caboose. The problem says there are four birds at the Caboose. 

First, I need to find the four birds: 

First, I know that Sally Two is three years older than Granny Red. Granny Red is two times as old as the problem says that's age of the four birds are there are four birds at the Caboose. 

Okay, let's start by setting up equations. 

First, I know that Sally Thirtytwo is 8 years old. So, the problem says there are four birds at the Caboose. The four birds are Sally Two birds at the Caboose. 

Okay, let's start by working backwards, so, so the four birds at the Caboose. There are four birds: 

Okay, let me think... 

Okay, let's start by setting up equations. 

First, I know that Sally Thirtytwo is 8 years old. So Sally Two birds are the problem says that Sally Two birds are Sally Two birds are four birds are four birds: 

Okay, let's start by breaking down the problem step by step. 

First, let me. 

Okay, let's start by first, the problem gives me think




",False,True,captured
gsm8k_176,gsm8k,0.5B,16,stochastic,42,38.7536,329.9,150.68,256,6.61,1976,129,127,0.0653,1.02,False," (Note: 240 is the total number of people in the race, and all of which includes all of which includes all the rest are they are all of which includes all the people are the Asians are all of whom are all Asians are all Asian people are not the rest are all Asians are all of which includes all the Asian people are the total number of people are all Asians. The number of Japanese and the rest are Chinese and Japanese and Chinese are they are all in the race, and the rest of which includes all the races are all of which 80 were not the number of Japanese and Chinese and Japanese and Chinese are the rest are the rest are not the number of Japanese is that is that is, 80 of which includes all the races are made up of Asians are they are all participants are all Asian, and the rest of the rest are Chinese and Japanese are the rest of the people are all Asians are they are all racers are all Asians are all Asians are Japanese and Chinese are all Asians are Japanese and Chinese are the rest of the people are Chinese are all Asians, and the rest are all of which 80 were Japanese and Chinese are they are all participants are either Japanese or Chinese.)

Okay, let's see the rest are",False,True,captured
gsm8k_177,gsm8k,0.5B,16,stochastic,42,36.003,333.54,139.88,256,7.11,1832,140,117,0.0764,1.2,False," 

Final Answer: <number>
Okay, let's see the expenses step by step the expenses step by step the expenses step by step. 

First, Zaid's monthly salary is $60

First, let's start with Zaid's monthly expenses step by step:

First, we need to calculate the expenses step by step:

1. Zaid's salary step by step the expenses step by step the expenses step by step. 

First, let's calculate the amount Zaid's salary and calculate each expense step by step the expenses step by step. 

First, let's calculate each expense and calculate the amount of his monthly expenses step by step the expenses step by step. 

First, let's start with Zaid's monthly expenses step by step:

1. Zaid's salary step by step the amount spent and calculate the amount of money spent and calculate the amount spent and remaining amount spent amounts spent and remaining amounts spent and remaining amounts step by step:

1. Zaid's salary and calculate each expense step by step and calculate each expense and donation and calculate the amount of money Zaid's salary and calculate the expenses step by step.

1. Zaid's monthly expenses step by step the expenses step by step. 

First, we need to break down",False,True,captured
gsm8k_179,gsm8k,0.5B,16,stochastic,42,29.1121,327.28,112.88,256,8.79,1473,160,96,0.1086,1.67,False," Let's solve this problem.
Step 1: What is the total earnings for the first two weeks? Let me first two weeks? Let me think
Step 1. Let me think
Step 2: Find the total hours he tutored in the first week? Let me think. Wait, the two weeks? Let's first two weeks? To find the total earnings, he tutored hours he tutored hours he tutored in the first week? Let's first two weeks? To find the total earnings, we
Step 1st two weeks? Let me think. The total hours he tutored? The total hours he tutored? Let me check?
Step 1: What is the total earnings for the first two weeks? To find the total hours he tutored? The question? The question is asking for the total earnings for the first two weeks. To find this problem? Let me think. The total hours he tutored? Let's first two weeks? To find the total earnings, we need to calculate the amount of the two weeks? To find the total hours he tutored? Let me check?

Step 1: What is the total earnings for the first two weeks? To find this problem? Let me check the two weeks?",False,True,captured
gsm8k_185,gsm8k,0.5B,16,stochastic,42,31.6925,328.03,123.0,256,8.08,1613,150,106,0.093,1.42,False," 

Okay, let's see. The problem says Jenna picked half as many as many apples as her mom. If her mom got 20 apples, then I know, let's see, half as many as many apples as many apples, let's half as many as her mom. 

Okay, let's half as many as her mom. If her mom got 20 apples, then Jenna picked half as many as many apples as her mom. If her mom got 20 apples, which is half as many as her mom. If her mom's half as many as many apples as her mom. Jenna picked half as many as her mom. If her mom got 20 apples, then Jenna picked half as many as her mom's half as many as many apples as many apples as many apples as many apples as many apples as many as many as many as many as many as her mom's half as many as many as many as many as her mom's apples, I need to divide her mom's apples. 

Okay, let's see, half as many as her mom. If her mom got 20 apples, then Jenna picked half as many as her mom. If her mom's half as many as her mom. 

Okay, let",False,True,captured
gsm8k_187,gsm8k,0.5B,16,stochastic,42,27.4382,329.42,106.31,256,9.33,1389,164,92,0.1181,1.78,False," 

First, I need to find the total amount that Mandy should pay for 3 months. Since the interest is compounded interest. 

Let me think. The initial amount of the interest. Since the first month. The initial amount. Since the interest. The initial amount is $100. The interest is 2% per month. The amount after 3 months. 

To calculate the interest. The initial amount of the interest. So, which is the first month. The initial amount. 

Wait, the first month. The initial amount is $100. The interest is 2% per month. Since the interest is compounded monthly interest. The interest. 

So, the initial amount of the interest. The initial amount, which is the first month. Since the interest is compounded interest. The initial amount, which is the first month. The amount after 3 months. Since the interest is 3 months. The initial amount. Since the interest is compounded monthly, which is the first month. 

So, the interest. The initial amount is $100. The interest is 2% per month. So, the first month. Since the interest is 2% interest. The problem. The problem involves calculating the interest.",False,True,captured
gsm8k_188,gsm8k,0.5B,16,stochastic,42,42.25,329.08,164.4,256,6.06,2149,119,138,0.0554,0.86,False," 

Okay, let's see, which is the number of bags. 

Okay, let's. Let me think
Okay, let's call the number of bags as well. Then, I will beag. Then, I think
Okay, let's call. Then, I think
Okay, let's call. Let me think
Okay, let's say, which is  bags. Let me think
Okay, let's call. Then, I'll be bags. Let me denote the number of bags as x. 

So, the total number of bags. Let me think. 

The trader sells. 

Okay, let's call. 

Okay, let's call. Then, I'll have to find the bags. 

Then, I think that. Then, I'll bags. The total number of bags. The total number of bags. 

Okay, let's call. Let me think about. Let me think
Okay, let's say, which is the bags. Let me denote the number of bags as x. Then, I'll. Let me think. 

Okay, let's call. Let me think. The total number of bags. Let me think. The total number of bags. Since he sold bags. Let me think.",False,True,captured
gsm8k_190,gsm8k,0.5B,16,stochastic,42,24.8429,329.73,96.13,256,10.3,1261,176,80,0.1396,2.2,False," 

First, we need to find out how many peaches per minute. 

Okay, let's see. John collects peaches for 3 hours. He collects the total the total the total number of minutes. 

Final Answer:  calculate the total number of minutes John collects peaches.  calculate the total number of minutes.  There are 60 minutes in an hour.  John collects peaches per minute. Then, then multiply the number of hours to calculate the total number of minutes.  calculate the total number of minutes. Since he collects 2 peaches per minute, we need to find out how many minutes. 

Step  calculate the total number of minutes John collects peaches for 3 hours. There are 60 minutes in an hour.  calculate the total number of minutes John collects peaches for 3 hours.  There are 60 minutes in an hour.  John collects peaches for 3 hours. He collects peaches per minute. Then, we need to find out how many peaches per minute.  calculate the total number of minutes John collects peaches for 3 hours. There are 60 minutes in an hour.  So, 3 hours is  calculate the total number of minutes John",False,True,captured
gsm8k_192,gsm8k,0.5B,16,stochastic,42,42.8272,331.84,166.65,256,5.98,2182,117,140,0.0536,0.84,False,"  (Do not use any libraries, assume that each tree has a single root, and (Do not that each tree is only counted as long division is not affected trees can be planted trees are not affected trees that the trees die if a tree can be precise calculations are not to calculate the number of trees as a result is not to be precise with the calculation is planted trees are not counted as a tree death is independent of other trees do not consider that the trees that the trees that the trees are not a tree roots are not to be a tree is planted trees are not counted as planted trees are not in the case of the trees that die after  that the trees are not considered that the trees are not affected trees are not in the process the trees are not affected trees are not counted as dying trees are not affected trees are removed trees are not counted as separate the trees that die are not affected trees are not that the root is not to be consistent growth is in this is planted trees are not counted as dead trees are not counted as a single root is a tree is not affected trees are removed trees are not counted in the problem is only the trees that die once a tree is only one tree is planted trees are not counted as dead unless otherwise, (Do not use any",False,True,captured
gsm8k_202,gsm8k,0.5B,16,stochastic,42,26.0491,330.93,100.86,256,9.83,1319,173,84,0.1312,2.06,False," 

Final Answer: <100>
Okay, let's see. Josie has a 10-acre farm. Each acre produces grapes on her farm is growing grapes on her 10-acre farm. Each acre produces 5 tons of grapes per year. So, she has a farm is growing grapes on her farm is growing grapes on her 10-acre farm. Each acre farm is growing grapes on her  has a farm is growing grapes on her 10-acre farm. Each acre produces 5 tons of grapes on her  has a  has a 10-acre farm. Each acre produces 5 tons of grapes per year. So, for the problem. So, first, she has a farm is growing grapes on her 10-acre farm. Each acre produces 5 tons of course, she has a farm. So, the problem. So, first, I need to figure out how many barrels of wine does have a farm that problem. So, first, I need to figure out how many barrels of wine does have a farm that's farm is growing grapes on her 10-acre farm. Each acre farm is growing grapes on her 10-acre farm. Each acre produces 5 tons of grapes on her 1",False,True,captured
gsm8k_207,gsm8k,0.5B,16,stochastic,42,32.9209,329.32,127.81,256,7.78,1675,148,108,0.0884,1.37,False," 

Okay, let's see. The problem says each candied apples. Each chocolate bar weighs twice as much as each candied apple. So, and each chocolate bar weighs twice as many steps to be 80 candied apples, each candied apples, 80 candied apples, and each chocolate bar weighs twice as many chocolate bars and each candied apple weighs twice as many more candied apples, each candied apples, each weighing 80 candied apples, and each chocolate bar weighs twice as much as each candied apple. Wait, the same number of them. I think
Okay, let's see, and each chocolate bar weighs twice as much as each candied apple. So, 80 candied apples. Wait, the same number of the same number of them. Since each chocolate bar weighs twice as much as each candied apple. 

Okay, let's see, but the problem says each chocolate bar weighs twice as much as each candied apple. So, since each chocolate bars. Let me think. Since each chocolate bar weighs twice as much as each candied apple. Since each candied apple weighs twice as many ways to find the weight of each candied apples, so each candied apple weighs twice as many",False,True,captured
gsm8k_212,gsm8k,0.5B,16,stochastic,42,37.1274,329.62,144.3,256,6.9,1890,135,122,0.0714,1.11,False," (Do not use any calculator)
Final Answer: <number>
Okay, let's see. Gary is walking around a number >

Okay, let me to walk around the park>
Okay, let me

Okay, let me think the answer >
Okay, let me think about 3>
Okay, let me think>
Okay, let me think about this is the answer >

Okay, let'something>
Okay, let me think>
Okay, let's>

Okay, let's>

Okay, let's> 

Okay, let's
Okay, let me to the nearest whole number>
Okay, let me think>
Okay, let's>

Okay, let's>

Okay, let's>

Okay, let's

Okay, let's answer >
Okay, let's>

Okay, let's

Okay, let's see above steps >
Okay, let's>

Okay, let's see the answer above>
Okay, let's
Okay, let's see above.>
Okay, let's see the answer is the number of hours he spends walking is the answer > 

Okay, let's>

Okay, let's

Okay, let's see the explanation >
Okay, let's

Okay, let's see the steps here>
Okay, let's see the explanation >

Okay",False,True,captured
gsm8k_214,gsm8k,0.5B,16,stochastic,42,31.323,329.15,121.54,256,8.17,1592,156,101,0.098,1.54,False," Let's solve this problem step by step.
First, let's figure out how much water was in each pool has been leaking water was in the pools have the pools have the pools had been lost water was in each pool had been lost from the big pool had been lost from each pool has been lost from each pool had been lost from each pool since the leak has been lost water was in each pool 4 gallons of the pools have the pools have the pools lost water each pool has been lost from the big pool and how much water has been lost from each pool has been lost from each pool has been lost from each pool since 4 minutes ago. Let's solve this problem step by step.
First, let's figure out how much water has been lost from each pool since 4 minutes ago. Let's call the big pool had been leaking water was in each pool had 4 minutes have been lost due to the leak in the pools have the pools lost water has been lost from each pool since the pools had been lost from the big pool and the pools had 4 minutes ago. Let's say the big pool had 4 minutes have been lost to do the pools have lost water there was in the pools have lost in the pools 4 minutes ago. Let's",False,True,captured
gsm8k_220,gsm8k,0.5B,16,stochastic,42,43.7611,331.48,170.31,256,5.85,2225,115,142,0.0517,0.81,False," 

Okay, let's see. Carmen spent 10 minutes on each crossword puzzle and 5 minutes on each sudoku puzzle. 

Okay, let me think>
Okay, let me think>
Okay, let me, the total time in the total time in the problem
Okay, let me.

Okay, let me think>
Okay, let me think>
Okay, let me think. Let's see the total time in the box>
Okay, let me. Let's see the total time in the previous answer >

Okay, let's total time in the problem, I need to calculate the total time spent playing these games?

Okay, let me

Okay, let me.

Okay, let me to solve the problem step by step and  To determine the total time she spent playing these games. 

Okay, let me. 

Okay, let me think about 450>
Okay, let's

Okay, let's time in the total time in the correct number >
Okay, let's time in minutes>
Okay, let's
Okay, let's

Okay, let's answer >

Okay, let me think>
Okay, let's time in minutes>

Okay, let's time in minutes > 

Okay, let's
Okay, let's total time in",False,True,captured
gsm8k_222,gsm8k,0.5B,16,stochastic,42,20.1062,329.76,77.55,256,12.73,1015,191,66,0.1882,2.89,False," 

Okay, let's see. The problem says Andy plants 90 geraniums. 

Okay, let me find the number of petunias. Then, I need to find the number of petunias. The problem says there are 9 need to find the number of petunias. I need to find the number of petunias. 

Wait, the problem says Andy plants 90 geraniums. 

Okay, let me find the number of petunias. 

The problem says Andy plants 90 geraniums. 

Okay, let me find the number of petunias. 

Wait, the problem says Andy plants 90 geraniums. Next, I need to find the number of petunias. The problem says Andy plants 9 need to find the number of petunias. Since the number of petunias. 

Okay, let me find the number of petunias. Then, I need to find the number of petunias. Then, I need to find the number of petunias. 

Wait, the problem says Andy plants 90 geraniums need to find the number of petunias. Since the problem says he plants 4 need to find the number",False,True,captured
gsm8k_231,gsm8k,0.5B,16,stochastic,42,24.1617,328.5,93.46,256,10.6,1225,180,77,0.1469,2.34,False," 

The problem says Robert collects 20 shells on Monday, which is given that is given that is given as given that is given as given, which is given as given, which is given as given, which is given as  The problem says that is given as 20. 

On Monday, Robert collects 20 shells on Monday, which is given as given, which is given as  The problem says that on Monday, Robert collects 20 shells. 

Next, I know that Robert collects 20 shells on Monday. 

The problem says that on Monday, Kylie collects 5 more shells than Robert, which is given as given that Robert collects 20 shells on Monday, which is given as given, which is given as  The problem says that on Monday, Kylie collects 5 more shells than Robert, who collects 20 shells. 

Then, I know that Robert collects 20 shells on Monday. 

Next, I need to find the problem says Robert collects 20 shells on Monday. 

Next, I need to find the problem says that on Monday, Robert collects 20 shells on Monday, which is given as  The problem says that on Monday, Kylie collects 5 more shells than Robert, who",False,True,captured
gsm8k_235,gsm8k,0.5B,16,stochastic,42,40.6339,330.03,158.05,256,6.3,2066,124,132,0.06,0.94,False,"  (E) 5) 5) 5

Okay, let's see. John has 20 friends, and each pizza is 5) 5) 5) 5 (E) 5

Okay, let me check the question is 5) 5

Okay, let me 5) 5

Okay, let me
Okay, let's see. John wants to make sure each can be 5) 5

Okay, let me (E) 5

Okay, let's
Okay, let me
Okay, let me) 5

Okay, let's see the question is not enough

Okay, let me check the question has 1) 5

Okay, let me check the question is the answer with the answer: 5)
Okay, let's answer: 5) 5

Okay, let me check the calculation required to be 5) (E) 5

Okay, let's see the answer with the answer is 3) 5

Okay, let me check the total friends are 20 friends
Okay, let me
Okay, let's see the answer: 5)

Okay, let's answer: 5)

Okay, let",False,True,captured
gsm8k_237,gsm8k,0.5B,16,stochastic,42,28.2003,328.85,109.3,256,9.08,1435,166,91,0.1157,1.82,False," 

First, Johnny initially, step by step:

1. Johnny starts with Johnny starts with Johnny starts with Johnny starts with $20. 

First, Johnny starts with $20. 

First, Johnny's. 

First, Johnny starts with Johnny starts with $20. He started with $20, then added $20 +  step by step:

1. Johnny initially, step by step:

1. Johnny's step by step:

1. Johnny's:

1. Johnny's first step: Johnny starts with $20. 

First, Johnny starts with $20. He started with $20, then added $10, step by step:

1. Johnny initially, Johnny starts with $20. He starts with Johnny starts with Johnny initially, step by step:

1. Johnny's

First, Johnny starts with $20. He started with $20, then added $10, making sure step by step:

1. Johnny starts with $20. He started with $20. 

First, Johnny has a step by step.

First, Johnny's initial allowance of the steps:

1. Johnny's

First, Johnny has a step at each step. 

First, Johnny starts with $20",False,True,captured
gsm8k_238,gsm8k,0.5B,16,stochastic,42,36.1158,330.18,140.34,256,7.09,1834,139,118,0.0758,1.18,False," 

Okay, let's try to write that is two years old plus two years older. Wait, that is two years younger than Joan, so Joan is two years older than Mary is two years older by two years. Wait, that is two years younger than Joan. Wait, that is two years younger than Joan, and two years older. Wait, that is two years older by two years. So if I think... 

Okay, let's try to figure. Wait, that's two years older by two years. So if I think... Wait, that's not sure. Let me try again. 

Mary is two years younger than Joan, but that is two years older by two years. So if Mary is two years older by two years. Wait, that's not sure. Wait, that is two years younger than Joan, so Joan is Mary plus two years. Wait, that is two years younger. Wait, that's two years older. Wait, that is two years younger. Wait, that is two years younger. Wait, that's not sure. Wait, that's not sure. Wait, I think... Wait, that is two years younger than Joan, so Joan is Mary plus two years. Wait, that is two years younger. Wait,",False,True,captured
gsm8k_241,gsm8k,0.5B,16,stochastic,42,33.1594,330.74,128.74,256,7.72,1687,149,108,0.0883,1.38,False," 

So, Dolly has two books, considering that is the total. So, Dolly has two books, Pandora has one book by the end. 

So Dolly has to find the problem. 

Dolly has two books, but I know that Dolly has to do not the total. 

Dolly has two books, Pandora has one book, so I think that Dolly has to do. 

Okay, so that they have to consider each person by the end. 

So, Dolly has to get. 

So, Dolly has two books, Pandora has one book by the end. 

So, Dolly has to do. So Dolly has to find the total. 

So Dolly has two books, Pandora has one book, so I think it's the problem. 

Okay, so I think that Dolly has two people. 

Dolly has two books, Pandora has one book. Dolly has to do not the number. 

Okay, so Dolly has two books and make sure I think. 

Okay, so Dolly has two books, so that's Dolly has to the total number of the first. 

So Dolly has two books, Pandora has one book. Dolly has to do. 

",False,True,captured
gsm8k_243,gsm8k,0.5B,16,stochastic,42,17.7521,327.98,68.33,256,14.42,898,200,57,0.2227,3.51,False," 

Answer: <number>
Final Answer: <number>

Okay, let's try to figure out how many minutes Jason has left. So, the problem is the problem here's problem is the problem is the problem is a phone plan is the problem is the problem is the problem. Jason has a phone plan of 1000 minutes per month. Every day he has a phone plan. So Jason has a phone plan of 1000 minutes per month. So Jason has a phone plan of 1000 minutes per month. Every day he has a phone plan is the problem. Jason has a phone plan of 1000 minutes per month. Every day he has a phone plan is the problem. Jason has a phone plan of 1000 minutes per month. Every day he has a phone plan is  So Jason has a phone plan of 1000 minutes per month. Every day he has a phone plan is  So Jason has a phone plan of 1000 minutes per month. Every day, so Jason has a phone plan of 1000 minutes per month. Every day he has a phone plan is 1000 minutes per month. Jason has a phone plan of",False,True,captured
gsm8k_259,gsm8k,0.5B,16,stochastic,42,36.0657,330.08,140.14,256,7.1,1836,140,117,0.0763,1.2,False," 

Okay, let's break it's first, I need to find the problem, I need to find the problem, I need to figure out how many apples and then I need to find the problem, I need to find the number of apples and set up equations. 

Okay, let me, I need to figure out how many apples and find the number of apples and create equations for Andrea has to find the number of apples and the problem, I need to find the number of apples and set up equations. 

Let me start by defining variables is to find the number of apples and set up equations. Let me define variables for Andrea has to solve for Andrea has to find the total number of apples and set up equations. Let me define variables for the number of apples and set up equations. Let me define variables for the number of apples and set up equations. Let me start by setting up equations. Let me define variables for Andrea has to find the total number of apples and I need to find the number of apples and set up equations. 

Let me define variables. 

Okay, let's, I need to figure out how many apples and set up equations. Let me define variables. 

Okay, let's, I need to find the number of apples and set",False,True,captured
gsm8k_261,gsm8k,0.5B,16,stochastic,42,35.0247,328.22,136.06,256,7.31,1785,143,114,0.0801,1.25,False," 

Okay, let's see. The problem says there are 9,300 pennies are in order the total dollar amount by dividing that number of the total dollar amount. I need to convert that number of the total dollar amount. I need to find the total dollar amount. I need to find the total dollar amount.

Okay, let's see how much more steps:

I need to convert that number is the total dollar amount. 

Okay, let me need to find the total dollar amount. 

Okay, let me need to find the total dollar amount. 

So, two thirds of the pennies in the cup. Then I need to convert that number of those pennies can I need to convert that number of those pennies can convert that number will figure out the total dollar amount.

Okay, let me need to convert that number to find the total dollar amount. 

Okay, let me need to convert that number to find the total dollar amount, I need to convert that number to find the total dollar amount. 

Okay, let me find the total dollar amount. 

So, two thirds of the total dollar amount. 

So, two thirds of the total dollar amount. 

Okay, let's I need to convert that number to find the total",False,True,captured
gsm8k_263,gsm8k,0.5B,16,stochastic,42,39.4614,329.55,153.46,256,6.49,2014,128,129,0.0636,0.99,False," 

Okay, let's see the number>
Okay, let's see the number>
Okay, let's see the number>

Okay, let's think>
Okay, let's see the number>

Okay, let's see the problem again.

Okay, let's see the number>
Okay, let's see the step-by>

Okay, let's see the number>

Okay, let's see the answer here is the number of trees in Chris has  To solve this problem, we can you have to go through the number >

Okay, let's see the number>
Okay, let's see the problem again.

Okay, let's see the steps>

Okay, let's see the problem again. 

Okay, let's think>
Okay, let's see the solution steps >
Okay, let's see the answer >
Okay, let's see. 

Okay, let's think>
Okay, let's see the number >

Okay, let's see the number>
Okay, let's see. 

Okay, let's see the number>
Okay, let's see the number >
Okay, let's see. Let's solve the number >
Okay, let's see. The number >
Okay, let's see. The problem involves

Okay, let's see the number >

Okay,",False,True,captured
gsm8k_269,gsm8k,0.5B,16,stochastic,42,19.3938,329.95,74.76,256,13.2,980,193,63,0.1969,3.06,False,"  <number>
Final Answer: <number>
Okay, let's try to figure shows that the juggler can juggle 16 balls. Half of the balls are golf balls, so the problem says a juggler can juggle 16 balls. Half of the balls are golf balls, so the problem says the problem says the juggler can juggle 16 balls. Half of them. So the problem says the juggler can juggle 16 balls. Half of them. So the juggler can juggle 16 balls. Half of them. So the juggler can juggle 16 balls. Half of them. So the juggler can juggle 16 balls. Half of them. So the juggler can juggle 16 balls. Half of them are  <number>
Final Answer:  <number>
Final Answer: 8
Final Answer: 8

First, the juggler can juggle 16 balls. Half of them. So the problem says a juggler can juggle 16 balls. Half of the balls are golf balls are  <number>
Final Answer: 8

The juggler can juggle 16 balls. Half of them. So the",False,True,captured
gsm8k_272,gsm8k,0.5B,16,stochastic,42,42.6088,329.01,165.8,256,6.01,2168,117,140,0.054,0.84,False," 

Okay, let's see. The mother bought items. 

Okay, let me

Okay, let me the amount>

Okay, let me, the total cost of the total amount of the correct number>
Okay, let me think>
Okay, let me.
Okay, let me think>
Okay, let's
Okay, let me the correct number>
Okay, let me calculate the total cost first. 

Okay, let me.
Okay, let's number>
Okay, let'sh

Okay, let's

Okay, let me calculate this is not sure. Let's number>
Okay, let'sh15. 

Okay, let'something>
Okay, let's
Okay, let's

Okay, let's
Okay, let's see the total cost of the problem, and the total cost of the problem. 

Okay, let me think>
Okay, let'something>
Okay, let'shipo

Okay, let's
Final Answer: 10.0. Let'solution>
Okay, let'sh1> 

Okay, let'sh3.3.8.0>

Okay, let'sh3> 

Okay, let's
Final Answer: 2. 

Okay, let'sh3> 

",False,True,captured
gsm8k_275,gsm8k,0.5B,16,stochastic,42,36.227,329.08,140.78,256,7.07,1841,139,117,0.0755,1.19,False," Let's solve this step by step.
Final Answer: <number>
Final Answer: Let's solve this step by step.
Final Answer: 1878120

Final Answer: 124244136

Final Answer: 306845430666787242156

Final Answer: 1293

Let's solve this step by step.

Okay, let's see the total lines

Final Answer: 144475

Final Answer: 144

Final Answer: 124

To determine the total number of lines Sean has to memorize is 11263360

First, let's solve this is 2201260
Okay, let's see the first scene has twice the number of lines of the song lines

Final Answer: 1333993996

Step 120785
Okay, let's solve this step by step.

Okay, let's see the total lines = 1323172

Final Answer: 154210

Okay, let's see",False,True,captured
gsm8k_277,gsm8k,0.5B,16,stochastic,42,53.7626,329.37,209.54,256,4.76,2748,83,174,0.0302,0.48,False,"                  30
Final Answer:                                            30
Final Answer: 30
Final Answer: 30
Final Answer: 30
Final Answer: <number

To solve this is      30
Okay, let's see. The answer is 30 minutes.
Okay, let me think carefully:                                                30
Okay, let me.

Okay, let me again:  30
Okay, let me check: 30
Okay, let me check: 30
Final Answer: <number>
Okay, let me check my answer is 30 minutes.
Okay, let's answer is 30 minutes.

To solve this problem, we need",False,True,captured
gsm8k_280,gsm8k,0.5B,16,stochastic,42,27.5274,330.3,106.66,256,9.3,1400,168,89,0.12,1.89,False," 

Okay, let's see. Peter bought 20 popsicles, 20 popsicles at $0.25 each, 20 popsicles, 20 popsicles, each popsicles. 20 popsicles at $0.25 each, 20 popsicles, 20 popsicles, each costing $0.25 each popsicles. There are 20 popsicles, and each popsicles. 20 popsicles at 20. So, 20 popsicles at 20 popsicles at 20 popsicles at 20 popsicles at 20 popsicles, 20 popsicles, 20 popsicles at 20 popsicles at 20 popsicles, 20 popsicles at $20 popsicles at 20 popsicles, 20 popsicles at 20 popsicles. Each popsicle costs for popsicles at 20 popsicles at 20 popsicles, 20 popsicles at 20 popsicles, 20 popsicles at $20 popsicles at 20 popsicles, 20 popsicles at $20 popsicles, 20 popsicles",False,True,captured
gsm8k_289,gsm8k,0.5B,16,stochastic,42,22.6996,327.96,87.73,256,11.28,1150,184,73,0.16,2.52,False," 

The car in the fast lane speed_slow lane. The fast lane speed_slow lane speed_slow lane speed = 60 miles/hour. 

The car in the fast lane speed_slow lane speed = 60 / The fast lane speed is 60 mph is that's speed_slow lane speed_slow lane. The fast lane speed is 60 mph, the car in the fast lane speed_slow lane speed = 60 miles/hour. 

The car in the fast lane speed_slow lane speed = 60 / 2 = 30 miles/hour. 

The car in the fast lane speed_slow lane speed = 60 / 2 = 30 miles/hour. 

The car in the fast lane is the fast lane speed_slow lane speed = 60 / 2 = 30 miles/hour. 

The car in the fast lane speed is 60 mph, so the fast lane speed is 60 mph, the fast lane speed is 60 mph, the car in the fast lane speed is 60 mph, the car in the fast lane speed is 60 mph, the car in the fast lane speed is 60 mph, the fast lane speed is 60",False,True,captured
gsm8k_296,gsm8k,0.5B,16,stochastic,42,38.8057,327.74,150.89,256,6.6,1975,130,127,0.0658,1.02,False," (Round to the nearest whole number)
Answer: <number>
Final Answer: < (Round to the nearest whole number>
Okay, let's see. The problem is about figuring out how long number >
Okay, let's

To determine the number>
Okay, let's see the number >

To determine the number>

Okay, let me to the number >

To determine the total weeks>
Okay, let's see below>
Okay, let me to the nearest whole number>
Okay, let me think>
Okay, let me think>
Okay, let's see the number >
Okay, let me think>
Okay, let's see the answer >

To determine the total weeks rounded number >

To determine how many weeks will last 1224>

Okay, let'something>
Okay, let's see the final number >

Okay, let me think through the steps.

Okay, let me to the nearest whole number>
Okay, let'sh>

Okay, let's> 

Okay, let's see.>

Okay, let's see the number >

To determine how many weeks will a number >

To determine how many weeks will a number >

Okay, let's see the number>

Okay, let'something>
Okay, let's see below

To determine how many weeks will",False,True,captured
gsm8k_297,gsm8k,0.5B,16,stochastic,42,35.5975,331.13,138.3,256,7.19,1812,141,115,0.0778,1.23,False," To solve this, you need to find the total number of crates sold in the week and subtract the, target. What is the answer?

Okay, let's see. Sam's target is 120 crates per the target. Then, what? What is the target.

Okay, let me know target. Then, the answer from the target. The answer from the target.

Okay, let me from the target. Then, subtract the target. What is that from the target. What is the answer?

Okay, let me from the target. 

Okay, let me from the target. 

Okay, let's target. Then, subtract that from the target from the target. 

Okay, let's target. 

Okay, let's target from the target. The target from the target. So, the target. 

Okay, let me know target.

Okay, let me from the target.

Okay, let's target from the target.

Okay, let's target. So, the target. Then, subtract that from the target. So, the total from the target. The target. 

Okay, let's target.

Okay, let's target.

Okay, let's see the target from the target. What is the total target.

Okay, let's see",False,True,captured
gsm8k_298,gsm8k,0.5B,16,stochastic,42,29.4183,329.21,114.07,256,8.7,1490,157,99,0.1054,1.59,False," 

Okay, let's try to figure out how much money, but then continues bidding. Wait, the problem says that the desk cost her?

Wait, the problem says: I think. Wait, the desk cost her?

Wait, the problem says: ""00 and continues bidding until she wins. The bids on the desk rise by $50 each time. Wait, the desk cost her?

Wait, the desk cost her?

Wait, the problem says that Carmen accepts the opening bid of $200. Wait, the problem says that the opening bid of the desk cost her?

Wait, the desk cost her?

Wait, the problem says she starts at the desk cost her?

Wait, the desk cost her?

Wait, the problem says that Carmen accepts the opening bid of $200 and continues bidding until she wins. The bids on the desk rise by $50 each time and 3 other people each bid. Wait, the desk cost her?

Okay, let's. Wait, the problem says she is not sure. Wait, the problem says she has to be careful math. Wait, the problem says that's. Wait, the desk cost her?

Okay, let me read the problem again to start by the desk cost her first.",False,True,captured
gsm8k_303,gsm8k,0.5B,16,stochastic,42,26.7938,329.12,103.78,256,9.55,1364,171,86,0.1254,1.99,False," 

Okay, let's start by understanding what's dad has been selling her Dad's collection of 250 books. Elise has been selling her Dad's collection of the problem is selling her Dad's collection of 250 books. 

First, let's total amount of money she earned in the second year. 

First, let's start by the problem is selling her Dad's collection of 250 books over three years. She has been selling her Dad's collection of 250 books. 

First, let's start by understanding the problem.

First, let's start by understanding the problem. 

First, let's start by understanding the problem. 

First, let's start by understanding what's the problem is selling her Dad's collection of 250 books over three years. She has been selling her Dad's collection of 250 books for three years. 

First, let's start by understanding the information given that she has been selling her Dad's collection of 250 books for three years. Each book sells at $20 each book sales number of the problem is selling her Dad's collection of 250 books over three years. She has been selling her Dad's collection of 25",False,True,captured
gsm8k_314,gsm8k,0.5B,16,stochastic,42,29.9063,327.99,115.99,256,8.56,1518,159,97,0.1047,1.64,False," 

Let the total the total the number of players on the offense, defense, and special teams. Let'set up the number of players on the offense, let the total the total number of players on the offense, defense, and special teams. Let's denote the number of players on the defense team has  set up the problem. Let'set up equations. Let'set up the problem.

Let'set up equations based on the given that the total number of players is to set up equations based on the information given to set up equations based on the information given to assign variables to the number of players on each part of the problem.

Let'set up equations based on the information given. Let's denote the number of players on the defense team has  define variables to define variables to set up equations based on the information given. Let's denote the number of players on the defense ascribe the total the number of players on the offense, defense, and special teams. Let's denote the number of players on the defense team members on the offense, defense, and special teams. Let's denote the number of players on the defense. Let's denote the number of players on the defense. Let's define variables to define variables to represent the number of players on the",False,True,captured
gsm8k_325,gsm8k,0.5B,16,stochastic,42,22.5704,330.23,87.22,256,11.34,1145,185,72,0.1616,2.57,False," 

Okay, let's start-up is  Junior programmers is 2/5 of the total number of employees. The total number of employees is 2/ junior programmers is 2/5 of junior programmers is 2/5 of the junior programmers is 2/5 of the total number of junior programmers is 2/5 of junior programmers is 2/5 of the total number of employees. The problem.

Okay, let's start-up is 2/5 of the total number of employees. The question is  junior programmers is 2/5 of the total number of employees. The problem is  junior programmers is 2/5 of the total number of employees. The number of junior programmers is 2/5 of the total number of employees. The problem is 2/5 of the total number of employees. The question: 

Okay, let's start with the total number of employees, let's find the junior programmers is 2/5 of the total number of junior programmers is 2/5 of the total number of employees. The problem states is 2/5 of the total number of employees. The problem is 2/5 of the total number of employees. The number of junior programmers is 2/5",False,True,captured
gsm8k_328,gsm8k,0.5B,16,stochastic,42,27.8567,331.42,107.94,256,9.19,1416,167,90,0.1179,1.86,False," 

Answer: 

Okay, wait, wait, wait, wait, wait, wait, wait, wait, wait, the problem says 3 minutes. Wait, the problem says 3 minutes. Wait, the problem says ""per 3 minutes. Wait, the problem says 3 minutes. Right, the problem says ""3 minutes. Wait, the problem says ""1 percentage-point of charge per 3 minutes. Wait, the problem says 3 minutes. Right, the problem says 3 minutes. Right, the problem says the problem says 3 minutes. Right, the problem says the phone recharges at a rate of 1 percentage-point per 3 minutes. So, the problem says 3 minutes. Right, the problem says 3 minutes. So, right, the problem says 3 minutes. So, the rate of charge per 3 minutes. Wait, the problem says 3 minutes. Right, the problem says 3 minutes. So, the rate is 1% per 3 minutes. Wait, the problem says 3 minutes. Right, the problem says it says 3 minutes. So, the phone is that'something. Wait, the problem says 3 minutes. So, right, the problem says 3 minutes",False,True,captured
gsm8k_342,gsm8k,0.5B,16,stochastic,42,27.78,328.89,107.65,256,9.22,1412,167,90,0.1183,1.86,False," 

Final Answer: <24>
Let's solve this step by step:

Step 1: First, we start by step 1: Start with the 1: First, we start with the 24 baby outfits given: First, we start with the 24 baby outfits Laurel received 1: Start with the 24 baby outfits she has to solve the problem:

First, we start with the 24 baby outfits given: 1: 1: 1: 1: 1. 1: 1.1: 1. Start with the 24 baby outfits she already given by step explanation: 

1: 1: Start with the 24 baby outfits from her friend gave her 1: Start with the 24 baby outfits from her friend: 1.1: Start with the 24 baby outfits she already given: 1. Start with the 24 baby outfits from her friend: 2: 1: First, we start with the 24 baby outfits that the first, 1: Start with the 24 baby outfits she already done.

First, we start with the 24 baby outfits Laurel received 1: Start with the 2",False,True,captured
gsm8k_346,gsm8k,0.5B,16,stochastic,42,25.8195,330.27,99.96,256,9.91,1305,173,83,0.1326,2.08,False," 

Okay, the problem says she buys 1 bag of the problem says she buys 1 bag of the problem says she buys 1 bag of cookies a week. The problem says she buys 1 bag of the problem says she buys 1 bag of cookies a week. The bag has 36 cookies in total cookies. 

First, let's problem says she buys 1 bag of the problem says she buys 1 bag of cookies a week. The problem says she buys 1 bag of cookies. So first, let me start by understanding the problem says she buys 1 bag of the problem says she buys 1 bag of cookies a week. The problem says she buys 1 bag of cookies a week. The bag has 36 cookies. So first, let me. 

First, let me. 

First, let me start by figuring out the problem says she buys 1 bag of cookies a week. The problem says she buys 1 bag of cookies a week. The bag has 36 cookies. So first, let me understand the problem says she buys 1 bag of cookies a week. The problem says she buys 1 bag of cookies a week. The bag has 36 cookies. So first, let me break",False,True,captured
gsm8k_347,gsm8k,0.5B,16,stochastic,42,24.2418,327.29,93.78,256,10.56,1226,177,80,0.1444,2.21,False," 

Okay, let's see. Davos bought  calculate the discount the original price of the original price of the original price of the original price of each shirt's calculate the discount amount of the original price of the original price of each shirt. The original price of the total the original price of each shirt, 

Okay, let's break it's find the discount amount of the original price of the original price of each shirt, let's calculate the original price of the original price of each shirt. Each shirt costs $30, so for each shirt's determine the original price of the original price of each shirt. The original price of each shirt, the original price of each shirt is $30. With a 40% discount, the price of each shirt after the discount. The original price of each shirt is $30. The original price of each shirt is $30. With a 40% discount, the price of each shirt is the original price of the original price of each shirt. The original price of each shirt is $30. With a 40% discount, the price of each shirt is reduced the total the original price of each shirt, then calculate the discount the original price of each shirt. The original price of",False,True,captured
gsm8k_356,gsm8k,0.5B,16,stochastic,42,27.4977,327.97,106.55,256,9.31,1390,166,91,0.1194,1.82,False," 

So,  bears. 

The total cost of the toy cars is 6 toy cars. 

The total cost of the toy cars. 

The total cost of the toy cars. 

Each toy car costs. Each toy cars. 

The toy cars. The cost. 

For the bears. 

The toy cars. Each toy car cost. 

The toy cars. 

The toy cars. 

Each toy cars. 

The toy cars cost. 

The toy cars cost. 

The toy cars cost $ bears. 

The toy cars. 

The toy cars cost. 

The toy cars cost. 

The toy cars cost $ bears. 

The toy cars cost. 

The toy cars cost $ bears. 

The toy cars cost $ bears. 

Each toy car cost $ bears. 

The toy cars cost. 

The toy cars cost $ bears. 

The toy cars cost $ bears. 

The toy cars cost $2 bears. 

The toy cars cost $2 each. 

Okay, let's see. 

So, the bears. The cost. 

The toy cars. Each toy car costs $2 and then add them. The cost. 

The total cost of the toy cars is 6 times. 

Okay, let's see.",False,True,captured
gsm8k_364,gsm8k,0.5B,16,stochastic,42,27.7815,327.2,107.66,256,9.21,1408,166,91,0.1179,1.82,False," 

Let me solve this problem step by step.
Step 1: First, find the number of fourth-grade boys in the school. 

Okay, let me number of fourth-grade boys at the number of fourth-grade boys at Small Tree School has  number of fourth-grade boys at the number of fourth-grade boys. total number of fourth-grade boys in the total number of fourth-grade boys. How many boys in the total number of fourth-grade boys. The total number of fourth-grade boys in fourth-grade boys in the school. total number of fourth-grade boys. total number of fourth-grade boys. Since there are 96 fourth-graders at Small Tree School. Let me solve the number of fourth-grade boys. There are 96 fourth-graders at Small Tree School. 43 of them number of fourth-grade boys at Small Tree School has 96 total number of fourth-grade boys. Since there are 96 total number of fourth-grade boys. The total number of fourth-grade boys. 

Okay, let me think. The total number of fourth-grade boys. There are 96 fourth-graders at Small Tree School. 43 of them number of fourth-grade boys in the school. There are 96 fourth-graders in the number of",False,True,captured
gsm8k_367,gsm8k,0.5B,16,stochastic,42,38.7002,329.2,150.47,256,6.61,1969,131,125,0.0665,1.05,False," 

Okay, let's break of the reasons. 

Okay, let's reasons. 

Okay, let's reasons. 

Okay, let's start by breaking of the Walmart reasons. So, let's denote the number of customers. Let me think... 

Okay, let's reasons. So, let's reasons. 

First, I need to set of the reasons. 

Okay, let's break. Let me think... 

Okay, let's breakings. 

Okay, let's start by setting up equations. 

First, let's reasons. 

Okay, let's denote the number of customers kicked out for other reasons. 

Okay, let's breakings. 

First, let's break of the Walmart reasons. So first, I need to set of the Walmart reasons. 

Okay, let's break of the Walmart reasons. 

Okay, let's break the problem down, so I think... 

Okay, let's see. So, first, I need to set of the Walmart reasons. 

Okay, let's break of the Walmart reasons. So, first, I need to set of the Walmart reasons. 

Okay, let's breakings. 

First, let's break. 

First, let's break. 

Okay, let's start",False,True,captured
gsm8k_368,gsm8k,0.5B,16,stochastic,42,29.2117,328.94,113.27,256,8.76,1485,162,94,0.1091,1.72,False," 

Answer: <number>
Final Answer: <number>

To solve this problem, we first need to determine the relationship between Erin's and Sara's points. Initially, Erin has to start by understanding the information given:

1442424. First, let's understand that Erin has three times more points than Sara, let $  need to determine the total points Erin has now know that Erin has three times more points than Sara, let the current points Erin has three times more points Erin has to find out how many points Erin had before scoring  need to determine the relationship between Erin's and Sara's points. 

First, let E
First, let's analyze the information that Erin has three times more points than Sara, let $320

First, let's understand that after scoring 14 points, Erin has three times more points than Sara, who scored 148 points Erin has three times more points than Sara, who scored 8. So, Erin has to find out how many points Erin has to determine the relationship between Erin's and Sara's points. 

14 points, Erin has three times more points than Sara, who scored 8. So, Erin has to determine how many points Erin had before she has three",False,True,captured
gsm8k_371,gsm8k,0.5B,16,stochastic,42,33.5323,331.21,130.2,256,7.63,1705,148,109,0.0868,1.36,False," 

Okay, let's see the number>
Okay, let's see the total number of shoes sold, let's see the problem, let's

Okay, let's see the number>

Okay, let's think>
Okay, let's see the problem again.

Okay, let's think>
Okay, let's see the total number of shoes sold>

Okay, let's think>
Okay, let's see the problem, I need to find the number>
Okay, let's see the problem
Okay, let's think>
Okay, let's see the answer here is the correct answer >

Okay, let's see the problem again, I need to calculate the total number of the total number>
Okay, let's see the answer >

Okay, let's see the step-by-234365>
Okay, let's see the problem again.

Okay, let's see the problem again.

Okay, let's see the problem again.

Okay, let's see the problem again. 

Okay, let's see the problem again. Let's

Okay, let's see the problem again.

Okay, let's see the problem again.

Okay, let's see the problem again.

Okay, let's see the problem again.>

Okay, let's see the",False,True,captured
gsm8k_374,gsm8k,0.5B,16,stochastic,42,23.9178,332.31,92.49,256,10.7,1212,178,79,0.1469,2.25,False," Let's solve this step by step.
First, we have to the problem. 

Step 1: Determine the problem. Mary has 30 sheep. She gets 1 kg of milk from half of 30

Step 1. 

Step 1. <30

Final Answer: <30>
Final Answer: <30>
Final Answer: <30>
Final Answer: <30> 30

Final Answer: <30>
Okay, let's see. Mary has 30 sheep. She has to the problem is 30
Okay, let's solve this step by step.
Okay, let's solve this step by step.
Okay, let's solve this step by step.
Final Answer: <30>
Final Answer: <30>
Final Answer: <30>
Final Answer: <30>
Final Answer: <30

First, we need to calculate the problem. Let's solve this is 30

Step 1: Mary has 30 sheep. She gets 1 kg of milk from half of them. So, half of 30 is 15. So, she has to the problem.
Okay, let's solve this step by step",False,True,captured
gsm8k_382,gsm8k,0.5B,16,stochastic,42,22.0315,329.67,85.11,256,11.62,1114,187,70,0.1679,2.67,False," 

Wait, that's the number of gold pesos. Then, I need to find the number of gold pesos Axel has  I need to find the number of silver pesos Anna has twice that's the number of gold pesos Axel has  I need to find the number of silver pesos Anna has twice that number of course, I need to find the number of gold pesos Axel has. I need to find the number of silver pesos Anna has. 

Wait, Axel has 50 silver pesos. I need to find the number of silver pesos Anna has. Since Anna has twice as many silver pesos as Axel, Anna has twice that's the number of gold pesos Axel has. Then, I need to find the number of gold pesos Anna has twice that number is that's. 

Wait, that's the same with that's the number of gold pesos Axel has. Then, I need to find the number of course, I need to find the number of silver pesos Anna has. Since Anna has twice as many silver pesos as Axel, Anna has  I need to find the number of silver pesos Anna has. Since Anna has twice as many silver pesos as Axel, I need to find the number of silver pesos Anna has. Since Anna has twice as many silver pesos as Axel,",False,True,captured
gsm8k_383,gsm8k,0.5B,16,stochastic,42,39.41,328.55,153.26,256,6.5,2006,128,128,0.0638,1.0,False," (She spends $24 on the supplies, and she has 3 hours of (the stand open time to make the lemonade stand open time to make the lemonade.)

Wait, the question is that money to make it.)

Wait, there is a typo, but this problem. Wait, the original setup time to make the lemonade.)

Wait, the question is that correct. So, the stand open time.)

Wait, the question says she has a total time to make the lemonade.)

Wait, the original cost is $24, but that?)

Wait, the question seems like that money to spend on the supplies, and she has a total of lemonade stand time. She spends on the lemonade to make the lemonade.)

Wait, the question, the problem has 12 cups per hour of the stand open.)

Wait, the lemonade to make the stand operation.)

Wait, the question error here is a day that money to make sure, but that seems like, I think there is no profit per hour that time to make the lemonade.)

Wait, the stand open time.)

Wait, the original time to make the lemonade.)

Wait, the original problem: Wait, the question says she spends $18, the lemonade to",False,True,captured
gsm8k_387,gsm8k,0.5B,16,stochastic,42,43.1185,329.49,167.8,256,5.94,2200,114,143,0.0518,0.8,False," 

Okay, let's see. The problem is the correct number >
Okay, let me think step-by>
Okay, let me. 

Okay, let me think>
Okay, let me to solve this problem.
Okay, let me think>
Okay, let me to solve this problem, I need to calculate the total cost of 6 erasers and 8 pencils. 

First, calculate the total cost of 18424242>
Okay, let me think. So, I need to find the total cost in the cost of 6 erasers and 8 pencils is the total cost of the total cost of   The total cost in the question, let me think. Okay, let me think>
Okay, let me try again,  To solve the cost of 6 erasers is the total cost in the problem
Okay, let me think about 6*>
Okay, let me think>
Okay, let me think>
Okay, let me think step by step.

Okay, let me.

Okay, let me check the total cost in the problem, the total cost in the correct number>
Okay, let me think. So, the problem. 

Okay, let's
Okay, let me check the correct number>
Okay",False,True,captured
gsm8k_395,gsm8k,0.5B,16,stochastic,42,20.0353,330.62,77.27,256,12.78,1010,193,64,0.1911,3.02,False,"  <number>
Final Answer: <number>
Okay, let's try to figure out how many Valentine's Day cards she started with  <number>
Okay, let's break this down step by step. First, I need to figure out how many cards she started with  <number>
Okay, let me

First, I need to figure out how many cards she started with  <number>
Final Answer:  <number>
Final Answer: 1. So, first made 20 Valentine's cards. So, first made 20 Valentine's cards. So, first made 20 Valentine's cards. Then, she started with 20 Valentine's cards. So, first made 20 Valentine's cards. So, first made 20 Valentine's cards. Then her dad brought her 2 boxes of pre-made Valentine's cards that had 15 cards each. So first made 20 Valentine's cards. So, first made 20 Valentine's cards. Then her dad brought her 2 boxes of pre-made Valentine's cards that had 15. So, first made 20 Valentine's cards. Then her dad brought her 2 boxes of pre-made Valentine's cards that had 15 cards each",False,True,captured
gsm8k_400,gsm8k,0.5B,16,stochastic,42,32.9223,326.4,127.83,256,7.78,1675,149,107,0.089,1.39,False," 

First, we need to find out how many ounces of milk John drank and multiply the total ounces of milk John's the total ounces of milk John's total ounces of milk John's total milk consumed calories consumed calories consumed by how many ounces of milk John drank and multiply the total amount of milk John's total ounces of milk John's total milk consumed and multiply the number of ounces of milk John drank and multiply the number of ounces of milk John drank and multiply the number of glasses of milk John drank and then total ounces of milk John drank and then total ounces of milk John drank and then multiply the number of glasses of milk John drank, step by step:

First, we calculate the total amount of milk John drank, step by step:

First, let's break it's total ounces of milk John's total consumption of the total amount of milk John drank and multiply the number of glasses of milk John drank, step by step:

1. The total amount of milk John drank and multiply the number of glasses by how many ounces of milk John's total consumption of the total milk consumed and multiply the number of glasses by how many calories consumed calories consumed by John's total consumption of calories consumed calories consumed by John from the total amount of milk John's the total amount of milk John drank",False,True,captured
gsm8k_402,gsm8k,0.5B,16,stochastic,42,19.6919,330.42,75.93,256,13.0,995,194,63,0.195,3.08,False," 

The normal recipe is for a quadruple batch. The normal recipe for a quadruple batch. The normal recipe calls for 3 cups of flour and 1 cup milk. Since the quadruple batch. The normal recipe calls for 3 cups of flour and 1 cup milk. Since the recipe for a quadruple batch. The normal recipe is the quadruple batch. The normal recipe is for a quadruple batch. 

The normal recipe calls for 3 cups of flour and 1 cup milk. 

Since the recipe is for a quadruple batch. The normal recipe is  for a quadruple batch. The normal recipe calls for for a quadruple batch. The normal recipe is  for a quadruple batch. The normal recipe calls for 3 cups of flour and 1 cup milk. 

Since it for a quadruple batch. The normal recipe is  for a quadruple batch. The normal recipe calls for 3 cups of flour and then figure out the quadruple batch. 

So, the quadruple batch. The normal recipe is for  for a quadruple batch. The normal recipe is  for a quadruple batch. 

For a quadruple batch of the quadruple batch. The normal recipe is  for a quadruple batch.",False,True,captured
gsm8k_405,gsm8k,0.5B,16,stochastic,42,41.2551,329.27,160.49,256,6.21,2104,122,135,0.058,0.9,False," 

Okay, let's see. Tyson needs to make enough sandwiches needed to make sure, let's see, so let's see the number>
Okay, let's see the answer >
Okay, let's think>
Okay, let's see the number>

Okay, let's see the correct number>
Okay, let's think>
Okay, let's see the total cost of the total cost of the number > 

Okay, let's think>
Okay, let's see the problem.>
Okay, let's see the number>
Okay, let's see the total cost of the total cost in the problem. 

Okay, let's see the number>
Okay, let's see the problem again.

Okay, let's see the answer >
Okay, let's see the correct number>
Okay, let's see the problem again. 

Okay, let's see the number >

Okay, let's see the problem again. Let'something>

Okay, let's see. 

Okay, let's see the answer >

Okay, let's see the total cost in the problem, let's see the number>
Okay, let's see. 

Okay, let's see the number>
Okay, let's see. 

Okay, let's see the total cost in dollars>

Okay,",False,True,captured
gsm8k_410,gsm8k,0.5B,16,stochastic,42,26.8584,329.48,104.03,256,9.53,1364,171,86,0.1254,1.99,False," 

Okay, first, the taffy was on sale for the taffy was on the taffy was on sale for ""Buy 1 pound at $3, get 1 pound  First, the taffy was on sale for ""Buy 1 pound at $3, get  First, the taffy. First, the taffy is the taffy was on sale for ""Buy 1 pound at $3, get 1 pound  First, the taffy. The first, so I need to calculate the total cost of the taffy, so I need to figure out how much she spent on taffy was on sale for the taffy is the taffy is the taffy is the question is the taffy is the problem is the problem is the question is the question is how much did she have to figure out how much did she have to calculate the total cost?

First, the taffy was on sale for ""Buy 1 pound at $3, get  First, the taffy. First, the taffy. The problem is about the taffy is the question is the taffy was on sale for ""Buy 1 pound at $",False,True,captured
gsm8k_413,gsm8k,0.5B,16,stochastic,42,20.4994,329.3,79.1,256,12.49,1036,191,66,0.1844,2.89,False," 

First, let's find the number of candles that smell like wet dog.
Answer 

The problem: 2 

The problem: 50000 * 50: 50000 * 0: 5% of 50000 is 0: 5% of 50000 is 0: 5% of 50000 is 2500 candles that is 2500: 50000 * 0: 5% of 50000 is 2500: 5% of 50000 is 0: 50: 50000 * 0: 50: 50000 * 0: 500: 5% of 50000 is 0: 50000 * 0. 2 

To find the number of candles that smell like wet dog. 2 

To find the number of candles that smell like wet dog, the question: 5% of 50000 is 0: 5% of 50000",False,True,captured
gsm8k_423,gsm8k,0.5B,16,stochastic,42,39.4696,329.71,153.49,256,6.49,2014,126,130,0.0626,0.97,False," 

Okay, let's try to figure out this problem step by step. So, Cole wanted to buy both jeans cost $28 - wait, the jogger jeans cost $6 less than the tattered jeans. So, $28 - wait, the tattered jeans. Let me think... Wait, the problem says the jogger jeans cost $6 less than the tattered jeans. So, the problem is $28 - I think... wait, the tattered jeans. 

Okay, let's price is $28 - wait, the cost $28 - wait, the problem is $28 - well, the cost $28 - the problem is $28 - I think... Hmm, the cost $28 - wait, the problem is $28 - I think... 

Okay, let's price is $28 - I think I think... The problem. 

Okay, let's price is $6. 

Okay, let me check the problem says the cost $28 - let me think... The problem is $28 - I think I need to find the cost $28 - $2
Okay, let me rephrase is $28 - the problem is $28 - I think I",False,True,captured
gsm8k_427,gsm8k,0.5B,16,stochastic,42,17.7322,328.98,68.25,256,14.44,898,199,58,0.2216,3.43,False," Let's solve this step by step.
Okay, let's see. So, Kenny is trying to buy a ticket to an amusement park, which costs $100. He has a collection of Pokemon cards to buy a ticket to buy a ticket to an amusement park, which costs $100. He has a collection of Pokemon cards to buy a ticket to an amusement park, which costs $100. He wants to buy a ticket to an amusement park, which costs $100. He has a collection of Pokemon cards to buy a ticket to an amusement park, which costs $100. He wants to buy a ticket to an amusement park that he's selling his Pokemon cards to buy a ticket to an amusement park that he wants to buy a ticket to an amusement park that he has a few steps. Let me try to break down to buy a ticket to an amusement park, he wants to buy a ticket to an amusement park, he's goal is to buy a ticket to an amusement park that he's selling his Pokemon cards to buy a ticket to an amusement park, which costs $100. He has a collection of Pokemon cards to buy a ticket to an amusement park, he's goal is to buy a ticket to an",False,True,captured
gsm8k_428,gsm8k,0.5B,16,stochastic,42,23.3744,329.34,90.37,256,10.95,1184,182,74,0.1537,2.46,False," 

First, the steps:

1. **step by first. 

First, the caterer was told to prepare gourmet hot dogs for 36 guests. The caterer was told to prepare gourmet hot dogs for 36 guests. The caterer prepared enough for half of the steps:

1. First, the caterer was told to prepare for each step by first determining the information given the catering to understand the requirements:

1. The caterer was told to prepare hot dogs. 

First, the caterer was told to prepare for each step carefully.

First, the caterer was told to prepare for 36 guests. The problem step by step:

1. The caterer was told to prepare gourmet hot dogs for 36 guests. Most people would only eat one hotdog, so the information step by step:

1. **step by step:

1. **Initial number by first. The caterer was told to prepare hot dogs. 

First, the caterer was told to prepare hot dogs.

First, the caterer was told to prepare for 36 guests. Most people would only eat one hotdog, so the caterer was told to prepare gourmet hot dogs for 36 guests. The caterer prepared enough for half of the",False,True,captured
gsm8k_434,gsm8k,0.5B,16,stochastic,42,31.448,329.65,122.03,256,8.14,1600,155,102,0.0969,1.52,False," Let's solve this step by step.
Final Answer: <number>
Okay, let's see. George spent $5 and get started with the problem, let's go step by step:
First, we need to find out how much money George spent on chips and candy bars problem, let's first, let's problem, let's problem, let's break down, let's break down the problem step by step, let's first, let's solve this problem, let's first, let's break down the problem step by step, let's first figure out how much money George spent. George spent $5, which is the problem, let's first, we need to find out how much money George spent $5 is step by step, let's go step by step, let's first, we need to determine how much money George spent $5 is a step by step, let's first convert the problem, let's first, we need to determine how much money George spent on paper, let's first figure out how much money George spent $5 is equal step by step, let's break down, let's break down the problem, let's break down the problem step by step:
First, we need to find out how much money George actually, let's",False,True,captured
gsm8k_439,gsm8k,0.5B,16,stochastic,42,28.0654,330.09,108.77,256,9.12,1426,166,91,0.1164,1.82,False," (Note: If you arrive at the theater at the same time as Wayne, you are not arrive at the same time as Wayne, you are not considered to have not have not arrive at the same time as Wayne, you are not considered to have arrived at the same time as Wayne, you arrived at the same time as Wayne.)

Okay, let's try to figure out of course, you are not considered to have arrived early, you arrive at the same time as Wayne, you have not arrived earlier than Wayne to arrive  are not considered to have arrived earlier than Wayne.)

Let me see the same time, you are not considered to have arrived early than Wayne, you are not considered to have arrived early than Wayne, you have not arrived earlier.)

Let me check the time, you are not considered to have arrived early.)

Let me try to be considered to the same time as you are not considered to have arrived early.)

To be considered as the same time as Wayne would not considered to have arrived at the same time as Wayne, you are not considered to have arrived early as if you arrive at the same time as Wayne, you are not considered to have arrived early, you are not considered to have arrived early, you are not considered to have arrived early.)

Okay,",False,True,captured
gsm8k_442,gsm8k,0.5B,16,stochastic,42,27.2763,329.54,105.67,256,9.39,1383,166,91,0.12,1.82,False," 

Final Answer: <number>
Final Answer: 40 + 3* 

Final Answer: <number>
Final Answer: 40 + 3* <number>
Final Answer: 40 + 3* <number>
Final Answer: 40 + 3* <number>
Final Answer: 40 + 3* <number> 

Final Answer: <number>
Final Answer: 40 + 3* <number>
Okay, let's see. So, and then subtracting the cooling part

Okay, let's see, 5 = 55 = 5 = 55 = 55 = 55

Okay, let's see, 5 = 55





Okay, let's see, then subtract 5 = 55



Okay, let's see, that is 4 + 

Final Answer: 40 + 3*5 - 3*5 = 5 = 55 = 55 = 55

Final Answer: 4 - 3*5 = 5 = 55

Final Answer: <number>
Okay, let's see, 5 = 55",False,True,captured
gsm8k_454,gsm8k,0.5B,16,stochastic,42,26.6334,328.98,103.15,256,9.61,1354,171,86,0.1263,1.99,False," 

Okay, let's see. Marin eats per day by the number of apples Marin eats by the number of apples Marin eats by the number of days by the number of days by the number of days by the number of days by the number of days, then add
Okay, let's of apples Marin eats by the number of days. Then, then add them both Marin eats per day by the number of days. Marin eats per day by the number of days by the number of days, then add the number of apples Marin eats by the number of days. Then, multiply the number of apples Marin eats by the number of days. Then, multiply the number of apples Marin eats per day by the number of days. Marin eats by the number of days. Then, multiply the number of apples Marin eats per day by the number of days. Marin eats by the number of days. Then, multiply the number Nancy eats per day by the number of days. Then, multiply the number of apples Marin eats by the number of days. Then, add the two people by the number of days by the number of days. Then, add the number of apples Marin and then add the two people eating apples Marin eats per day by the number of days. Marin eats by the number",False,True,captured
gsm8k_455,gsm8k,0.5B,16,stochastic,42,27.6922,327.95,107.31,256,9.24,1400,168,89,0.12,1.89,False," 

The volume, I need to find the formula is to find the volume of each raised bed, I need to find the volume, I need to find the volume of one must find the volume, I need to find the volume of one raised bed and the formula is length × I need to find the volume of one raised bed and the total volume is the formula is to find the volume of each raised bed, I must find the volume of one raised bed and find the volume, I need to find the volume of one must find the volume of one raised bed and then multiply by the number of beds. Each raised bed, I need to find the volume of each raised bed, I need to find the volume of one must find the volume of one raised bed and then multiply by the number of beds. The volume of a raised bed is a bed by calculating the volume of each raised bed, I need to find the volume of one must find the volume of one raised bed and then multiply by the number of beds. The volume of a raised bed is a rectangular prism, which is the formula for each raised bed is a rectangular prism, which is a bed by bed by calculating the volume of one needs to calculate the volume of one needs to calculate the volume of one raised",False,True,captured
gsm8k_463,gsm8k,0.5B,16,stochastic,42,33.492,329.38,130.05,256,7.64,1700,147,110,0.0865,1.34,False," The amount she ordered is $30.

Step 20. The problem is asking for is the cost for the pizza delivery costs $15 for the delivery man is the delivery costs for the pizza delivery costs for the pizza delivery costs for the pizza delivery is the delivery costs is the cost is the delivery costs for the pizza delivery is the cost for the pizza delivery is the cost of the delivery costs $30. The delivery costs Ashley should give the delivery man is the sum of the delivery cost and the tip. The problem is asking for is the cost for the pizza delivery is the delivery man should be calculated as the delivery man should be given the delivery man should receive the delivery costs Ashley should give the delivery man is the cost Ashley should give the delivery man is the sum of the delivery cost and the tip. The delivery cost is $15, including the tip. 

Okay, let's see. Ashley should be the delivery costs for the pizza delivery is the delivery man should be given to be calculated by the delivery man should be calculated by the delivery man should be calculated ashy should give the delivery man is the cost is the sum of the delivery cost and the tip. The delivery cost is $15, and the tip are to be paid for the",False,True,captured
gsm8k_464,gsm8k,0.5B,16,stochastic,42,28.9519,329.86,112.24,256,8.84,1470,162,94,0.1102,1.72,False," To solve this problem, I need to find the position of Finley at the end of the race.  of the race. Let's of the race.  of the race.  of the race.  Let's of the race.  Let's break down the race.

Let me think. Let's break down the problem, starting from the beginning.  of the race.  Let's break down the problem step by step.  Let's of the race.  I need to track.  Let's break down the problem step by step.

Let me think about the race.  Let's track.  Let's go through a race.  I need to track.  Let's track her race.  The problem, starting from the beginning. Let's break down the problem step by step.

Initially, she was in first place, starting from the race.  I need to track her position step by step.  Let's break it.  Let's track her position step by step.

Let me think.  So, starting from first place.

Let me of the race.

Let's of the race.  Let's break it.

Let's of the race.  Let's break it down step by step.  Let's break down",False,True,captured
gsm8k_473,gsm8k,0.5B,16,stochastic,42,29.3586,329.81,113.84,256,8.72,1495,162,95,0.1084,1.71,False," (Note: 1 foot = 12 inches)
Final Answer: <number>
Okay, let's see. Benny saw a shark that's 10 feet long>

To calculate the percentage of the shark's body length that the combined length of the remoras in percentage>
Okay, let's see the percentage>
Okay, let's see above>

To calculate percentage>
Okay, let's see the percentage>
Okay, let's see the question>
Okay, let's see the problem: 100

Okay, let's see the calculation>
Okay, let's see the steps above>
Okay, let's see the problem
Okay, let's see above is the combined length of the remoras is the answer>
Okay, let's see.>
Okay, let's see. Benny saw a 10-foot shark with 2 1>
Okay, let's see. Benny saw a 10-foot shark with 2 2>
Okay, let's see, e.g., 6
Okay, let's see. Benny saw a 10-foot shark with 2 6-inch remoras attached to be sure>
Okay, let's see, e.g., 1>
Okay, let's see. Benny saw a ",False,True,captured
gsm8k_474,gsm8k,0.5B,16,stochastic,42,29.4163,329.83,114.06,256,8.7,1497,162,95,0.1082,1.71,False," Let's solve this step by step.

We are there are there are three-fourths of the total number of students is 20 students who have a desktop computer at the total number of students in the problem, 1. Let's solve this problem. Alright, let's solve this problem. 

We are given that three-fourths of the students who have a desktop computer at home. 

We are given that three-fourths of the students who have desktop computers, the total number of students in the grade level, we are there are three-fourths of students who do not have desktop computers. So, three-fourths of the students who do not have desktop computers is 20, the total number of students is 150

We are given that three-fourths of the students have a certain grade level has a desktop computer. So, the fraction of students without using the total number of students is 1500

We are given that three-fourths of the students have a desktop computer at a

We are given that three-fourths of the students have a desktop computer at home, we know that three-fourths of the students have desktop computers, so the number of students is 20 students who do not have desktop computers. So",False,True,captured
gsm8k_479,gsm8k,0.5B,16,stochastic,42,28.6506,330.73,111.06,256,8.94,1457,164,93,0.1126,1.76,False," 

Okay, let's see. Tom and the cost of the hotel.  I need to find the cost of the hotel.  I need to find the cost of the hotel. 

Okay, let me need to find the cost of the hotel.  Then I need to find the cost of the hotel.  I need to find the cost of the hotel.  Then I need to find the cost of the hotel.  Then add them find the cost of the hotel.  Then I need to find the cost of the hotel.  Then add them calculate the cost of the hotel.  Then add them find the cost of the hotel.  Then add them together with the hotel.  I need to find the cost of the hotel.  So, I need to find the cost of the hotel.  Then I need to find the cost of the hotel.  Then add them together with the hotel.  Then add them together.  I need to find the cost of the hotel.  Then I need to find the cost of the hotel.  Finally, I need to find the cost of the hotel.  Then add them together. 

Okay, let's break this is the cost of the hotel.  Then I need to find the cost of",False,True,captured
gsm8k_480,gsm8k,0.5B,16,stochastic,42,18.8253,327.31,72.54,256,13.6,952,195,62,0.2048,3.15,False," 

First, we know that Ben has 4 tubes of blue paint that Ben has 4

First, we need to find out how many tubes of paint Jasper has. We know that Ben has 4 tubes of blue paint that Ben has 4 tubes of blue paint that Ben has 4 tubes of blue paint and 3 tubes of yellow paint. 

First, we need to find out how many tubes of blue paint and calculate the number by first. 

First, we need to find out how many tubes of paint. 

First, we need to find out how many tubes of blue paint Jasper has. Jasper has  step by step:

First, we need to find out how many tubes of paint that Ben has  step by step.

First, we need to find out how many tubes of blue paint Jasper has. Jasper has  step by step:

1. First, we need to find out how many tubes of blue paint Jasper has. Jasper has  step by step:

1. 

First, we need to find out how many tubes of blue paint Jasper has. Jasper has half as many tubes of blue paint as Ben. Ben has 4 tubes of blue paint that Ben has 4 tubes of blue paint and calculate the number of tubes of blue paint",False,True,captured
gsm8k_489,gsm8k,0.5B,16,stochastic,42,33.9588,330.61,131.88,256,7.54,1728,149,108,0.0862,1.38,False," (Do not use any calculator)
Final Answer: <number>
Step-by-step:
Okay, let's see. I need to find the average highest temperature of the average highest temperatures: First, we need to find the sum of the three countries: To find the sum = (-48) + 21 + (-3) To find the sum of the average highest temperatures: First, we need to find the sum of the average highest temperatures: To find the sum of the three countries, we need to find the average is -48 + 21 + (-3) To find the average highest temperatures in Fahrenheit. To find the sum of the three countries: First, we need to find the sum of the three countries are you need to find the sum of the average highest temperatures: To find the average highest temperatures are the temperatures in Fahrenheit. To find the average highest temperatures are the following steps

Step 1: Identify the three countries: Southlandia, Northlandia, Midlandia's temperature of the average highest temperature is the sum of the average highest temperatures: First, we need to find the sum of the three countries: To find the average highest temperature is the sum of the three temperatures divided by 3. The temperatures are -4",False,True,captured
gsm8k_491,gsm8k,0.5B,16,stochastic,42,25.4143,329.99,98.37,256,10.07,1291,174,82,0.1348,2.12,False," 

Each tray can hold 24 eggs. He has 24 eggs per tray times 24

Since each tray can hold 24 eggs. Each tray can hold 24 eggs. There are 2 trays, so I know that each tray can be able to place 24 eggs on the tray. Each tray can hold 24 eggs. There are 2 trays. Each tray can hold 24 eggs, so I can hold 24 eggs per tray is this is the same as the tray can be careful, so I need to multiply the number of trays can be calculated by multiplying the number of trays can be calculated by multiplying the number of trays can be calculated by multiplying the number of trays can hold 24 eggs each tray can hold 24 eggs each tray can hold 24 eggs each. Each tray can hold 24 eggs, so I need to find the tray can hold 24 eggs. He has 24 eggs per tray, so I can do the tray can hold 24 eggs. He has 2 trays can be done.

So, the number of eggs per tray. Since each tray can hold 24 eggs and since each tray can hold 24 eggs.",False,True,captured
gsm8k_492,gsm8k,0.5B,16,stochastic,42,26.0552,342.21,100.84,256,9.83,1322,173,84,0.1309,2.06,False," 

Okay, let's see. Sally buys one family-size pizza. The small pizza is $8. The family-size pizza costs 3 times as much as the cost of the cost of the family-size pizza. The cost of the family-size pizza. 

Okay, let the cost of the family-size pizza. The cost of the family-size pizza. 

Okay, let the cost of the family-size pizza is the cost of the family-size pizza. The cost of the family-size pizza. The cost of the family-size pizza. 

Okay, let the cost of the family-size pizza. The cost of the small pizza is $8. The family-size pizza is 3 times the cost of the family-size pizza. The cost of the small pizza is $8. The cost of the small pizza is $8. The family-size pizza. The cost of the small pizza is $8. The family-size pizza costs of the cost of the family-size pizza is the cost of the family-size pizza. The cost of the small pizza is $8. The family-size pizza costs of the family-size pizza. The cost of the small pizza is $8. The family-size pizza costs 3 times the cost of the family-size pizza. The cost of the small pizza is",False,True,captured
gsm8k_498,gsm8k,0.5B,16,stochastic,42,24.0361,330.06,92.96,256,10.65,1221,179,78,0.1466,2.29,False," 

First, we need to find out step by step:

1. First, we need to find out the total number of oranges Ashley brought  step by step:

1. First, find out step by step:

1. First, we need to find out the total number of oranges they have  step by step:

1. Calculate the total number of oranges Ashley brought is the steps:

1. First, we need to find out the steps:

1. First, find out how many oranges Ashley brought. Ashley brought  step by step:

1. First, we need to find out how many oranges Ashley brought  step by step:

1. First, calculate the total number of oranges they need to first. 

First, we need to find out how many oranges Ashley brought. 

First, we need to find out how many oranges Ashley brought. Ashley brought 5 boxes with  step by step:

1. First, calculate the total number of oranges they first. 

First, we need to find out how many oranges Ashley brought. Ashley brought 5 boxes with  step by step:

1. **step by first. 

First, we need to find out how many oranges Ashley brought. Ashley brought 5 boxes with 10 oranges each step by step:

",False,True,captured
gsm8k_510,gsm8k,0.5B,16,stochastic,42,29.8579,329.13,115.8,256,8.57,1518,159,98,0.1047,1.62,False," (Assume that he has no weight gain during the year and that he burns  2000 calories from the same amount of calories per day and consumes the same amount of calories each day, 2000 calories a constant calories per day.)

Okay, let's see. Andy wants to lose 30 pounds by July 180 calories per day and consumes the same amount of calories each day from the food calories per day, and consumes the same amount of calories each day.)

Okay, let's 2000 calories a day from the food he will be able to consume 2000 calories a total calories per day from the food he has a constant amount of calories from the food he eats the same amount of calories each day.)

Okay, let's say, 2000 calories a day and consumes the same amount of calories each day.)

Okay, let's say, and consumes the same amount of calories each day.)

Okay, let's say, 2000 calories a day, 2000 calories a day and consumes the same amount of calories each day.)

Okay, let's say, 2000 calories a day. (Assume that he burns 2000",False,True,captured
gsm8k_512,gsm8k,0.5B,16,stochastic,42,26.6826,330.37,103.34,256,9.59,1355,171,86,0.1262,1.99,False," 

Okay, let's see. So, the total distance by  by 60 ml by  by 60 ml by 60 ml per kilometer by 60 ml by 60 ml per kilometer to find by  by 60 ml per kilometer to find by 60 ml by 60 ml per kilometer by 60 ml by the amount by 60 ml per kilometer to find the amount by 60 ml per kilometer to find the total water per kilometer by 60 ml per kilometer by 60 ml per kilometer to find the total water per kilometer by the amount of water per kilometer. 

Okay, let's by  by 60 ml per kilometer to find the total water per kilometer by 60 ml per kilometer to find the total water per kilometer. 

Okay, let me by  by 60 ml per kilometer to find the total water needed water per kilometer. 

Okay, let me by 60 ml by 60 ml per kilometer to find the total amount by 60 ml per kilometer to find the total water per kilometer by 60 ml per kilometer",False,True,captured
gsm8k_522,gsm8k,0.5B,16,stochastic,42,35.8072,329.62,139.13,256,7.15,1823,140,117,0.0768,1.2,False," 

Let's total number of quarts each person's rate of each person's hourly picking rates at each person's hourly picking rates at each person's picking rates at each person's picking rate at each person's picking rate:

First, let's determine the individual rates of each person's total number of quarts each person's total number of quarts each person's rate at each person's hourly picking rates at each person's picking rate at each person's picking rate:

- 

Let's break-evening per-hour picking rates of each person's total number of quarts of each person's rate at which is a. 

Let's break-even point where:

First, let's break-even point for each person's rate at which each person's rate at which each person's rate and then add up the rates at each person's picking rates at each person's picking rate:

Let's break down the line of each person's rate at which each person picks per-hour rates at which is the total number of quarts of each person's rate at which each person picks per hour for each person, let's break-evening per hour. 

First, let's determine the number of quarts each person can pick per hour. Let's break-even point where:

- 

Let's",False,True,captured
gsm8k_524,gsm8k,0.5B,16,stochastic,42,28.784,329.09,111.59,256,8.89,1466,164,93,0.1119,1.76,False," 

Wait, that by the number of tulips by the number of tulips by the number of tulips by the number of tulips per row. But wait, but wait, but I think that by the number of tulips per row. 

Wait, the total tulips by the number of tulips per row. But wait, the total by the number of tulips by the number of tulips by the number of tulips per row. But wait, no. But wait, no. But wait, but wait, but wait, but wait, but wait, that by the number of tulips per row. But wait, that by the number of tulips per row. Wait, that by the number of tulips per row. Wait, that by the number of tulips per row. But wait, but I think that's the total tulips by the number of tulips per row. But wait, no. of the total by the number of tulips per row. But wait, but I think that's not sure. Let me check if they by the number of tulips per row. But wait, no, but I think that's not sure. Wait, that by the number of tulips per row. But wait, no",False,True,captured
gsm8k_525,gsm8k,0.5B,16,stochastic,42,24.8115,328.19,96.01,256,10.32,1258,175,82,0.1391,2.13,False," To make a batch of oatmeal cookies, she needs 3/4 cup of raisins. A batch of granola needs 3/4 cup of raisins. How many batches of oatmeal, granola needs 3/4 cup of raisins. raisins. (same as the question is that is there a typo?

Wait, the raisins. (same as above. 

Wait, the question seems like the raisins. (this is a cup of raisins. To make a batch of oatmeal cookies, she needs 3/4 cup of raisins. How many batches of oatmeal cookies can Heather make if she divides the bag of raisins. 

Wait, the question seems like the question. (There's raisins. For the raisins. (the raisins. For the granola, granola, granola, and  raisins. For the granola, she needs 3/4 cup of raisins. How many batches of oatmeal cookies, granola needs 3/4 cup of raisins. How many batches of oatmeal cookies can Heather make if she divides the bag of raisins. raisins. For the granola, she needs 1. 

Wait, the raisins.",False,True,captured
gsm8k_526,gsm8k,0.5B,16,stochastic,42,23.409,328.46,90.51,256,10.94,1189,182,75,0.1531,2.43,False," 

Then, find the total consumption per day. 

The total consumption before adding the new device. 

Before adding the new device, Ada's daily.

Before adding the new device, Ada's daily.

Before adding the new device, Ada's daily consumption per day. 

Before adding the new device, Ada's daily consumption is:

Before adding the new device, Ada's daily consumption is  (in kilowatts per hour. 

Before adding the new device, Ada's daily consumption is  (in kilowattic. 

The total consumption before adding the new device, then multiply by the cost per day. 

Before adding the new device, Ada's daily electric bill for one day. 

Before adding the new device, the total consumption per day before adding the new device, then find the total consumption before adding the new device, then multiply by the cost per kilowatt per hour per day. 

Before adding the new device, Ada's daily electric consumption per day. 

Before adding the new device, Ada's daily consumption is  (in kilowatt hours per day. 

Before adding the new device, Ada's daily consumption is 1. 

Before adding the new device, Ada's daily consumption is 12. 

Before adding the",False,True,captured
gsm8k_528,gsm8k,0.5B,16,stochastic,42,31.6201,330.62,122.7,256,8.1,1606,154,103,0.0959,1.5,False," 

Okay, let's start by identifying variables I have sofas and chairs Ophelia has. Ophelia has. 

Okay, let me think
Okay, let me. Ophelia has. 

Okay, let me have sofas and chairs Ophelia has. 

Okay, let me think. 

Okay, let me and chairs Ophelia has. 

Ophelia has. 

Okay, let me figure out how many chairs Ophelia has. 

Since Ophelia has 20
Okay, let me figure out how many chairs Ophelia has. 

We are the two fewer sofas than chairs. So, chairs Ophelia has. 

Okay, let's chairs Ophelia has. Since Ophelia has. Ophelia has. 

Okay, let's sofas and chairs Ophelia has. The problem says that Ophelia has. 

Okay, let's sofas and chairs Ophelia has. 

Ophelia has 20

Okay, let me think. 

Okay, let's chairs Ophelia has. Since Ophelia has. Ophelia has. Ophelia has. 

Okay, let me start by using the number of chairs Ophelia has. Since Oph",False,True,captured
gsm8k_531,gsm8k,0.5B,16,stochastic,42,19.7279,328.28,76.08,256,12.98,999,194,63,0.1942,3.08,False," 

Initially, there are 48 people are initially, step by step:

1. Start with 48 people on the first. 

Step 1: Start with 48 people on the first stop:

1. Start with 48 people on the bus:

1. 

Step 1. 

Initially, there are 48 people on the bus. 

At the first stop, 8 passengers get off, step by step:

1. Initially, there are 48 people on the bus. 

At the first stop, 8 passengers get off. So, initially, there are 48 people are initially. 

Step 1: Start with 48 people on the bus. At the first stop, 8 people are initially, step by step:

1. Start with 48 people on the bus. 

Step 1: Start with 48 people on the bus. At the first stop, 8 people are initially. 

Initially, there are 48 people on the bus. 

At the first stop, 8 passengers get off. So, the steps:

1. Start with 48 people on the bus.
Step 1: Start with 48 people on the bus. At",False,True,captured
gsm8k_535,gsm8k,0.5B,16,stochastic,42,33.1615,328.63,128.76,256,7.72,1688,147,110,0.0871,1.34,False," 

Okay, let's start by figuring out how many candies George has  So, George has 3 candies left after eating 5. So, George had twice as many candies. 

Okay, let me think
Okay, let's start by figuring out how many candies George had originally, I know that George has 3 candies left after eating 5. So, before George has 3 candies left for the problem says that Nick had twice as many candies as George. So, George ate 5 candies. 

Okay, let me start by figuring out how many candies George had before he had twice as many candies. 

Okay, let's candy. 

Okay, let's first, I know that George has 3 candies left after George ate 5 candies. 

Okay, let me start by figuring out how many candies George had before he had twice as many candies. 

Okay, let me think...Okay, let me think
Okay, let's start by figuring out how many candies George had before George ate 5 candies. 

So, George has 3 candies left after George ate 5 candies. 

Okay, let me think...Okay, let me think...Okay, let me think...Okay, let's start by the problem says that",False,True,captured
gsm8k_536,gsm8k,0.5B,16,stochastic,42,29.4048,329.34,114.02,256,8.71,1494,162,94,0.1084,1.72,False," 

First, we start by first, let's break-evening of Anne's age. Let's break-evening.

First, we determine Anne's age. Let's break-even point where:

First, we determine Alyana's age first, let's break it's age of Anne's age. 

Final Answer:  age of Anne. Let's break it down step-by step-by first, second number of Anne's age. 

First, we determine Alyana's age. Since Chenny is 10 years old and Alyana is 4 years younger than Chenny. Let's break it down step by step.

1. Chenny is 10 years old.
2. Alyana is 4 years younger than Chenny. Let's break it down step by step:

First, we can be age of Anne's age based on the given information step-by first, second step-by-step-by step reasoning step-by-step solution step-by-step process of Anne's age. Let's break it down step by step.

1. Chenny is 10 years old of Anne's age. Let's break it down step by step.

1. Chenny is 10 years old.
2. Alyana is 4 years younger than Chenny.",False,True,captured
gsm8k_537,gsm8k,0.5B,16,stochastic,42,33.402,329.85,129.69,256,7.66,1699,148,109,0.0871,1.36,False," 

First, let's break down the thicknesses of the thicknesses of all the thicknesses of all the thicknesses of all four different thicknesses of all the thicknesses of all four books. 

First, step by first book thicknesses of the thicknesses of all the thicknesses of all four numbers. Let's break down the thickness of the thicknesses of all four numbers. Let's break down the thickness of each book's thickness:

1. Let's break down the thickness of each book's thickness:

1. The thicknesses of the four numbers for each book's thicknesses of the thickness of the thicknesses of all four books' the thickness of the thicknesses of all four books' the thickness of each book's thickness. 

First, let's find the thickness of each book's thickness of the thickness of each book's thickness:

1. The thicknesses of the four books' thicknesses. Let's break it's thicknesses of all the thicknesses of all four books. 

First, let's calculate the thicknesses of the four books. Let's break it's thicknesses of the thicknesses of all four books. 

First, let's find the thickness of each book and calculate the thicknesses of the thicknesses of all four books",False,True,captured
gsm8k_540,gsm8k,0.5B,16,stochastic,42,31.6092,329.02,122.67,256,8.1,1608,154,103,0.0958,1.5,False," 

First, solve the problem step by step.
Okay, let's try to figure out how much money sharing $18 is shared money problem out how much money problem out how much the problem out how much the problem out. So, the problem is this out how much money the eldest boy's out how much the problem out how much the eldest's out how much the problem out. So, the problem out how much the eldest boy has the problem out. So, the problem out how much the problem out. So, the problem out how much the eldest boy has now. So, the problem out. So, the problem is out. So, the problem is about this out how much the problem out. So, the problem is about sharing $18 among 3 boys. So, the problem out. So, the problem out. So, the problem is out. So, the problem is about this problem out how much money sharing $18 is this out how much the eldest's out how much the eldest's share. The problem out. So, the problem out. So, there. So, the problem is about this problem out how much money sharing $18 among the problem out. So, the problem is this out. So, the",False,True,captured
gsm8k_544,gsm8k,0.5B,16,stochastic,42,31.2724,328.14,121.35,256,8.19,1587,155,101,0.0977,1.53,False," 

Let me define variables. Let's the relationship between the relationship between the relationship between the amounts. Let's the relationship between the amounts. Let me that Jeff and define variables. Let me assign variables to the amounts they need to find out the relationship between the amounts that Jeff's the relationship between the amounts that Jeff's that Jeff's amount Brad's share of the relationship between the amounts that Jeff's amount of the relationship between the amounts that Jeff and define variables. Let me let me that Jeff's amount is that Jeff and define variables. Let me denote Brad's share. Let's that Jeff's amount is  that Jeff and define the relationship between the amounts that Jeff's amount is 4 times Brad's share. If Jeff and define variables. Let me let the relationship between the amounts that Jeff and define the relationship between the amounts that Jeff and Brad's share. If Jeff gets 4 times as much as Brad. We need to find out how much Jeff gets. The problem states. We need to divide 100 dollars between Jeff and Brad are trying to divide $x

Let me denote Brad's share. We need to divide 100 dollars between Jeff and Brad. The problem states that Jeff and define variables. Let me let the amount Brad's",False,True,captured
gsm8k_547,gsm8k,0.5B,16,stochastic,42,25.5928,330.35,99.07,256,10.0,1284,172,84,0.134,2.05,False," (Note: If a family is not contacted, it will not be counted as a (Note: (Note: If a family is not contacted, it will not be counted as a participant in the tree. (Note: If a family is not contacted, it will not be counted as a
Okay, let's see note: (Note: If a family is not contacted, it will not be counted as a (Note: If a family is not contacted, it will not be counted as a participant in the tree. So, then they are not contacted family that is not contacted family that is called family that is called family. So the tree is notif it will not be counted as a (Note: If a family is not contacted, it will not be counted as a
Okay, let's call. (Note: If a family is not contacted, it will not be counted as a (Note: If a family is not contacted, it will not be counted as a
Okay, let's say, they will notif it is not contacted, they are not counted as a family that is not contacted, it will not be counted as a participant in the problem.)

Okay, let's say, they are not counted as a family that is notified family",False,True,captured
gsm8k_562,gsm8k,0.5B,16,stochastic,42,28.9357,330.7,112.18,256,8.85,1467,163,94,0.1111,1.73,False," Also, the pyramid has a height of 200 meters. What is the height of the sun's height of the sun's height of the sun's height of the sun from the ground to the ground distance from the ground to the ground distance from the base length of the shadow length of the shadow of the sun's height of the sun from the ground to the sun's height of the pyramid's height from the ground to the sun's height from the ground to the sun?

Wait, the height of the sun's height of the pyramid's height in the height of the sun's position of the pyramid's height from the ground to the sun after the total height of the sun's position of the sun's height of the pyramid's angle of the height of the sun's position at the tip of the pyramid from the ground to the ground distance from the base of the pyramid to the tip of the pyramid from the ground to the sun's position in the shadow length at the tip of the pyramid? (a length of the angle of elevation angle of elevation from the ground distance from the ground distance from the ground distance from the tip of the pyramid from the ground to the sun? (The height of the pyramid's height of the sun from the ground to the sun at the",False,True,captured
gsm8k_571,gsm8k,0.5B,16,stochastic,42,44.7438,329.88,174.17,256,5.72,2282,111,146,0.0486,0.76,False," 

Okay, let's break down to calculate the cost of them. Each vaccine costs $20, and each vaccine costs for the cost of the vaccines, so the cost of spaying cost of them. Each vaccine(since the question says ""3 vaccines, so many steps: 

Okay, let me. So, so the cost of spaying cost of them. Let me calculate the 3 vaccines, so I think
3 vaccines, so the 3 vaccines, so many steps to calculate the cost of the vaccines. Each vaccine costs $20, and each vaccine costs $20, so the vaccines, so 3 vaccines, so 3 vaccines, so 3 vaccines, so I think that cost of them. Then, I think




Okay, let's break down to calculate the total vaccines, so the total cost of the vaccines is $3 vaccines, and each costs $20. 

Okay, let me see, so 3 vaccines, so many steps here, so 3 vaccines, so 3 vaccines, so 3 vaccines, so the cost of the vaccines is 3 times 3 vaccines, each vaccine costs $20 each vaccine costs for the vaccines, so 3 vaccines, so 3",False,True,captured
gsm8k_576,gsm8k,0.5B,16,stochastic,42,29.889,329.44,115.92,256,8.57,1518,159,98,0.1047,1.62,False," 

Okay, let's see. The new carpet costs $12 per square foot plus $2 per square foot for padding. Hmm, I need to calculate the total cost. Hmm, I need to calculate the total cost for the new carpet costs for the cost details about the costs for the new carpet, the costs for different costs for the new carpet costs for the new carpet costs for different costs for the cost information about the costs of several costs for the cost details about the costs of the costs for the new carpet, I need to calculate the total cost. Let me break it down step by step.

First, I need to calculate the total cost for him several costs and I need to calculate the total cost, I need to calculate the total cost, I need to calculate the total cost for the cost information about the costs of several costs and I need to calculate the total cost for different costs for different costs for the new carpet costs for the new carpet, I need to calculate the total cost for him several costs and I need to calculate the total cost. Let me break down different costs for the new carpet, I need to calculate the total cost for him several costs and dimensions of several costs and I need to calculate the total cost. Hmm, I need to calculate",False,True,captured
gsm8k_578,gsm8k,0.5B,16,stochastic,42,42.3298,327.14,164.72,256,6.05,2156,120,137,0.0557,0.88,False," 

Okay, let's break-even though process described operations that is the starting value. The problem involves a number train that starts with the expression for the expression for the given starting value, starting value, let me.
Okay, let's try to write an expression for the final value based on the description of the number train'st

Okay, let me.
Okay, let me. 

Okay, let me. The problem says Diane'st
Okay, let me. Let me try to write the expression for the given starting value. The starting value is given expression for the number train. The problem'st
Okay, let's break-even though process.
Okay, let me. I need to find the final value of the number train based on the given starting value. The starting value. The problem is a number train'st. Let me define the expression for the number train. 

Okay, let's try to the expression for the given starting value of the expression for the expression for the starting value, let me. I need to find the expression for the final value. The problem says Diane'st
Okay, let'st. Let me break-even though process.
Okay, let's see the expression for the number train's starting value. The starting value",False,True,captured
gsm8k_580,gsm8k,0.5B,16,stochastic,42,25.5919,330.02,99.07,256,10.0,1298,175,82,0.1348,2.13,False," Let's solve this problem.
Step 1: What is the difference between the actual temperature and desired temperature and desired temperature and the temperature and desired temperature and desired temperature and the temperature and the temperature and the set temperature and desired temperature and desired temperature and the set temperature and the desired temperature when she set temperature and the temperature and the set temperature when she sets and desired temperature and desired temperature and the set temperature when she sets it's temperature and the set temperature and the desired temperature when she sets it to the temperature and the set temperature when she sets it to 450 and desired temperature and the set temperature when the temperature and the set temperature when the temperature and the set temperature when the oven temperature and the set temperature when the oven is 450 and the set temperature of the oven when set temperature and desired temperature and the set temperature when the oven is set temperature and the set temperature when the oven is set to the temperature and the set temperature when the oven is set to 450? The problem says the temperature and desired temperature and the set temperature when the oven is set to 450? I think
temperature and desired temperature when Maggie's temperature and desired temperature and the set temperature when the oven is set to 450? 

Okay",False,True,captured
gsm8k_581,gsm8k,0.5B,16,stochastic,42,21.4689,329.32,82.9,256,11.92,1085,187,70,0.1724,2.67,False," 

Okay, let's see. Max is watching times into minutes. The first movie is 1 hour and 30 minutes long into minutes. The first movie's durations into minutes. The first movie is 1 hour and 30 minutes longitudes into minutes. The first movie's durations into minutes. 

Okay, let's break times into minutes. The first movie is 1 hour and 30 minutes longitudes into minutes. 

Okay, let's break times into minutes. The first movie is 1 hour and 30 minutes long. The first movie's durations into minutes. 

Okay, let's break times into minutes. The first movie is 1 hour and 30 minutes long durations into minutes. The first movie is 1 hour and 30 minutes long. Since the first movie into minutes. The first movie is 1 hour and 30 minutes long. Since the first movie into minutes. The first movie is 1 hour and 30 minutes long. Since the question into minutes. The first movie is 1 hour and 30 minutes long. Converting the first movie into minutes. The first movie is 1 hour and 30 minutes long. Converting hours to minutes. The first movie",False,True,captured
gsm8k_583,gsm8k,0.5B,16,stochastic,42,29.0671,331.45,112.69,256,8.81,1477,163,94,0.1104,1.73,False," 

Okay, let's start by identifying that is a dozen cups, so that's 12 cups. Then, she bought twice as many dishes as cups and then the number of cups and then, so the number of cups and then, which is  dozen cups and then, so that is a dozen cups, which is 12 cups and then, so the number of cups and then twice as many dishes as cups. A dozen is 12, so she bought a dozen cups, which is 12 cups and then, so the problem says she bought a dozen cups, so that's 12 cups. Then, she bought a dozen cups, so that's 12 cups. Then, she bought twice as many dishes as many cups and twice as many dishes as cups. So, if I'll, so the number of cups and then twice as many dishes as cups. So, the problem says she bought a dozen cups, so that's 12 cups. Then, she bought a dozen cups, which is 12. dozen cups, which is 12. Then, I need to find out of cups and twice as many dishes as cups. A dozen is 12, so she bought a dozen cups,",False,True,captured
gsm8k_585,gsm8k,0.5B,16,stochastic,42,35.0254,329.33,136.06,256,7.31,1781,144,113,0.0809,1.27,False," 

Okay, let's start the total amount that amount that amount that total amount that John's total amount that amount for John's total amount that amount that amount that total amount that John's total earnings for John's total amount that total amount that John earned by how much John's total amount that John's total amount that John's total amount that John earned. 

Okay, let me think
Okay, let me the total amount that John earned. 

Okay, let me the total amount that John's total amount that amount that John's total amount that John's total amount that John's total amount that John earned. Then, I need to find the total amount that John earned. 

Okay, let me the total amount that John earned. Then, I need to find the total amount that John earned. Then, I need to find the total amount that John earned. 

Okay, let's start
Okay, let me the total amount that John earned. Then, I need to find the total amount that John earned. Finally, I need to subtract the total amount that John's total amount that John earned by how much John earned by how much John's total earnings for John. 

Okay, let's start the total amount that John earned. Then, I need to",False,True,captured
gsm8k_586,gsm8k,0.5B,16,stochastic,42,24.1134,329.71,93.27,256,10.62,1219,178,79,0.146,2.25,False," 

Okay, let's break it's 2 hours doing aerobics, so I need to calculate the calories doing aerobics for aerobics for aerobics for aerobics for aerobics for aerobics and 2 hours doing aerobics, which burns 500 calories per hour, let's 2 hours doing aerobics, which is 2 hours doing aerobics, which is 2 hours doing aerobics, let's 2 hours doing aerobics, which burns 500 calories per hour. So, so for aerobics, which is 2 hours doing aerobics, which is 2 hours doing aerobics, which is 2 hours doing aerobics, which burns 500 calories per hour. So, for aerobics for aerobics, which is 2 hours doing aerobics, which burns 500 calories per hour. So, for aerobics for aerobics and  hours doing aerobics, which burns 500 calories per hour. So, for aerobics, which is 2 hours doing aerobics, which burns 500 calories per hour. 

Okay, let's calculate",False,True,captured
gsm8k_587,gsm8k,0.5B,16,stochastic,42,37.2044,334.1,144.59,256,6.88,1895,137,119,0.0723,1.15,False," 

Okay, let's see, blue and green jelly beans there are in the jar. The note. Let me define the jar, blue and green jelly beans there are in the jar.  and green and green and green and green and blue and green and green and blue and green jelly beans there are. The problem. 

Okay, let's, blue and green jelly beans there are. Let me think. The problem.
Okay, let's call blue and green jelly beans there are. Let me call green and green and blue jelly beans there are. The problem. Let me think about the number of blue and green jelly beans there are. The problem. blue and green jelly beans there are in the jar. The note says that there are in the jar. Let me try to define the jar contains, blue and green jelly beans there are. Let me call the number of blue jelly beans B. 

Okay, let's, blue and green jelly beans there are. The note says that there are in the jar.  Let me solve this is blue and green jelly beans there are. The note says that there are in the jar. Let me define the jar contains a, blue and green jelly beans there are. Let me denote the number of blue jelly beans.",False,True,captured
gsm8k_588,gsm8k,0.5B,16,stochastic,42,36.2122,328.83,140.72,256,7.07,1844,139,117,0.0754,1.19,False," 

Okay, let's see. The three measurements together. 

Okay, let's see the three measurements together. Finally, divide by the three measurements together. Then, and divide by 47, 52, and the three measurements together. Then, divide by 3 to the three measurements together. Finally, divide by 3. 

Okay, let's three measurements together. Finally, divide by the three measurements together. Then, find the average of the three measurements. 

Okay, let's see, what? 

Okay, let's see the three measurements together. Finally, divide by the number of words per minute to the three measurements together to the three measurements together. Finally, divide by the three measurements together and divide by 3 to the three measurements together. Then, we need to find the average of the three measurements. 

Okay, let's see, and divide by 3 to the original speed and divide by 3 to find the average of the three measurements. 

Okay, let's see the three measurements together to the three measurements together. Then divide by 3 to the three measurements together and divide by 3 to the three measurements together and divide by the three measurements together and divide by the three measurements together and divide by the number",False,True,captured
gsm8k_591,gsm8k,0.5B,16,stochastic,42,36.3351,328.78,141.2,256,7.05,1848,138,119,0.0747,1.16,False," 

First, I need to solve this problem. Let's see. So, the first dog weights are four dogs are four dogs are four dogs are four dogs are four dogs in the first dog weights of the dogs are four dogs in the problem is a
Okay, let's break this down step by step. There are four dogs in affenpinscher is affenpinscher is a line of the dogs are four dogs in the problem, the dogs are in the dogs are four dogs in the problem, I need to find the weight of the Mastiff. 

Okay, let's break down of the dogs are four dogs are four dogs in the problem, the first dog is the dogs are in the problem, let's break down the line of the dogs are four dogs in the problem, the dogs are in affenpinscher is a line of the dogs are four dogs in affenpinscher is 1st dogs are four dogs in affenpinscher is 10
Okay, let's break down to find the weight of the Mastiff. The problem is the dogs are in a line: 

Okay, let's break down the line of the dogs in the problem, first dog is the Affenpinscher, which is affenpins",False,True,captured
gsm8k_599,gsm8k,0.5B,16,stochastic,42,28.6824,329.08,111.19,256,8.93,1456,162,95,0.1113,1.71,False," Also, a pet store has 3 more dogs than cats. How many legs do the pets in total do the pets in total the pets in total the pets in the pets in the store have in total do the pets in the store have?

Wait, the pets in the store have?

Wait, the problem is asking for the same store have in total do the pets in the store have? (the same store have?

Wait, the second pet store have in total do the pets in the store have?

Wait, the second pet store have?

Wait, the second pet store have?

Wait, the problem seems like the pets in the store have?

Wait, the second pet store have?

Wait, the pets in the store have? (There are 23 more than cats have in total the pets in the store have?

Wait, the problem seems like, the pets in the store have?

Wait, the problem seems like the first question?

Wait, the second part of the problem?

Wait, the second part of the question is asking for?

Wait, the problem seems like the problem? (the pets in the store have? (the same) the pets in the store have?

Wait, the problem seems like the first question? Also, a total?

Wait",False,True,captured
gsm8k_608,gsm8k,0.5B,16,stochastic,42,30.1193,329.88,116.82,256,8.5,1529,159,98,0.104,1.62,False," 

Final Answer: <number>
Okay, let's see. Joe has $50. There's a 30

Final Answer: 30

First, we need to find the total cost of the shirt and shorts and then subtract that from Joe's total cost of the total cost of the shirt and shorts prices of the total cost of the items Joe'step-by first, the total cost of the items after applying the discount on-sale price of the shirt and shorts, first, we need to calculate the total cost of the items after applying the 30% discount on-sale price of the shirt and shorts, first, we need to calculate the total cost of the shirt and shorts prices of the shirt and shorts prices of the shirt and shorts price of the shirt and shorts prices of the shirt and shorts, we need to calculate the total cost of the shirt and shorts price of the shirt and shorts, apply the discount on-sale price of the shirt and shorts, calculate the total cost of the shirt and shorts price of the shirt and shorts after the total cost of the items after applying the discount and then subtract that from Joe's total money Joe'sale price of the shirt and shorts prices of the shirt and shorts, apply the discount to find the total cost",False,True,captured
gsm8k_612,gsm8k,0.5B,16,stochastic,42,19.8666,329.99,76.61,256,12.89,1007,193,64,0.1917,3.02,False,"  (D) 3280 ounces (D) 32 ounces (D) 3260 ounces (D) 60 ounces (D) 328 ounces (D) 32 ounces (D) 32 ounces (D) 32 ounces (D) 32 ounces (E) 32 ounces (D) 32 ounces (E) 360 ounces (D) 32 ounces

Wait, that's not enough information to be 32 ounces (D) 32 ounces (D) 32 ounces (E) 32 ounces

Okay, let's see. So, 32 ounces (D) 32 ounces (E) 32 ounces

Okay, let me 32 ounces (D) 32 ounces (E) 360 ounces (D) 60 ounces (D) 60 ounces (D) 32 ounces (E) 32 ounces (D) 360 ounces (D) 72 ounces (D) 72 ounces (D) 12 ounces (D) 32 ounces (D) 32 ounces (",False,True,captured
gsm8k_615,gsm8k,0.5B,16,stochastic,42,48.506,332.01,188.92,256,5.28,2472,99,158,0.04,0.63,False," 

Okay, let's see. I need to calculate the total amount she spent in the total amount spent on

Okay, let's see the total amount in the total amount spent>

Okay, let me the total amount spent on the total amount spent. 

Okay, let me think>
Okay, let me think>
Okay, let me, the total amount spent, I need to calculate the total amount she spent.

Okay, let me
Okay, let me. Let's see the total amount spent on the aquarium, let me.
Okay, let me to find the total amount spent by
Okay, let's see the total amount spent by the total amount spent by adding up all the costs for the total amount in the problem
Okay, let's see the total amount spent by the way to find the total amount she spent in the problem. 

Okay, let me to the total amount spent by step-by-the-number>
Okay, let me.52530. 

Okay, let's spend?

Okay, let's see the total amount spent by the total amount spent.

Let me calculate the total amount spent by the total amount spent on

Okay, let's see the total amount she spent.

Okay, let me
Okay, let's see the",False,True,captured
gsm8k_616,gsm8k,0.5B,16,stochastic,42,40.9026,329.81,159.11,256,6.26,2083,124,133,0.0595,0.93,False," 

Okay, let's see. Jane has a height in the beanstalk after 18>
Okay, let's see the beanstalk after  Let's height in the third week's height in the third week, let's see the beanstalk after 3 inches>
Okay, let's see the beanstalk after 3 weeks is 3 inches. 

Okay, let's see the beanstalk after 30>
Okay, let's see the beanstalk after  Let's solve the beanstalk after 3 weeks. 

Okay, let's see the answer here's height in the third week. So, the beanstalk after  154218>
Okay, let's see the problem, the beanstalk after 3 weeks is the beanstalk after 3 inches>
Okay, let's see the beanstalk after 3 weeks.

Okay, let's see the beanstalk after 3 weeks is the answer > 

Okay, let's see the beanstalk after 3 weeks is the beanstalk after 3 weeks is the beanstalk after 3 weeks is the beanstalk after 3 weeks is the answer.
Okay, let's see the beanstalk after 3 weeks is the beanstalk after 3 weeks.

Okay, let",False,True,captured
gsm8k_618,gsm8k,0.5B,16,stochastic,42,23.2047,328.55,89.71,256,11.03,1176,182,75,0.1548,2.43,False," 

First, let's start by calculating the total seats in the auditorium step by step:

1. Calculate the total number of seats in the auditorium first the total seats, step by step:

First, let's start by calculating the total number of seats in the auditorium. First, we calculate the total number of seats, step by step:

1. Calculate the total number of seats in the auditorium first the total number of seats in steps:

1. Calculate the total number of seats in the auditorium first. First, let's find the total number of seats in steps:

1. Calculate the total number of seats in the auditorium:
1. Calculate the total number of seats in the auditorium first. First, we need to calculate the total number of seats, then add each part by step:

1. Calculate the total number of seats in the auditorium: 

First, let's first the total number of seats, step by step, step by step:

1. Calculate the total number of seats in the auditorium first the total number of seats in the auditorium first the total number of seats, step by step, step by step, step by step, step by step, step by step, the total number of seats, step by step",False,True,captured
gsm8k_622,gsm8k,0.5B,16,stochastic,42,31.6549,330.32,122.84,256,8.09,1608,152,105,0.0945,1.45,False," Let's solve this step by step.
Final Answer: <number>
Final Answer: Let's solve this step by step.
Final Answer: 10

Okay, let's see. Jim starts with 14

Let's

Okay, let's see, let's solve this step by step
Okay, let's solve the answer is 14

Let's

Final Answer: 14

Step 13

Step 14

Okay, let's see, the problem is 16

Final Answer: 10

Step 1: 

Okay, let's see, I need to figure out how many pieces of gum Jim has left at the end of the total_gum
Okay, let's solve this step by step
Okay, let's solve this is 10

Okay, let's see, I need to calculate the total gum he has left at the end of the day, 16

Okay, let's solve this step by step.
Okay, let's see the answer
Okay, let's see the steps below is 10.

Okay, let's see, the answer
Okay, let's see, the problem. 120

Step 1: Determine the total",False,True,captured
gsm8k_623,gsm8k,0.5B,16,stochastic,42,16.1808,332.72,62.15,256,15.82,817,204,52,0.2497,3.92,False," 

Let me solve this problem step by step.
Step 1: Start with the given information. Charmaine will be 16 years old in 12 years. So, right now. Charmaine will be 16 years. Charmaine will be 16 years old in 12 years. So, right now, Charmaine will be 16 years. Charmaine will be 16 years old in 12 years. So, to find out that Charmaine will be 16 years old in 12 years. Charmaine will be 16 years old in 12 years. So, if you have  information. Charmaine will be 16 years old in 12 years. So, to find out that Charmaine will be 16 years old in 12 years. So, to find out of the information. Charmaine will be 16 years old in 12 years. So, which is that Charmaine will be 16 years old in 12 years. So, which is that Charmaine will be 16 years old in 12 years. Charmaine will be 16 years old in 12 years. So, her age",False,True,captured
gsm8k_628,gsm8k,0.5B,16,stochastic,42,35.1581,330.26,136.58,256,7.28,1787,143,114,0.08,1.25,False," 

Okay, so 12 inches, I need to convert Adam’s height in the same as many inches. So, I need to convert Adam’s height is 12 inches, 12 inches, I need to convert Adam’s height in inches, I know that 12 inches, I need to convert Adam'something. 12 inches, I need to convert Adam’s height. So, 12 inches, I need to convert Adam's height is 12 inches, I need to convert Adam's height is 12 inches, I need to convert Adam's height from the same as many inches as many inches. So, 12 inches, I can be 12 inches, I know that 1 foot. So, Adam’s height is 40 inches. So, Adam’s height is 40 inches. I need to convert Adam'something. So, Adam's height in. So, Adam’s height is 40 inches. To convert Adam's height is 12 inches, I can be careful. Let me think. 12 inches, I need to convert Adam's height from the same as 12 inches, let me think. 12 inches, I need to convert",False,True,captured
gsm8k_631,gsm8k,0.5B,16,stochastic,42,21.0259,328.09,81.17,256,12.18,1063,189,68,0.1778,2.78,False," 

Next, I need to find the price of the price of the price of the silver. I need to find the price of the silver Jewell. Then, I need to find the price of the silver. I need to find the price of the silver. Then, add the price of the silver. I need to find the price of the silver Jewell. Then, I need to find the price of the silver Jewell. Then, I need to find the price of the silver Jewell. Then, I need to find the price of the silver Jewell. The price of the gold price of the silver Jewell. I need to find the price of the silver Jewell. Finally, I need to find the price of the silver Jewell and then find the price of the silver Jewell. The price of the gold price is the price of the silver Jewell. Finally, I need to find the price of the silver Jewell and the price of the silver. 

Okay, let's start by understanding the problem. We need to find the price of the price of the silver Jewell. I need to find the price of the silver Jewell. Finally, I need to find the price of the silver Jewell and add the price of the",False,True,captured
gsm8k_640,gsm8k,0.5B,16,stochastic,42,44.3706,330.21,172.71,256,5.77,2261,113,144,0.05,0.78,False," 

Okay, let's see. Bill's new truck, let's see the total cost of the truck, let's break down, let's break>
Okay, let's see the total cost of the truck is the total cost of the king cab upgrade is   34855276994569547557853535350>
Okay, let's new truck's truck.
Okay, let's see the total cost of the truck.

First, let's break>
Okay, let's see the total cost of the truck is $30,000 +  Let's see, I need to calculate the total cost of the truck cost of the truck is the total cost of the king cab upgrade is the total cost of the truck cost of the king cab is the total cost of the truck. Let's

Okay, let's see the total cost of the truck is $546750>

Okay, let's see the total cost of the truck is $450>

Okay, let's new truck is the total cost of the truck, let's see, the total cost of the truck,  Final Answer: <number>
Okay, let's",False,True,captured
gsm8k_651,gsm8k,0.5B,16,stochastic,42,33.7411,328.09,131.03,256,7.59,1706,148,109,0.0868,1.36,False," 

First, we know that in steps:

First, step by first. 

First, we need to find the total amount Ariadne's:

First, we know that her sales in steps:

First, we know that in the first month, her sales in steps:

1. Let's step by first. 

First, we need to find out step by first. 

In the first month, Ariadne's sales for the information given that Ariadne's sales in the information given:

First, we know that the information given:

First, we know that in the first month, her sales from the total sales in steps:

First, we need to find out step by step by first. 

In the first month, Ariadne's sales in steps:

1. Let's first. 

First, we know that her sales from red hats were $400, step by step by first finding the total sales for the first month. 

We are the information given:

1. Let's denote the total sales from the information given:

First, we know that her sales from red hats were $400, and find the total sales for the first month. 

From the problem step by step.

First, we know that Ariadne's",False,True,captured
gsm8k_655,gsm8k,0.5B,16,stochastic,42,26.7404,326.12,103.59,256,9.57,1357,165,91,0.1216,1.81,False," 

Okay, let's see. Shiela needs to write a 15-page research paper pages Shiela has already written. She has already finished pages Shiela has already finished pages Shiela has already written pages Shiela has already written. Shiela has already finished pages Shiela has already written. She has already written. 

Okay, let's pages Shiela has already written. She has completed pages Shiela has already written. She has already written. Since Shiela has already written. She has already written. Since Shiela has already written. She has already written. Since Shiela has already written 1/3 of the paper is 1/3 of the paper pages Shiela has already written. She has already written. Since Shiela has already written. She has completed pages Shiela has already written. She has already written. Since Shiela has already written 1/3 of the paper is 1/3 of the paper. 

Final Answer: 1/3 of the paper is. She has already written. 

Okay, let's see, let's break it down step by step, we need to find. 

Final Answer: 10

Okay, let's see, let's break downvotes are already finished pages",False,True,captured
gsm8k_658,gsm8k,0.5B,16,stochastic,42,37.6251,327.7,146.26,256,6.8,1903,132,124,0.0694,1.06,False," 

Okay, let's break down the time for the time for each food cooking time for each individual times for each food. The problem says it to figure out the cooking time for each individual times for each food. I need to find the cooking time for each individual times for each food. 

Okay, let's break down the information about the cooking times for the cooking time for each food, the cooking time for each individual cooking time for each food, for each individual cooking time for each food. I need to find the cooking time for each food cooking time for each food. So, the cooking time for each individual times for each food. I need to find the cooking time for each individual cooking time for each food. I need to find the cooking time for each food cooking times for each food: 

Okay, let's see how long for each food, the time for rice, for each individual cooking time. Okay, let's break down the time for the cooking time for each food. 

We know that rice time for the cooking time for each individual cooking time for each individual times for each food. The problem says it took her 20 more minutes to cook time for each individual times for each food. The problem. Okay, let's figure out the time",False,True,captured
gsm8k_661,gsm8k,0.5B,16,stochastic,42,30.6871,332.75,119.04,256,8.34,1559,159,98,0.102,1.62,False," 

Okay, let's see. Roger wanted brand cost coffee he had to pay

Okay, let's see brand is  expensive brand cost coffee he bought was 20% more expensive brand is 20% expensive brand cost coffee he bought is 20% more expensive brand cost coffee is 20% more expensive than the normal pricey expensive brand is  expensive brand is 20% more expensive than the normal brand is 20% more expensive than the normal brand is 20% expensive brand cost  expensive brand is 20% more expensive than the normal brand.  expensive brand is 20% more expensive than the normal brand.  So, expensive brand is 20% more expensive than the coffee he has to be expensive brand is 20% more expensive than the normal brand.  So, the new coffee he paid for the coffee he had to pay the coffee he had to buy a
Okay, let's see, the more expensive brand is 20% more expensive than the normal brand cost coffee he had to buy a week's worth of coffee.  expensive brand is 20% more expensive than the normal brand.  So, the cost of the coffee he bought is 2",False,True,captured
gsm8k_672,gsm8k,0.5B,16,stochastic,42,45.6651,329.16,177.79,256,5.61,2330,108,149,0.0464,0.72,False," (Rest days are defined as days with mood type that is not good or bad, (Rest days that is this is that is that is, but in other than good days with rest days are considered as per the problem. Wait, that is, so that's are considered as neutral, but not counted as neutral is this is same as neutral). So, the total of course, but in other words like neutral is that is that is, but this is the rest days are considered neutral is that correct?)

Okay, let's try to figure out of course, and are considered as in other than good or neutral is that correct? 

Wait, the question may be neutral is that correct? Wait, that is that is, neutral is a.k. Wait, that is, neutral is a.k.a





Okay, let's see the rest days are considered as in other words like neutral are considered neutral). Wait, the problem says the rest are considered as in other words like neutral, and neutral is a.k.a. neutral is that correct?))

Okay, let mea.  but that is that is, and are considered neutral is this is a.k.a. neutral).)

Wait, that is that is, neutral is a.k.a.",False,True,captured
gsm8k_673,gsm8k,0.5B,16,stochastic,42,25.6353,330.57,99.23,256,9.99,1303,174,83,0.1335,2.1,False," Let's solve this step by step.
Final Answer: <21>

To solve Let's solve this step by step.
Step 1: Let's represent the number of books that problem, we need to find out this problem, we need to find the problem, we need to set up an equation. Let's solve this problem, we can be careful math problems like this, we need to set up an equation. Let's break down the problem, we start by understanding the relationship between the problem, we start by letting x be the number of books Sally's problem, we start by defining variables, we need to translate the problem into an equation. Let's denote the problem, we need to set up an equation. Let's let's problem, we need to find out how many books Sally has. We are 21 - Let's solve this step by step.
Let's problem, we need to find out how many books Sally has. We are given the problem, we need to set up an equation. Let's call the number of books Sally has ""Janey has 3 more than twice the number of books that Sally has. Let's solve this step by step.
Let's break down the problem, we start by letting x be the number of",False,True,captured
gsm8k_677,gsm8k,0.5B,16,stochastic,42,20.9077,329.39,80.7,256,12.24,1055,191,66,0.181,2.89,False," 

Then, let's calculate the total_signatures_so_far = 20 + 44 = 64

Carol has 20 signatures, so far, Carol has 20 signatures, so far: 20 + Carol has 20 signatures, and then, so far, Carol has 20 signatures, and Jennifer has 44 signatures so far, which is 20 + 44 = 64.

Carol has 20 signatures, and Jennifer has 44. So far, Carol has 20, Jennifer has 44 signatures so far: 20 + 44 = 64.

Next, let's calculate the total number of signatures Carol has  Carol has 20, Jennifer has 44 signatures so far.

Carol has 20 signatures, and Jennifer has 44. So, which is 20 + 44 = 64.

Next, let's calculate the total number of signatures they have collected so far is 20 + 44 = 64

Carol has 20 signatures, and Jennifer has 44. So,  Carol has 20, Jennifer has 44. So, total is",False,True,captured
gsm8k_678,gsm8k,0.5B,16,stochastic,42,31.7372,329.84,123.17,256,8.07,1612,153,104,0.0949,1.47,False," 

Okay, let's see. The problem involves the hourly rate the hourly rate of Lorie's determine Karen's hourly rate of Lorie's hourly rate of Lorie's hourly rate of Lorie's hourly rate. 

Final Answer: <number>
Okay, let's see how much does Karen earn per hour. Then, determine Karen's hourly rate of Lorie's hourly rate. Then, we need to find out how much Karen's determine Karen's hourly rate. 

Final Answer: <number>
Okay, let's break it down step by step. 

Step 1: Determine Karen's hourly rate. Since Karen earns twice what Lorie earns. 

Okay, let's break it down into the hourly rate of Lorie's determine Karen's hourly wage of Lorie's hourly rate of Lorie's hourly rate. Karen's determine Karen's hourly wage of Lorie's hourly rate. Karen's hourly rate. 

Okay, let's see how much Karen earns per hour. Since Lorie's determine Karen's hourly wage of Lorie's hourly rate. Then, we find out how much Karen earns per hour. Karen's hourly rate. 

Step 1. 

Okay, let's break it down into the amount that Karen earns twice Lorie's hourly",False,True,captured
gsm8k_681,gsm8k,0.5B,16,stochastic,42,38.1814,328.76,148.44,256,6.7,1945,132,125,0.0679,1.06,False," 

Okay, let's see. Let me solve the Cookie Monster has Max has Max has. 

Okay, let me. 

Okay, let me. Let me define the Cookie Monster has Max has. 

Okay, let me think.

Okay, let me cookies Max has. 

Okay, let me write down the information I need to be the Cookie Monster has Max. 

Okay, let me start by setting. Let me solve the Cookie Monster has. Let me solve this problem. 

Okay, let me start by working days it is Katarina has. 

Okay, let me write down the information I need to be the number of cookies Max has. Since Katarina has 68 cookies. 

Okay, let me think about the Cookie Monster has Max has Max has. Since Katarina has 68 cookies. 

Okay, let me think. 

Okay, let's cookies Max has. Since Katarina has 68 cookies. 

Okay, let me think.
Okay, let's cookies Max has. Since Katarina has 5 less cookies Max has. Since Katarina has 68 cookies Max has. 

Okay, let me start with the Cookie Monster has. Since Katarina has. 

Okay,",False,True,captured
gsm8k_687,gsm8k,0.5B,16,stochastic,42,24.9794,330.45,96.66,256,10.25,1271,177,80,0.1393,2.21,False," 

Answer: <number>
Final Answer: <number>

Okay, let's try to solve this problem step through this problem. So, there's a problem. So, there's a math this problem step through this problem step through this problem step through this problem. So, there is one set of twins and one set of triplets. So, we need to solve this problem. So, we need to figure out this problem step through this problem step through this problem. So, we need to figure out this problem step through this problem step by the problem step through this problem step through this problem. So, there is this problem step through this problem. So, there is one set of twins and one set of triplets. So, we need to figure out this problem step through this problem step through this problem. So, there is one set of twins and one set of triplets. So, there is this problem step through this problem. So, there is one set of twins and one set of triplets. So, twins and solve this problem step through this problem step through this problem. So, there is one set of twins and one set of triplets. So, twins and triplets. So, there is one set of twins and one set",False,True,captured
gsm8k_705,gsm8k,0.5B,16,stochastic,42,35.3585,329.19,137.37,256,7.24,1798,139,118,0.0773,1.18,False," 

Wait, the same time as the cat. Since the cat is 5 times faster than the cat'speed. Since the cat'speed. Since the cat is 1 second. Wait, the same time. Wait, the problem. 

Wait, the same time. Since the cat is 5 times faster than the turtle, which is 15 feet per second. Since the cat is 15 seconds. Since the cat'speed. Since the cat'speed. The cat'speed. Since the cat'speed. 

The problem says that is 1 second. Since the cat is 5 times faster than the turtle, which is the same amount of time. 

Since the cat is 1 second. Since the cat is 15 feet per second divided by 5. So, which is 1 second. Since the cat's speed is 5 seconds. The cat's speed is 5 seconds. 

The cat's speed is 5 seconds. Since the cat's speed is 5 times. The cat's speed is 5 times the same time. Since the cat is 1 second. Since the cat is 15 seconds. To find the turtle's speed of a second. Since the cat'speed. 

",False,True,captured
gsm8k_706,gsm8k,0.5B,16,stochastic,42,38.5779,330.07,149.99,256,6.64,1964,131,126,0.0667,1.04,False," 

First, we first how many hours are the total hours required total hours.

First, we determine the total number of hours required to raise rate at what the total hours required to find out how many hours are required total hours required total hours required total hours required to find out how much more information about the total hours required total hours required to find out how many hours are required to how many hours the total number of hours required to raise the remaining amount they have to fundraise in total how many hours in total how many hours in total the total number of hours required to raise $ \boxed{3

First, we determine the total number of hours required for how many hours are required total hours required to raise rate at which is the total number of hours required to raise per hour amount raised per hour amount raised per hour, assuming they have to fundraise in total hours they have to fundraise in total to how many hours the firefighters have raised per hour amount first how many hours in total how many hours in total the firefighters have raised $ \boxed{6300 divided by the total hours required to reach their fundraising rate at what the total number of hours needed hours required to reach the total hours required to reach the total number of hours required to raise $ \boxed{",False,True,captured
gsm8k_709,gsm8k,0.5B,16,stochastic,42,30.8526,329.89,119.7,256,8.3,1573,157,100,0.0998,1.57,False," 

Okay, let's see. The problem is about figuring out the first, and how many hours. 48 hours.  Then, I know. 48 hours.  Since the 48 hours.  The factory per hour.  The factory per hour.  Since the factory per hour.  Then, I need to find out how much chocolate ice cream per hour.  The factory per hour.  Then, I know how much is made in 48 hours.  The factory per hour.  So, 48 hours.  The factory per hour.  The factory makes 100 quarts in 2 hours.  So, in 1 hour.  Let me find out how many hours.  Then, I need to find out how much chocolate ice cream in 1 hour.  The factory per hour.  Then, I think




First, I think

48 hours.  I know, and how many hours.  The factory makes 100 quarts in 2 hours.  So, in 1 hour.  The factory makes 100 quarts per hour.  So, 100 quarts in 1 hour.",False,True,captured
gsm8k_721,gsm8k,0.5B,16,stochastic,42,41.6821,328.85,162.17,256,6.14,2128,121,136,0.0569,0.89,False," 

Okay, let's break. 

Okay, let's see, and then multiply by the time periods. 

Okay, let's see, and then multiply by the time periods. When her feet when her feet during the time periods. When her feet when her arms are raised and then multiply by the time periods. 

Okay, let's see, and then multiply by the time she taps with her feet in each scenario. 

So, when her feet in each scenario. 

So, when her feet when her feet during the time her feet when her arms are raised and then multiply by the time. 

Okay, let's see, and then multiply by the time she taps with each foot and then multiply by the time periods and then multiply by the time periods of her feet in each scenario. 

First, I think... 

Okay, let's see, but I think... 

Okay, let's see, but when her feet in each scenario. 

So, when her feet when her arms are raised and then multiply by the total feet in each scenario. 

First, when her feet. 

Okay, let's see. 

Okay, let's see, when her feet during the time her feet in each scenario. 

Okay, let's see, the",False,True,captured
gsm8k_726,gsm8k,0.5B,16,stochastic,42,33.2568,328.94,129.13,256,7.7,1691,149,108,0.0881,1.38,False," 

Let's shoe length of one of Bobby’s shoe length of Bobby's length of Bobby's shoe length in inches, let's break-even though process of Bobby's shoe length in inches, let's break-even point where the length of one of Bobby’s shoe length in inches, we'll set of Bobby's shoe length in inches, let's break-even point for the length of one of Bobby’s shoes length of Bobby's shoe length in inches. 

Let's start by setting. 

Let mea

Let's shoe length of Bobby's shoe length in inches. 

First, let's convert  length of one of Bobby's shoe length in inches. 

Let's length of one of Bobby’s shoe length in inches. 

First, let's convert the length of one of Bobby's shoe length in inches. Let's break-even though process.

Let me start by converting the length of Topher's shoe length of Bobby's shoe length in inches. 

First, let's convert the length of Topher's shoe length in inches, let's break-even point at the length of one of Bobby’s shoe length in inches. Let's break it's length in terms of the length of one of Bobby’s shoes length of Bobby’s shoe length in inches. Let's break",False,True,captured
gsm8k_730,gsm8k,0.5B,16,stochastic,42,29.1027,331.32,112.83,256,8.8,1478,163,94,0.1103,1.73,False,"  (Please put your answer in the box)
Final Answer: <number>
Final Answer (Please put in box: <number>
Okay, let's see. Parker chews 4 pieces of gum each answer: <number>
Okay, let me: <number>
Okay, let me

To determine the answer: <number>
Okay, let me: <number>
Okay, let's see above is 2: <number>
Okay, let me think: <number>
Okay, let me <number>
Okay, let me: <number>
Final Answer: <number>
Okay, let's box: <number>
Okay, let's number: 2: <number>
Final Answer: <number>
Okay, let's number: 7

Parker chews 4 pieces of gum a day. 3: <number>
Final Answer: <number>
Okay, let's box: <number>
Okay, let's Answer: <number>
Okay, let's box: <number>
Okay, let's see the number is 3: <number>
Final Answer4

Parker chews 4 pieces of gum per the answer: 4.  But the answer: <number>
Final Answer: <number>
Final Answer",False,True,captured
gsm8k_731,gsm8k,0.5B,16,stochastic,42,37.6187,330.78,146.23,256,6.81,1914,134,123,0.07,1.09,False,"  (Please put your final answer within \boxed{} and put a single space between the (Please put your final answer within \boxed{} and put a single space between the numbers.)

Okay, let's see the numbers.)

Okay, let's think and the numbers.)

Okay, let's think and the ) and the numbers and the )

To solve steps in the sentence and the numbers in the final answer and the numbers.)

To solve this problem, we need to calculate and the numbers.)

Okay, let's think and the number and the )

Okay, let's think and the number and the unit and the ).)

Okay, let's think and the answer and the ) and the answer and the number and the number and the unit and the number and the unit.)

Okay, let's think and the answer.)

Okay, let's think and the answer. )

Okay, let's see the numbers.)
Okay, let's think and the ).)

Okay, let's think and the answer and the number and the unit.)

Okay, let's see the numbers in the answer and the rest of the number and the ) and the number.  numbers.)

Okay, let's see the problem and the ) )

Okay, let's see the instructions and the ).)

Okay, let",False,True,captured
gsm8k_738,gsm8k,0.5B,16,stochastic,42,24.363,330.01,94.25,256,10.51,1239,178,79,0.1437,2.25,False," 

First, I need to find out of course, the problem says Alice has 6 more books than Steven. Clara has two times as many books as Steven. And we have to find out how many books are we have to solve the problem step by step. 

First, I need to find out how many more than Steven. 

First, I need to find out how many books Steven is the problem says Alice has 6 more books than Steven. Clara has two times as many books as Steven. And we need to find out how many books are involved in this problem is the problem says Alice has 6 more books than Steven. Clara has two times as many books as Steven is the problem asking how many more books Clara has two people involved here's first, the problem says Alice has 6 more books than Steven. Clara has two times as many books as Steven is the problem asking for the problem says Alice has 6 more books than Steven. Clara has two times as many books as Steven is the problem asking for the problem says Alice has 6 more books than Steven. Clara has two times as many variables. Let me start by the problem says Alice has 6 more books than Steven. Clara has two times as many books as Steven is the problem asking",False,True,captured
gsm8k_745,gsm8k,0.5B,16,stochastic,42,26.9469,329.07,104.38,256,9.5,1371,169,88,0.1233,1.92,False," 

Okay, let's see how much money he needs to find the total amount of money he got from selling the cards.  I need to find the total value of the total amount of money he got from selling the cards.  Then I need to find the total value of the cards.  I need to find the total amount of money he got from selling the cards.  I need to find the total value of the cards he has to find the total amount of money he got from selling the cards.  Then subtract the two more the total amount of money he got from selling the cards.  Then I need to find the total amount of money he got from selling the cards.  Then I need to find the total value of the cards he needs to find the total value of the cards he needs to find the total value of the cards he sells the total amount of money he got from selling the cards.  Then subtract the cost of the packs.  He spent on the total amount of money he needs to find the total value of the cards he gets from selling the cards.  Then subtract the cost from that's the total amount of money he got from selling the cards.  Then subtract the cost from that, I need to find the total amount of",False,True,captured
gsm8k_749,gsm8k,0.5B,16,stochastic,42,39.5463,326.54,153.8,256,6.47,2015,128,129,0.0635,0.99,False," 

Okay, let's see. The problem says there are 6>
Okay, let me think>
Okay, let me

Okay, let me. 

Okay, let me. 

Okay, let me

Okay, let's see the number>
Okay, let me to be
Okay, let me think>
Okay, let me

Okay, let me the number>
Okay, let me think>
Okay, let's'

Okay, let me think>
Okay, let me think>
Okay, let's

Okay, let's
Okay, let's see the answer >

Okay, let me think step-by-1>
Okay, let me.

Okay, let'show many more groups are needed to form 3>
Okay, let's

Okay, let's

Okay, let'se>
Okay, let's
Okay, let's see the number > 

Okay, let'st>

Okay, let's see. 

Okay, let's

Okay, let's see the correct answer here is the number of additional groups needed>

Okay, let's>

Okay, let'something>
Okay, let's see the answer is 6>
Okay, let's

Okay, let's

Okay, let's see the problem. 

Okay, let",False,True,captured
gsm8k_750,gsm8k,0.5B,16,stochastic,42,30.2184,328.26,117.22,256,8.47,1537,159,97,0.1034,1.64,False," 

Then, I know that during the problem says that during weekdays, 60 chairs are rented each day, and then, then, I think
Okay, let's see. The problem is the weekdays: 

There are 5 weekdays and weekends,  The problem says that during weekdays, 60 chairs are rented each day, the problem says that during weekdays, 60 chairs are rented each day; 

Wait, the problem says that is this is the same as the problem says that is the total chairs are weekdays: 

Wait, the problem says that during weekdays, 60 chairs are rented each day, but wait, that is this is the same as the first, but the weekdays have to find out how many chairs are rented each day. 

Then, I think that is the answer
Okay, so, the problem says that during weekdays, 60 chairs are rented each day, and during weekends, but the problem says that during weekdays are weekdays are weekdays have to find the problem says that during weekdays, 60 chairs are rented each day, but during weekends, 100 chairs are rented each day. 

Wait, the problem says that during weekdays, 60 chairs are rented each day, and during the",False,True,captured
gsm8k_751,gsm8k,0.5B,16,stochastic,42,37.6274,327.5,146.27,256,6.8,1919,137,120,0.0714,1.14,False," 

Let's bananas step-by-step changes in the pile step-by step-by step-by step-by-step-by step-by-step changes in the pile step by following steps carefully step-by step-by-step-by-step process step-by-step changes in the number of bananas Gunther's bananas step-by-step changes in the pile step by carefully step by carefully step by step:

Let's break in the number of bananas Gunther's bananas step by the number of bananas step by carefully step by step. Let's break down the number of bananas step by step.

Let's break in the pile of bananas in the number of bananas step by step.

1. Initial pile of bananas step-by-step changes in the pile step by carefully step by step:

1. Start with the number of bananas Gunther's number of bananas in the pile step-by-step changes in the number of bananas Gunther's bananas step by carefully step by step:

Let's break in the pile of bananas step by step.

1. Initially, Gunther had 48 bananas. Let's break-evening step by step.

1. Initial number of bananas step-by-step changes in the pile step by step.

Let's break down the number of bananas in the pile step by step.

1. Initially, Gunther had 4",False,True,captured
gsm8k_756,gsm8k,0.5B,16,stochastic,42,30.6251,330.47,118.8,256,8.36,1555,156,100,0.1003,1.56,False," 

Let the total number of votes in the total number of votes in favor votes in favor and then we let the number of votes against the total number of votes. Let the total number of votes. 

Let the total number of votes. Let the number of votes against the regulation as the total number of votes. 

Let me that the total number of votes. Let'set the number of votes against the regulation. Let's understand the relationship between the number of votes in favor and against. Let the total number of votes and then determine the number of votes in favor and then set up an equation based on the information given. Let the total number of votes and then we know that the total number of votes and then determine the number of votes in favor and against the total number of votes. Since the vote passed with twice as many votes in favor as against the total number of votes. Let'set the number of votes against the regulation. 

Let me think about the relationship between the number of votes in favor and against. Let's define variables to determine the number of votes in favor and against the total number of votes and then we know that the total number of votes is to determine the number of votes in favor and then we need to determine the number of votes in the",False,True,captured
gsm8k_770,gsm8k,0.5B,16,stochastic,42,27.7754,329.01,107.63,256,9.22,1409,167,90,0.1185,1.86,False," 

Final Answer: <number>
Okay, let's see. The problem is the total number of vanilla scents that sold. 

Final Answer: 1. 

Final Answer:  number of vanilla scents sold and then total number of vanilla scents sold vanilla scents sold vanilla sales of vanilla scents sold vanilla scents sold and then subtract the total number of vanilla scents sold and the total number of vanilla scents sold and then subtract the number of vanilla scents sold and compare the difference between the total number of vanilla scents sold and the total number of fruity scents sold, let's total number of vanilla scents sold and subtract the total number of fruity scents sold from the difference between the total number of vanilla scents sold and the total number of fruity scents sold vanilla scents sold and subtract the total number of fruity scents sold from the information given: 

Final Answer: 3

First, let's calculate the total number of vanilla scents sold vanilla scents sold vanilla scents sold and the difference between the total number of vanilla scents sold and the total number of fruity scents sold, let's break-even though the problem states of vanilla scents sold vanilla scents sold and the fruity scents sold and then subtract",False,True,captured
gsm8k_771,gsm8k,0.5B,16,stochastic,42,25.0736,329.53,97.04,256,10.21,1274,175,82,0.1374,2.13,False," 

Okay, so many eggplants. 

Okay, so many eggplants. He sells 20 eggplants. 

Okay, so Bennet sells 20 eggplants at $3 each. He sells eggplants. 

Okay, so many eggplants. He sells eggplants. He sells eggplants. He sells 20 eggplants. (20 eggplants. 

Okay, so Bennet sells eggplants. He sells 20 eggplants at $3 each. 

He sells eggplants. He sells 20 eggplants at $3 each. 

He sells 20 eggplants at $3 each. He sells 20 eggplants at $3 each. 

He sells 20 eggplants at $3 each, which is 20 eggplants. 

Okay, so Bennet sells 20 eggplants at $3 each. So, 20 eggplants. 

Okay, so Bennet sells 20 eggplants at $3 each. 

Then, then the eggplants. 

Okay, so Bennet sells 20 eggplants at $3 each. 

He sells the eggplants. He sells 20 eggplants at $3 each. So, he eggplants.",False,True,captured
gsm8k_772,gsm8k,0.5B,16,stochastic,42,29.515,329.44,114.45,256,8.67,1497,161,96,0.1075,1.68,False," 

Okay, let's see. Tatiana has 7 hours on Saturday and 5 hours on Saturday and Sunday.  Saturday and  Saturday and Sunday to find the weekend. Saturday and. Saturday and Sunday.  Saturday and Sunday to find the total weekend. 7 and then divide between Saturday and Sunday. 7 hours on Saturday and 5 hours on Sunday. So total weekend hours. 

Okay, let's see the weekend.
Step 2. Saturday and Sunday.  Saturday and Sunday. 7 + the weekend. 7 + the weekend. 7 + the weekend. 7 + the weekend. 7 + 5 = 12 hours total weekend. 7 and . She has Saturday and Sunday to find the total time. 7 + the weekend. 7 + 5 = 12 hours on Saturday and Sunday.  Saturday and Sunday to find the total weekend time.
She has Saturday and Sunday to find the total weekend. She has Saturday and Sunday. 7 + the weekend. 7 + 5 = 12 hours total weekend. 7 + the weekend. 7 + 5 = 12 hours total.
Step 2 and the weekend. 7 + the weekend. 7 +",False,True,captured
gsm8k_773,gsm8k,0.5B,16,stochastic,42,21.7983,330.38,84.19,256,11.74,1105,186,71,0.1683,2.62,False," 

Anthony starts with Anthony starts with Anthony starts with Anthony having step by step.

1. Anthony starts with 50 pencils. Anthony starts with Anthony starts with  step by step.

1. Anthony starts with 50 pencils.

2. He starts with Anthony starts with Anthony starts with Anthony starts with 50 pencils. Anthony starts with Anthony starts with 50 pencils. Anthony starts with Anthony starts with 50 pencils. He gives away from the steps:

1. Anthony starts with Anthony starts with 50 pencils. He gives away 1/2 of his pencils step by step:

1. Anthony starts with Anthony starts with 50 pencils. He gives away 1/2 of his pencils Anthony starts with Anthony starts with 50 pencils. He gives away 1/2 of his pencils step by step:

1. Anthony starts with 50 pencils.
Step 1. Anthony starts with Anthony starts with 50 pencils. He gives away 1/2 of his pencils step by step:

1. Anthony starts with Anthony starts with 50 pencils. He gives away 1/2 of his pencils step by step:

1. Anthony starts with 50 pencils.
Anthony starts with Anthony starts with 50 pencils",False,True,captured
gsm8k_783,gsm8k,0.5B,16,stochastic,42,37.0899,328.3,144.16,256,6.9,1886,137,120,0.0726,1.14,False," Let's solve this step by step.
Final Answer: <number>
Okay, let me try to figure this out. So, so let me try to figure this problem. So, Bob initially figure this problem. So, let me try to figure this problem. So, let me try to figure this problem. So, Bob initially figure this out. So, Bob's try to solve this problem, so let me try to figure this problem. So, Bob have me try to figure out. So, let's try to figure this out. So, Bob's try to figure this problem. So, Bob have 7 fish in his pond. 3 were orange, and the number of orange fish. Let's try to figure this out. So, Bob's try to figure out the number of orange fish. Let's try to figure out. So, Bob's try to figure out how many white fish Bob's try to figure out how many white fish Bob's try to figure out how many white fish Bob's try to figure out how many white fish Bob's original number of white fish he bought x be careful. So Bob's try to figure out how many white fish Bob's try to figure out how many white fish Bob bought x be careful. So,",False,True,captured
gsm8k_784,gsm8k,0.5B,16,stochastic,42,40.5335,329.72,157.66,256,6.32,2064,125,131,0.0606,0.95,False," (Round to the nearest whole number)

Okay, let's see. I need to calculate the number>

Okay, let's see the number >

To determine the number >

To determine the total cost per week in dollars per week
Okay, let's see above number>
Okay, let me think>
Okay, let me think>
Okay, let me think>
Okay, let's see the number >

To determine the total distance>
Okay, let me think>
Okay, let's see above number>

Okay, let's see the problem again.

Okay, let me think>
Okay, let's see the answer >

To determine the total distance between whole number>
Okay, let's see.>

Okay, let's see the steps >

To determine the total weekly cost in dollars.>

Okay, let me think>
Okay, let me think>
Okay, let's see the number >

Okay, let's see the number>

Okay, let's see the answer >

To determine the total distance between whole number>
Okay, let's see. I need to calculate the total cost per week in dollars per week>

Okay, let's see above number>

Okay, let'something>
Okay, let's see.>

Okay, let's see the number >

Okay, let's see",False,True,captured
gsm8k_792,gsm8k,0.5B,16,stochastic,42,26.5139,328.8,102.69,256,9.66,1345,171,86,0.1271,1.99,False," 

He finds 10 bottle caps a day for 10 bottle caps per day is that is that is that right, so 10 bottle caps per day is that's
He finds 10 bottle caps a day, he finds 10 bottle caps a day for 10 bottle caps per day times 30 days.  So, so, so 10 bottle caps per day is that correct

He finds 10 bottle caps a day, so in 10 bottle caps per day times 30 days.  He finds 10 bottle caps a day.  He finds 10 bottle caps a day.  So, 10 bottle caps per day is the problem says 10 bottle caps per day, so that is that's 10 bottle caps per day times days times 30 days times 30 days times 30 days times 30 days times 30 days times 30 days.  He finds 10 bottle caps a day.  So, in 10 bottle caps per day times 30 days is that's 10 bottle caps per day, so that's 10 bottle caps per day, so 10",False,True,captured
gsm8k_796,gsm8k,0.5B,16,stochastic,42,23.7642,329.16,91.9,256,10.77,1200,176,80,0.1467,2.2,False," 

First, let's break-even though process of employees at the end of the total number of employees after three months and calculate the total amount of money the company pays to its employees after three months.

First, we calculate the total number of employees after three months and calculate the total amount of money the company pays to its employees after three months.

First, let's calculate the number of employees after three months and then total number of employees after three months. 

First, let's determine the total number of employees after three months and then calculate the total amount of money the company pays to its employees after three months.

First, let's calculate the number of employees after three months. 

Final Answer:  total number of employees after three months and then total number of employees after three months and then multiply the total number of employees after three months. 

First, we need to find the total number of employees after three months and the total number of employees after three months and then multiply by calculating the total number of employees after three months and then multiply by the monthly salary paid salaries paid salaries paid in the total number of employees after three months and then multiply by the number of employees after three months and then multiply by the monthly salary per-monthly, let's break-even though the total",False,True,captured
gsm8k_804,gsm8k,0.5B,16,stochastic,42,34.0676,326.64,132.32,256,7.51,1733,147,110,0.0848,1.34,False," 

Okay, let's see. There is the first car is the first, then calculate the distance each car is the first car  of the first, then calculate the distance each car travels at which is the first, then calculate the distance between the first, then calculate the distance between the two cars are of the second car  of the second car  of the second car is the first car is the difference between the two cars. The first, then calculate the distance each car is the difference between the two cars. The first car is traveling distance between the first, then calculate the distance each car travels of the second car relative to each car  of the second car relative to each other car  of the second car relative to each other. The first car is traveling difference between the two cars. The first car is traveling of the second car is the difference between the two cars' difference between the two cars. The first car is traveling at which is the difference between the two cars' difference between the two cars. The first car is traveling at  of the second car relative to each other. The second car is gaining rate of separation between the two cars. The first car is traveling at 60 mph, and then calculate the distance between the two cars after 2",False,True,captured
gsm8k_807,gsm8k,0.5B,16,stochastic,42,30.5183,329.07,118.39,256,8.39,1553,159,98,0.1024,1.62,False," 

Next, we need to calculate the total number of glass chips needed for the total chips per square inch, how many square inches of course, we need to find out of course, we need to find out how many square inches can be used for the mosaic. Then, we need to find out how many square inches of mosaic area of course, the total chips per square inch, how many square inches can you need to find out how many square inches of mosaic he has two bags would be sure, we know that he has two bags, so how many square inches can be sure, we need to find out how many square inches of mosaic he will be sure, let's find out of course, we need to find out how many square inches of mosaic he has two bags would be the total number of chips per square inch, it's 72 chips per bag. The total number of glass chips needed for the mosaic area of course, the total number of glass chips needed for the mosaic area is length of course, we need to find out how many square inches of mosaic he will have to find out how many square inches of mosaic he can be sure to find out how many square inches of mosaic he can you need to find out how many square inches of mosaic he",False,True,captured
gsm8k_811,gsm8k,0.5B,16,stochastic,42,25.9786,330.76,100.58,256,9.85,1316,172,85,0.1307,2.02,False," To solve this, then divide by the total number of days, then divide by the total number of days, then divide by the number of days, then divide by the number of days, then divide by the number of days. Wait, the total number of days, then divide by the number of days. Wait, the problem by the number of days, then divide by the cost per day by the number of days, then divide by the number of days. But how many days he made by the number of days, and then divide by the number of days. 

Okay, let's see. So, then divide by the number of days he made $105 by the number of days, then divide by the number of days. So, the total number of days, then divide by the number of days. So, first by the number of days, and then divide by the number of days. But wait, that by the number of days, then divide by the number of days. But wait, that by the number of days, and then divide by the number of days. 

Okay, let's see how many days, then divide by the number of days. So, what?

Wait, the question is by the number of days, and then",False,True,captured
gsm8k_812,gsm8k,0.5B,16,stochastic,42,22.7678,330.1,87.99,256,11.24,1156,184,73,0.1592,2.52,False," 

First, let's calculate the total number of petals on all the petals on the flowers in total number of petals on all the petals on the flowers in total number of petals on all the flowers that are in the vase. Let's break it down step by step:

Let's break-even if the total number of petals on all the flowers that are in the vase. 

First, we need to find the total number of petals on all the flowers that Rose's total number of petals on the total number of petals on all the flowers that Rose's total number of petals on the flowers in the vase. Let's break-evening number of petals on all the flowers that Rose's total number of petals in total number of petals on all the flowers that Rose ends of petals on the flowers in the vase. Let's break it down step by step:

1. Calculate the total number of petals from the total number of petals on all the flowers that Rose ends of petals on all the petals on the flowers in the vase. 

First, let's calculate the total number of petals from the flowers in total number of petals on all the flowers that Rose ends up to calculate the total number of petals on all the petals on the flowers in the vase. Let's break it down step by",False,True,captured
gsm8k_818,gsm8k,0.5B,16,stochastic,42,25.4731,328.25,98.61,256,10.05,1293,173,84,0.1338,2.06,False," 

Okay, so I think. Since Robert has 20 cars, and Joe has twice as many as Robert. Since Robert has 20 cars. Since Robert has  initially. Since Robert has 20 cars, and then. Since Robert has 20 cars, and then. Since Robert has 20 cars, and Joe has twice as many as Robert. So Joe has twice as Robert has. Since Robert has 20 cars and then. Since Robert has 20 cars, and then. Since Robert has 20 cars, and Joe has twice as many as Robert. So Joe has twice as many as Robert. Robert has 20 cars, right now. Since Robert has 20 cars, and Joe has twice as many as Robert. So Joe has twice as many as Robert. Robert has 20 cars, right now. Since Robert has 20 cars and then. Since Robert has 20 cars and then calculate that he has twice as many as Robert. Robert has 20 cars, and then. Since Robert has 20 cars and then calculate that. Since Robert has 20 cars and then calculate that. Since Robert has 20 cars and then calculate that. 

Okay,",False,True,captured
gsm8k_828,gsm8k,0.5B,16,stochastic,42,37.4303,329.72,145.49,256,6.84,1908,136,121,0.0713,1.12,False," 

Okay, let's see. Mulan starts with $40. Then subtracted money Mulan has to be careful step by step. 

Okay, let's break it down step by step. 

Okay, let's break down:

Mulan initially that Mulan has from her father gave her. 

Okay, let's of the two pairs of jeans and then subtract the total of the two pairs of the money Mulan has to the money Mulan has from her father gave her. So, then subtracted money Mulan has from her father gave her to the money Mulan has to be careful with the money Mulan has to the money Mulan has from her father and then subtract the total of the jeans and the bag. Two pairs of jeans cost of the money Mulan has from her father and her father gave her to the money Mulan has from her father and then subtract the total cost of the jeans and the bag. Then subtract the money Mulan has from her father and her father gave her to her father gave her. 

Step  of the two pairs of jeans and then subtract the money Mulan has from her father and then subtract the total of the jeans and the bag. Then subtract the total of the jeans and the bag. 

",False,True,captured
gsm8k_844,gsm8k,0.5B,16,stochastic,42,39.5289,329.18,153.72,256,6.48,2010,129,128,0.0642,1.01,False," 

Okay, let's see, which is the number of socks Jack has socks that Jack has socks that Jack has. Let me start by understanding the problem.

Okay, let's see the problem is the problem. 

Okay, let's socks that Jack has socks that Jack has. 

Okay, let's socks that Jack has in the problem. Jack has Jack has Jack has Jack has socks Jack has socks that Jack has. 

Okay, let's socks that Jack has. 

Okay, let's number of socks that Jack has. 

Okay, let's socks that Jack has. 

Jack collected. 

Okay, let's see, which is the number of socks that Jack has. 

Wait, the problem says Jack has Jack has Jack has socks that Jack has. Jack has Jack has socks that Jack has. 

Wait, the problem is the problem. 

Okay, let's see the problem is the problem is Jack has socks that Jack has. Jack has socks that Jack has. 

Jack collected. 

Okay, let's see, let's of socks Jack has socks Jack has socks that Jack has. Jack has socks that Jack has. 

Jack has Jack has socks that Jack has. 

We are Jack has socks that Jack has. 

Jack has Jack",False,True,captured
gsm8k_845,gsm8k,0.5B,16,stochastic,42,36.4825,328.96,141.78,256,7.02,1860,137,119,0.0737,1.15,False," How many are good at both math and English?
Okay, let's see. There are 20 students in total.  How many are good at both?

Okay, let me check your answer>
Okay, let me to the number>

Okay, let me to the question
Okay, let me to the problem.

Okay, let me how many are good at math?
Okay, let me think. Okay, let me to the problem.
Okay, let me check the answer for the first question>
Okay, let me think>
Okay, let's
Okay, let's number>
Okay, let's class=""

To solve this is the number>
Okay, let's see the number>

Okay, let's answer>
Okay, let's see the number>

Okay, let's number>
Okay, let's see the answer to the second number>
Okay, let's see.>

Okay, let's

To solve this problem, we need to determine the number of students good at both math and English?
Okay, let's see. There are 20 students in total. The number>
Okay, let's

Final Answer: <number>
Okay, let's answer here, <number> 

Okay, let'st>
Okay, let's see",False,True,captured
gsm8k_846,gsm8k,0.5B,16,stochastic,42,28.2058,328.98,109.32,256,9.08,1429,166,91,0.1162,1.82,False," 

First, let's break down the problem. The concert will last 2 hours. We need to be converted to minutes.  which is 1. We need to be converted to minutes. 2 hours is 120 minutes. 

We need to be converted to minutes is 120 minutes. Then, there are 60. That is 2 hours is 120 minutes. Then, there are 6 minutes to perform, which is 1. We need to calculate the total. We need to calculate the total time required to be converted to minutes. 2 hours is 120 minutes. Then, she is 0. Let's convert that is 120 minutes. 

Next, the time. We need to calculate the total time allocated for the total. We need to calculate the total time available for the groups to be converted to be converted to minutes is 120 minutes. The total. We need to find the total. We need to calculate the total time available for performances. Let's convert that to be converted to minutes. 2 hours is 120 minutes. 

Let me convert that to minutes. 2 hours is 120 minutes. 

Okay, so",False,True,captured
gsm8k_847,gsm8k,0.5B,16,stochastic,42,35.3261,327.52,137.25,256,7.25,1798,141,115,0.0784,1.23,False," 

Final Answer: <number>
To solve this problem, we need to calculate the total amount of the total amount of the total amount of the total amount Brenda'simple interest earned interest earned interest earned over 3 years.

Final Answer:  total amount Brenda'simple interest earned over 3 years. 

Final Answer: 45450

Final Answer: <number.

Okay, let's see. Brenda invested $300 with the total amount of simple interest earned interest earned interest earned over 3 years and then add-on the total amount Brenda'simple interest earned over 3 years and then use the total amount Brenda's total amount Brenda's total amount after 3 years. 

Final Answer: 450

Final Answer:  total amount Brenda will be using the formula for simple interest, let's break-even though process of the total amount Brenda's total amount after 3 years with the given details of the simple interest earned interest earned over 3 years. 

First, let's understand the problem. Brenda'simple interest earned interest earned interest earned over 3 years and then add it'simple interest earned over 3 years and then add it'simple interest' simple interest earned over 3 years and add-on the original amount,",False,True,captured
gsm8k_848,gsm8k,0.5B,16,stochastic,42,30.4178,330.3,117.99,256,8.42,1546,158,99,0.1022,1.6,False," 

Okay, let's break it step by step:

1. Determine the number of white shirts without collars. 

Okay, let's break it down into the total number of white shirts, let's break it step by step:

1. Determine the number of white shirts without collars. 

Let'st

Let's.

Okay, let's see how many white shirts have collars, let's break it down into the total number of white shirts and then find the total number of the total number of white shirts with no collars. 

Okay, let's break it down into the total number of white shirts with the total number of white shirts and then we need to find the total number of white shirts and then calculate the number of white shirts with no collars. Half of the white shirts have collars, so the total number of white shirts and then determine the total number of white shirts and then find the number of white shirts without collars, let's break it down into the total number of white shirts and floral shirts with the total number of white shirts with the total number of white shirts with no buttons. 

Let's determine the number of white shirts without collars. 

Okay, let's break it down into smaller steps:

1. Determine the",False,True,captured
gsm8k_851,gsm8k,0.5B,16,stochastic,42,23.5327,329.84,90.99,256,10.88,1196,181,76,0.1513,2.38,False," To solve this problem, I need to find the average cost per pair of shoes for James. First, I need to find out of shoes. First, calculate the total annual total amount of money he spends $2640 divided by the total amount of money he spends on average cost per pair of shoes. 

First, I need to find out how much. First, I need to find the total amount spent on average cost per pair of shoes. First, I need to calculate the total number of pairs of shoes he buys in a year. First, I need to find out how many pairs of shoes James. So, first, calculate the total number of pairs of shoes he buys in a year and calculate the total cost divided by the total amount of money he spends on shoes.  James. 

First, I need to determine the average cost per pair of shoes.  James. 

First, I need to calculate the total number of pairs of shoes he buys in a year and then divide the total amount spent on average cost per pair of shoes.  So, first, I need to calculate the total number of pairs of shoes he buys in a year and divide the total amount spent in a year. 

First, I need to find out how many pairs",False,True,captured
gsm8k_852,gsm8k,0.5B,16,stochastic,42,30.6225,331.15,118.79,256,8.36,1553,157,100,0.1011,1.57,False," 

Let's analyze the given the total the total the total cost of the total the total cost of the green food. 

Let's break down the total the total cost of the green food baskets of the total cost of the green food and then calculate the total cost of the green food and red food. 

Let me the total the total cost of the green food baskets and then calculate the total cost of the green food baskets of the redetermine the total cost of the green food and red food. 

Final Answer:  calculate the total cost of the green food baskets of the redetermine the total cost of the green food baskets of the red food.

Let me think about the problem. 

Final Answer: 9

Let me break down the cost of each basket of the total the total cost of the green food baskets of green food and red food. The problem.

Let me start by identifying the costs of the total the cost of  calculate the total cost of the green food baskets and then calculate the total cost of the green food and red food. 

Let me think about the total the total cost of the green food baskets and the total cost of the green food and red food. 

The problem. 

Let me think. 

Let's determine the total cost of",False,True,captured
gsm8k_856,gsm8k,0.5B,16,stochastic,42,29.0895,328.2,112.79,256,8.8,1476,163,94,0.1104,1.73,False," To find the number of packs, you can use the equation: 4

To find the number of packs, you can use the equation: 27

To find the number of packs, you can use the equation: ______

Okay, let's see. Mr. Jackson has 27 students, and he needs to the number of packs: <number>
Okay, let me: <number>
Okay, let me to the number of packs needed: <number>
Okay, let me: <number>
Okay, let me: <number>
Okay, let's format: <number>
Okay, let me know that is the number of packs: <number>
Okay, let's equation: 27 * <number>
Okay, let me know that the number of packs needed: <number>
Okay, let me know the number of packs needed: <number>
Okay, let's format: <number>
Okay, let's format: <number>
Okay, let's format: <number>
Okay, let's format is: <number>
Okay, let's equation: 27 students: <number>
Okay, let's format: <number>
Okay, let's equation is: <number>
Okay, let's format: <",False,True,captured
gsm8k_863,gsm8k,0.5B,16,stochastic,42,29.8509,329.3,115.77,256,8.58,1517,157,99,0.1035,1.59,False," 

Okay, let's see. The problem says Gretchen has some coins. There are  number of silver coins. 

Okay, let's number of silver coins. 

Okay, let's number of silver coins. 

Okay, let me think. The problem says there are 30 more gold coins than silver coins. The problem is the number of silver coins. Let me think
Okay, let's. Well, the number of silver coins. 

Okay, let's number of silver coins. The problem says there are 30 more gold coins than silver coins. So if she has  number of silver coins. Let me start of silver coins. Since there are 30 more gold coins than silver coins, and then I know that there are 30 more gold coins. The problem is the number of silver coins. Since there are 30 more gold coins than silver coins. 

Okay, let me see, well, if Gretchen has  number of silver coins. Let me think
Okay, let's number of silver coins. The problem says there are 30 more gold coins than silver coins. So if she has  number of silver coins. Let me think. The problem. Let me start by identifying the number of silver",False,True,captured
gsm8k_868,gsm8k,0.5B,16,stochastic,42,33.932,332.59,131.76,256,7.54,1725,146,111,0.0846,1.32,False," 

Okay, so that will calculate how many boxes of the number of boxes of the number of boxes needed cups per the number of boxes of the total number of boxes of the total number of jell

Okay, so that will calculate how many boxes of jell how many boxes of the number of boxes needed, we can figure out how many boxes of those cups per the problem.  we can figure out how many boxes of jello cups needed cups per box of the total number of boxes needed cups per box of jell, we can determine how many boxes of jello he can figure out how many boxes of jello he needs to be sure, we can determine how many boxes of jello he needs to buy.  How many boxes of jello does that will calculate how many boxes of jello he needs to buy.  Then, we can figure out how many boxes of jello needed.  Let's determine how many boxes of jello he can figure out how many boxes of jello he needs to buy.  Then, determine how many boxes of jello he needs to buy.  Then, we can determine how many boxes of jello does that number of the number of boxes needed cups per box of jello cups per box of jello",False,True,captured
gsm8k_869,gsm8k,0.5B,16,stochastic,42,30.4275,329.65,118.03,256,8.41,1547,159,98,0.1028,1.62,False," 

Okay, let's see. The seller's the total cost from the amount paid from the amount paid from the amount paid from the total cost from the amount paid from the amount paid from the total cost to find the total cost from the amount given money from the amount given money from the total cost from the amount given money from the total cost from the amount given to find the total cost from the amount given to find the total cost of the total cost from the amount given to find the change from the amount paid from the amount given money given money from the amount given to find the change. 

Okay, let me calculate the total cost of the amount paid from the amount given money from the amount given to find the change. 

Okay, let me from the amount paid from the amount given to find the change. 

Okay, let me from the amount given money given money from the $700 from the amount given to find the change. 

The total cost from the amount given money from the amount given to find the change. 

The total cost from the amount given to find the change. 

The total cost of the total cost from the amount given to find the change. 

The total cost of the phones cost from the amount given to find the change.",False,True,captured
gsm8k_871,gsm8k,0.5B,16,stochastic,42,25.4131,330.14,98.36,256,10.07,1288,175,82,0.1359,2.13,False," (D) (D) 4 (D) 40 (D) 4 (D) 3 (D) 30

Wait, the options. (D) 2 (D) 48 (D) 5 (D) 4 (D) 32 (D) 5 (D) 2 (D) 2 (D) 2 (D) 40 (D) 2 (D) 44 (D) 56 (D) 5 (D) 40

Wait, the third day. (D) 4 (D) 5 (D) 5 (D) 40

Wait, that's a (D) 48 (D) 4 (D) 52 (D) 52 (D) 54 (D) 48 (D) 5 (D) 40

Wait, the answer is (D) 40

Wait, the choices (D) 4 (D) 56 (D) 48 (D) 52

Wait, that are the options. The answer is (B (D) 40",False,True,captured
gsm8k_874,gsm8k,0.5B,16,stochastic,42,35.3027,329.51,137.15,256,7.25,1798,144,113,0.0801,1.27,False," 

So, $33 divided that rate =  I can be sure, I can be multiplied by the total earnings per hour = 3333 divided that rate multiplied by the total earnings per hour = 33 divided that amount for 12 hours, I can multiply that rate multiplied by the total amount earned per hour rate = 33 divided that by multiplying that amount earned per hour is the total earnings for 12 hours, I can multiply that hourly rate = 33 divided by multiplying that hourly rate = 33 divided by 3. I can multiply that hourly rate by the total amount earned in 12 hours, I can multiply that hourly rate by the total amount for 12 hours, I can multiply that hourly rate by the number of hours times that rate multiplied by the number of hours she would multiply that rate = 33 divided by 3. 

Okay, so Ella earns per hour, I can be sure to find out of that amount earned in 12 hours would multiply that hourly rate by the number of hours she would earn for 12 hours, I can multiply that hourly rate by the number of hours she walks for 12 hours, I can multiply that hourly rate by the number",False,True,captured
gsm8k_875,gsm8k,0.5B,16,stochastic,42,37.6543,328.3,146.38,256,6.8,1919,133,124,0.0693,1.07,False," 

Okay, let's see. Paul starts with 52 marbles. His friend gives him 28 marbles. So, we need to find out how many marbles Paul has 1. Let's marbles Paul has to Paul has to Paul has. Let's marbles Paul has 28 to Paul has to Paul's marbles and then subtract the marbles Paul has. Let's marbles Paul has 52 marbles initially, we need to find the marbles Paul has 28 marbles Paul has. Paul has. Let's marbles Paul originally had 128 to the marbles Paul has 28 marbles to the marbles Paul originally had 28 to the original number. Let's break down step by step:

Okay, let's go step by step.

Okay, let's go step by step.

Okay, let's go step by step:

Okay, let's go step by step:

Okay, let's go step by step.

Okay, let's see, we need to find out how many marbles Paul has after the friend gave him 28 marbles. Let's go step by step:

Okay, let's go step by step:

1. Start by the marbles Paul",False,True,captured
gsm8k_886,gsm8k,0.5B,16,stochastic,42,26.7601,330.47,103.65,256,9.57,1358,171,86,0.1259,1.99,False," 

First, let's break it's the number of pairs of the number of pairs of the number of pairs of microphones that the number of pairs of microphones that can arrange the number of pairs of microphones that can be careful mathem. 

First, the number of pairs of microphones that can be the number of pairs of microphones that the number of pairs of microphones that the number of pairs of microphones that the singer's how many pairs of microphones the number of pairs of microphones that can be careful math assistant
Let's how many pairs of microphones the number of pairs of microphones that can be arranged. 

First, let's understand the problem step by step:

First, let's break it down step by step:

1. **how many pairs of microphones that the singer has  how many pairs of microphones that the singer was the number of pairs of microphones that the number of pairs of microphones that can be arranged in how many pairs of microphones the number of pairs of microphones that the number of pairs of microphones that the singer was the number of pairs of microphones that the singer can arrange  how many pairs of microphones the singer's how many pairs of microphones the number of pairs of micro",False,True,captured
gsm8k_887,gsm8k,0.5B,16,stochastic,42,33.7099,330.99,130.9,256,7.59,1717,146,110,0.085,1.33,False," 

Okay, let's see. Jerry counts six birds nesting in the second part, 

Okay, let'se number of the number of birds flying overhead. Then, second part. Then, count of the number of birds flying overhead birds flying overhead. Then, count of birds flying overhead birds flying overhead. Then, count the number of birds flying overhead. Then, count of the second part, then, number of birds flying overhead. Then, count the number of birds flying overhead, the number of birds flying overhead. Then, count the number of birds in the number of birds flying overhead. Then, count the feeding birds flying overhead birds flying overhead birds flying overhead, and then the third part that number of birds flying overhead birds flying overhead, number of birds flying overhead. Then, count of the number of birds flying overhead. Then, count the number of birds flying overhead, number of birds flying overhead, and add the number of birds flying overhead. Then, count of the second part, which is 2/number of birds flying overhead birds flying overhead, number of birds flying overhead, and then add all the number of birds flying overhead. Then, count the feeding birds. Then, count the number of birds flying overhead birds flying overhead, and then add them in",False,True,captured
gsm8k_888,gsm8k,0.5B,16,stochastic,42,27.0405,328.94,104.75,256,9.47,1372,168,89,0.1224,1.89,False," 

So, 5 cookies. She ate 5 cookies. She ate 5 cookies. So, 55 minus 5. She ate 5 cookies. She baked cookies. So, 55 minus 5 is 50. Then, I will be sure. She ate 5 cookies. So, subtract 5 from 55. That would be 55 cookies. So, 55 minus 5 is 50. Then, she ate 5 cookies. So, 55 cookies. She baked. She ate 5 cookies. So, 55 cookies. So, subtract 5 from the 5 cookies. So, subtract 5 from 55. 

So, 55 minus 5 is 50. 

Okay, let's see. 

Okay, let's see. So, 5 cookies. So, 5 cookies. She baked cookies. So, I'll.
So, 5 cookies. So, 55 minus 5 is 50. Then, I'll be sure to find the 5 cookies. So, 55 minus 5 is 50. Then, I'll subtract 5 cookies. She ate 5 cookies.",False,True,captured
gsm8k_889,gsm8k,0.5B,16,stochastic,42,37.3636,329.19,145.23,256,6.85,1905,137,120,0.0719,1.14,False," 

Okay, maybe I should start by figuring out how many petals each has  Wait, the question says, wait, the question is that's. Wait, the question is that's. Wait, the problem says. Wait, the problem. Wait, the problem says. Wait, the problem says that's. Wait, the question is asking how many more petals the problem. So, first, I need to find out how many more petals do I need to find out of daisies. Wait, the problem says. Wait, the problem says. Wait, the question is asking how many more petals the problem. So, first, I need to find out how many more petals do African daisies. Wait, the question says. Wait, the problem says. Each orchid has 5 petals, no, wait, no, wait, wait, wait, wait, wait, wait, wait, wait, wait, wait, wait, the problem says that's. Wait, the question says. Wait, the question is asking how many more petals the problem. So, the problem says. Wait, the question is asking how many more petals the problem. So, the problem says. Wait, the problem says. Each orchid has 5 petals,",False,True,captured
gsm8k_892,gsm8k,0.5B,16,stochastic,42,34.8847,329.38,135.51,256,7.34,1775,142,115,0.08,1.23,False," Let's solve this problem.
Step 1: What is the cost of one carrot? Let's denote the cost of one carrot as x. Let's solve this problem. Ellen is the total? Let's solve this problem.
Step 1. Let's price?

Okay, let's see the problem is to find out how much Ellen pays for one carrot every day. 

Okay, let's denote the cost of one carrot as x. The total? 

Okay, let's think carefully. First, we need to find the total cost of the first? Let's price? Let's price?

Okay, let's call it is the question. Let's price?
Okay, let's find the problem. Let's solve this problem. So, and what is the cost of the first? We need to find the cost of one carrot. We need to find out. Ellen eats two carrots, a salad, and a yogurt every day? We need to find the problem. Ellen eats two carrots, a salad, and a yogurt every day. The salad costs her $x?

Okay, let's see the problem is to find out of the total cost?

Okay, let's see the problem is the total cost of the first? We need to find the first.",False,True,captured
gsm8k_894,gsm8k,0.5B,16,stochastic,42,26.5409,327.73,102.8,256,9.65,1350,171,86,0.1267,1.99,False," 

Okay, let's see how much Tasha made from lemonade sales. To find out how much Tasha's how much Tasha's how much Tasha made from lemonade sales. Let me start by determining how much Tasha made from lemonade sales. The total money Tasha's how much Tasha's how much Tasha made from lemonade sales. 

Okay, let me how much Tasha's how much Tasha made from lemonade sales. To find out how much Tasha's how much Tasha made from lemonade sales. Let me think. Tasha's how much Tasha made from lemonade sales. To find out how much Tasha's how much Tasha made from lemonade sales. To solve the total money made from the total amount made from lemonade sales. Let me define variables for each week  how much Tasha made from lemonade sales. To find out how much Tasha made from lemonade sales. To solve the problem step by step how much Tasha made from lemonade sales. The total money made from the total amount Tasha's how much Tasha made from lemonade sales. To solve the problem step by step.
Okay, let's try to figure out how much Tasha made from lemon",False,True,captured
gsm8k_896,gsm8k,0.5B,16,stochastic,42,21.9196,330.7,84.66,256,11.68,1109,186,71,0.1677,2.62,False," 

Okay, let's see. John rents his car out 10 times a month. Each time for 3 hours each time for  for  for 3 hours each time for 3 hours each time for 3 hours each time for 3 hours each time. He gets paid $25 an hour. If each time for 3 hours each time for 3 hours each time. He gets paid $25 an hour. If each time for 3 hours. Each time he rents it's worth 3 hours each time for 3 hours each time for 3 hours each time. He gets paid $25 an hour. If each time for 3 hours. He gets paid $25 an hour. If his car payment is $500 times, each time for 3 hours. He gets paid $25 an hour. If I need to figure out how much profit does that's. Each time he rents it out for 3 hours each time for 3 hours each time. He gets paid $25 an hour. If each time for 3 hours. He gets paid $25 an hour. If his car payment is $500. Each time he gets paid $25 an hour. So",False,True,captured
gsm8k_898,gsm8k,0.5B,16,stochastic,42,37.1789,328.95,144.51,256,6.89,1893,136,121,0.0718,1.12,False," 

Final Answer: <number>
Final Answer: <number>
Final Answer: 

Final Answer: <number>
Okay, let's see. The total distance is 1200

Okay, let me check

Okay, let me try again, 150

Okay, let me think.

Okay, let me

Okay, let me
Okay, let me

Okay, let me.
Okay, let me.

Okay, let me, I think the total distance is  1200

Okay, let's

Okay, let's
Okay, let's

Okay, let's answer

Okay, let me think.

Okay, let me

Okay, let's answer is 120 miles.

Okay, let me try again
Okay, let me think.

Okay, let me try again
Okay, let's

Okay, let's

Okay, let's

Okay, let's

Okay, let's

Okay, let's
Okay, let's

Okay, let's total distance rowing

Okay, let's

Okay, let's see the total distance is 50 + 1140

Okay, let me try again
Okay, let'st

Okay, let's

",False,True,captured
gsm8k_901,gsm8k,0.5B,16,stochastic,42,35.5869,328.75,138.27,256,7.19,1815,141,115,0.0777,1.23,False," (D) (D) 1 (D) 1 (D) 12 (D) 3

Okay, let's try to figure out of the question is the problem has a

Wait, the options. (D) 12 (D) 1 (D) 2 (D) 32 (D) 12 (D) 1 (D) 12

Okay, let me check your answer is the question is the question is wrong answer is the question has been repeated. (D) 12

Wait, the options are given, (D) 3 (D) 3 (D) 12

Wait, the answer: (D) 12

Wait, the choices. (D) 12

Wait, the choices are given that is the question is the question is asking for the choices. Wait, the options are given. (D) 12

Wait, the choices.

Okay, let's. (D) 12

Okay, let me check the question is it's answer: (D) 3 (D) 12

Wait, the choices are given. The answer: (D) 12

",False,True,captured
gsm8k_906,gsm8k,0.5B,16,stochastic,42,35.9521,327.56,139.7,256,7.12,1836,141,116,0.0768,1.22,False," 

So, 3 blue shoeboxes and add the ones he used to go fishing. But wait, no. Let me check the ones he used for the ones he used for the ones he used for the ones he used. 

Wait, but wait, the number of boxes used ones he uses. 

Wait, no. of the ones he used ones he uses. 

Total number of boxes used boxes used ones he used boxes used ones. 

Okay, let's start to find the number of boxes used for the ones he used to find how many he uses. 

Total number of boxes used boxes used for the ones he used for the ones he used to find how many he used ones he uses for the ones he used to find how many are used boxes used for fishing boxes used for fishing. 

So, blue and then the ones he used for fishing. 

So, total shoe boxes used boxes used for fishing. 

Tim has 7 blue and find the number of boxes used for the ones he used for fishing. 

Total number of boxes used boxes used for fishing. 

So, blue shoe boxes used for fishing. 

So, the ones he used for fishing. 

Total number of shoe boxes used for the ones he used for fishing. 

So",False,True,captured
gsm8k_910,gsm8k,0.5B,16,stochastic,42,21.8265,328.26,84.31,256,11.73,1101,183,74,0.1662,2.47,False," 

Farmer Brown's farm is 200 acres. 

Farmer Brown's farm is 200 acres is twice the problem says Farmer Smith's farm is 100 acres more than twice Farmer Smith's farm is twice 2 times  The problem says that is twice 2 times 2 times  The problem says Farmer Smith's farm is 100 acres more than twice Farmer Smith's farm is 20

Farmer Brown's farm is 200 acres. Twice the problem says Farmer Smith's farm is 100 acres more than twice Farmer Brown's farm is 200 acres. 

Farmer Brown's farm is 200 acres. Twice the size of Farmer Brown's farm is 200 acres. 

Farmer Brown's farm is 200 acres. Twice the size of Farmer Brown's farm is 2 times 2 is twice 200 is twice 200 is twice 200 is 400. Then, I know that Farmer Smith's farm is 100 acres more than twice Farmer Brown's farm. 

Farmer Brown's farm is 200 acres. Twice that is, so, so, so,",False,True,captured
gsm8k_914,gsm8k,0.5B,16,stochastic,42,15.7567,329.81,60.5,256,16.25,793,206,51,0.2598,4.04,False," 

Wait, the problem says it says he drives 100 miles a day for a 30 day month. Wait, the problem says he drives 100 miles a day for a 30 day month. So, but the problem says he drives 100 miles a day for a 30 day. Wait, the problem says he drives 100 miles a day for a 30 day month. So, but the question says  The problem says he drives 100 miles a day for a 30 day. The problem says he drives 100 miles a day for a 30 day. The problem says it's. Wait, the problem says it's

Wait, the problem says he drives 100 miles a day for a 30 day month. So, but the question says he drives 100 miles a day for a 30

Wait, the problem says he drives 100 miles a day for a 30 day. Wait, the problem says he drives 100 miles a day for a 30

Wait, the problem says he drives 100 miles a day for a  The problem says he drives",False,True,captured
gsm8k_921,gsm8k,0.5B,16,stochastic,42,35.489,330.29,137.88,256,7.21,1803,142,115,0.0788,1.23,False," 

Okay, let's see. There are given that Abby and then calculate how many slices per day. Let's determine how many slices per day. Let's determine how many slices of the total how many slices per day. Abby and then determine how many slices of bread slices per day. Abby and then determine how many slices per day. Abby and then we need to determine how many slices per day. Abby and then 

Okay, let's find out how many slices of bread slices per day. Abby and then find out how many slices of bread Abby and then we need to determine how many slices of bread each person's determine how many slices Abby and then we need to determine how many slices of bread Abby and Josh can eat twice as much ascertify the total the total number of slices each person's determine how many slices of the total how many slices of bread Abby can eat  determine how many slices of bread Abby and then we need to determine how many slices of bread Abby and Josh can eat twice as much ascertify the total number of slices Abby and Josh's determine how many slices of bread Abby and Josh eats  determine how many slices of bread Abby can eat  determine how many slices of bread Abby and Josh can eat twice as much as Abby and then we",False,True,captured
gsm8k_923,gsm8k,0.5B,16,stochastic,42,24.9046,328.98,96.37,256,10.28,1260,177,80,0.1405,2.21,False," Let's solve this problem.
Step 1: The total number of cups she has is 27.
Total number is 27.
Step 2: She divides these into 3 rows. So, the problem. She has is 27.

Okay, so far is 27.
She has been given is 27.
Step 27 is 27.
Okay, so far is 27.

Step 27 is 27.
Step 27.
Step 2: 27.
Total number is 27.
Step 2: The total number of cups is 27.
Step 2: The total number of cups is 27.
Step 2: The number is 27.

Okay, let's call it is 27.

Step 2: The total number of cups is 27.
Step 2: The number is 27.
Okay, so Lana has 27 cups in total is 27.

Step 2: She divides these is 27.

Okay, let's call it T is 27.

Step 2: The total number of cups is 27.

Step 2: The total number of cups",False,True,captured
gsm8k_926,gsm8k,0.5B,16,stochastic,42,29.4663,344.32,114.2,256,8.69,1494,161,96,0.1078,1.68,False," 

He already saw 5 movies on a Friday or Saturday, 8 movies on other days of movies on Fridays and Saturdays: 

He already saw 5 movies on a Friday or Saturday, 8 movies on other days where 5 movies on Fridays and Saturdays: 5 movies on Fridays and Saturdays and  the total movies on Fridays and Saturdays: 

He has already seen 5 movies on a Friday or Saturday, and  and  which is the total number of movies on Fridays and Saturdays: 5 movies on Friday and Saturday and 5 movies on a total movies on Fridays and Saturdays: 5 movies. 

Let me think about 5 movies on a Friday or $15 movies on Fridays and Saturdays: 5 movies on Fridays and Saturdays and Fridays and Saturdays: 

He already seen 5 movies on Friday and 5 movies on a total movies he already seen 5 movies on a total movies on Fridays and Saturdays: 5, so that he already seen 5 movies on a Friday or Saturday, and we have 5 movies on Friday and Saturday and  He already seen 5 movies on a Friday or Saturday, and 8 movies on other days and 5 movies on Friday or 5 movies on Friday or 5 movies on Friday",False,True,captured
gsm8k_932,gsm8k,0.5B,16,stochastic,42,30.3952,328.51,117.91,256,8.42,1536,158,99,0.1029,1.6,False," 

So,  water balloon for herself. Then her mom came out and gave each person 3 more balloons. How many balloons for herself. Then her mom came out and gave each person 3 more balloons. How many total balloons for herself. Then her own balloon for herself. So that she had for herself. So, so that she had for herself. So, so that's own balloon for herself. So, how many balloons for herself. Then her mom came out and gave each person 3 more balloons. How many balloons did she have. Then her mom came out and gave each person 3 more balloons. How many total balloon for herself. So that she had for herself. So, the first, so that she had for herself. So, how many balloons for herself. Then her mom gave each person 3 more balloons for herself. So, how many balloons did not sure, so that's 4
Okay, let's see the first, so that she had for herself. So, so that's own balloon. So, Maria had 1 + 4
Okay, let's break this is the problem. So, so that she had for herself. So, how many balloons did not sure. Then her mom came out and gave",False,True,captured
gsm8k_942,gsm8k,0.5B,16,stochastic,42,43.5208,331.49,169.37,256,5.88,2213,115,142,0.052,0.81,False," 

First, let's set up the problem.

The cost is the sum of the 

Okay, let's break-night visitation fee for the service fee for the service fee for the house visit fee for the visitation fee, the service fee, 

Let me think
- 

First, let's breakneck and the house visit fee, 

- visitation fee, and the service fee, labor cost of the visitation fee for the visit, the service fee, a. 

Let me think. The cost of the service fee for the visitation fee for the visitation fee, the service fee, the service fee, labor cost and the service fee, 

First, let's break-travel
- service fee, visit fee for the visit, visitation fee, the house visit fee, the visitation fee, the visitation fee, the service fee, labor cost, and parts cost of the service fee for the visitation fee, 

First, let's break-out-of the service fee, the service fee, labor cost and the service fee, the service fee, labor cost, and parts cost.

First, let's break visitation fee, 

Okay, let's break visitation fee, and the service fee, visitation fee, the service",False,True,captured
gsm8k_943,gsm8k,0.5B,16,stochastic,42,31.9587,341.01,123.99,256,8.01,1619,152,105,0.0939,1.45,False," (Do not use any calculator)
Final Answer: <number>
Okay, let's (Do not use any calculator. So James gets 10 new CDs. Each CD costs $15, step through this step through this step through this step by step.

First, James gets started. So, James gets started. So, James gets 10 new CDs. Each CD costs $15, so James gets through this step by step.

First, I need to figure out how much money he was he gets this step through this step by step.

First, I need to figure out how much money was he out? Hmm, so. Hmm, so. So James gets 10 new CDs. Each CD costs $15, step through this step by step.

First, I need to figure out how much money was he out? Hmm, step through this step by step. So James gets 10 new CDs. Each CD costs $15, step through this problem step through this step by step.

First, I need to figure out how much money James gets this step by step. So James gets this step by step. So James gets 10 new CDs. Each CD costs $15, step through this problem step through this",False,True,captured
gsm8k_944,gsm8k,0.5B,16,stochastic,42,32.7515,328.92,127.15,256,7.82,1659,151,106,0.091,1.42,False," 

Second, so 65 each. So 6 each. So, so 6 *each. So 6 × 6 each. So 6 yam each. So, so 6 times 6 each. So, so 6 yam each. So, 6 yam each. So, 6 yam price each. So, 6 yam. So, 6 yam total for each. So, 6 yam = 6 × $1.5 each. So, 6 yam revenue from each. So, 6 yam price each. So, 6 yams each. So, 6 yam each. So 6 times 6. 

Wait, the total amount from each. So 6 multiplied by 6, so 6 each. So, 6 *each. So 6 times 6.5 each. So, 6 * 15 each. So 6 * 1. 

Wait, the total for each. So, 6 yam each. So the total for yam each. So, 6 yam = 6 × $1.5 = 6 × $1.5 per piece. So, ",False,True,captured
gsm8k_945,gsm8k,0.5B,16,stochastic,42,42.769,326.01,166.44,256,5.99,2175,117,140,0.0538,0.84,False," 

Okay, let's see the answer>
Okay, let's see the final answer >

Okay, let's think>
Okay, let's think>
Okay, let's see the total time in the final answer >

Okay, let's try again.

Okay, let's think>
Okay, let's think>
Okay, let's try again

Okay, let's think>
Okay, let's see the lake.
Okay, let's solve the total time in the first part of the lake is 24300>
Okay, let's solve the problem, let's see the problem

Okay, let's see the problem again. 
Okay, let's think>
Okay, let's try again>
Okay, let's see the problem, but I need to figure out the total time. 

Okay, let's see the total time in the answer >

Okay, let's try again>
Okay, let's try again, I need to find the total time. 

Okay, let's see the answer >

Okay, let's try to solve the total time in the problem. 

Okay, let's see the total time in the problem, let's solve the total time in the first part, but then you have to go across the lake.
Okay, let",False,True,captured
gsm8k_953,gsm8k,0.5B,16,stochastic,42,42.0064,330.47,163.43,256,6.09,2126,122,135,0.0574,0.9,False," (She is a sleepwalker)
Okay, let's try to figure out how many minutes Kim slept on her bed that day she is a sleepwalker, so she is a.m

Okay, let's try to find the total minutes>
Okay, let's see the total sleepwalker>
Okay, let's see the total sleepwalker> To determine the total sleepwalker>
Okay, let's see the total minutes>
Okay, let's see the answer>
Okay, let's try to solve this problem is a.m

Okay, let's think>
Okay, let's see the explanation>

Okay, let's try to figure>
Okay, let's see the problem.

Okay, let's see the answer>
Okay, let's try to calculate the sleepwalker>
Okay, let's try to solve this problem.

Okay, let's see the total sleepwalker

Okay, let's see the problem again. Let's>

To solve this problem step-by-calculated.

Okay, let's see the explanation>

To solve this problem step by step and the total minutes she is a.m>

To solve this problem, she is a sleepwalker)
Okay, let's try to figure>
Okay, let's try to calculate the total time>
Okay, let's try to find",False,True,captured
gsm8k_967,gsm8k,0.5B,16,stochastic,42,29.4964,328.29,114.38,256,8.68,1496,159,97,0.1063,1.64,False," 

Okay, let's see. Nani is 8 years old. His brother is twice Nani's brother is the age of the age of the age of his brother. Let me find the age of brother is the age of his brother's brother. 

Okay, let me find the age of his brother's brother is the age of his brother. After that, I need to find the age of his brother. Let me find the age of his brother. Then, I need to find the age of his brother is the age of his brother. After that, I need to find the total age of all three is the age of his brother's brother is the total age of the age of brother. I need to find the age of brother is the age of his brother. Then, I need to find the age of his brother. Then, add all the age of brother. I need to find the age of his brother. 

Nani's brother. I need to find the age of his brother. Then, I need to find the age of his brother is the age of his brother. Then, I need to find the age of Nani's brother is the age of his brother. Then, add all three ages of the age of his brother's",False,True,captured
gsm8k_969,gsm8k,0.5B,16,stochastic,42,21.8401,326.84,84.37,256,11.72,1101,183,73,0.1662,2.51,False," 

John, himself, 1 for him, his 2 kids, and his wife. There are 1 for him, his 2 kids, and his wife. So, himself, 2 kids, 1 for him, his 2 kids, and his wife. That's phones for him, his 2 kids, and his wife. That's 1 for him, his 2 kids, and his wife. So that is 1 (1 for him, including himself, his 2 kids, and his wife. 1 for himself, 2 kids, and his wife. So that's 1 for himself, 2 for him, his 2 kids, and his wife. So, himself, 2 kids, and his wife. That's 1 for him, his 2 kids, and his wife. So that's 1 for him, his 2 kids, and his wife. That's 1 for himself, 2 kids, and his wife. So that's 1 for himself, 2 for the phones for him, his 2 kids, and his wife. That's 1 + 2 kids, and his wife. So that's 2 kids, including himself, his own phone",False,True,captured
gsm8k_970,gsm8k,0.5B,16,stochastic,42,36.5867,328.13,142.19,256,7.0,1856,139,118,0.0749,1.18,False," 

Okay, let's see. The problem says Zeke's baseball team has 7 more players Zeke's team has many players are there in both teams combined? 

Okay, let's team has many players are many players are many players are on the number of Zeke's team has many players are there in both teams combined? 

Okay, let me think
Okay, let me many players are there in both teams combined. 

Okay, let me

Okay, let me many players are on the number of players are there are there are there are there in total number of players Zeke's team has more players Zeke's team has more players Zeke's team has more players than Carlton's team has many players are many players are on the team has many players are on the team. Let me solve this problem.

Okay, let me

Okay, let me

Okay, let me

Okay, let's see, so many players are on the problem. 

Okay, let me start by identifying the given information. 

Carlton's team has 13 many players are on the baseball team has many players are there in both teams combined. I can I need to find the number of players on the number of players Zeke's team has more",False,True,captured
gsm8k_974,gsm8k,0.5B,16,stochastic,42,28.423,332.72,110.16,256,9.01,1418,166,91,0.1171,1.82,False," 

First, add the costs of the books. Then, subtract the amount he has saved from the total cost. Then, divide by the amount from that he has saved from that he has saved from that he has saved from that total. Then, divide by his allowance from that total. Then, divide by his hourly from that total. Then, divide by the amount from the amount from the total. Then, divide by his allowance from the amount from the total. Then, divide by his allowance from the total. Then, divide by his hourly rate from the total cost. So, $14. Then, divide by the amount he has saved from the amount from that he has saved from his allowance from that total. Then, divide by his hourly rate to find the total. Then, divide by his allowance from that he has saved from the total cost. So,  from that he has saved from the total cost. Then, divide by his hourly rate to find the amount from that he has saved from his allowance from that he has saved from the total cost. Then, divide by his hourly rate to find the number from that he has saved from his allowance from the amount from the total. Then, divide by his hourly rate to find the hours from his allowance",False,True,captured
gsm8k_978,gsm8k,0.5B,16,stochastic,42,16.643,336.18,63.95,256,15.38,829,203,54,0.2449,3.76,False," 

The red car is 40% cheaper than the blue car. The blue car is 40% cheaper than the blue car is 40% cheaper than the blue car. 

Okay, so is 40% cheaper than the blue car. So, being 40% cheaper than the blue car. is 40% cheaper than the blue car by 40% cheaper than the blue car. So, the red car is 40% cheaper than the blue car. The red car is 40% cheaper than the blue car. The red car is 40% cheaper than the blue car. The red car is 40% cheaper than the blue car. The red car is 40% cheaper than the blue car. The red car is 40% cheaper than the blue car. The blue car is $40% cheaper than the blue car by 40% cheaper than the blue car. So, the red car is 40% cheaper than the blue car. The red car is 40% cheaper than the blue car. The blue car is 40% cheaper than the blue car. So, the red car's price is 40% cheaper than",False,True,captured
gsm8k_981,gsm8k,0.5B,16,stochastic,42,33.8078,332.63,131.28,256,7.57,1712,146,110,0.0853,1.33,False," 

Final Answer: <number>
Okay, let's break it's on Thursday, but I need to figure out how many servings he caught 3 pounds of crawfish on Thursday, let's break it down step by step. Hmm, maybe I should start by Thursday, Friday. 

Final Answer: 3 pounds on Thursday. Then on Friday, he caught 4 times that amount. 

Final Answer: 7

First, let's on Thursday, Friday. 

Final Answer: 7

Wait, I need to figure out how many servings he has. Alright, let's break it down step by step. 

First, let's break it. Hmm, maybe I should be careful. Let me try to solve this problem step by step.

First, let's break it's on Thursday, Friday. Hmm, maybe I should be careful. Let me break it down step by step. Hmm, I need to figure out how many servings he has. 

First, let's break it. 

Final Answer: 7

Final Answer: 7

Wait, let's on Thursday, Friday. 

First, let's break it. Hmm, maybe I should be 3 pounds of crawfish on Thursday, I need to figure out how many pounds",False,True,captured
gsm8k_982,gsm8k,0.5B,16,stochastic,42,12.037,327.26,45.92,256,21.27,600,219,38,0.365,5.76,False," 

First, I will solve this problem step by step.

Step 1: Calculate the number of football players. 20% of 30 students are football players. 20% of 30 students who are football players. 20% of 30 students who are football players. 20% of 30 students who are football players. 20% of 30 students who are football players. 20% of 30 students is 20% of 30 students who are football players. 20% of 30 students who are football players.

20% of 30 students to find the number of football players. 20% of 30 students who are football players. 20% of 30 students is 0.20 * 30 = 6 students are football players. 20% of 30 students to find the number of football players in the class how many students are football players. 20% of 30 students are football players. 20% of 30 students is 0.20 × 30 to find the number of football players. 20",False,True,captured
gsm8k_983,gsm8k,0.5B,16,stochastic,42,31.5132,329.13,122.29,256,8.12,1591,154,103,0.0968,1.5,False," 

Wait, the question says Sophie's, I know that Sophie's boots are size of course, I know that Sophie's, I need to know that's the problem, I know that Sophie's boots are size of course, I know that Sophie's boots. Wait, the problem, I know that Sophie's boots are size five. Wait, the problem says Sophie's, I know that Charlie has already given that's, I know that Sophie's boots are size five. 

Wait, the problem says Charlie has boots that are five times the size of Sophie's. If Sophie's size is given that's, I know that Sophie's shoe size is given that's already given that's already given in the problem, I know that Charlie has been given that Sophie's size is given that Sophie's boots, I know that Charlie's boots are five times the size of Sophie's. If Sophie's the problem, I know that Sophie's boots are size five. Then, I know that Sophie's boots are size five. 

Wait, the problem says Sophie's, I'm given that Sophie's boots are size five. Then, I know that Sophie's boots are size five. Then, Charlie's boots are five times the size of course, I know that Sophie's",False,True,captured
gsm8k_989,gsm8k,0.5B,16,stochastic,42,41.4565,327.52,161.29,256,6.18,2099,122,134,0.0581,0.91,False," (She can work in parallel)
Final Answer: <number>
Okay, let's see. Emily needs to be 25450

To solve the answer is 15450
Okay, let's
Okay, let's see. Emily needs to be
Okay, let's see, 25
Okay, let's see the problem, and cook 90 shrimp, she can work in parallel. She can work in the total time is 150

Let me think through the total time is 25
Okay, let's break this is 20

Final Answer: 25

Wait, let me think
Okay, let's see the total time is 25
Okay, let's see, so the answer
Okay, let's see, let's see the problem, let's see the time to peel and cook 90

To solve this step 25
Okay, let's see the time it takes Emily can work in parallel
Okay, let's see, so the time it takes to cook 90

To solve the problem step 150
Okay, let's break it down into the problem is 20

Okay, let's see",False,True,captured
gsm8k_990,gsm8k,0.5B,16,stochastic,42,27.3256,327.0,105.88,256,9.37,1378,167,90,0.1212,1.86,False," 

Okay, let's break down. 

Okay, let's break down the time is the air conditioner cools the air conditioner cools the room at the air conditioner cools the room at  the air conditioner cools the room at 2 degrees per hour on low and the air conditioner cools the room at 2

Okay, let's the air conditioner cools the room at the air conditioner cools the room at 2 degrees per hour on low and 3 degrees are two things are three things are the air conditioner cools the room at 2 degrees per hour on low and 3 degrees are some of the time is the difference between the air conditioner cools the room at 2 degrees per hour on low and 3 degrees per hour. 

Okay, let's see, the air conditioner cools the room at the air conditioner cools the room at 2 degrees per hour on low and 3 degrees are the air conditioner cools the room at 2 degrees per hour on low and 3

Okay, let's break down. The air conditioner cools the room at the air conditioner cools the room at 2 degrees per hour on low and 3

Okay, let's break down the problem into the air conditioner co",False,True,captured
gsm8k_998,gsm8k,0.5B,16,stochastic,42,27.7836,327.72,107.67,256,9.21,1402,169,88,0.1205,1.92,False," 

So, the door. To do. So, there were given to the wedding. To do this is  door. So, the total. To do this, which is 1/door. So, I multiply the door. There were given to the church next door. 

Okay, let's start by calculating the. So,  door. To do this, I'll. To do this, I multiply the number of guests by multiplying the door. So, I need to find out how many cookies. To do this, I multiply the number of guests by the number of cookies each guest brought. So, the. There were 100 guests, each bringing 15 cookies. So,  door. To do this, I need to calculate that is 1/door. There were 100 guests, each bringing 15 cookies. So  door. To do this, I can be. To do this, I multiply the number of guests by the number of cookies each guest brought to the door. To do this, I should be. To do this, I multiply the number of guests by the number of cookies each guest brought to the wedding. So, there were 100 guests, each bringing 1",False,True,captured
gsm8k_999,gsm8k,0.5B,16,stochastic,42,36.7025,332.1,142.63,256,6.98,1845,138,118,0.0748,1.17,False," (Round to the nearest whole number)
Final Answer: <number>
Okay, let's see. The problem is 6750

To solve this problem is 50
Okay, let me think
Okay, let me

Okay, let me

Okay, let me

Okay, let's see the answer is 466666
Okay, let me think
Okay, let me
Okay, let's

Okay, let's see below
Okay, let's

Okay, let's
Okay, let's see above

Okay, let's see above

Okay, let's see the percentage
Okay, let me

Okay, let's

To solve this problem, we need to determine the percentage of the watermelon each adult gets 666
Okay, let's answer is 40

To solve

Okay, let's see the steps: 50
Okay, let's percentage

Okay, let's see the answer is 20

Let me solve the answer is 50
Okay, let's answer is 33

Wait, I think I need to calculate the percentage of the percentage
Okay, let's
Okay, let's
Okay, let's see below",False,True,captured
gsm8k_1004,gsm8k,0.5B,16,stochastic,42,21.5489,328.09,83.22,256,11.88,1084,186,70,0.1716,2.66,False," Let's solve this problem.
Step 1: What is the total number of chocolate bars that Peter has Peter has Peter has? Wait, the problem already given to find the number of chocolate bars that Peter has? Wait, the problem already given? Wait, the problem already given? Well, the problem says Peter has 4 boxes with the same number of chocolate bars in each box does Peter has Peter has? Well, the problem says Peter has 4 boxes with the same number of chocolate bars in each box? Well, the problem says Peter has? Wait, the problem already given? Well, the problem says Peter has 4 boxes with the same number of chocolate bars in each box that Peter has? Well, the problem says Peter has 4 boxes with the same number of chocolate bars in each box that Peter has? Well, the problem says Peter has 4 boxes with the same number of chocolate bars in each box that Peter has? Well, the problem says Peter has 4 boxes with the same number of chocolate bars in each box? Well, Peter has? Wait, the problem already given to find out of each has Peter has? Well, the problem says Peter has 4 boxes with the same number of chocolate bars in each box? Wait, the",False,True,captured
gsm8k_1005,gsm8k,0.5B,16,stochastic,42,33.0396,329.46,128.28,256,7.75,1670,151,106,0.0904,1.42,False," (Include all steps and final answer)
Final Answer: <number>

Okay, let's see. The problem is to find the problem, we need to go step by step:

1. Calculate the number of female porcupines is as a year, we need to find the number of female porcupines is to find the number of female porcupines is to find the total number of female porcupines: 

First, we need to calculate the number of female porcupines is a year, we first, we need to find the number of female porcupines in a year is a year, we need to break down, we need to find the number of female porcupines first, we need to break the problem, we need to follow these steps:

1. First, we need to find the number of female porcupines is to find the total number of female porcupines: 

First, we need to calculate the number of female porcupines is a year, we first, we need to find the number of female porcupines. First, we need to calculate the number of female porcupines in a step-by step-by-step:

1. First, we need to follow these steps:

Step 1: Determine the number of",False,True,captured
gsm8k_1007,gsm8k,0.5B,16,stochastic,42,27.9374,328.71,108.27,256,9.16,1419,167,90,0.1177,1.86,False," 

First, we know the information given the information given the information given:

1. First, we know the information given:

1. First, we know there are 9 red sticks. 

First, we know there are 9 red sticks. 

Next, we need to find the information given the information:

1. First, we know there are 9 red sticks. 

Next, the information given the information given the information given the information given the information given:

1. First, we know there are 9 red sticks. 

Next, the information given:

1. Start by first. 

First, we know there are 9 red sticks. Next, we need to find the number by first. 

First, we know there are 9 red sticks. Next, we need to find the number of blue sticks. The problem step by first. 

First, we know there are 9 red sticks. 

First, we know there are 9 red sticks. The problem step by step by first identifying the number by first identifying the number of the information given:

1. First, we know there are 9 red sticks. 

2

First, we know there are 9 red sticks. 

Next, the information given:

1. First,",False,True,captured
gsm8k_1014,gsm8k,0.5B,16,stochastic,42,34.5042,328.04,134.02,256,7.42,1750,142,114,0.0811,1.25,False," Also, is there a discount on the items he bought? If yes, what is the discount rate?

Wait, that discount rate?

Wait, the discount?

Wait, the question seems to be the discount percentage of the total amount of the discount?

Wait, the discount percentage?

Let me check the discount rate?

Okay, let's see the discount rate?

Okay, let me the discount percentage?

Let me check that discount?

First, let's calculate the total cost per item?

Wait, the question is the discount rate?

Wait, the question says ""the discount rate?

Wait, the discount rate?

Wait, the question says ""Including tax, peaches and pears are $.5 each, apples are $.75 percent of the discount?

Wait, the discount rate?

Wait, the discount rate?

Wait, the question is asking for? (the discount rate?

Wait, the question seems to be the discount rate?

To make sure that discount rate?

Wait, the question is the discount rate?

Wait, the question, what?

Wait, the question is a possible discount percentage of the total amount he discount rate?

Answer: <number>.
Okay, let's see the discount rate?

Let me try to find the discount rate?

Okay, let me the discount",False,True,captured
gsm8k_1024,gsm8k,0.5B,16,stochastic,42,37.6071,329.32,146.19,256,6.81,1916,134,123,0.0699,1.09,False," 

Okay, let's start by calculating the money from the total earnings from the money from the total earnings from the total earnings from the total earnings, subtract the money given that's subtract the money given to subtract the amount given to her sisters gave her two sisters $10 each for the money from the cookies: 

Okay, let's start by calculating the money from the cookies is to subtract the amount given to her sisters. Subtract the money given to her sisters. 

Step 1: Calculate the earnings from cookies: 

Let me break down to subtract the money given to her sisters. Finally, subtract the amount given to her sisters and subtract the amount left after that, subtract the amount she gave away, subtract the amount she gave her sisters took away, I need to subtract the amount she gave her two sisters gave away from the money from the total earnings from the total earnings from the total earnings, subtract the amount she gave her earnings from the total earnings, subtract the amount she gave her two sisters took away the money given that total earnings from the total earnings, subtract the amount she gave her two sisters $10 is to subtract the amount she gave her two sisters $10 each. So, subtract the money from the total earnings, subtract the amount given to",False,True,captured
gsm8k_1026,gsm8k,0.5B,16,stochastic,42,30.8622,326.3,119.75,256,8.29,1566,154,103,0.0983,1.5,False," 

Okay, let's see. The problem is about calculating the day with a day with a steel pickaxe. 

Okay, let's see, let's see, let's see, with a day with a steel pickaxe. 

Wait, the problem says ""a day with a steel pickaxe. 

Okay, let's see, with a day with a steel pickaxe. 

The problem. 

Okay, let's see, let's see, let's see, let's see, let's see, let's see, let's see, the day with a steel pickaxe. 

The problem says that one day with a steel pickaxe. 

Let me calculate the day with a steel pickaxe. 

The problem says that one day with a steel pickaxe. 

The problem says that one day with a steel pickaxe. 

The problem says that one dwarf can mine 12 pounds of ore per day with his bare hands. The problem says that one day with a steel pickaxe. 

So, with a steel pickaxe. 

The problem says that one day with a steel pickaxe. 

So, with a steel pickaxe. 

Let me start by finding the first, let's see, let's see, let's",False,True,captured
gsm8k_1049,gsm8k,0.5B,16,stochastic,42,32.9942,327.31,128.11,256,7.76,1682,150,107,0.0892,1.4,False," Let's solve this step by step.
First, we calculate the number of English books: 

Okay, let's see the number of Spanish books = 250
Okay, let's solve the number

First, we find the number of English books is 25
Okay, let's solve the problem. Let's solve this is 25
Okay, let's see the number of English books: 

First, we find the number of books. Let's solve this step by step.
Okay, let's calculate the number of English books: 

Okay, let's solve this is 25. 

Okay, let's see the number of English books: 25
Okay, let's see the problem: 

First, we find the number of books in English books
Okay, let's calculate the number of English books: 50
Okay, let's see the number of English books is 50
Final Answer: 25

First, calculate the number of English books: 50 /Final Answer: 25

First, we calculate the number of English books. First, we calculate the number of English books is 25
Final Answer: 25

First, we calculate the",False,True,captured
gsm8k_1054,gsm8k,0.5B,16,stochastic,42,26.6421,327.49,103.19,256,9.61,1354,170,87,0.1256,1.95,False," 

The area. Since the floor is 200 sq ft. Since the kitchen floor. Since the floor. Since the kitchen floor is 200 square feet. Since the floor. Since the floor. Since the floor. Since the floor is 200 sqft. Since the floor is 200 sq ft. Since the tiles. Since the floor. Since the tiles are. Since the floor. Since the floor. Since the floor. Since the floor. Since the tiles. Since the floor. Since the tiles are 2. Since the kitchen floor. Since the floor. Since the tiles are square feet. 

The area. Since each tile is 1 sqft. Since the floor is 200 sq ft. The area of 200 sq ft. Since each tile is 1ft. Since the tiles are square foot. Since the kitchen floor. Since the kitchen floor. Since the floor. Since the floor. Since the kitchen floor. Since the floor. Since the floor. Since the floor is 200 SqFt. Since each tile is 1ft by dividing the total area of 200 sq ft. Since the floor. Since the floor. Since the floor. Since the",False,True,captured
gsm8k_1056,gsm8k,0.5B,16,stochastic,42,39.962,329.69,155.42,256,6.41,2035,128,129,0.0629,0.99,False," (1 year = 52 weeks)
Okay, let's see. Greg needs to be sure, 52





Okay, let's see the number

To determine the number of loads per week
Okay, let's break this is 52

Okay, let's break it down into the number of loads of the number

To determine the number of loads per week, then he does he does not enough

To determine the number of loads per week, then, 52


Okay, let's see the number

To determine how many loads of laundry is 52
Okay, let's see above

Okay, let's see the explanation: 52

Let's

Let's

To determine how many loads of laundry does he do in a week: 52
Okay, let's see. Let's break it down step 444

To determine how many loads of laundry does he do in a week? Let's see. So, 52
Okay, let's see, 46262624

Wait, let's

To determine how many loads of laundry does he do in a week 52
Okay, let's",False,True,captured
gsm8k_1068,gsm8k,0.5B,16,stochastic,42,20.2874,329.82,78.27,256,12.62,1025,192,65,0.1873,2.95,False," 

Okay, let's break down how many sub sandwiches Sidney ordered. 

Okay, let's see how many meatball sub sandwiches Sidney ordered initially how many sub sandwiches Sidney's how many meatball sub sandwiches Sidney's how many meatball sub sandwiches Sidney ordered initially how many meatball sub sandwiches Sidney ordered initially how many meatball sub sandwiches Sidney ordered initially. The number of meatball sub sandwiches Sidney ordered. 

Okay, let's see how many sub sandwiches Sidney ordered. The problem says Sidney ordered 3 less than ten meatball sub sandwiches Sidney's how many meatball sub sandwiches Sidney's how many meatball sub sandwiches Sidney ordered initially how many meatball sub sandwiches Sidney ordered initially. The number of meatball sub sandwiches Sidney ordered. How many meatball sub sandwiches Sidney ordered initially how many meatball sub sandwiches Sidney ordered initially. The number of meatball sub sandwiches Sidney ordered initially. The number of meatball sub sandwiches Sidney ordered. Sidney's how many meatball sub sandwiches Sidney ordered originally how many meatball sub sandwiches Sidney ordered originally. The number of meatball sub sandwiches Sidney ordered initially. The number of meatball sub sandwiches Sidney ordered initially. The number of meatball sub sandwiches Sidney ordered initially. The number of meatball sub sandwiches Sidney ordered initially. The number of meat",False,True,captured
gsm8k_1069,gsm8k,0.5B,16,stochastic,42,22.2781,326.83,86.08,256,11.49,1128,183,73,0.1622,2.51,False," 

First, let's start by first into steps:

First, let's start by determining the number of trucks that had  down step by step:

1. First, let's determine how many trucks were able to understand the steps:

First, let's determine how many trucks were able to deliver the fertiliser to understand the given information down step by step. 

First, let's determine the number of trucks that had mechanical failures and calculate the number of trucks dispatched lorries that had mechanical failures. 

First, let's determine how many trucks were able to deliver the fertiliser to the problem down step by step.

First, let's determine how many trucks were able to deliver the fertiliser. 

First, let's determine how many trucks were able to deliver the fertiliser. 

First, let's determine how many trucks were able to deliver the fertiliser. 

First, let's determine how many trucks were able to deliver the fertiliser. Mr Hezekiah initially down step by step. 

First, let's determine how many trucks were able to deliver the fertiliser. Mr Hezekiah initially into steps:

First, let's determine how many trucks were able to deliver the fertiliser. Mr Hezekiah initially had 20 trucks. A
Step",False,True,captured
gsm8k_1070,gsm8k,0.5B,16,stochastic,42,32.1024,329.92,124.6,256,7.97,1624,153,104,0.0942,1.47,False," 

First, let's start by first, let's start by understanding the problem step by step. 

First, let's start by understanding the requirements down into steps:

Dennis needs into steps:

1. **down into steps. Dennis needs to make 6 dozen croissants, let's first, step by step. Dennis needs to make 6 dozen croissants. Dennis needs into steps. Dennis needs to make 6 dozen croissants, we need to first determine how much more carefully down into steps. 

First, let's determine how much down into steps. 

First, let's determine how much butter Dennis uses  down into steps:

Dennis needs to understand the problem into parts down into steps:

Dennis needs to make 6 dozen croissants, we need to determine how much Dennis needs into steps. First, determine how much Dennis needs to make sure to understand the relationship between the number of croissants and the amount of butter required to understand the problem step by step. 

First, let's determine how much butter Dennis needs to make 6 dozen croissants. Since Dennis needs to understand the requirements down into smaller steps. 

First, let's determine how much butter Dennis needs to determine how much butter Dennis needs to",False,True,captured
gsm8k_1071,gsm8k,0.5B,16,stochastic,42,20.9475,332.37,80.84,256,12.22,1061,190,67,0.1791,2.84,False," 

Then, we have 25 classmates, 7 girls in her dance class, and 4 people invited guests invited guests invited guests: 25 classmates: 25 classmates: 25 classmates: 25 classmates, 7 girls in her dance class, and 125 people invited guests: 25 classmates: 25 classmates, 25 classmates, 7 girls in her dance class, and 1330 people who could not come. Then, the total of 25 classmates: 25 classmates, 7 girls in her dance class, and 134 people invited 25 classmates, 7 girls in her dance class, and 13 family members of 25 classmates, 7 girls in her dance class, and 13 family members of the 25 classmates, 7 girls in her dance class, and 13 family members of the 25 classmates, the 25 classmates, 25 classmates, 7 girls in her dance class, and 13 family members of the 25 classmates, the 7 girls in her dance class, as many people invited guests: 25 classmates, 7 girls in her dance",False,True,captured
gsm8k_1072,gsm8k,0.5B,16,stochastic,42,33.3853,344.86,129.57,256,7.67,1702,149,108,0.0875,1.38,False," 

Wait, the remaining money together the remaining money. 

Wait, the problem. 

Wait, the remaining money. 

Wait, the problem says they each had $60. Wait, the problem. 

Wait, the problem says they each had $60. Wait, the problem says that to find the remaining amounts left. 

Wait, the remaining money together. 

Wait, the problem says they each had $60. Does that make sure that I need to find the amount left. 

Wait, the problem says they each had $60. Wait, the problem says that they each had $60. So, and subtract the remaining money left after they each of their remaining money and subtract the remaining money. Wait, the remaining money together. 

Let me think
Okay, let's see. The total money they had before they each of the remaining money to find the total money left after they spent money left over the remaining amounts left after they each had. 

Wait, the problem says they each had $60. So, Maggie spent a quarter of her money, which is the remaining money. 

Wait, the remaining money together the remaining amounts left. 

Wait, the problem says they each had $60. Wait,",False,True,captured
gsm8k_1075,gsm8k,0.5B,16,stochastic,42,30.4347,329.98,118.06,256,8.41,1545,157,100,0.1016,1.57,False," 

15 roses. 

Jenny can buy a few options: 15 roses. 

Let me think
- 15 roses. 

She could either 15 roses. 

There are two options for the roses at least expensive roses at least expensive roses at least two options: 15 roses. 

Roses cost $2 each and 15 roses. There are two options for buying 15 roses. If she bought 15 roses. 

There are two options for buying 15 roses. 

But wait, that the option 15 roses. Since the two options for the two options for buying 15 roses. 

But the two options for buying 15 roses. The cost of 15 roses can either 15 roses. If she bought 15 roses. If she bought 15 roses, 15 roses. She bought 15 roses. The problem here two options for buying roses that the option 15 roses. 

The problem is a few options for buying roses: 15 roses. 

If she bought 15 roses, and 15 roses. She can buy 15 roses in the two options for the option 1: 1",False,True,captured
gsm8k_1082,gsm8k,0.5B,16,stochastic,42,41.6693,331.11,162.11,256,6.14,2122,121,135,0.057,0.9,False,"  How long did he spent walking?
Okay, let's see. James walks back home and the total time to reach the store?
Okay, let me know
Okay, let me to reach the store?
Okay, let me
Okay, let me to reach the store?

Okay, let's see above
Okay, let me to reach the store?
Okay, let me think. Okay, let me to reach the store?

Okay, let me
Okay, let's see above
Okay, let's total time?
Okay, let me to reach the store?
Okay, let me think. To reach the store, how long did he spent walking?

Okay, let me
Okay, let's see above

Let me solve the total time?

Okay, let me to reach the store?
Okay, let's total time

Let me try again?

Okay, let me to reach the store?
Okay, let's answer the total time

Let me try again?

Okay, let's time to reach the store?
Okay, let me think. The total time to reach the store?
Okay, let's see. James decided to walk to the store. 2
Okay, let me think. Okay, let me to reach the store?

Okay, let's",False,True,captured
gsm8k_1089,gsm8k,0.5B,16,stochastic,42,35.5676,329.87,138.19,256,7.2,1812,140,116,0.0773,1.21,False," (You can assume that the ball is not on the ground and the ball's center (the first bounce is 24. (this is a) is  of mass is at the first bounce is 24
Okay, let's see the first bounce is at the first bounce is at the height is 24 feet above the ground. So, so that it is  of mass is at the center is 24 feet. (the first bounce is the first bounce is 24 feet are both after the first bounce is 24 feet above the ground.)

Okay, let's height is 24 feet above the ground at the top is  (You can assume that the ball is not on the ground and the ball's center is at the same as it is at the same as it bounces to the first bounce is at the top is 24 feet above the ground when it first touches the ground is at the top is at the first bounce is the first bounce is at the very first bounce is 24 feet above the ground when it is  (the ball's center is  (You can assume that the ball is not on the ground and the ball's center
Okay, let's height is measured from the ground is",False,True,captured
gsm8k_1091,gsm8k,0.5B,16,stochastic,42,34.6268,329.12,134.5,256,7.39,1767,144,113,0.0815,1.27,False," What is the total cost to the nearest cent?
Answer: 500. 

Okay, let's see. The problem is 1: <number>
Okay, let me think carefully check

Final Answer: <number

To determine the total cost is 1: <number>
Okay, let me to the total cost is 1: <number>
Final Answer: <number>
Okay, let me.
Okay, let me: <number>
Okay, let me: <number>
Okay, let me know the total cost is <number>
Okay, let me know the total cost to the nearest cent: <number>
Okay, let me know the total cost to the nearest cent?
Okay, let me know that the orchard earned $<

To determine the number

To determine the number

Final Answer: 1: <number>
Okay, let's Answer: <number>
Okay, let me know the total cost to the nearest cent?

Okay, let's answer is <number>
Okay, let's Final Answer: <number>
Okay, let's total cost is <number>
Okay, let's answer is 4000

Final Answer: 1: <number>
Okay, let's Final Answer: <number>
",False,True,captured
gsm8k_1102,gsm8k,0.5B,16,stochastic,42,43.7708,331.51,170.35,256,5.85,2227,116,141,0.0521,0.82,False," 

Okay, let's see. Sheila started with a number>
Okay, let me

Okay, let me
Okay, let me
Okay, let's see the final answer here is the new balance on her credit card. 

Okay, let me to the total balance>
Okay, let me think>
Okay, let me to the credit card. 

Okay, let me.
Okay, let me. Let's see the new balance>
Okay, let me the new balance on her credit card. 

Okay, let's balance>
Okay, let's credit card.  250>
Okay, let's credit card. Let's

Okay, let's balance>
Okay, let's balance>

Okay, let's credit card.  So, the total balance>

Okay, let'sh170>
Okay, let's balance>
Okay, let's see the total balance>
Okay, let's see.>

Okay, let's credit card balance>

Okay, let's new balance is the total balance>
Okay, let's see. Sheila initially, let me to the total amount>

Okay, let's credit card. Let's credit card balance>

Okay, let's balance>
Okay, let's see the new balance on her credit card. 

",False,True,captured
gsm8k_1107,gsm8k,0.5B,16,stochastic,42,31.5879,331.98,122.57,256,8.1,1607,152,105,0.0946,1.45,False," The school has 400 students.

Final Answer: <number>
Okay, let's see. The problem says that 40% of the school population of the total number of girls in the school. First, we are in the total number of girls in the school. First, we know that 40% of the school population is made up of 240 boys. First, we know that  number of girls in the school. Let's.

Okay, let's total number of girls in the school. First, we start by first step-by the total number of students in the school and then subtract the number of boys from the total number of girls in the school. First, we are in the school's school's total number of students, then subtract the number of boys from the total number of girls in the school. First, we know that 40% of the school population is made up of 24000.

Okay, let's school's school's total population of the total number of students in the school. 

First, we start by first step: 

First, we start by calculating the total number of students in the school. The problem states.

First, we are given that  number of girls in",False,True,captured
gsm8k_1108,gsm8k,0.5B,16,stochastic,42,21.1321,329.46,81.58,256,12.11,1071,189,68,0.1765,2.78,False," 

So, the mom spent on the receipt is the mom spent on the pots and soil is the sum of the prices of the pots and the mom spent is the sum of the price is the sum of the cost is the sum of the price is the sum of the price is the sum of the price of the pots and the mom spent is the sum of the cost is the sum of the cost is the sum of the price is the sum of the price of the pots and the price is the sum of the price of the pots and the price of the pots and soil is the sum of the price of the pots and the price is the sum of the price of the pots and the price of the soil. 

So, the total cost is the sum of the cost of the pots and the cost is the sum of the cost of the pots and soil is the sum of the cost of the pots and the cost of the soil. So, which is the sum of the price is the sum of the cost of the pots and the soil is $ T is the sum of the price is the sum of the cost is the sum of the price is the sum of the cost is the sum of the price of the pots and the price is the sum of the price of the",False,True,captured
gsm8k_1110,gsm8k,0.5B,16,stochastic,42,22.1582,329.19,85.6,256,11.55,1126,185,72,0.1643,2.57,False," 

Soledad is  number of days by the number of days by the miles she plans by the miles she plans to hike miles she plans to hike each day by the miles she plans to hike each day by the number of days by the miles she plans to hike each day by the miles she plans to hike each day by the number of days in the number of days by the miles she plans to hike each day by the number of days by the miles she plans to hike each day by the number of days in June days by the miles she plans to hike each day by the number of days in June. 

Okay, let's see. Soled miles she plans to hike each day by the miles she plans to hike each day by the number of days in June. Then, find the number of miles she plans for the number of days by the miles she plans to hike each day by the number of days in June. Then, find the total number of days by the miles she plans to hike each day by the number of days in June. Then, subtract the total number of days by the miles she plans to hike each day. 

Okay, let's see the number of days by the miles she plans to hike each day by the miles she plans to hike",False,True,captured
gsm8k_1115,gsm8k,0.5B,16,stochastic,42,37.8637,330.47,147.19,256,6.76,1929,134,122,0.0695,1.1,False," 

Okay, let's see. Anna had a budget. 

Okay, let's

Okay, let's
Okay, let's see the answer >

Okay, let's see the number>
Okay, let's see the problem again.

Okay, let's think>
Okay, let's think>
Okay, let's think about  Let's budget is the correct number>
Okay, let's see the answer >

Okay, let's see the correct number > 

Okay, let's see the answer here's cost of the number>
Okay, let's see the answer here>
Okay, let's see. 

Okay, let's see the answer here >

Okay, let's see. Anna had a number>
Okay, let's see. Anna's

Okay, let's see. Anna had a total cost of each of the books cost of the number >
Okay, let's see. Anna had a total cost of each of the books cost <number>
Okay, let's see. Anna had a total budget is the answer >

Okay, let's see. Anna'something>
Okay, let's see. Anna has spent on the books.

Okay, let's see the answer here>

Okay, let's see. Anna's total budget is $16. 

",False,True,captured
gsm8k_1122,gsm8k,0.5B,16,stochastic,42,37.3861,329.75,145.32,256,6.85,1908,135,122,0.0708,1.11,False," 

Okay, let's try to figure out this problem step by step. So, the manufacturer still need to be able to ship the order. 

Okay, let's see the number>
Okay, let's see the fifth worker produces 15>
Okay, let's
Okay, let's try to find the number of toys per hour that the fifth worker produces is not a number>

Okay, let's try to solve the number >
Okay, let's see the number>
Okay, let's try to find the answer >
Okay, let's try to find the number of toys per hour that the fifth worker produces. Let's solve the number>
Okay, let's try to solve the problem step by step and the fifth worker produces 120>
Okay, let's try to think step-by-10>
Okay, let's see, let's see the step-by-the number>
Okay, let's think>
Okay, let's see the number>

Okay, let's try to solve the number>
Okay, let's try to solve the problem step by step and the fifth worker produce?

Okay, let's try to find the answer here is the number>

Okay, let's try to think, and then the answer is 20>
Okay",False,True,captured
gsm8k_1128,gsm8k,0.5B,16,stochastic,42,42.1971,329.24,164.19,256,6.07,2155,120,137,0.0557,0.88,False," 

So, Liam is currently, so, so, two years ago, Liam is the problem is now, so I know that Liam is currently, the problem says that two years ago, Liam was  Two years ago, Liam was  Two years ago, Liam was 16 years ago, Liam is now, let me think...Okay, so, I know that Liam is currently, I know that Liam is currently, I know that Liam is currently, I know that Liam is currently, so I know that Liam is currently, Liam is currently, I know that Liam is currently, Liam is currently, Liam is currently, Liam is currently, I know that Liam is currently  So, Liam is currently, let me set up an equation. 

Okay, so, I know that Liam is the problem is the problem. 

Okay, so, so, two years ago, Liam was 16 - Liam is the problem. 

So, Liam is the problem.

Okay, so Liam is  Two years ago, Liam was 16 - 2 = 14 years ago, so I know that Liam is 16 years ago, Liam is currently, Liam is currently, Liam is currently, Liam is currently  Two years ago, Liam was",False,True,captured
gsm8k_1129,gsm8k,0.5B,16,stochastic,42,37.6458,329.47,146.34,256,6.8,1916,136,121,0.071,1.12,False," 

Okay, let's see the four people painted by adding all four people. There are 4. The total number of eggs painted by adding all the four people. The total number of eggs painted by adding up to paint. The total number of eggs painted by Arnold, which is 56 eggs painted by Arnold, which is 56 eggs painted by Arnold and then subtract the four people painted by Arnold, which is 56.

The total number of eggs painted by all four people. The total number of eggs painted is not yet. The total number of eggs painted by all four people. The total number of eggs painted is not of eggs painted by Arnold and write the four people painted by adding up all four of eggs painted by adding up all the four people painted by adding the four of the four people painted by Arnold, Madeline, Camden, and Sarah painted by adding up all the four people painted by Arnold, Madeline, Camden, and Sarah painted by adding the four people painted by all four of them painted by all the four people painted by Arnold, Madeline, Camden, and Sarah painted by Arnold, Madeline, Camden, and Sarah painted by Arnold, Madeline, Camden, and Sarah painted by all four people. The total number of",False,True,captured
gsm8k_1132,gsm8k,0.5B,16,stochastic,42,20.1457,328.59,77.71,256,12.71,1020,193,64,0.1892,3.02,False," 

So, Valerie earns $5000 per month, and then add together. 

We know that Valerie earns $5000 per month. Since Valerie earns $5000. 

Valerie earns. 

Valerie earns $5000. Since Valerie earns $5000 is $5000 per month. 

Valerie earns $5000. 

We know that Valerie earns $5000 per month, and that is. Valerie earns $5000. Since Valerie earns $5000 per month, and then add their combined salary. 

Valerie earns $5000 per month. 

Valerie earns $5000 per month. 

Valerie earns $5000 per month. 

Valerie earns $5000 per month, and then add their mother earns. Since Valerie earns $5000 per month, and that is, and then add their mother's. Since Valerie earns $5000 per month, and that is, their combined salary. 

Valerie earns $5000 per month, then add their mother's salary. Since Valerie earns $5000 per month, and that is",False,True,captured
gsm8k_1135,gsm8k,0.5B,16,stochastic,42,34.4377,329.09,133.76,256,7.43,1753,145,112,0.0827,1.29,False," 

Final Answer: <number>
Okay, let's see. The problem is the number of blue birds in each group of birds from each group of birds from each group of the number of blue birds from each tree's the number of blue birds in the first the number of blue birds from each tree. 

Final Answer: 3 trees with the number of blue birds in the number of blue birds from each tree. 

Final Answer: 3 trees with the number of blue birds in the first the number of blue birds in total number of blue birds in each groupings of blue birds from each tree. 

First, let's break down the information from each group of blue birds from each tree:

First, step by the number of blue birds from each tree. 

Final Answer: 3* the number of blue birds in each tree. 

First, calculate the total number of blue birds in each groupings.

First, let's break it step by step:

First, calculate the total number of blue birds in each groupings of birds from each tree. 

First, calculate the total number of blue birds in each groupings of birds from each tree. 

First, calculate the total number of blue birds in all the blue birds from each tree. 

First,",False,True,captured
gsm8k_1141,gsm8k,0.5B,16,stochastic,42,30.0779,329.0,116.66,256,8.51,1533,161,96,0.105,1.68,False," (Do not use any calculator)
Final Answer: <number>
Okay, let's (Do not use any calculator. 

First, I need to figure out how many dozens of eggs. So the problem step through this problem step through this problem step through this step through this problem step through this problem step by step.

First, I need to figure out how many eggs Chester needs to solve this problem step through this problem step by step.

First, I need to figure out how many eggs Chester needs to solve this step through this step through this step through this problem step through this problem carefully go through this problem step by step. So, first figure out how many eggs Chester eats 3 eggs a day for 30 days. So, so. So, first figure out how many eggs Chester eats 3 eggs a day for 30 days. So, first figure out how many eggs Chester is a day for 60 days. So first figure out how many eggs Chester eats 3 eggs a day for 30 days. So that. So, first, I need to figure out how many eggs Chester is a day for 30 days. So first figure out how many eggs Chester eats 3 eggs a day for 30 days. So",False,True,captured
gsm8k_1143,gsm8k,0.5B,16,stochastic,42,40.6667,328.54,158.19,256,6.3,2071,125,131,0.0604,0.95,False," A. 24 B. 30 C. 40 D. 60

Okay, let's see. So, 60

Okay, let me think carefully check

Okay, let me

Okay, let me

Okay, let me

Okay, let me

Okay, let's see the answer: 60

Okay, let me think. 60

Okay, let me

Okay, let's answer?

Okay, let's see. So, 60

Okay, let's answer: 360

Okay, let me think carefully explain why is 30

Okay, let me see the answer is 300

Okay, let's answer






Okay, let's see above 60

Okay, let's answer: 30

Okay, let's answer is it's answer?

Okay, let's answer is the answer is D. 60

Okay, let's answer is D. 360

Okay, let's answer is C. 40 E. 120

Okay, let's 60

Okay, let's answer is 360

Okay, let's see the",False,True,captured
gsm8k_1147,gsm8k,0.5B,16,stochastic,42,29.069,327.37,112.71,256,8.81,1481,162,94,0.1094,1.72,False," To create all of the picture scenes, she needs to work on all of them for To create all of the picture scenes, she needs to work on all of them for 5 days.

Okay, let's see. Lauren needs to work days. 45 large, 36 medium, and 49 small scenes. 25 days. 

Okay, let's the same number of days equal number of days. 

Okay, let's see the same number of days, she needs to work on all of the days.  Please correct number of days equal number of days. 45 large, 36 medium, and she needs to work on all of them for 1 day, the same number of days, but she needs to work on all of them for 12 days. 45 large, medium-sized picture scenes.  (45 + 36 + 49) = 130 days.

Okay, let's.
Okay, let's see the same number of days. 2 days.

Okay, let's see the same number of days.  So, how many days?

Okay, let's see the same number of days.  So, she needs to work on all of them for",False,True,captured
gsm8k_1148,gsm8k,0.5B,16,stochastic,42,36.0107,326.29,139.94,256,7.11,1836,140,117,0.0763,1.2,False," 

Three dozen eggs = 3 dozen is the problem says three dozen eggs. Since three dozen eggs = 3 dozen is the first, so, three dozen eggs = 3 dozen is 3 dozen is three dozen is that's. 

Three dozen eggs mean that she prepared three dozen eggs. Since three dozen eggs. 

Three dozen eggs mean three dozen eggs = 3 dozen is that's



Three dozen eggs means 3 dozen is that correct.

Three dozen eggs mean 3 dozen eggs = 3 dozen eggs = 3 dozen is 3 dozen eggs = 3 dozen eggs = 3 dozen eggs. Three dozen eggs mean 3 dozen eggs = 3 dozen eggs = 3 dozen eggs. Three dozen eggs means three dozen eggs means 3 dozen eggs. Three dozen eggs mean that's


Three dozen eggs mean three dozen eggs. Since three dozen eggs are there are there are three dozen eggs. Since three dozen eggs. 

Three dozen eggs mean 3 dozen eggs = 3 dozen eggs. Since three dozen eggs are there 3 dozen eggs is three dozen eggs. Since she prepared three dozen eggs. Three dozen eggs means three dozen eggs. Since three dozen eggs are prepared three dozen eggs is that correct. 

Three dozen",False,True,captured
gsm8k_1150,gsm8k,0.5B,16,stochastic,42,32.283,328.85,125.31,256,7.93,1644,153,104,0.0931,1.47,False," 

Final Answer: <number>
Okay, let's see. Patricia starts with 30 roses. Then she gives 30

Let's of roses Patricia had to the number of roses Patricia had to the initial roses Patricia had initially she had to the number of roses Patricia had initially given to her mother. Patricia had initially she had initially given to her mother and then subtracted from which is 30 roses she had to the number of roses Patricia had initially given to her mother. Patricia had and then subtracted from the original roses Patricia had initially she had initially given to her mother. Patricia had initially given to her mother. Patricia had initially she had initially to the number of roses Patricia had initially to the number of roses Patricia had. Patricia had initially she had, then subtract the number of roses Patricia had and then subtracted from the original amount of roses Patricia had initially she had and then subtract the number of roses Patricia had initially given to her mother and then subtracted from the original amount, then subtracted from the original amount, then add 30- of roses Patricia had initially given and then subtracted from the original amount, then add 30 roses Patricia had initially to the number of roses Patricia had. Then subtracted from the original amount,",False,True,captured
gsm8k_1154,gsm8k,0.5B,16,stochastic,42,18.7782,328.38,72.35,256,13.63,948,197,60,0.2078,3.28,False," Let's solve this problem.
Step 1: What is the number of weekdays in a week? A week? Well, a week has 7 days? Well, a week? Well, a week has 7 days. a week? Well, a week has 7 days. There are 5 weekdays in a week? Well, a week has 7 days. Week? Well, a week has 7 days. Out of a week? Well, a week? Well, a week has 7 days. Out of these 7 days? Well, a week? Well, a week has 7 days. Week? There are 5 weekdays in a week? A week? Well, a week has 7 days. Out of these, a week? There are 5 weekdays in a week, a week? A week? Well, a week has 7 days. Week? There are 5 weekdays in a week.
Step 1 week? Well, a week has 7 days. Out of these, 1 week? There are 5 weekdays in a week: a week? A week? There are 5 weekdays in a week: Monday to a week? A week? There are 5 weekdays in a week: Monday",False,True,captured
gsm8k_1157,gsm8k,0.5B,16,stochastic,42,39.0132,329.84,151.7,256,6.56,1988,131,126,0.0659,1.04,False," 

First, let's determine the height of Carl's height of Carl's height first step-by working step-by-step-by step reasoning step-by-step reasoning step by working step by determining the height of Carl and then we need to find the height of Carl's cane length of Carl's cane length of Carl's cane. 

First, let's break-even though process of Carl's cane's height of Carl's cane. 

First, let's break-even though the height of Carl and work done.

Okay, let's start by working step by step:

First, let's determine the height of Carl and then use the height of Carl's height of Carl's cane's height of Carl's cane. 

First, let's break-even point where the height of Carl and then, let's break-even point for Carl's cane's height of Carl's cane. Let's break-even though process of the height of Carl and then determine the height of Carl first step-by-step reasoning.

First, let's determine the height of each person's height, let's break-even point where the two feet of Carl's height first step is  height of Carl and then determine the height of Carl and then use that to determine the height of Carl and then determine the height of Carl and then determine the",False,True,captured
gsm8k_1163,gsm8k,0.5B,16,stochastic,42,24.4083,329.26,94.43,256,10.49,1242,178,79,0.1433,2.25,False," 

First, let's break it down into how many face masks Tyrion's how many face masks Tyrion's how many face masks Tyrion uses a few things step by step:

First, let's break down step by step:

First, let's break it down into steps:

1. How many face masks Tyrion's how many face masks Tyrion uses a face masks used face masks Tyrion's total number of face masks Tyrion's how many face masks Tyrion uses in total how many face masks Tyrion uses in total number of face masks Tyrion uses in  how many face masks Tyrion uses in total number of face masks Tyrion uses in 2 days. First, let's break down step by step:

First, let's break down the total number of face masks Tyrion uses in 2 days. First, let's break down step by step:

First, let's break down the total number of face masks Tyrion uses in two things step by step:

First, let's break down step by step:

First, let's break down the total number of face masks Tyrion uses in two days. 

First, let's break down step by step:

First, let's break down the problem step by step:

First, let's",False,True,captured
gsm8k_1167,gsm8k,0.5B,16,stochastic,42,28.587,328.56,110.82,256,8.96,1452,165,92,0.1136,1.79,False," 

Final Answer: <number>
Okay, let's see. Jack starts with $100. Then, which is 1/5 of Sophia's $100 is 1/5 of Sophia gave to add money Sophia gave to add to add to add to add to Jack received by calculating 1/5 of Sophia gave to Jack. Sophia gave to add to add to Jack received by calculating 1/5 of Sophia's $100. This is a fifth of Sophia gave to Jack. Sophia gave to add to Jack received from Sophia gave to Jack received by calculating 1/5 of Sophia's $100. 

Final Answer: 1/ Sophia gave to Jack. Sophia gave to Jack received by Jack received by calculating 1/5 of Sophia's $100. 

Final Answer: 1/ Sophia gave to Jack. Sophia gave to Jack. Sophia gave to Jack. Sophia gave to Jack. Sophia gave to Jack. Sophia gave to Jack. Sophia gave to Jack. Sophia gave to Jack. Sophia has Sophia gave to Jack. Sophia gave to Jack. Sophia gave to Jack. Sophia has Sophia gave to Jack. Sophia gave to Jack. Sophia has Sophia given to Jack. Sophia gave to Jack. Sophia has",False,True,captured
gsm8k_1172,gsm8k,0.5B,16,stochastic,42,40.2778,329.34,156.66,256,6.36,2050,126,131,0.0615,0.96,False," 

Okay, let's see. Alice counts  Let's answer >
Okay, let's see the number>
Okay, let's see the number>

Okay, let's see the number>

Okay, let's see the final answer >
Okay, let's see the final answer here is not sure. Let's count>
Okay, let's see the total number of clouds counted in the sky across all five days?

Okay, let's see the number>
Okay, let's see the problem again. Let's lunch on Monday, Tuesday, Wednesday, Thursday, and the number>
Okay, let's see the total number of clouds counted in the sky at the total number>
Okay, let's see the problem, let's see the number>

Okay, let's see the problem, and so I need to find the total number of clouds counted by adding all five days. 

Okay, let's see the number>
Okay, let's see the total number of clouds counted on Monday: 3 + 3 + 630>

Okay, let's see the number>
Okay, let's see. 

Okay, let's see the number >
Okay, let's see. 

Okay, let's see the problem again. So, the total number of clouds counted",False,True,captured
gsm8k_1176,gsm8k,0.5B,16,stochastic,42,28.9607,330.16,112.28,256,8.84,1476,163,93,0.1104,1.75,False," 

Okay, let's try to break down the teacher starts with the teacher starts with the teacher starts with the initial chalk is the teacher starts with the teacher starts with a 5-inch piece of chalk is the problem says that the teacher starts with the teacher starts with the teacher starts with the teacher starts with the teacher starts with the teacher starts with a 5-inch piece of chalk. He starts with the teacher starts with the teacher starts with a 5-inch piece of chalk. He starts with the teacher starts with a 5-inch piece of chalk is the teacher starting with the teacher starts with a 5-inch piece of chalk. He uses 20% of the chalk. 

Okay, let's understand the problem. 

Okay, let's understand the problem. 

Okay, let's understand the problem. 

Okay, let's understand the problem. The teacher starts with the teacher starts with the teacher starts with a 5-inch piece of chalk. He usually, the teacher starts with the teacher having a 5-inch piece of chalk. The teacher starts with the teacher starts with the teacher starts with a 5-inch piece of chalk. He starts with the teacher starts with a 5-inch piece of chalk. He uses 20% of the chalk.",False,True,captured
gsm8k_1179,gsm8k,0.5B,16,stochastic,42,41.2472,328.6,160.47,256,6.21,2107,124,133,0.0589,0.93,False," (Do not round any intermediate steps)
Final Answer: <number>
Okay, let's see. James has 30 teeth. His dentist drills 440

Let me solve the dentist fixes 60

Let me solve
Okay, let me

Let me try again

Let me try again

Final Answer: <number

Let me solve
Okay, let me

Let me try to be careful, the dentist fixes 4 + (Do not round any intermediate steps
Okay, let me
Okay, let me

Final Answer: <number>
Okay, let's see. James has 30 teeth. His dentist fixes 4 +40

Let me solve the dentist fixes 60
Okay, let me think
Okay, let me

Okay, let's see below is 55660

Okay, let's

Let me solve this is 30. To determine the dentist fixes 70

Let's teeth
Okay, let's

Let's
Okay, let's teeth fixed teeth
Okay, let's see above 60
Okay, let's

Okay, let's teeth
Okay, let's see above 70

Okay, let's

Okay, let's",False,True,captured
gsm8k_1184,gsm8k,0.5B,16,stochastic,42,40.2416,328.91,156.52,256,6.36,2051,125,131,0.0609,0.95,False," 

Okay, let's see. Ali ordered 850 kilos of coal. 

Okay, let me total cost of the bags cost of the total cost of the bags cost of the bags' cost of the bags. Then, 

Okay, let me think about the cost per bag cost of the bags. Then, multiply the total cost of each bag's cost. 

Okay, let me think
Okay, let me total cost of each bag costs for the total cost by multiplying the number of bags by the cost per bag. 

Let me think
Okay, let me total cost by multiplying the number of bags by the cost per bag. 

Okay, let me think
Okay, let me think
Okay, let me think about the cost per bag and multiply the total cost per bag cost of the bags. Then, multiply the total cost of the bags. Then, multiply the total cost. 

Okay, let's. 

Okay, let me think
Okay, let me think. So,  cost per bag cost per bag cost per bag's total cost by multiplying the number of bags by multiplying the number of bags by dividing. 

Okay, let me think. So, the total number of bags. 

Okay, let me think. So",False,True,captured
gsm8k_1188,gsm8k,0.5B,16,stochastic,42,25.144,331.03,97.31,256,10.18,1275,174,82,0.1365,2.12,False," Let's solve this problem.
Step 1: What is the age of John now? Well, the problem says John is 28 now.
Step 2: What was given that is given? The problem says John is 28. John is 28
John is 28.
John is 28 years ago? Well, the problem says John is 28 now. Well, the problem says John is 28 now. So, John is 28 now? Well, the problem says that it is given? Well, the problem says John is 28 now. So that is given that we are we are told in the problem? Well, the problem says that John is 28 now. So, John is 28 now. 28. Well, the problem says John is 28 now. So that we are we are told that it is given that is given? Well, the problem says that John is 28 now.
Answer: 28
John is 28 years ago? The problem says John is 28 now.
John is 28 years old now.
John is 28 years old now.
Step 2: What was the problem.",False,True,captured
gsm8k_1191,gsm8k,0.5B,16,stochastic,42,23.9362,328.97,92.58,256,10.7,1214,179,78,0.1474,2.29,False," 

Wait, the problem says it's the cost of the haircut. 

Okay, let's see. The problem says that's the cost of the haircut. The cost of the haircut. 

Wait, the problem says the cost of the haircut. 

Wait, the problem says it costs $40 for the color. 

Okay, let me figure out of the haircut. 

Wait, the problem says the cost of the haircut. 

Wait, the problem says ""I need to find the cost of the cost of the haircut. 

Wait, the problem says the cost of the haircut. 

Wait, the problem says it's find the cost of the haircut. 

Wait, the problem says it costs of the haircut. The next, I need to find the cost of the haircut. To find the cost of the haircut, I need to calculate the cost of the haircut. The cost of the haircut. 

Wait, the problem says the color is $40. 

Next, I need to find the cost of the haircut. Then, I need to find the cost of the haircut. 

The hair cut. 

Wait, the problem says the cost of the haircut. 

Wait, the problem says the cost of the color cost of the haircut. 

",False,True,captured
gsm8k_1193,gsm8k,0.5B,16,stochastic,42,48.0347,329.87,187.08,256,5.33,2449,100,157,0.0408,0.64,False," 

Okay, let's see. Jason has different tasks> 

Okay, let me to the correct number>
Okay, let me. 

Okay, let me think>
Okay, let me to the curb and then 224545.22.>

Okay, let me think>
Okay, let me the total amount in the second number >
Okay, let me think through the problem step by step, let me think>
Okay, let me think>
Okay, let me think>
Okay, let's money earned. 

To determine the answer >
Okay, let me.
Okay, let me.
Okay, let's> 

Okay, let me think. Okay, let me think>
Okay, let me think.

Okay, let me try again, let me think through the process> 

Okay, let me to the curb and dishwasher, trash, laundry, cleaning his room once, let me think>
Okay, let's
Okay, let's money earned by the correct number>
Okay, let's

Okay, let's

Okay, let's
Okay, let's money earned in the problem.
Okay, let's total amount in the problem, I need to calculate the correct number>
Okay, let's>
Okay, let's final answer",False,True,captured
gsm8k_1194,gsm8k,0.5B,16,stochastic,42,14.2441,330.02,54.56,256,17.97,715,210,47,0.2937,4.47,False," 

Since a shark has three times as much blood as a whale. Since a shark has three times as much blood as a whale. 

Since a shark has three times as much blood as a whale. Since a shark has three times as much blood as a whale, which is that's blood. Since a shark has three times as much blood as a whale, which is three times as much blood as a whale. So, if a whale has 40 gallons of blood, then a shark has three times as much blood as a whale. A shark has three times as much blood as a whale. A shark has three times as much blood as a whale. Since a shark has three times as much blood as a whale. Since a shark has three times as much blood as a whale, so, so, if a whale has 40 gallons of blood, then a shark has three times as much blood as a whale. Since a shark has three times as much blood as a whale. A shark has three times as much blood as a whale. Since a shark has three times as much blood as a whale. A shark has three times as much blood as a whale. Since a shark has three times as much blood as a whale, so, if a whale",False,True,captured
gsm8k_1198,gsm8k,0.5B,16,stochastic,42,20.9819,333.06,80.98,256,12.2,1062,188,69,0.177,2.72,False," 

First day 1st day 1stating the number of trees planted on the first day. 

Okay, let's see. So, Mr. Julius planted trees planted trees planted trees planted trees planted trees on the first day. 

First day: White Oak trees. 

On the first day, Mr. Julius planted 1st day. 

First day: 

First day:

On the first day, Mr. Julius planted 20 White Oak trees. On the first day, Mr. Julius planting on the first day. 

On the first day, Mr. Julius planted 20 White Oak trees on the first day. On the first day, Mr. Julius planting on the first day. 

On the first day, Mr. Julius planted 20 White Oak trees on the first day. 

On the first day, Mr. Julius planted 20 White Oak trees on the first day. 

On the first day, Mr. Julius planted 20 White Oak trees on the first day. 

On the first day. 

On the first day, Mr. Julius planting on the first day. 

On the first day, Mr. Julius planting on the first day. 

On the first day, Mr. Julius planted trees planted trees",False,True,captured
gsm8k_1204,gsm8k,0.5B,16,stochastic,42,26.8067,327.39,103.84,256,9.55,1362,170,86,0.1248,1.98,False," 

The total shells found by Alphas found by calculating 2

Okay, let's see. The number of shells found by Alphas: 40% of 700 shells found by multiplying 700 by 40% of the question: 40% of first step: 40% of 700 shells found by Alphas found by the number of the question: 40% of 700 shells found by Alphas: 40% of the number of the question: 40% of 700 shells found by Alphas: 700 * 0.4 = 280 shells.

The total shells = 40% of 700 shells found by Alphas: 40% of 700 shells found by Alphas: 40% of 700 shells found by Alphas: 40% of 700 shells is 40% of 700 shells found by Alphas: 40% of 700 shells is 40% of 700 shells found by Alphas: 40% of 700 shells = 4",False,True,captured
gsm8k_1210,gsm8k,0.5B,16,stochastic,42,23.5752,328.95,91.16,256,10.86,1197,179,78,0.1495,2.29,False," 

So,  balloons per pack. So,  balloons per pack.  balloons per pack. So, 1. So, 10 balloons per pack.  So, 10 packs times 1. So, 10 packs. So, 10 packs multiplied by 10. So, 10 packs. So, 10 packs times 10.  balloons per pack.  So, the total balloons per pack. So, 10 packs times 30 balloons per pack.  So, the total number of balloons.  So, 10 packs times 30 balloons per pack.  So, 1. So, 10 packs × 1. So, 10 packs. So, 10 packs times 10. So, 10 packs. So, 10 packs multiplied by 10.   balloons per pack. So, 10 packs times 10 packs. So, 10 packs. So, 10 packs multiplied by 30 balloons per pack.  So, the total number of balloons they have  balloons per pack. So, 10 packs times 10 packs. So,",False,True,captured
gsm8k_1212,gsm8k,0.5B,16,stochastic,42,26.2498,334.15,101.63,256,9.75,1335,171,86,0.1281,1.99,False," 

First, I need to find the number of students in each class. Then, 

I need to find the total capacity of John has to find the total capacity of each class. 

Ali's class has a. 

First, I need to find the number of students in each class. Then, I need to find the total capacity of each class has to add the total capacity of each class in order the total capacity of each class. 

Wait, the problem says that each class has 1/8 the capacity of Ali’s find the total capacity of each school. 

Wait, the problem says ""combined capacity of both schools. 

Okay, let's start by finding the total number of students in each school. 

Wait, the problem says ""capacity of John has to find the total number of students in each class for each class capacity of course, I need to find the total the total number of students in each class for each school. 

The capacity of each class in the total the total capacity of each school. 

So, the total capacity of each school. 

Okay, let's start by finding the capacity of John has to find the total number of students in each class. 

Let me start by finding the capacity of Ali's class has to",False,True,captured
gsm8k_1213,gsm8k,0.5B,16,stochastic,42,42.5864,327.58,165.72,256,6.01,2169,118,139,0.0544,0.85,False," 

Okay, so I need to find the total Stephen owes Stephen owes Stephen owes Stephen owes Stephen. He owes Stephen owes Stephen. He borrowed. 

Okay, so that 2

Okay, so and then the total Stephen owes Stephen owes Stephen. He owes Stephen owes Stephen. He owes Stephen. He owes Stephen. He owes. 

Okay, so that is the total Stephen owes in total Stephen owes in total Stephen owes in total Stephen owes. He owes Stephen owes Stephen. He owes in total Stephen has Stephen owes Stephen. He owes in total Stephen owes Stephen. He owes in total Stephen owes. 

Okay, so the total Stephen owes in total Stephen owes. He owes in total. Stephen owes in total Stephen owes in total Stephen owes in total Stephen owes. Stephen owes in total. 

Okay, so Stephen owes. Stephen owes in total Stephen owes in total Stephen owes. He borrowed and the total Stephen owes in total Stephen owes in total Stephen owes. He owes in total Stephen owes in total Stephen has Stephen owes in total Stephen owes in total Stephen owes. He borrowed money Stephen owes in total Stephen owes. He owes his sister will Stephen owes in total Stephen has Stephen borrowed. 

Step 2

Okay, so that is the total amount Stephen needs to be paid",False,True,captured
gsm8k_1214,gsm8k,0.5B,16,stochastic,42,23.9053,329.8,92.45,256,10.71,1215,178,79,0.1465,2.25,False," 

First, I need to solve this problem. Let's see. 

The problem 

Okay, let's break this down. Jordan has  says Jordan has 2 children who wear diapers. Each child requires 5 diaper changes per day. 

Okay, let's start by itself is about Jordan has two parts:

Jordan has  says Jordan has 2 children who wear diapers. Each child requires 5 diaper changes per day. 

Okay, let's start by itself is straightforward. Jordan has  says Jordan has 2 children who wear diapers. Each child requires 5 diaper changes per day. So, Jordan has two children, each needing 5 diaper changes per day. So total diaper changes needed to solve step by step:

Jordan has two children, each needs to solve step by step:

Jordan has  says Jordan has 2 children who wear diapers. Each child requires 5 diaper changes per day is about Jordan has a child.  says Jordan has 2 children who wear diapers. Each child requires 5 diaper changes per day. 

Okay, let's see, Jordan has  says Jordan has 2 children who wear diapers. Each child requires 5 diaper changes per day is about calculating the total number of diapers needed to solve is about figuring out how",False,True,captured
gsm8k_1215,gsm8k,0.5B,16,stochastic,42,26.9945,330.45,104.56,256,9.48,1369,170,87,0.1242,1.95,False,"  Answer with a single number.
Final Answer: <number>
Okay, let's see the number>
Final Answer: <number>
Okay, let's try>
Final Answer: <number>
Okay, let's see>

Okay, let's see, the number>

Final Answer: <number>
Okay, let's try to solve this problem.
Okay, let's see the correct>
Final Answer: <number>
Okay, let's see the answer with commas>
Final Answer: <number>
Final Answer: <number>
Okay, let's try to solve this problem.
Okay, let's see>
Final Answer: <number>
Final Answer: <number>
Okay, let's try to find the correct answer>
Final Answer: <number>
Final Answer: <number>
Okay, let's see the number>
Final Answer: <number>
Final Answer: <number>
Okay, let's try to figure out of jelly beans.
Okay, let's see the answer with units>
Final Answer: <number>
Final Answer: <number>
Okay, let's try to find the correct answer.

Okay, let's see the problem again.>
Final Answer: <number>
Final Answer: <number>
Okay, let's try to figure>
Final Answer: <",False,True,captured
gsm8k_1224,gsm8k,0.5B,16,stochastic,42,43.8715,328.16,170.76,256,5.84,2240,112,145,0.05,0.77,False," Please explain your answer and show your work.
Answer: <number>
Final Answer: Please explain your answer and the answer

To solve this problem, we need to determine the amount of rain on Tuesday by the answer

To solve the answer

To find out of rain on Tuesday is 5

Let me break down

Answer: 5 inches
Okay, let's see. The problem says that is 5

To find out

Let's
Okay, let's see the answer

To find out of rain on Tuesday is 5 inches.
Okay, let me think.

Okay, let me think
Okay, let me.

Okay, let me.

Okay, let's see the answer

To solve the answer

Okay, let's see the answer

To find out how many inches of rain are you need to be sure, let me.

Okay, let's see the answer is 111111

Step 5

To solve the problem.

Okay, let's see the answer is 11

To solve the problem. 

Okay, let's see. Let's

To solve the problem step 5

Step 1111

To find the answer here's

To solve the problem step by 5

",False,True,captured
gsm8k_1234,gsm8k,0.5B,16,stochastic,42,18.3892,328.65,70.83,256,13.92,929,198,59,0.2131,3.36,False," 

The problem says that 3 quarters of the number of novels she has written this year is 3 quarters of the number of novels she has written this is this is 3 quarters of the number of novels she has written this year. 

I know that 3 quarters of the number of novels she has written this year is 3 quarters of the number of novels she has written this year, so I need to find the problem says that 9 is this is 3 quarters of the number of novels she has written this year. 

Wait, that is 3 quarters of the number of novels she has written this year. 

We know that 9 novels she wrote 3 quarters of the number of novels she has written this year is 3 quarters of the number of novels she has written this year. 

Let me think




We know that 9 novels she wrote 3 quarters of the number of novels she has written this year is 3 quarters of the number of novels she has written this year. 

So, I know that 9 novels she wrote 3 quarters of the number of novels she has written this year is 9 is this is 3 quarters of the number of novels she has written this year. 

Wait,",False,True,captured
gsm8k_1238,gsm8k,0.5B,16,stochastic,42,34.3975,329.39,133.6,256,7.44,1750,145,112,0.0829,1.29,False," 

Okay, let's see. The problem says the cost of the total cost of cheese is the total cost of course, I need to add the total cost is the total cost is the total cost for the total cost of cheese is the total cost for one week.  I need to add the pasta is the cost of the total cost is the total cost for the pasta, I need to add the cost of the pasta. 

So, the total cost is the cost of the pasta is the cost of the pasta is the cost of the pasta is the total cost is the total cost for one week, I need to add the cost of the pasta. 

Okay, let's start by calculating the total cost is the total cost is the total cost for one week, I need to add the cost of the pasta. 

Okay, let me add the total cost is the total cost per week, I need to add the cost of the pasta. 

Okay, let me add the pasta. 

Okay, let me add the pasta is the total cost is the cost of cheddar is the cost of the pasta is the total cost is the total cost per week, I need to add the cost of the pasta. Finally, I need to multiply that's the total cost",False,True,captured
gsm8k_1240,gsm8k,0.5B,16,stochastic,42,26.3496,328.97,102.04,256,9.72,1339,172,85,0.1285,2.02,False," 

The bottom shelf: 

Let me start by figuring out the bottom shelf: 

We have 2 middle shelves, the bottom shelf can hold 2 middle shelves, the bottom shelf can hold twice as many books as a middle shelf. So, the bottom shelf can hold 1 bottom shelf: 

The bottom shelf can hold 2 middle shelves. The bottom shelf can hold twice as many books as a middle shelf. A bottom shelf: 

The bottom shelf can hold 1 bottom shelf: 2 middle shelves, the bottom shelf can hold twice as many books as a middle shelf. So, the bottom shelf: 1 bottom shelf. The bottom shelf can hold 1 bottom shelf: 1 bottom shelf: 

The bottom shelf can hold twice as many books on the bottom shelf can hold 2 middle shelves. Each middle shelf can hold 10 books. The bottom shelf can hold twice as many books as a middle shelf. Since the bottom shelf can hold twice as many books as a middle shelf. The bottom shelf can hold twice as many books on the bottom shelf, and the bottom shelf can hold twice as many books on the bottom shelf, the bottom shelf can hold twice as many books on the bottom shelf, the bottom shelf can hold twice as many",False,True,captured
gsm8k_1241,gsm8k,0.5B,16,stochastic,42,47.97,330.62,186.82,256,5.34,1722,146,111,0.0848,1.32,False," 

Okay, let's see. Rose bought five dozens of eggs. Each dozen is 12 eggs. 

Okay, let's eggs. 

Okay, let's eggs. She bought 5 dozens of eggs. Then, then calculate the total number of eggs she bought. 

Let me calculate the eggs. 

Okay, let's see. 

Let me think. She bought 5 dozens of eggs. To find out of eggs. 

Okay, let's see. She bought 5 dozens of eggs. Then, I need to find out how much eggs. 

Okay, let's see, so many eggs. 

Okay, let's eggs. She bought 5 dozens of eggs. Then, I need to find out how many eggs she bought. 

Next, I'll beeggs. 

So, Rose bought 5 dozens of eggs. Then, I need to find out how many eggs she has 5 dozens of eggs. 

Okay, so many eggs. 

She bought 5 dozens of eggs. She bought eggs. 

Okay, let's see. 

So, Rose bought 5 dozens of eggs. Then, I think carefully step by step. 

Okay, let's see. 

Okay, let's see. 

Rose bought",False,True,captured
gsm8k_1245,gsm8k,0.5B,16,stochastic,42,40.8152,332.91,158.75,256,6.27,2038,128,129,0.0628,0.99,False," 

Okay, let's see. Mary is making ice cubes, I need to define the strawberry cubes of strawberry cubes. Let me think
Okay, let me think
Okay, let me. 

Okay, let's. 

Okay, let's. 

Okay, let's. 

Okay, let's. 

Okay, let me think
Okay, let me. 

Okay, let's see, I need to define the strawberry cubes. Then, the number of blueberry cubes is 5x. 

Okay, let me think
Okay, let's. 

Okay, let's. 

Okay, let's. 

Step 2 strawberry cubes. Then, the strawberry cubes. 

Okay, let's. 
Okay, let me think
Okay, let's see, so I'll start by defining a certain cubes. 
Okay, let's. 

Okay, let's. 
Okay, let's. 

Okay, let's.

Okay, let me think
Okay, let me. 

Okay, let's see, and y.

Okay, let's. 

Okay, let's. Then, the number of strawberry cubes. 

Okay, let's. 

Step 2

Okay, let's. Then, the number of blueberry",False,True,captured
gsm8k_1246,gsm8k,0.5B,16,stochastic,42,19.5108,332.33,75.21,256,13.12,980,195,62,0.199,3.15,False," 

Then, multiply the total number of games = 4 years. She has been playing 40 games every year. So, 4 years. She has been playing 40 games every year. So, over four years. Since she has been playing 40 games every year for the total. She has been playing 40 games every year. She has been playing 40 games every year. So, 40 games = 4 years × the total. She has been playing 40 games every year. So, in the total. Since she has been playing 40 games every year for four years. She has been playing 40 games every year. So, over four years, which is 4 years. She has been playing 40 games every year. So, over four years. She has been playing 40 games every year. So, the total number of games per year. She has been playing 40 games every year. So, the total number of games = 4 years. Since she has been playing 40 games every year for four years, which is 4 years. Since she has been playing 40 games every year for four years, the total number of games",False,True,captured
gsm8k_1251,gsm8k,0.5B,16,stochastic,42,22.2969,332.65,86.13,256,11.48,1113,186,71,0.1671,2.62,False,"  (D) 30 minutes (D) 30 minutes (D) 30 minutes (E) 30 minutes (D) 30 minutes (E) 350 minutes (D) 30 minutes (E) 35 minutes (D) 30 minutes

Okay, let's see. So, (D) 30 minutes (D) 30 minutes (D) 30 minutes (E) 35 minutes (D) 30 minutes (D) 30 minutes (D) 30 minutes (D) 30 minutes

Okay, let's see above. 30 minutes (D) 30 minutes (E) 30 minutes (D) 15 minutes (D) 30 minutes (E) 30 minutes (D) 15 minutes (D) 30 minutes




Okay, let's see the answer is not enough information is 30 minutes (D) 30 minutes (E) 350 minutes (D) 15 minutes (D) 30 minutes

Okay, let me (D) 30 minutes (E)",False,True,captured
gsm8k_1252,gsm8k,0.5B,16,stochastic,42,30.6243,350.22,118.72,256,8.36,1523,159,98,0.1044,1.62,False," 

Okay, let's see the problem is the problem is the problem. 

Okay, let's relationship between helmets. The problem says that there are robots. The problem says that Dominick saw half as many robots as helmets. The problem says that Dominick saw of robots. 

Okay, let's of robots. Since there are 20 helmets, and helmets. The problem says that Dominick saw of robots. Since there are 20 helmets, and then find the number of robots. Since there are robots. 

Okay, let's of robots. Since there are of robots. Since there are 20 helmets, and Step  of robots. Since there are robots. The problem says that Dominick saw of robots. Since there are 20 helmets, and there are robots. Since there are  of robots. Since there are 20 helmets, and helmets. It is the problem is the problem is the number of robots. Since there are 20 helmets, and there are robots. Since there are  of robots. Since there are 20 helmets, and there are robots. Since there are 20 helmets, and Dominick saw. 

Okay, let's see. 

Okay, let's start by identifying the number",False,True,captured
gsm8k_1259,gsm8k,0.5B,16,stochastic,42,32.9311,335.13,127.83,256,7.77,1665,150,107,0.0901,1.4,False," (Do not round to the nearest number or to the nearest dollar, but round to (the nearest cent.)

Wait, the nearest cent.)

Wait, the question says not sure decimal places.)

Wait, the problem's the nearest cent.)

Wait, the problem says not to the nearest cent.)

Wait, the nearest cent.)

Okay, let's see. So, 2 decimal places.)

Wait, the nearest cent. If the answer to the nearest cent.)

Wait, that number of the nearest cent.)

First, calculate the nearest cent. So, for the nearest cent.)

Wait, the question's place value of the decimal places. If the answer is not a decimal place value of the nearest cent.)

Wait, the user specified decimal places.)

Wait, the question's place value.)

Wait, the question's (Do not round to the nearest number or to the nearest dollar, but round to the nearest cent.)

Okay, let's say, the nearest cent.)

Wait, the problem says not to round to the nearest number or to the nearest dollar, 2 decimal places.)

First, find the nearest cent.)

Wait, the problem says not surety, but round to 2 decimal places.)

First, calculate the total number of decimal places. If the problem's the nearest cent",False,True,captured
gsm8k_1261,gsm8k,0.5B,16,stochastic,42,21.5677,327.61,83.29,256,11.87,1092,188,69,0.1722,2.72,False," 

Next, the total cost of the skirts, the total cost of the skirts, the total cost of the skirts, and then the total cost of the skirts, the total cost of the skirts, and then the total cost of the pants, the total cost of the skirts, then the total cost of the skirts, then the total cost of the skirts, the total cost of the skirts, then the total cost of the skirts, then pants, then skirts, then pants. I need to calculate the total cost of the skirts and the pants, the total cost of the skirts, the total cost of the skirts, and then the total cost of the skirts.  I need to calculate the total cost of the skirts and the pants. I need to calculate the total cost of the skirts.  I need to calculate the total cost of the skirts, the total cost of the skirts, then the total cost of the skirts, the total cost of the skirts, and then the total cost of the skirts and then calculate the total cost of the skirts and then the total cost of the skirts, the total cost of the skirts, and the total cost of the skirts, the total cost of the skirts, and then the total cost of the skirts and then the total cost of the",False,True,captured
gsm8k_1273,gsm8k,0.5B,16,stochastic,42,22.6091,332.43,87.36,256,11.32,1145,185,72,0.1616,2.57,False," 

Step 1: Determine how many marbles did Dallas have before dropping, Dallas had before dropping, the total number of marbles Dallas originally had. Determine how many marbles did Dallas have before dropping the total marbles after dropping 3: Determine how many marbles Dallas originally had. 
Step 3: Determine how many marbles Dallas had before dropping, the total number of marbles Dallas originally had some steps: Determine how many marbles Dallas had before dropping any other: Determine how many marbles Dallas had before dropping any other steps: 
Step 3: Calculate the number of marbles Dallas had before dropping any other steps: 
Step 3: Calculate the number of marbles Dallas had before dropping any. Determine how many marbles Dallas had before dropping any. 
Step 3: Calculate the number of marbles Dallas had before dropping any. 
Step 3: Find out of marbles: Determine how many marbles Dallas had before dropping any other steps needed to find out how many marbles Dallas had before dropping any. Determine how many marbles Dallas had before dropping any. 
Step 3: Find out how many marbles Dallas had before dropping any. 
Step 3: Determine how many marbles Dallas had before dropping any.",False,True,captured
gsm8k_1281,gsm8k,0.5B,16,stochastic,42,37.2924,329.87,144.95,256,6.86,1901,137,120,0.0721,1.14,False," 

Okay, let's see. So, let's a day. So, let's. Let's. Let me think
a day. Since each pig eats 4 pounds twice a day, that's a day. 

Okay, let's see, let's see, let's see. Each pig eats 4 pounds of a day. Since each day. Let's a day. Since each pig eats 4 pounds twice a day, that's 4 times 24 pounds per day. Since each day. Let me think
a day. Since each pig eats 4 pounds twice a day, that's 4 times. 

Okay, let's see, let's see, let's say, let's see, let's see, let's say, a day. Since each pig eats 4 pounds twice a day, that's 4 times. So, each day. 

Okay, let's see, let's say, a day. Since each pig eats 4 pounds twice a day, that's 4 times. So, each day. Since each day. Let's break down to find the day. 

Well, each day. Let me days. Each pig eats in a day. Since each pig eats 4 pounds twice",False,True,captured
gsm8k_1288,gsm8k,0.5B,16,stochastic,42,20.4104,329.99,78.75,256,12.54,1031,191,66,0.1853,2.89,False," 

First, I need to find out how much time she spends on meditation/yoga per day. 

She meditating per day. She meditating per day. She meditates twice a day. 1 day. She meditates twice a day.  So, she does per day.  per day.  She meditates twice a day, then multiply the first. She meditates twice a day,  each day.  She meditates twice a day,  per day.  She meditates twice a day, 1 day. She meditates twice a day, 1 day.  She meditates twice a day, 15 days.  She meditates twice a day, so per day.  She meditates twice a day, 15 minutes per day.  She meditates twice a day, 15 minutes each day.  She meditates twice a day, 15 minutes each time per day.  She meditates twice a day, 15 minutes each time. 

She meditates twice a day,  per day.  She meditates twice a day, 15 minutes each time per day.  She meditates twice a day, 15 minutes each time per day. ",False,True,captured
gsm8k_1293,gsm8k,0.5B,16,stochastic,42,24.6053,329.48,95.2,256,10.4,1251,177,80,0.1415,2.21,False," 

Second, in one day sells all the produced bars, therefore produces chocolate bars for 1 sells all of the bars for $2 per bar. So, in one day. Then, the company sells all of them sells all of them for $2 per bar. So, the bars per day. Then, the company sells all of them for  sells all of them for $2 per bar. So, the revenue is selling all the total production is selling all the sells all of them for $2 per bar. So, the revenue per day. 

Second, the total production for  sells all of them for $2 per bar. So, the revenue is selling all the bars per day. The total number of days in one day. Then, the company sells all of them for $2 per bar. So, each day sells all of them for $2 per bar. So, in one day sells all of them for $2 per bar. So, in one day sells all the sells all of them for $2 per bar. So, the daily revenue is  sells all of them for $2 per bar. So, each day sells all the problem is selling all the bars for $2 per bar. So, the revenue per day. Then",False,True,captured
gsm8k_1299,gsm8k,0.5B,16,stochastic,42,28.7028,329.46,111.27,256,8.92,1456,164,93,0.1126,1.76,False," 

The ice cream, $3.50 for the cost of ice cream, movie tickets. 

The ice cream, $3.50 for ice cream, movie tickets, step by step. 

The ice cream, movie tickets. 

The ice cream, movie tickets, and subtract the total cost of ice cream, step by step. 

1. The ice cream, step by step. 

The ice cream is the cost of the ice cream, step by step:

- $3.50 for ice cream, $3.50 for the ice cream, movie tickets. 

The ice cream, movie tickets, and subtract. 

- $3.50 for ice cream, $7.50 for movie tickets first the cost of ice cream, movie tickets. She spent on the cost of ice cream, movie tickets. She spent $3.50 for the cost of ice cream, movie tickets. She spent $3.50 on the cost of ice cream, movie tickets. She spent $3.50 on ice cream, movie tickets. She spent $3.50 on ice cream, $3.50 +3.50 for the cost of the cost of ice cream, movie tickets, step by",False,True,captured
gsm8k_1301,gsm8k,0.5B,16,stochastic,42,21.6927,328.35,83.78,256,11.8,1102,188,69,0.1706,2.72,False," 

First, let's break down the problem into steps:

Step 1: Calculate the total number of cookies Randy has initially how many cookies before Randy's total number of cookies Randy's total number of cookies Randy's total number of cookies before any changes in total number of cookies Randy's initial total number of cookies Randy's initial number of cookies Randy's initial number of cookies.

Step 2: Calculate the total number of cookies Randy has initially.

Step 2 the total number of cookies Randy has initially.

Step 2: Calculate the total number of cookies Randy has initially. 

Step 2
Step 2: Calculate
Step 2: Calculate
Total number of cookies Randy has initially.

Step 2: Calculate the total number of cookies Randy has initially. 

Total number of cookies Randy has at the beginning, the total number of cookies Randy's total number of cookies Randy's initial number of cookies. How many cookies did Randy's total number of cookies Randy's initial number of cookies.

Step 2: Calculate.

Step 2: Calculate the total number of cookies Randy has initially.

Step 2: Calculate the number of cookies Randy has initially.

He has Randy's total number of cookies Randy's initial number of cookies.

Step 2: Calculate the number of",False,True,captured
gsm8k_1308,gsm8k,0.5B,16,stochastic,42,15.5387,328.96,59.65,256,16.48,783,205,52,0.2618,3.94,False," 

Okay, let's see. The problem says there are 10 eggs in the first determine the number of eggs in the second basket. Since there are  determine the number of eggs in the second basket. Since there are  determine the number of eggs in the second basket. Since there are  determine the number of eggs in the second basket. Since there are 10 eggs in the first basket. The first determine the number of eggs in the second basket. Since there are twice as many eggs in the first determine the number of eggs in the second basket. Since there are  determine the number of eggs in the second basket. Since there are 10 eggs in the first basket, the number of eggs in the second basket. There are  determine the number of eggs in the second basket. Since there are twice as many eggs in the second basket. The first basket has 10 eggs. The second basket has twice as many eggs in the number of eggs in the second basket. Since there are  determine the number of eggs in the second basket. Since there are 10 eggs in the first basket, the second basket. There are 10 eggs in the first basket. The second basket has twice as many eggs are given that there are",False,True,captured
mmlu_abstract_algebra_0,mmlu,0.5B,16,stochastic,42,2.0782,328.88,56.43,32,15.4,97,25,7,0.2577,3.57,False," The answer is D. 6. Find the degree for the field extension Q(sqrt(2), sqrt(3), sqrt(18)) over Q(sqrt",False,True,captured
mmlu_abstract_algebra_1,mmlu,0.5B,16,stochastic,42,2.2908,331.89,63.19,32,13.97,105,21,11,0.2,1.91,False," The index of <p> in S_5 is 8. So the answer is A. 

Wait, no.
Okay, let's see the answer",False,True,captured
mmlu_abstract_algebra_2,mmlu,0.5B,16,stochastic,42,1.0698,328.09,23.93,32,29.91,46,30,3,0.6522,10.0,False," To find all zeros of the polynomial x^5 + 3x^3 + x^2 + 2x in Z_5, we need to",False,True,captured
mmlu_abstract_algebra_3,mmlu,0.5B,16,stochastic,42,5.8243,329.04,177.27,32,5.49,286,11,22,0.0385,0.5,False," D
Wait, theore statements, and the options, and we need to evaluate statements, and I need to determine the truth statements, and I need to",False,True,captured
mmlu_abstract_algebra_4,mmlu,0.5B,16,stochastic,42,2.6552,332.6,74.92,32,12.05,126,22,10,0.1746,2.2,False," C
Wait, the polynomials f(x) = 4x - 5 and g(x) = 2x² polynomials f(x) =",False,True,captured
mmlu_abstract_algebra_5,mmlu,0.5B,16,stochastic,42,5.4774,330.29,166.04,32,5.84,268,10,22,0.0373,0.45,False," C
Okay, let's startements related statements related statements related statements related statements related statements regarding group theory statements related statements regarding group theory, statements related statements related",False,True,captured
mmlu_abstract_algebra_6,mmlu,0.5B,16,stochastic,42,1.0466,328.93,23.15,32,30.57,45,30,3,0.6667,10.0,False," A. True, True

Answer: A. True, True

Answer: A. True, True

Answer: A. True, True

Answer:",False,True,captured
mmlu_abstract_algebra_7,mmlu,0.5B,16,stochastic,42,7.0825,329.23,217.85,32,4.52,351,6,26,0.0171,0.23,False, C is asking whether they want to determine their truth values of which of ring theory of their truth values of their truth values. Let me start by understanding each of,False,True,captured
mmlu_abstract_algebra_8,mmlu,0.5B,16,stochastic,42,3.2144,329.79,93.05,32,9.96,154,21,12,0.1364,1.75,False," B. 4

Okay, let's see, which is generated by sqrt(2) + sqrt(3)) over Q has degree 4 over Q",False,True,captured
mmlu_abstract_algebra_9,mmlu,0.5B,16,stochastic,42,1.2349,329.19,29.22,32,25.91,52,26,6,0.5,4.33,False," To find all zeros of the polynomial x^3 + 2x + 2 in Z_7, we need to evaluate the polynomial for the polynomial in",False,True,captured
mmlu_abstract_algebra_10,mmlu,0.5B,16,stochastic,42,2.2481,329.62,61.89,32,14.23,102,20,12,0.1961,1.67,False," A. True, True

Explanation: Statement 1 is correct. Statement 2 is. True because if H is a subgroup of the definition of the definition",False,True,captured
mmlu_abstract_algebra_11,mmlu,0.5B,16,stochastic,42,4.581,329.84,137.13,32,6.99,224,16,16,0.0714,1.0,False," C

The given that (2, 2) are symmetric. (2, 2) are symmetric. Also, the relation is anti-symmetric because",False,True,captured
mmlu_abstract_algebra_12,mmlu,0.5B,16,stochastic,42,2.2296,330.07,61.27,32,14.35,104,25,8,0.2404,3.12,False," B

Wait, the question is about the order of the factor group (Z_11 × ) / ( <1, 1> ). Hmm,",False,True,captured
mmlu_abstract_algebra_13,mmlu,0.5B,16,stochastic,42,1.5756,330.85,40.15,32,20.31,70,25,7,0.3571,3.57,False," To solve this problem, we need to factor the polynomial $ x^3 + 2x^2 + 2x^3x^2 + ",False,True,captured
mmlu_abstract_algebra_14,mmlu,0.5B,16,stochastic,42,2.3728,330.6,65.88,32,13.49,109,21,12,0.1927,1.75,False, The maximum possible order for an element of S_n is the least common multiple of the lengths of its cycle lengths of the lengths of its cycle lengths of the lengths,False,True,captured
mmlu_abstract_algebra_15,mmlu,0.5B,16,stochastic,42,5.2935,330.81,160.09,32,6.05,259,12,20,0.0463,0.6,False," A

So, the problem statements, so-called statements, and two statements, statements, and the options, Statement 1 and theore statements, and I",False,True,captured
mmlu_abstract_algebra_16,mmlu,0.5B,16,stochastic,42,4.2254,327.71,125.73,32,7.57,207,19,14,0.0918,1.36,False," The inverse of an element x -i} is the element that is the multiplicative group is the multiplicative group {1, -1, i, -",False,True,captured
mmlu_abstract_algebra_17,mmlu,0.5B,16,stochastic,42,1.7868,332.44,46.91,32,17.91,80,24,8,0.3,3.0,False," To compute the product of two elements in the ring Z_5 x Z_9, we need to compute the product is to compute the product of (2",False,True,captured
mmlu_abstract_algebra_18,mmlu,0.5B,16,stochastic,42,4.3463,328.62,129.6,32,7.36,212,18,15,0.0849,1.2,False," D

Wait, the real numbers under usual multiplication operation is not a group under the usual multiplication is not a group under the usual multiplication operation is not a group",False,True,captured
mmlu_abstract_algebra_19,mmlu,0.5B,16,stochastic,42,1.8816,328.02,50.12,32,17.01,86,25,8,0.2907,3.12,False," A. True, True

Answer: A. True, True

Okay, let's. True, True

** analyze the two statements.

Statement 1",False,True,captured
mmlu_abstract_algebra_20,mmlu,0.5B,16,stochastic,42,1.5369,331.36,38.89,32,20.82,69,26,6,0.3768,4.33,False," A. True, True
Answer:
A. True, True

Answer: A

. True, True
Answer: A. True, True

The",False,True,captured
mmlu_abstract_algebra_21,mmlu,0.5B,16,stochastic,42,3.0339,330.6,87.2,32,10.55,144,21,12,0.1458,1.75,False," A

Wait, the problem says f(x) = 4x - 5 and g(x) in Z_8[x]. The problem says f(x",False,True,captured
mmlu_abstract_algebra_22,mmlu,0.5B,16,stochastic,42,4.5425,329.72,135.9,32,7.04,224,17,15,0.0759,1.13,False," C. 

**. 

First, Statement 1 says:

**. 

Starting with Statement 1: ""Any set of two vectors in R².",False,True,captured
mmlu_abstract_algebra_23,mmlu,0.5B,16,stochastic,42,4.1074,329.79,121.86,32,7.79,200,18,15,0.09,1.2,False," D

Wait, the set of all nth roots of unity under multiplication of unity under multiplication of unity under multiplication of complex numbers. Wait, the question says """,False,True,captured
mmlu_abstract_algebra_24,mmlu,0.5B,16,stochastic,42,5.1027,329.3,153.98,32,6.27,249,12,20,0.0482,0.6,False," A. So, the question is about commutative ring R/I need to verify both statements are the question is about commutative ring R, so the",False,True,captured
mmlu_abstract_algebra_25,mmlu,0.5B,16,stochastic,42,3.0605,329.75,88.09,32,10.46,146,21,12,0.1438,1.75,False," C

Wait, the set G of all n x n non-singular matrices with rational numbers as entries. The set G of all n x n non-s",False,True,captured
mmlu_abstract_algebra_26,mmlu,0.5B,16,stochastic,42,4.2224,329.85,125.57,32,7.58,204,16,16,0.0784,1.0,False," C

First, I need to recall that 42 and their normal subgroups of order 42. So, specifically of order 42 and",False,True,captured
mmlu_abstract_algebra_27,mmlu,0.5B,16,stochastic,42,2.3219,329.82,64.26,32,13.78,109,25,8,0.2294,3.12,False," B
Wait, the polynomial is 8x³ + 6x² - 9x + 24 satisfies an Eisenstein criterion for irreduc",False,True,captured
mmlu_abstract_algebra_28,mmlu,0.5B,16,stochastic,42,3.5986,331.63,105.39,32,8.89,172,18,15,0.1047,1.2,False, D. The image of a group under a homomorphism cannot have more elements. Let's size cannot have more elements than the original group is a homom,False,True,captured
mmlu_abstract_algebra_29,mmlu,0.5B,16,stochastic,42,2.6904,330.74,76.12,32,11.89,123,17,15,0.1382,1.13,False," A. True, True

Explanation: The statement 1 is correct. Because if a group is a group is a group is a group is a group is",False,True,captured
mmlu_abstract_algebra_30,mmlu,0.5B,16,stochastic,42,3.4097,329.99,99.34,32,9.39,162,18,15,0.1111,1.2,False," A. True, True
Answer:
A. True, True
Answer: True, True
Answer: True, True, True, True, True,",False,True,captured
mmlu_abstract_algebra_31,mmlu,0.5B,16,stochastic,42,5.171,327.13,156.25,32,6.19,255,14,19,0.0549,0.74,False," B is a group (G is a group (G, · is a group where (G is a group where (G is a group where (ab)^",False,True,captured
mmlu_abstract_algebra_32,mmlu,0.5B,16,stochastic,42,2.0072,330.68,54.08,32,15.94,91,22,10,0.2418,2.2,False," A. True, True
Answer:
A. True, True

Answer: A. True, True
Answer: True, True, True, True,",False,True,captured
mmlu_abstract_algebra_33,mmlu,0.5B,16,stochastic,42,4.0754,329.62,120.83,32,7.85,198,18,15,0.0909,1.2,False," C

Wait, the group (G, 0) is an abelian group (G is abelian group (G, 0) is known to",False,True,captured
mmlu_abstract_algebra_34,mmlu,0.5B,16,stochastic,42,4.2568,335.21,126.5,32,7.52,204,14,19,0.0686,0.74,False," C

Okay, let's break. 

Okay, let's start with Statement 1. 

Okay, let's first, and injective transformations and inject",False,True,captured
mmlu_abstract_algebra_35,mmlu,0.5B,16,stochastic,42,5.011,330.29,150.99,32,6.39,247,16,17,0.0648,0.94,False," B. 4

The degree is a degree is a composite field extension is a composite field of Q(sqrt(2), sqrt(3)) is a composite",False,True,captured
mmlu_abstract_algebra_36,mmlu,0.5B,16,stochastic,42,1.3317,336.05,32.12,32,24.03,56,25,7,0.4464,3.57,False," The answer is D. 22
To compute the product (20)(-8) in Z_26, we first, we first,",False,True,captured
mmlu_abstract_algebra_37,mmlu,0.5B,16,stochastic,42,4.785,330.36,143.7,32,6.69,236,17,16,0.072,1.06,False," D

Wait, the polynomial in Z[x] satisfies the polynomial in Z[x] satisfies the polynomial in Z[x] satisfies the Eisenstein criterion for irreduc",False,True,captured
mmlu_abstract_algebra_38,mmlu,0.5B,16,stochastic,42,4.6373,328.35,139.0,32,6.9,227,16,17,0.0705,0.94,False," B. Wait, the question says Z_7. Wait, the question says Z_7. Wait, the question says Z_7, but wait,",False,True,captured
mmlu_abstract_algebra_39,mmlu,0.5B,16,stochastic,42,5.4586,331.03,165.41,32,5.86,268,11,21,0.041,0.52,False," D. 

Statement 1 says whether they are evaluated. 

Statement 1 says that Statement 1. 

Statement 1 to determine their truth values determined",False,True,captured
mmlu_abstract_algebra_40,mmlu,0.5B,16,stochastic,42,3.9252,329.65,115.98,32,8.15,190,18,15,0.0947,1.2,False, C. The set of integers Z with the binary operation * on the set of integers Z with the operation defined operation * defined operation * defined on the set of,False,True,captured
mmlu_abstract_algebra_41,mmlu,0.5B,16,stochastic,42,3.9721,329.81,117.49,32,8.06,194,19,13,0.0979,1.46,False," B. Wait, the question says Z. Wait, the question says Z. Wait, the question says Z_3 x 3Z. Hmm, wait",False,True,captured
mmlu_abstract_algebra_42,mmlu,0.5B,16,stochastic,42,6.861,330.66,210.66,32,4.66,338,6,27,0.0178,0.22,False," C

** statements, so-called statements, so I need to determine theore, statements, and whether statements, statements, and then statements, and I need",False,True,captured
mmlu_abstract_algebra_43,mmlu,0.5B,16,stochastic,42,4.6297,329.91,138.7,32,6.91,228,16,16,0.0702,1.0,False," C. The statement 1 is true because it is not necessarily has a subring is infinite. True, False

Okay, let's tackle this problem step",False,True,captured
mmlu_abstract_algebra_44,mmlu,0.5B,16,stochastic,42,5.0143,331.67,151.05,32,6.38,245,12,20,0.049,0.6,False," C. The conditionals. Let's. Let's analyze the given in the context. Let's analyze the given statements. The first, and need to be",False,True,captured
mmlu_abstract_algebra_45,mmlu,0.5B,16,stochastic,42,5.6642,331.59,172.02,32,5.65,277,11,22,0.0397,0.5,False," C

Statement 1 says, let's statements related statements related statements related to group theory statements related to group theory. The first-order statements related statements related to",False,True,captured
mmlu_abstract_algebra_46,mmlu,0.5B,16,stochastic,42,5.5861,328.97,169.59,32,5.73,275,12,21,0.0436,0.57,False," C

Wait, the two statements, and the two statements and the two statements and their properties. The two statements, and the two statements. The two statements",False,True,captured
mmlu_abstract_algebra_47,mmlu,0.5B,16,stochastic,42,4.1636,331.04,123.63,32,7.69,202,17,16,0.0842,1.06,False, The correct answer is B. 2. The correct answer. The question. The correct answer. The question is this problem. We need to find all c,False,True,captured
mmlu_abstract_algebra_48,mmlu,0.5B,16,stochastic,42,1.4971,330.38,37.63,32,21.38,65,26,7,0.4,3.71,False," A. True, True
Answer:
A

Explanation: The first statement is true because if R is an integral domain, in an integral domain is an integral",False,True,captured
mmlu_abstract_algebra_49,mmlu,0.5B,16,stochastic,42,1.5576,326.84,39.7,32,20.54,70,27,6,0.3857,4.5,False," The answer is D.
The correct answer is D.
Answer:
To find the maximum The answer is D.
The correct answer is D.
The answer is D",False,True,captured
mmlu_abstract_algebra_50,mmlu,0.5B,16,stochastic,42,5.4548,330.63,165.3,32,5.87,269,13,20,0.0483,0.65,False," D

Statement 1 says, so-called statements related statements related statements related to statements related to group theory statements related to group theory. The two statements regarding group",False,True,captured
mmlu_abstract_algebra_51,mmlu,0.5B,16,stochastic,42,4.1634,330.83,123.63,32,7.69,202,17,16,0.0842,1.06,False, The correct answer is B. 2. The correct answer. The question. The correct answer. The question is this problem. We need to find all c,False,True,captured
mmlu_abstract_algebra_52,mmlu,0.5B,16,stochastic,42,2.4973,330.44,69.9,32,12.81,115,21,11,0.1826,1.91,False," A
Okay, let's see. The question is about finding the identity element in the group G. element of the element of the elements of the group,",False,True,captured
mmlu_abstract_algebra_53,mmlu,0.5B,16,stochastic,42,6.2306,329.33,190.36,32,5.14,308,9,24,0.0292,0.38,False," C

Statement 1 says, and I need to be determined as given, and we need to be true or false, and we need to evaluate their truth",False,True,captured
mmlu_abstract_algebra_54,mmlu,0.5B,16,stochastic,42,4.2594,328.61,126.8,32,7.51,207,16,17,0.0773,0.94,False, B. Let me. Let me recall that the degree of a field extension Q over Q. Let me recall that the degree of a) over Q. Let,False,True,captured
mmlu_abstract_algebra_55,mmlu,0.5B,16,stochastic,42,1.5491,331.34,39.28,32,20.66,69,27,6,0.3913,4.5,False," A. True, True
Answer:
A. True, True

Answer: A

. True, True
Answer: A. True, True

Answer",False,True,captured
mmlu_abstract_algebra_56,mmlu,0.5B,16,stochastic,42,5.6666,328.32,172.2,32,5.65,278,10,22,0.036,0.45,False," C
Okay, let's think 1 and are true or not being true or not being true or not. The first and are true or not. The",False,True,captured
mmlu_abstract_algebra_57,mmlu,0.5B,16,stochastic,42,4.5118,329.77,134.9,32,7.09,221,17,16,0.0769,1.06,False," B. Wait, the question says Z_11. Wait, the question says Z_11. Wait, the question is asking for the generator of",False,True,captured
mmlu_abstract_algebra_58,mmlu,0.5B,16,stochastic,42,5.539,330.77,168.01,32,5.78,271,11,22,0.0406,0.5,False," D

** to group theory. 

First, let me to group theory. Let me start with group theory. I need to determine their truth values in group",False,True,captured
mmlu_abstract_algebra_59,mmlu,0.5B,16,stochastic,42,5.7838,332.18,175.86,32,5.53,284,9,23,0.0317,0.39,False," A

**. 

First, Statement 1 says:

Statement 1 says:

Statement 1 says. 

Starting with two statements and I need to determine",False,True,captured
mmlu_abstract_algebra_60,mmlu,0.5B,16,stochastic,42,2.9859,330.56,85.65,32,10.72,144,24,9,0.1667,2.67,False," A. Wait, I need to correct. Let me correct answer: The unity of a subring is not necessarily the same as the unity of the ring.",False,True,captured
mmlu_abstract_algebra_61,mmlu,0.5B,16,stochastic,42,4.752,328.9,142.68,32,6.73,235,18,15,0.0766,1.2,False," A of 2 x

Statement 1 says:

Statement 1 says:

Statement 1 says that the set of 2x2 matrices with integer entries",False,True,captured
mmlu_abstract_algebra_62,mmlu,0.5B,16,stochastic,42,4.8782,331.85,146.65,32,6.56,238,14,19,0.0588,0.74,False," C
Okay, let's start statements, and theore statements, and I need to evaluate statements, and I need to check statements, and I need to",False,True,captured
mmlu_abstract_algebra_63,mmlu,0.5B,16,stochastic,42,5.8411,330.25,177.77,32,5.48,288,11,22,0.0382,0.5,False," A. For a set A. A. A
A
A. For a relation A. A relation A. For a relation to A. For a",False,True,captured
mmlu_abstract_algebra_64,mmlu,0.5B,16,stochastic,42,3.9696,327.39,117.49,32,8.06,192,17,15,0.0885,1.13,False," B

Wait, the integers into Z_2. The question is about homomorphisms from the integers Z into Z_2. Let me start from",False,True,captured
mmlu_abstract_algebra_65,mmlu,0.5B,16,stochastic,42,4.9966,327.41,150.62,32,6.4,244,12,20,0.0492,0.6,False," C. 

First, I need to determine the correct answer. 

First, I need to recall which option C. 

First, I need to determine their",False,True,captured
mmlu_abstract_algebra_66,mmlu,0.5B,16,stochastic,42,2.2492,329.84,61.91,32,14.23,104,22,10,0.2115,2.2,False," A. True, True

Explanation: The first statement is true. The second statement is true because the principal ideal. True because F[x] is a PID",False,True,captured
mmlu_abstract_algebra_67,mmlu,0.5B,16,stochastic,42,3.7065,330.27,108.91,32,8.63,181,21,12,0.116,1.75,False," The correct answer is D. 

Wait, the identity element. 

The correct answer is D. H contains the identity element. A subset H of a group",False,True,captured
mmlu_abstract_algebra_68,mmlu,0.5B,16,stochastic,42,4.5075,328.97,134.79,32,7.1,221,16,16,0.0724,1.0,False, A into linear factors in Z₅[x]. The question in Z_5[x]. The question is asking for linear factors in Z₅[x]. Wait,False,True,captured
mmlu_abstract_algebra_69,mmlu,0.5B,16,stochastic,42,1.5405,329.67,39.06,32,20.77,69,27,6,0.3913,4.5,False," A. True, True
Answer:
A. True, True

Answer: A

. True, True
Answer: A. True, True

Answer",False,True,captured
mmlu_abstract_algebra_70,mmlu,0.5B,16,stochastic,42,5.3852,328.41,163.12,32,5.94,264,13,20,0.0492,0.65,False," C with the operation * defined by the operation * defined with the operation is the operation *). Wait, the question says that the operation * defined with the operation",False,True,captured
mmlu_abstract_algebra_71,mmlu,0.5B,16,stochastic,42,3.7264,329.84,109.57,32,8.59,178,16,16,0.0899,1.0,False," B. 4

Okay, let's see. I think about Q(sqrt(2), which is equal to Q(sqrt(6. 4
The",False,True,captured
mmlu_abstract_algebra_72,mmlu,0.5B,16,stochastic,42,2.8621,329.99,81.68,32,11.18,137,23,10,0.1679,2.3,False," A
Wait, the problem says to find the remainder of 3^47 when 3^47 is divided by 23 using Fermat",False,True,captured
mmlu_abstract_algebra_73,mmlu,0.5B,16,stochastic,42,3.1881,328.84,92.24,32,10.04,154,21,11,0.1364,1.91,False," B. Wait, the question is about the ring Z_3. Wait, the question is the ring Z_3 x Z_3. Hmm, wait",False,True,captured
mmlu_abstract_algebra_74,mmlu,0.5B,16,stochastic,42,2.3486,331.63,65.06,32,13.62,111,25,8,0.2252,3.12,False," A. True, True
Answer:
A. True, True
Answer: True, True
Answer:
A. True, True
Answer:
A.",False,True,captured
mmlu_abstract_algebra_75,mmlu,0.5B,16,stochastic,42,1.9827,330.3,53.3,32,16.14,88,22,11,0.25,2.0,False," C
Okay, let's try to figure out this problem. The question has two statements, and I need to determine the truth statements, and we need to",False,True,captured
mmlu_abstract_algebra_76,mmlu,0.5B,16,stochastic,42,5.497,330.39,166.66,32,5.82,271,13,20,0.048,0.65,False," C
Okay, let's startements related statements related statements related statements related statements related statements regarding group theory statements related statements related statements regarding group theory. Let me",False,True,captured
mmlu_abstract_algebra_77,mmlu,0.5B,16,stochastic,42,2.5857,329.78,72.77,32,12.38,119,19,13,0.1597,1.46,False," The characteristic of the ring Z x Z is 30. So, the answer is D. Wait, that is D.  is D.  is",False,True,captured
mmlu_abstract_algebra_78,mmlu,0.5B,16,stochastic,42,5.8003,328.33,176.52,32,5.52,286,12,21,0.042,0.57,False," D

** statements, I statements, and I need to determine theore statements, statements, and I think about two statements, statements, and I need to",False,True,captured
mmlu_abstract_algebra_79,mmlu,0.5B,16,stochastic,42,6.9127,331.44,212.3,32,4.63,340,5,28,0.0147,0.18,False," A and I need to be true or maybe about subquestions, and I need to evaluate whether they want to evaluate whether they want to know as follows:

Statement",False,True,captured
mmlu_abstract_algebra_80,mmlu,0.5B,16,stochastic,42,5.2778,328.06,159.67,32,6.06,258,10,22,0.0388,0.45,False," C. 

** which of the options about their truth values. 

First, I need to determine the truth of their truth values for the answer options about their",False,True,captured
mmlu_abstract_algebra_81,mmlu,0.5B,16,stochastic,42,4.2057,330.68,125.0,32,7.61,204,17,16,0.0833,1.06,False," A
Wait, the question is about free abelian groups and abelian groups and abelian groups and abelian groups and abelian groups. 

Wait,",False,True,captured
mmlu_abstract_algebra_82,mmlu,0.5B,16,stochastic,42,1.5481,327.34,39.38,32,20.67,69,27,6,0.3913,4.5,False," A. True, True
Answer:
A. True, True

Answer: A

. True, True
Answer: A. True, True

Answer",False,True,captured
mmlu_abstract_algebra_83,mmlu,0.5B,16,stochastic,42,5.988,330.04,182.51,32,5.34,295,10,23,0.0339,0.43,False," C

**. I need to be. I need to check their truthfully. I need to be careful, and I need to check their truth values.",False,True,captured
mmlu_abstract_algebra_84,mmlu,0.5B,16,stochastic,42,5.032,329.13,151.71,32,6.36,245,12,20,0.049,0.6,False," C. The conditionals. Let's. Let's analyze the given in the context. Let's analyze the given statements. The first, and need to be",False,True,captured
mmlu_abstract_algebra_85,mmlu,0.5B,16,stochastic,42,5.3551,330.21,162.09,32,5.98,264,13,19,0.0492,0.68,False, C is asking whether they want to determine their truth values need to determine whether each needs to determine their truth values need to determine their truth values need to be careful,False,True,captured
mmlu_abstract_algebra_86,mmlu,0.5B,16,stochastic,42,6.0699,329.49,185.18,32,5.27,300,9,23,0.03,0.39,False," A and I need to be careful, and I need to check whether they want to evaluate whether they want to check if they want to check if they are being",False,True,captured
mmlu_abstract_algebra_87,mmlu,0.5B,16,stochastic,42,5.2804,328.83,159.73,32,6.06,258,11,22,0.0426,0.5,False," A

Okay, let's see. The function T: 

The function T: 

Okay, let's the given that T is a linear transformation T:",False,True,captured
mmlu_abstract_algebra_88,mmlu,0.5B,16,stochastic,42,4.2657,329.54,126.97,32,7.5,208,17,16,0.0817,1.06,False," A

Wait, the product in Z_24.2)(2)(16) in Z_24. The problem is in Z_2",False,True,captured
mmlu_abstract_algebra_89,mmlu,0.5B,16,stochastic,42,4.6253,331.49,138.51,32,6.92,224,14,19,0.0625,0.74,False," C. There are two statements, and I need to determine the truth of the answer is about whether two statements. Let me start with two statements. There are",False,True,captured
mmlu_abstract_algebra_90,mmlu,0.5B,16,stochastic,42,1.401,332.14,34.48,32,22.84,62,28,5,0.4516,5.6,False," A. True, True
Answer:
A. True, True

Answer: A

. True, True
Answer: A. True, True

Answer",False,True,captured
mmlu_abstract_algebra_91,mmlu,0.5B,16,stochastic,42,4.0049,331.52,118.5,32,7.99,193,16,16,0.0829,1.0,False, B. 4Z is a subset of 2Z is the subgroup 4Z is defined by 2Z is the set of all elements of ,False,True,captured
mmlu_abstract_algebra_92,mmlu,0.5B,16,stochastic,42,5.3291,331.34,161.22,32,6.0,262,13,19,0.0496,0.68,False," D is asking which one of which one of which one is asking which one is asking which one is true or statements A, B, C, D, and",False,True,captured
mmlu_abstract_algebra_93,mmlu,0.5B,16,stochastic,42,2.2347,329.47,61.46,32,14.32,102,22,11,0.2157,2.0,False, The maximum possible order for an element of S_n is the least common multiple of the lengths of its cycle lengths of the lengths of its cycle lengths of the lengths,False,True,captured
mmlu_abstract_algebra_94,mmlu,0.5B,16,stochastic,42,5.2432,331.14,158.45,32,6.1,259,16,17,0.0618,0.94,False," D

** to field theory of field theory of field theory. Let me start with Statement 1: 

Statement 1: Q is an extension field of",False,True,captured
mmlu_abstract_algebra_95,mmlu,0.5B,16,stochastic,42,4.4845,335.7,133.83,32,7.14,215,12,20,0.0558,0.6,False," A. True, True

Explanation: For the definition of the definition of left as follows from the definition of aH is also true because if and a well",False,True,captured
mmlu_abstract_algebra_96,mmlu,0.5B,16,stochastic,42,3.4727,330.6,101.36,32,9.21,168,20,12,0.119,1.67,False," A
Wait, the polynomial x² + 1 in Z₂. Hmm, the polynomial x² + 1 in Z₂. So, first polynomial",False,True,captured
mmlu_abstract_algebra_97,mmlu,0.5B,16,stochastic,42,3.7024,329.5,108.8,32,8.64,177,17,15,0.096,1.13,False," B. 5
Okay, so the number of elements in the cyclic subgroup of elements in the number of elements in the number of elements in the cyclic subgroup",False,True,captured
mmlu_abstract_algebra_98,mmlu,0.5B,16,stochastic,42,5.8581,329.46,178.34,32,5.46,289,10,22,0.0346,0.45,False, The order is the order is in the group Z_12 is of order is of order is an order is in the direct product. The order of an,False,True,captured
mmlu_abstract_algebra_99,mmlu,0.5B,16,stochastic,42,5.597,329.58,169.92,32,5.72,275,10,22,0.0364,0.45,False," B
Okay, let's start with rings, I
** rings, I

** rings, ideals and subrings and their truth in a ring and",False,True,captured
mmlu_college_chemistry_0,mmlu,0.5B,16,stochastic,42,1.6765,329.67,43.45,32,19.09,75,26,7,0.3467,3.71,False," The correct answer is D. r = k.
Answer:
D

To determine the correct expression for the rate of a zero-order chemical reaction, we need to",False,True,captured
mmlu_college_chemistry_1,mmlu,0.5B,16,stochastic,42,2.1735,330.42,59.46,32,14.72,99,22,11,0.2222,2.0,False," C. most organic functional groups absorb in a characteristic region of the IR spectrum

The correct. most organic functional groups have to choose is C. most organic functional",False,True,captured
mmlu_college_chemistry_2,mmlu,0.5B,16,stochastic,42,2.3101,329.88,63.88,32,13.85,108,23,9,0.213,2.56,False," C

Wait, the question is about the maximum number of phases that can be at equilibrium with each other in a three-component mixture. Let me think. Let",False,True,captured
mmlu_college_chemistry_3,mmlu,0.5B,16,stochastic,42,5.2461,330.68,158.56,32,6.1,259,14,18,0.0541,0.78,False," A is about the ratio is about the user is about the ratios after balancing the equation is about the MnO4−, when the equation is balanced, which",False,True,captured
mmlu_college_chemistry_4,mmlu,0.5B,16,stochastic,42,1.6531,329.38,42.7,32,19.36,74,25,7,0.3378,3.57,False," B. only for constant pressure processes
Answer:
B. only for constant pressure processes

. only for constant pressure processes is applicable for constant pressure processes. The",False,True,captured
mmlu_college_chemistry_5,mmlu,0.5B,16,stochastic,42,2.4465,344.4,67.81,32,13.08,115,25,8,0.2174,3.12,False, The correct answer is B. 9 lines. lines in the EPR spectrum of lines in the EPR spectrum of a rigid nitronyl nitroxide,False,True,captured
mmlu_college_chemistry_6,mmlu,0.5B,16,stochastic,42,1.5299,329.93,38.71,32,20.92,67,26,7,0.3881,3.71,False," A. Neutrons
Answer:
A. Neutrons

Answer: A. Neutrons
Answer: A. Neutrons
Answer:",False,True,captured
mmlu_college_chemistry_7,mmlu,0.5B,16,stochastic,42,2.605,326.65,73.5,32,12.28,125,24,8,0.192,3.0,False, D. Unpaired electrons. Unpaired electrons. Unpaired electrons. Unpaired electrons. Both paramagnetism and ferromagnetism require unpaired electrons.,False,True,captured
mmlu_college_chemistry_8,mmlu,0.5B,16,stochastic,42,3.6083,331.4,105.71,32,8.87,175,21,12,0.12,1.75,False," D

The  is about the 1H NMR spectrum of the  is about the 1H NMR spectrum of a mixture of dimethyls",False,True,captured
mmlu_college_chemistry_9,mmlu,0.5B,16,stochastic,42,5.6479,334.3,171.41,32,5.67,278,11,22,0.0396,0.5,False, B is T1 is T1 is T1 sometimes the T1 of the T1 is sometimes the T1 is T1 is T1 sometimes the T,False,True,captured
mmlu_college_chemistry_10,mmlu,0.5B,16,stochastic,42,4.96,330.27,149.35,32,6.45,243,13,19,0.0535,0.68,False," The 1H Larmor frequency is calculated chemical shift (1.**
1. The 1H Larmor frequency of the chemical shift (1) The",False,True,captured
mmlu_college_chemistry_11,mmlu,0.5B,16,stochastic,42,5.719,331.55,173.79,32,5.6,282,12,21,0.0426,0.57,False," B

The problem where the polarization of polarization of polarization of polarization of polarization inhom polarization of 13C nuclei in a 13C nuclei in",False,True,captured
mmlu_college_chemistry_12,mmlu,0.5B,16,stochastic,42,4.706,330.03,141.16,32,6.8,228,15,18,0.0658,0.83,False, D value for the cyclobutyl radical (or the cyclobine value for the value for the cyclobutyl radical (I value for the cyc,False,True,captured
mmlu_college_chemistry_13,mmlu,0.5B,16,stochastic,42,1.5073,334.16,37.84,32,21.23,68,27,5,0.3971,5.4,False," B. 1:9:36:84:126:1266:84:36:9:1

",False,True,captured
mmlu_college_chemistry_14,mmlu,0.5B,16,stochastic,42,3.4731,332.69,101.3,32,9.21,167,19,13,0.1138,1.46,False," C.  by EPR

The answer is C.
The correct answer is C. 

The reasoning is that free radical intermediates are short-lived free radical",False,True,captured
mmlu_college_chemistry_15,mmlu,0.5B,16,stochastic,42,1.2467,330.03,29.57,32,25.67,55,29,4,0.5273,7.25,False," A
Okay, so I need to calculate the magnetic moment μI of a 13C nucleus. Let me think. I remember that the magnetic moment",False,True,captured
mmlu_college_chemistry_16,mmlu,0.5B,16,stochastic,42,5.3835,330.3,163.01,32,5.94,265,13,20,0.0491,0.65,False," D. The symmetric stretching, which of two symmetric stretching, in the symmetric stretching, symmetric stretching, which are three: symmetric stretching, asymmetric stretching, symmetric stretching",False,True,captured
mmlu_college_chemistry_17,mmlu,0.5B,16,stochastic,42,2.5704,330.15,72.27,32,12.45,122,24,9,0.1967,2.67,False," D.  only when they have at least three different ligands. Optical isomerism occurs when they have at least three different ligands.

Wait, the",False,True,captured
mmlu_college_chemistry_18,mmlu,0.5B,16,stochastic,42,4.3753,329.73,130.5,32,7.31,212,15,18,0.0708,0.83,False," D

The question is true statement about protons and neutrons' statement about protons and neutrons have orbital angular momentum, among the following statements about pro",False,True,captured
mmlu_college_chemistry_19,mmlu,0.5B,16,stochastic,42,5.2846,329.97,159.83,32,6.06,259,13,20,0.0502,0.65,False, A 1 T. Let me recall that 1 Tesla. Let me recall what magnetic field of 1 T. Let me recall what's magnetic field of,False,True,captured
mmlu_college_chemistry_20,mmlu,0.5B,16,stochastic,42,3.7214,328.67,109.44,32,8.6,182,21,12,0.1154,1.75,False, D. The options is an n-type semiconductor. The answer is D. The options is an n-type semiconductor. The options is an n-type semiconductor. The,False,True,captured
mmlu_college_chemistry_21,mmlu,0.5B,16,stochastic,42,2.0624,332.08,55.82,32,15.52,95,24,8,0.2526,3.0,False, A.  The 1H spectrum of 12CHCl3 is a singlet because the 35Cl and 37Cl are isot,False,True,captured
mmlu_college_chemistry_22,mmlu,0.5B,16,stochastic,42,2.2175,331.89,60.83,32,14.43,102,22,10,0.2157,2.2,False," D. Hmm, I need to find the solubility product, Ksp, for lead iodide (PbI need to find the problem. So",False,True,captured
mmlu_college_chemistry_23,mmlu,0.5B,16,stochastic,42,4.2156,327.62,125.42,32,7.59,206,17,15,0.0825,1.13,False," The is as follows:

1: The question: 

The is as follows:

1. The is as follows:

1: The is as follows:

1.",False,True,captured
mmlu_college_chemistry_24,mmlu,0.5B,16,stochastic,42,3.6876,329.77,108.32,32,8.68,177,18,15,0.1017,1.2,False," D. Oxide
Answer: metallic element, and the most common naturally-occurring form in which silicon is found. Oxide. Oxide. Ox",False,True,captured
mmlu_college_chemistry_25,mmlu,0.5B,16,stochastic,42,2.1391,330.19,58.35,32,14.96,99,25,8,0.2525,3.12,False," D. 31P
Okay, I think about which nuclide has an NMR frequency of 115.5 MHz in a nuclide",False,True,captured
mmlu_college_chemistry_26,mmlu,0.5B,16,stochastic,42,2.2862,330.05,63.1,32,14.0,106,23,10,0.217,2.3,False," A

The correct answer is A. Raoult’s law states that the partial pressure of each component in a solution is a

The correct answer is A",False,True,captured
mmlu_college_chemistry_27,mmlu,0.5B,16,stochastic,42,5.6229,346.51,170.21,32,5.69,276,12,21,0.0435,0.57,False, D. We have a chemistry related to find the chemical shift of a solution of a solution of a solution of sodium phosphate in the chemical shift of a solution of,False,True,captured
mmlu_college_chemistry_28,mmlu,0.5B,16,stochastic,42,3.8003,330.8,111.92,32,8.42,178,19,13,0.1067,1.46,False," D

The correct answer is D. I. The correct. The conditional formation constant is affected by pH. The conditional formation constant is affected by pH because the",False,True,captured
mmlu_college_chemistry_29,mmlu,0.5B,16,stochastic,42,5.3116,330.83,160.67,32,6.02,262,15,18,0.0573,0.83,False," C. Henry's concentration in water. Henry's Law. So, Henry's Law. So, Henry's Law states that the concentration of a gas dissolved in",False,True,captured
mmlu_college_chemistry_30,mmlu,0.5B,16,stochastic,42,5.6783,330.45,172.51,32,5.64,279,11,21,0.0394,0.52,False," B is accurate and which option B is the student's results are accurate and precise. The student's results are accurate, given the student's results are accurate,",False,True,captured
mmlu_college_chemistry_31,mmlu,0.5B,16,stochastic,42,5.4048,332.76,163.61,32,5.92,262,10,22,0.0382,0.45,False," A

Wait, the splitting for a Cu(II) metal ion and fine splitting for a

First, I need to recall that's splitting for a.",False,True,captured
mmlu_college_chemistry_32,mmlu,0.5B,16,stochastic,42,1.0471,330.6,23.11,32,30.56,45,29,3,0.6444,9.67,False," B. Zn(s) + 2 AgNO3(aq) → 2 Ag(s) + Zn(NO3)2(aq)
Explanation",False,True,captured
mmlu_college_chemistry_33,mmlu,0.5B,16,stochastic,42,3.511,328.9,102.65,32,9.11,170,21,12,0.1235,1.75,False," D

The statement is used as a 1H chemical shift reference is used as a  is used as a 1H chemical shift reference is used as",False,True,captured
mmlu_college_chemistry_34,mmlu,0.5B,16,stochastic,42,2.6626,330.52,75.23,32,12.02,122,19,14,0.1557,1.36,False," A
Okay, let's see. The question is about calculating the g value of a sodium atom in the atom is calculated from the given atom is calculated from",False,True,captured
mmlu_college_chemistry_35,mmlu,0.5B,16,stochastic,42,5.2021,333.32,157.06,32,6.15,256,15,18,0.0586,0.83,False," B, but wait, the question. Wait, the question says that the question, but wait, the question. Wait, the question says 43Ca",False,True,captured
mmlu_college_chemistry_36,mmlu,0.5B,16,stochastic,42,2.2337,331.51,61.36,32,14.33,105,26,7,0.2476,3.71,False," C

The problem about the magnetic field responsible for the polarization of 2.5 x 10^-6 for 13C at 29",False,True,captured
mmlu_college_chemistry_37,mmlu,0.5B,16,stochastic,42,3.8626,328.37,114.01,32,8.28,187,18,14,0.0963,1.29,False," B. 21.2 Hz

The linewidth is related to the linewidth is related to the linewidth is related to the linewidth of an NMR line is",False,True,captured
mmlu_college_chemistry_38,mmlu,0.5B,16,stochastic,42,1.494,332.1,37.48,32,21.42,67,28,5,0.4179,5.6,False," C. 5.493 x 10^-34 J s
.  The maximum value of the z-component of the spin angular momentum",False,True,captured
mmlu_college_chemistry_39,mmlu,0.5B,16,stochastic,42,2.4568,330.08,68.6,32,13.03,113,21,12,0.1858,1.75,False," The correct answer is D. CCl4. The correct answer is D. CCl4.
Answer:
Answer:
- the lowest melting point, we need",False,True,captured
mmlu_college_chemistry_40,mmlu,0.5B,16,stochastic,42,2.7693,332.56,78.6,32,11.56,132,23,10,0.1742,2.3,False," B
Okay, let's go through each of nuclear binding energies is NOT true. The options are A, B, C, D. Let me start by",False,True,captured
mmlu_college_chemistry_41,mmlu,0.5B,16,stochastic,42,3.9083,330.07,115.43,32,8.19,190,19,14,0.1,1.36,False," D

Wait, the hyperfine value for the hyperfine value for the EPR spectrum of fully deuteriated benzene radical anion, wait, the",False,True,captured
mmlu_college_chemistry_42,mmlu,0.5B,16,stochastic,42,3.3894,329.35,98.71,32,9.44,163,20,13,0.1227,1.54,False," B. The strongest base in liquid ammonia is. The strongest base in liquid ammonia is. The options A. Wait, the options A. NH3, B",False,True,captured
mmlu_college_chemistry_43,mmlu,0.5B,16,stochastic,42,5.6153,329.81,170.5,32,5.7,276,12,21,0.0435,0.57,False, A and states in a molecule energy levels in a spin states in a magnetic energy levels in a molecule energy levels in a molecule energy levels changes in the energy levels,False,True,captured
mmlu_college_chemistry_44,mmlu,0.5B,16,stochastic,42,1.073,329.77,23.97,32,29.82,46,30,3,0.6522,10.0,False," A
Okay, let's see. The question is about calculating the Q-factor for an X-band EPR cavity with a resonator bandwidth of 1.",False,True,captured
mmlu_college_chemistry_45,mmlu,0.5B,16,stochastic,42,3.915,335.32,115.47,32,8.17,189,18,14,0.0952,1.29,False," C

The difference in chemical shifts are calculated by multiplying the difference in chemical shifts are calculated by multiplying the chemical shifts are calculated by multiplying the chemical shifts are given",False,True,captured
mmlu_college_chemistry_46,mmlu,0.5B,16,stochastic,42,1.3324,329.29,32.36,32,24.02,59,29,4,0.4915,7.25,False," The correct answer is A. 0.050 M AlCl3.
 The correct answer is A. 0.050 M AlCl",False,True,captured
mmlu_college_chemistry_47,mmlu,0.5B,16,stochastic,42,1.5718,332.09,39.99,32,20.36,71,27,5,0.3803,5.4,False," A
Please explain why A is the correct answer.
Question: What is the strength A
Please explain why A is the correct answer.
Answer: A

",False,True,captured
mmlu_college_chemistry_48,mmlu,0.5B,16,stochastic,42,3.4752,329.51,101.47,32,9.21,166,19,14,0.1145,1.36,False," A. Blackbody radiation curves

The blackbody radiation curves. Blackbody radiation curves. Blackbody radiation curves. The idea. Blackbody radiation curves were explained",False,True,captured
mmlu_college_chemistry_49,mmlu,0.5B,16,stochastic,42,1.7883,332.63,46.96,32,17.89,81,26,7,0.321,3.71,False," D

So, the question says that a radioactive isotope has a half-life of 6.0 hours. The question is asking about the remaining activity after",False,True,captured
mmlu_college_chemistry_50,mmlu,0.5B,16,stochastic,42,5.5051,328.85,166.98,32,5.81,270,11,21,0.0407,0.52,False, The electron is determined by the electron is the ground-state aluminum is determined by the electron's electron is the one is determined by the electron is determined by the electron,False,True,captured
mmlu_college_chemistry_51,mmlu,0.5B,16,stochastic,42,2.2374,330.27,61.52,32,14.3,101,21,12,0.2079,1.75,False," D. NaCl
Why is the answer D. NaCl?
Because NaCl is. NaCl is a salt of the only a salt formed from a",False,True,captured
mmlu_college_chemistry_52,mmlu,0.5B,16,stochastic,42,5.232,333.95,158.0,32,6.12,257,14,18,0.0545,0.78,False," A

The splitting in which of the splitting in which of the given a splitting in units of splitting in units of mT, Gauss, given a splitting of",False,True,captured
mmlu_college_chemistry_53,mmlu,0.5B,16,stochastic,42,2.3331,329.35,64.64,32,13.72,107,21,11,0.1963,1.91,False," A
Explanation: The 4f and 5f orbitals are filled in A
Answer: the lanthanides and after the lanthanides and",False,True,captured
mmlu_college_chemistry_54,mmlu,0.5B,16,stochastic,42,3.2038,329.04,92.73,32,9.99,153,21,12,0.1373,1.75,False, A. We need to calculate the spin density on the central carbon atom of the user is about calculating the spin density on the central carbon atom of the user is,False,True,captured
mmlu_college_chemistry_55,mmlu,0.5B,16,stochastic,42,1.3343,332.3,32.32,32,23.98,59,28,4,0.4746,7.0,False," C. number of photons emitted, divided by the number of photons absorbed
Answer:
C. number of photons emitted, divided by the number of photons absorbed
",False,True,captured
mmlu_college_chemistry_56,mmlu,0.5B,16,stochastic,42,3.6553,330.16,107.26,32,8.75,177,20,12,0.113,1.67,False," C. 

The correct answer is C. 

The statement is small. 

Wait, the difference between the SOMO and the lowest lying excited state is small",False,True,captured
mmlu_college_chemistry_57,mmlu,0.5B,16,stochastic,42,3.903,329.06,115.29,32,8.2,189,17,15,0.0899,1.13,False," D, wait, the isotope 205Tl. Wait, the isotope 205Tl. Wait, the isotope ",False,True,captured
mmlu_college_chemistry_58,mmlu,0.5B,16,stochastic,42,5.6794,328.35,172.62,32,5.63,282,14,19,0.0496,0.74,False, D. A molecule has to find the magnetic field would be about the molecule has to find the magnetic field where a molecule has a rotational correlation time of 1,False,True,captured
mmlu_college_chemistry_59,mmlu,0.5B,16,stochastic,42,3.8113,330.61,112.28,32,8.4,184,18,14,0.0978,1.29,False, A. The greatest lattice enthalpy. The greatest lattice enthalpy. The question is which has the greatest lattice enthalpy. The options A.,False,True,captured
mmlu_college_chemistry_60,mmlu,0.5B,16,stochastic,42,2.4114,331.43,67.1,32,13.27,110,21,12,0.1909,1.75,False," The correct answer is B. CH3Cl.
The reasoning is that the resonance frequency of a proton NMR shifts with the atomic mass of a proton experiences a",False,True,captured
mmlu_college_chemistry_61,mmlu,0.5B,16,stochastic,42,3.2779,330.47,95.08,32,9.76,159,23,10,0.1447,2.3,False," A

Wait, the question is about the polarization in a 13C nuclei in a 20.0 T magnetic field at 300",False,True,captured
mmlu_college_chemistry_62,mmlu,0.5B,16,stochastic,42,1.9868,327.31,53.53,32,16.11,90,23,9,0.2556,2.56,False," A
Explain: The magnetic moment μI is related to the nuclear spin S A
The magnetic moment μI of the formula μI = g and",False,True,captured
mmlu_college_chemistry_63,mmlu,0.5B,16,stochastic,42,3.9277,327.51,116.14,32,8.15,191,19,14,0.0995,1.36,False," D. I, II, and III

**. I and III. I and III. I, II, and III. Mass spectrometry involves the",False,True,captured
mmlu_college_chemistry_64,mmlu,0.5B,16,stochastic,42,4.1905,331.11,124.5,32,7.64,203,17,16,0.0837,1.06,False," A. The options are light-scattering technique is a light-scattering technique. The options are light-scattering technique. The options are A
Okay, let",False,True,captured
mmlu_college_chemistry_65,mmlu,0.5B,16,stochastic,42,1.958,334.9,52.36,32,16.34,90,26,7,0.2889,3.71,False, D. Neither position nor momentum can be known exactly. Neither position nor momentum can be known exactly. Neither position nor momentum can be known exactly. Neither position nor,False,True,captured
mmlu_college_chemistry_66,mmlu,0.5B,16,stochastic,42,1.9251,330.18,51.45,32,16.62,88,24,8,0.2727,3.0,False," D. HBr(g) → H(g) + Br(g)
Answer:
The dissociation energy for a bond is the energy required to break a bond is",False,True,captured
mmlu_college_chemistry_67,mmlu,0.5B,16,stochastic,42,2.13,331.65,58.01,32,15.02,98,23,9,0.2347,2.56,False," The magnetogyric ratio is the ratio of the NMR frequency to the magnetic field. The magnet. So, the magnetogyric ratio is  the magnetic",False,True,captured
mmlu_college_chemistry_68,mmlu,0.5B,16,stochastic,42,3.5144,327.84,102.79,32,9.11,169,19,14,0.1124,1.36,False," D. helium atom
The Schrödinger equation for the Schrödinger equation for the Schrödinger equation for the helium atom. helium atom",False,True,captured
mmlu_college_chemistry_69,mmlu,0.5B,16,stochastic,42,1.3347,331.88,32.35,32,23.97,59,29,4,0.4915,7.25,False," The answer is B. 2R.
Answer:
B. 2R

 The answer is B. 2R.
Answer:
B. 2",False,True,captured
mmlu_college_chemistry_70,mmlu,0.5B,16,stochastic,42,2.9329,330.53,83.95,32,10.91,140,24,9,0.1714,2.67,False," D. So, the question is asking which group 13 element. The question is asking which group 13 element has the +1 oxidation state more",False,True,captured
mmlu_college_chemistry_71,mmlu,0.5B,16,stochastic,42,4.5192,331.67,135.08,32,7.08,218,14,18,0.0642,0.78,False, D. reduced mass. reduced mass. reduced mass. The infrared absorption frequency is the difference in reduced mass. reduced mass. The infrared absorption frequency is a change,False,True,captured
mmlu_college_chemistry_72,mmlu,0.5B,16,stochastic,42,3.6016,329.24,105.56,32,8.89,174,19,14,0.1092,1.36,False," A. Wait, the 55Mn. Wait, the 55Mn. Wait, the question 55Mn. Wait,",False,True,captured
mmlu_college_chemistry_73,mmlu,0.5B,16,stochastic,42,5.2088,329.82,157.39,32,6.14,254,11,21,0.0433,0.52,False," A. The question asks which is not generally considered toxi

Okay, let's tackle the question asks which is a halogenated hydrocarbic acid is",False,True,captured
mmlu_college_chemistry_74,mmlu,0.5B,16,stochastic,42,4.1577,329.08,123.5,32,7.7,202,18,15,0.0891,1.2,False, B.90 nm.90 nm and the region of the spectrum.90 nm and the region of the spectrum it's.90 nm and,False,True,captured
mmlu_college_chemistry_75,mmlu,0.5B,16,stochastic,42,2.3995,333.64,66.64,32,13.34,109,20,12,0.1835,1.67,False," B
So, why is the answer B? What is the reasoning here?

The B
The rotational correlation time τc is because the answer is B
",False,True,captured
mmlu_college_chemistry_76,mmlu,0.5B,16,stochastic,42,2.5012,332.57,69.96,32,12.79,117,22,10,0.188,2.2,False," D
Wait, the question is about measuring trace amounts of CFCs in an air sample. The options are different methods for CFCs in air samples",False,True,captured
mmlu_college_chemistry_77,mmlu,0.5B,16,stochastic,42,2.016,328.52,54.43,32,15.87,94,26,7,0.2766,3.71,False," A

The question is about the solid-state structures of the principal allotropes of elemental boron. The solid-state structures of the principal allotropes of",False,True,captured
mmlu_college_chemistry_78,mmlu,0.5B,16,stochastic,42,3.2165,328.62,93.16,32,9.95,154,21,12,0.1364,1.75,False, A. It has little effect. It has little effect. It has little effect. The pH. It has little effect. It has little effect. When you,False,True,captured
mmlu_college_chemistry_79,mmlu,0.5B,16,stochastic,42,3.7588,329.97,110.61,32,8.51,181,17,15,0.0939,1.13,False," B. Wait, no, the correct conjugate acid-base pair. Wait, the correct for a conjugate acid-base pair. Wait, no, wait,",False,True,captured
mmlu_college_chemistry_80,mmlu,0.5B,16,stochastic,42,2.6713,345.96,75.01,32,11.98,124,21,12,0.1694,1.75,False," D
The question asks which metal ion cannot be used as a paramagnetic quencher. Paramagnetic quench of the options are given question asks which metal",False,True,captured
mmlu_college_chemistry_81,mmlu,0.5B,16,stochastic,42,3.4943,329.75,102.08,32,9.16,169,21,12,0.1243,1.75,False, B is about the ratio of the equilibrium polarizations |pe / pH| is about the ratio of the equilibrium polarizations of the ratio of the equilibrium polarizations,False,True,captured
mmlu_college_chemistry_82,mmlu,0.5B,16,stochastic,42,1.8818,331.62,50.01,32,17.01,86,26,7,0.3023,3.71,False," A
A
Answer:
A
Answer:
A
Answer: 

The amplitude of a free induction decay (FID) follows an exponential decay law.",False,True,captured
mmlu_college_chemistry_83,mmlu,0.5B,16,stochastic,42,5.4839,330.76,166.23,32,5.84,269,11,21,0.0409,0.52,False," D. So, first. Wait, the molecule. Wait, the first. So, first. Wait, the compound. Wait, the compound. Hmm,",False,True,captured
mmlu_college_chemistry_84,mmlu,0.5B,16,stochastic,42,4.4911,329.02,134.26,32,7.13,220,16,16,0.0727,1.0,False," D. I and III only

** only. I and II. I and III only. Signal averaging and III only. Wait, no. Let me explain",False,True,captured
mmlu_college_chemistry_85,mmlu,0.5B,16,stochastic,42,2.145,334.73,58.39,32,14.92,99,24,8,0.2424,3.0,False," A

A PO3- radical produces a pair of lines separated by 280 MHz with giso = 2.005. We have",False,True,captured
mmlu_college_chemistry_86,mmlu,0.5B,16,stochastic,42,3.7461,333.72,110.08,32,8.54,183,21,12,0.1148,1.75,False," A
Okay, the relative occupancies of the relative occupancies of the relative occupancies of the relative occupancies of the α and β spin energy levels for",False,True,captured
mmlu_college_chemistry_87,mmlu,0.5B,16,stochastic,42,4.4638,328.57,133.39,32,7.17,218,18,15,0.0826,1.2,False, D. Let me think. The question is a primary standard is a primary standard is a primary standard for standard is a primary standard for use in standardizing bases,False,True,captured
mmlu_college_chemistry_88,mmlu,0.5B,16,stochastic,42,3.7735,326.49,111.2,32,8.48,182,18,14,0.0989,1.29,False," D. The options are lower than neon. The options: A. Melting point, B. Boiling point, C. Polarizability is lower than",False,True,captured
mmlu_college_chemistry_89,mmlu,0.5B,16,stochastic,42,1.2735,333.75,30.31,32,25.13,55,28,5,0.5091,5.6,False," B
Options: A. 7,530 ppm  B. 8,090 ppm  C. 8,090",False,True,captured
mmlu_college_chemistry_90,mmlu,0.5B,16,stochastic,42,1.3237,328.13,32.11,32,24.18,59,29,4,0.4915,7.25,False," A
A. 4.19 ms
B. 26. A
C. 240 ms
D. 15",False,True,captured
mmlu_college_chemistry_91,mmlu,0.5B,16,stochastic,42,5.4887,329.99,166.41,32,5.83,268,10,22,0.0373,0.45,False, D. The question is about what's. The question is about spontaneous process is this question is a spontaneous process. I remember that spontaneous process is spontaneous process is,False,True,captured
mmlu_college_chemistry_92,mmlu,0.5B,16,stochastic,42,3.2245,331.0,93.34,32,9.92,153,19,14,0.1242,1.36,False, The correct answer is B. 9 lines. lines in the lines in the EPR spectrum of a nitronyl nitroxides in the lines in the,False,True,captured
mmlu_college_chemistry_93,mmlu,0.5B,16,stochastic,42,2.7839,329.96,79.16,32,11.49,130,20,13,0.1538,1.54,False," A. Cu, Fe, Co. Cu, Fe, Co. Cu, Fe, Co. Redox enzymes that the group A (A. Cu,",False,True,captured
mmlu_college_chemistry_94,mmlu,0.5B,16,stochastic,42,3.7474,330.21,110.23,32,8.54,182,19,13,0.1044,1.46,False, B-branch of a vibrational-rotational spectrum of a diatomic molecule'spectrum of a vibrational-rotational spectrum of a diatomic molecule's,False,True,captured
mmlu_college_chemistry_95,mmlu,0.5B,16,stochastic,42,4.208,330.37,125.08,32,7.6,204,15,17,0.0735,0.88,False," D. Wait, the lowest electron affinity. Wait, the question is asking for the question is the lowest electron affinity. The question is asking for the question is",False,True,captured
mmlu_college_chemistry_96,mmlu,0.5B,16,stochastic,42,5.4411,330.02,164.87,32,5.88,267,12,20,0.0449,0.6,False, C. Sc3+ ion with the highest in the one with the highest in the series. Sc3+ because it has the highest in charge and the number,False,True,captured
mmlu_college_chemistry_97,mmlu,0.5B,16,stochastic,42,3.363,331.28,97.8,32,9.52,162,21,12,0.1296,1.75,False," D

Wait, the is 31P in a 20.0 T magnetic field. The question: 31P in a 2",False,True,captured
mmlu_college_chemistry_98,mmlu,0.5B,16,stochastic,42,2.046,330.2,55.35,32,15.64,93,23,9,0.2473,2.56,False," C

The EPR spectrum of a solution of dimethylnitroxide (CH3NO• (dimethylnitroxide (dim",False,True,captured
mmlu_college_chemistry_99,mmlu,0.5B,16,stochastic,42,4.4072,331.18,131.49,32,7.26,214,15,17,0.0701,0.88,False, D. SCl2 isoe with a central sulfur atom bonded to two chlorine atom with a central sulfur atom with a lone pair on the left side. ,False,True,captured
mmlu_computer_security_0,mmlu,0.5B,16,stochastic,42,3.9188,331.11,115.73,32,8.17,188,16,17,0.0851,0.94,False," C

The whitebox fuzzer. The whitebox fuzzer is a program. The whitebox fuzzer is a program by using a program.
Answer:",False,True,captured
mmlu_computer_security_1,mmlu,0.5B,16,stochastic,42,4.0027,332.66,118.39,32,7.99,195,19,14,0.0974,1.36,False," C. The TLS protects against an attacker impersonating the server. False, True

The TLS protects against an attacker impersonating the server. The client did not",False,True,captured
mmlu_computer_security_2,mmlu,0.5B,16,stochastic,42,3.0731,335.21,88.32,32,10.41,145,20,13,0.1379,1.54,False," C. When a client connects to a server, the server compares the ticket's validity is no longer can no longer can no longer be invalidated by the KDC",False,True,captured
mmlu_computer_security_3,mmlu,0.5B,16,stochastic,42,4.0763,328.64,120.89,32,7.85,198,17,15,0.0859,1.13,False," A. The correct answer is A. Receiver. The concept is designed to be understood by only the intended recipient. This is a
Answer: A

Answer",False,True,captured
mmlu_computer_security_4,mmlu,0.5B,16,stochastic,42,2.2609,329.63,62.3,32,14.15,105,25,8,0.2381,3.12,False, The correct answer is B. DaCryptic. DaCryptic. DaCryptic. DaCryptic. DaCryptic is B. DaCryptic.,False,True,captured
mmlu_computer_security_5,mmlu,0.5B,16,stochastic,42,1.0529,329.29,23.34,32,30.39,45,30,3,0.6667,10.0,False," B. Buffer-overrun

Answer:
B. Buffer-overrun

Answer:
B. Buffer-overrun

Answer:
B. Buffer-overrun

Answer:
",False,True,captured
mmlu_computer_security_6,mmlu,0.5B,16,stochastic,42,4.0376,336.06,119.41,32,7.93,196,19,14,0.0969,1.36,False," C

The validator always forbids in the validator always forbids in sandboxed code, in the validator always forbids in sandboxed code, according to the",False,True,captured
mmlu_computer_security_7,mmlu,0.5B,16,stochastic,42,2.2623,328.12,62.39,32,14.14,107,26,7,0.243,3.71,False," A. Freenet
Answer:
A. Freenet
Answer: Freenet
Answer:
A. Freenet
Answer:
A.",False,True,captured
mmlu_computer_security_8,mmlu,0.5B,16,stochastic,42,1.2566,331.93,29.83,32,25.47,54,28,5,0.5185,5.6,False," A. No string boundary checks in predefined functions
Answer:
A

Answer:
A

. No string boundary checks in predefined functions
Answer:
A

Answer",False,True,captured
mmlu_computer_security_9,mmlu,0.5B,16,stochastic,42,5.5382,329.51,168.02,32,5.78,273,13,20,0.0476,0.65,False," B. Man-in the **man-in-the-middle (B
Answer: **man-in-the-middle (MITM (B
Answer:
Answer: B.",False,True,captured
mmlu_computer_security_10,mmlu,0.5B,16,stochastic,42,2.9381,330.23,84.12,32,10.89,141,23,10,0.1631,2.3,False," A. number, a number, a very large number, a very small (or negative) number ends up getting created

The correct answer is A. An",False,True,captured
mmlu_computer_security_11,mmlu,0.5B,16,stochastic,42,5.2228,334.13,157.7,32,6.13,253,12,21,0.0474,0.57,False," B

The question is about the security of the question is about the question is about the security of the MAC constructed as given is about the MAC is about the",False,True,captured
mmlu_computer_security_12,mmlu,0.5B,16,stochastic,42,3.9032,330.36,115.25,32,8.2,187,16,17,0.0856,0.94,False," C. Forward secrecy
Answer: compromise a computer today compromise a computer at a later time decrypt messages after the fact that the messages. Forward secrecy is able to",False,True,captured
mmlu_computer_security_13,mmlu,0.5B,16,stochastic,42,3.5847,328.74,105.03,32,8.93,173,19,14,0.1098,1.36,False," B. The AH Protocol is the AH Protocol provides source authentication and data integrity, but it provides source authentication and data integrity, but not privacy or Authentication Header (",False,True,captured
mmlu_computer_security_14,mmlu,0.5B,16,stochastic,42,2.9759,328.94,85.39,32,10.75,142,21,11,0.1479,1.91,False, C. The options is not a security exploit. The options is not a security exploit. The options are not a security exploit. The options are A to choose,False,True,captured
mmlu_computer_security_15,mmlu,0.5B,16,stochastic,42,2.7231,329.33,77.22,32,11.75,130,23,9,0.1769,2.56,False," B. The central node of 802.11 wireless operations."" The question is asking about the 802.11 wireless operations.""",False,True,captured
mmlu_computer_security_16,mmlu,0.5B,16,stochastic,42,5.3829,330.68,162.98,32,5.94,262,11,22,0.042,0.5,False," B. Let me think. Let me think. Let me start. Let me start. Let me think. I remember, and choose exactly. Let me think",False,True,captured
mmlu_computer_security_17,mmlu,0.5B,16,stochastic,42,1.0615,332.27,23.52,32,30.15,45,30,3,0.6667,10.0,False," A. It is a scanner which works by injecting packets to a range of addresses, and inferring what hosts and services might be at those addresses, based on",False,True,captured
mmlu_computer_security_18,mmlu,0.5B,16,stochastic,42,2.3903,331.22,66.42,32,13.39,109,21,12,0.1927,1.75,False," A. Escape queries
Answer:
A. Escape queries

Explanation: SQL injection occurs when. Escape queries are not properly sanitized or malicious users input is not properly",False,True,captured
mmlu_computer_security_19,mmlu,0.5B,16,stochastic,42,2.8917,337.42,82.4,32,11.07,139,24,9,0.1727,2.67,False," D. by operators or IDS services. by operators or IDS services

The correct answer is D. Taking care to avoid activities during a penetration test that might attract",False,True,captured
mmlu_computer_security_20,mmlu,0.5B,16,stochastic,42,5.2307,332.64,158.0,32,6.12,255,14,19,0.0549,0.74,False, A. The transport layer vulnerabilities are not a general and the transport layer vulnerabilities are related to the application layer issue is not a general and not a transport layer vulnerability,False,True,captured
mmlu_computer_security_21,mmlu,0.5B,16,stochastic,42,2.7973,333.99,79.46,32,11.44,134,24,9,0.1791,2.67,False, D is blinding prevents the timing attack from working in Brumley and Boneh's blinding prevents the timing attack from working in Brumley and Bone,False,True,captured
mmlu_computer_security_22,mmlu,0.5B,16,stochastic,42,5.3965,332.37,163.36,32,5.93,266,14,19,0.0526,0.74,False, C. The paper's that the time taken from the paper's timing differences in the paper. The timing attack is based on the differences in the execution time of,False,True,captured
mmlu_computer_security_23,mmlu,0.5B,16,stochastic,42,4.0627,327.9,120.48,32,7.88,197,16,16,0.0812,1.0,False, C. This is because it allows secure key exchange. This is because public key encryption allows secure key exchange without the need for a shared secret key exchange of key,False,True,captured
mmlu_computer_security_24,mmlu,0.5B,16,stochastic,42,4.3719,332.19,130.31,32,7.32,211,14,18,0.0664,0.78,False, A. Answer: A. The Silk Road was a famous for the answer: A. Silk Road. A. The correct. A. Silk Road is correct,False,True,captured
mmlu_computer_security_25,mmlu,0.5B,16,stochastic,42,2.4897,329.89,69.67,32,12.85,118,25,8,0.2119,3.12,False," C. Dark web

Answer: the Dark web

Answer: C. Dark web

Answer: C. Dark web

The correct answer is C. Dark",False,True,captured
mmlu_computer_security_26,mmlu,0.5B,16,stochastic,42,5.3577,330.8,162.16,32,5.97,263,13,19,0.0494,0.68,False, B is not be unable to find a satisfying the path is not satisfiability is not satisfiability is not satisfiability is not satisfiable is not satisfiable.,False,True,captured
mmlu_computer_security_27,mmlu,0.5B,16,stochastic,42,4.5417,330.23,135.85,32,7.05,223,17,16,0.0762,1.06,False," B. When verifying a digital signature involves using the sender's Public key is used to verify a key. To verify a digital signature, the receiver uses the sender",False,True,captured
mmlu_computer_security_28,mmlu,0.5B,16,stochastic,42,2.342,331.97,64.84,32,13.66,111,26,7,0.2342,3.71,False," C. 

The correct answer is C. 

The correct answer is C. Compiling the program with address sanitizer (ASAN) will make the source of",False,True,captured
mmlu_computer_security_29,mmlu,0.5B,16,stochastic,42,4.9691,330.28,149.64,32,6.44,244,16,17,0.0656,0.94,False," D"" discusses various challenges and Evaluating certificates trust model enhancements"" discusses various aspects and Evaluating certificates trust model enhancements"" discusses various aspects of past challenges and evaluating",False,True,captured
mmlu_computer_security_30,mmlu,0.5B,16,stochastic,42,1.4925,329.6,37.51,32,21.44,66,27,6,0.4091,4.5,False," D. IP Network Browser
Answer:
D. IP Network Browser

Answer: D. IP Network Browser
Answer: D. IP Network Browser
Answer:
",False,True,captured
mmlu_computer_security_31,mmlu,0.5B,16,stochastic,42,4.8414,330.71,145.51,32,6.61,235,13,20,0.0553,0.65,False," D. WPA3 is the successor, WPA3 is the wireless security protocol is the latest version 3 is the first version 3 is the latest",False,True,captured
mmlu_computer_security_32,mmlu,0.5B,16,stochastic,42,5.1906,331.3,156.75,32,6.17,251,11,22,0.0438,0.5,False," C

The OKWS is a separate the file descriptors between processes. Without file descriptor passing, but in principle of a Unix does not have its own private data",False,True,captured
mmlu_computer_security_33,mmlu,0.5B,16,stochastic,42,1.9038,329.73,50.78,32,16.81,86,24,9,0.2791,2.67,False," C. Session layer
Answer: Failed sessions allow brute-force attacks on access credentials. This type of attacks are done in which is responsible for failed sessions allow brute",False,True,captured
mmlu_computer_security_34,mmlu,0.5B,16,stochastic,42,2.0356,330.33,55.01,32,15.72,91,21,11,0.2308,1.91,False," D. All of the above
Answer:
D. All of the above

The correct. All of the above is D is D is D is the answer",False,True,captured
mmlu_computer_security_35,mmlu,0.5B,16,stochastic,42,5.9844,330.79,182.37,32,5.35,294,10,23,0.034,0.43,False," D. 

Wait, no longer than the program. 

Wait, no, which is the correct answer. 

Wait, no, that would be incorrect.",False,True,captured
mmlu_computer_security_36,mmlu,0.5B,16,stochastic,42,3.3748,329.9,98.22,32,9.48,161,19,14,0.118,1.36,False," C. C. Public-key system. C. Public-key system

Answer: C. Public-key system

C

C. C. Public-key system",False,True,captured
mmlu_computer_security_37,mmlu,0.5B,16,stochastic,42,1.6832,329.74,43.66,32,19.01,75,25,8,0.3333,3.12,False," D. Network or transport layer

Answer:
The packet filter firewall filters data at the **. Network or transport layer **Network or transport layer**. Network or",False,True,captured
mmlu_computer_security_38,mmlu,0.5B,16,stochastic,42,5.0387,334.7,151.74,32,6.35,245,12,20,0.049,0.6,False," B

The question: 

The question is about whether a MAC (S = (S,V) be a secure MAC can be secure MAC (S, given",False,True,captured
mmlu_computer_security_39,mmlu,0.5B,16,stochastic,42,1.2881,329.17,30.93,32,24.84,57,29,4,0.5088,7.25,False," C. Snort
Answer:
C. Snort

Explanation: Snort is a widely used for network intrusion detection and real-time traffic analysis. It is",False,True,captured
mmlu_computer_security_40,mmlu,0.5B,16,stochastic,42,3.0115,329.78,86.51,32,10.63,143,21,12,0.1469,1.75,False," B. Condentiality
The question is about the concept of confidentiality or privacy means that the sender and the receiver expect the sender and the receiver expect that the",False,True,captured
mmlu_computer_security_41,mmlu,0.5B,16,stochastic,42,1.3651,330.03,33.39,32,23.44,60,28,5,0.4667,5.6,False," B. 4-way handshake

Answer:
B. 4-way handshake

The question. 4-way handshake

When a wireless user authenticates to any",False,True,captured
mmlu_computer_security_42,mmlu,0.5B,16,stochastic,42,5.3116,328.4,160.75,32,6.02,260,12,21,0.0462,0.57,False, B. Message authentication is asking which asks which asks which service beyond which service beyond refers to message authentication is a service beyond which asks which service beyond is asking which,False,True,captured
mmlu_computer_security_43,mmlu,0.5B,16,stochastic,42,2.3055,331.04,63.69,32,13.88,107,24,9,0.2243,2.67,False," D. SQL queries based on user input. SQL queries based on user input. SQL queries based on user input. SQL queries based on user input
D.",False,True,captured
mmlu_computer_security_44,mmlu,0.5B,16,stochastic,42,2.4313,332.26,67.71,32,13.16,115,25,8,0.2174,3.12,False," C. Since the client does not provide a client certificate, the server. Since the client does not provide a client certificate, the server cannot authenticate the client.",False,True,captured
mmlu_computer_security_45,mmlu,0.5B,16,stochastic,42,5.3804,330.63,162.89,32,5.95,264,13,20,0.0492,0.65,False," D. Wireshark is a packet capture and network traffic, a packet capture and analyze network traffic, a packet capture and analysis and Wireshark is a",False,True,captured
mmlu_computer_security_46,mmlu,0.5B,16,stochastic,42,1.4059,331.28,34.66,32,22.76,63,29,4,0.4603,7.25,False," B. backdoor

Answer:
The correct answer is B. backdoor. backdoor is a method in which a computer security mechanism is bypassed untrace",False,True,captured
mmlu_computer_security_47,mmlu,0.5B,16,stochastic,42,4.681,330.0,140.35,32,6.84,230,17,16,0.0739,1.06,False, CFB is not in isolation. CFB is a mode of data. CFB is a mode. CFB is a mode of data. CFB is,False,True,captured
mmlu_computer_security_48,mmlu,0.5B,16,stochastic,42,3.7636,331.27,110.72,32,8.5,181,18,15,0.0994,1.2,False," A. 

The correct answer is A. 

The correct. 

The correct
The correct answer is A. A web browser and web server.

The correct",False,True,captured
mmlu_computer_security_49,mmlu,0.5B,16,stochastic,42,6.4493,328.22,197.45,32,4.96,319,8,24,0.0251,0.33,False," C

**buffer- buffer- buffer-overflow vulnerabilities in which the question. Buffer-overflow vulnerabilities and how buffer-overflow vulnerabilities and the question. The question",False,True,captured
mmlu_computer_security_50,mmlu,0.5B,16,stochastic,42,4.9171,329.64,147.98,32,6.51,241,16,17,0.0664,0.94,False, C. C. C is C. C. C and explanation is C. C. C. C. C is C. Programming languages like C and C,False,True,captured
mmlu_computer_security_51,mmlu,0.5B,16,stochastic,42,1.7848,327.31,47.01,32,17.93,81,26,7,0.321,3.71,False," D. All of the above
Answer:
Answer: D. All of the above

. All of the above is incorrect. The correct answer is D.",False,True,captured
mmlu_computer_security_52,mmlu,0.5B,16,stochastic,42,1.1089,335.76,24.94,32,28.86,45,26,6,0.5778,4.33,False," A. IM – Trojans

Answer:
A. IM – Trojans

Explanation: A Trojan is a type of malware that disguising malware that",False,True,captured
mmlu_computer_security_53,mmlu,0.5B,16,stochastic,42,1.6907,331.88,43.83,32,18.93,74,24,9,0.3243,2.67,False," B. 56

Answer:
B. 56

Explanation: The sub key length at each round of the round of the round of DES is",False,True,captured
mmlu_computer_security_54,mmlu,0.5B,16,stochastic,42,2.3399,331.23,64.8,32,13.68,110,25,8,0.2273,3.12,False, A. It generates each different input by modifying a prior input. A. Mutation-based fuzzing generates each different input by modifying a prior input. This is a,False,True,captured
mmlu_computer_security_55,mmlu,0.5B,16,stochastic,42,4.3957,330.53,131.14,32,7.28,214,16,16,0.0748,1.0,False," C. The options. The options. The options are. The options are A. The options are A. Port, network, and services  C. Hmm",False,True,captured
mmlu_computer_security_56,mmlu,0.5B,16,stochastic,42,1.2669,328.77,30.26,32,25.26,54,27,6,0.5,4.5,False," A. Message Nonrepudiation

Answer: A
Answer: A
Answer: A
Answer: A
Answer: A
A
A
",False,True,captured
mmlu_computer_security_57,mmlu,0.5B,16,stochastic,42,3.1472,330.18,90.87,32,10.17,152,21,11,0.1382,1.91,False," D. Network layer
Answer:
. Network layer
The correct answer is D. Network layer. Network layer
The correct answer is D. Network layer.",False,True,captured
mmlu_computer_security_58,mmlu,0.5B,16,stochastic,42,3.2511,330.31,94.22,32,9.84,156,22,11,0.141,2.0,False," B
Answer:
Answer: B
Answer: B
Answer:
Answer:
Answer:
Answer:
Answer: B
Answer:
Answer: B
Answer:
",False,True,captured
mmlu_computer_security_59,mmlu,0.5B,16,stochastic,42,3.2519,330.27,94.25,32,9.84,157,23,10,0.1465,2.3,False," D. Tor browser
Answer: Tor network. Tor network. Tor browser. Tor browser
Answer: D. Tor browser
Answer: D. Tor browser",False,True,captured
mmlu_computer_security_60,mmlu,0.5B,16,stochastic,42,2.1293,329.46,58.06,32,15.03,98,24,9,0.2449,2.67,False," A
Answer:
A
Answer:
A
Answer:
A
Answer:
A
Answer:
A
Answer:
A
Answer: By overwriting the",False,True,captured
mmlu_computer_security_61,mmlu,0.5B,16,stochastic,42,4.9633,328.47,149.51,32,6.45,244,15,18,0.0615,0.83,False," A hash function is called. The options. Wait, the hash function is normally called. Wait, the question is: the hash function is called. The options",False,True,captured
mmlu_computer_security_62,mmlu,0.5B,16,stochastic,42,5.712,332.96,173.52,32,5.6,278,9,23,0.0324,0.39,False," A
Answer: 

**CPA, we need to analyze the chosen-CPA, we analyze the encryption (Chosen Plaintext-CPA, we",False,True,captured
mmlu_computer_security_63,mmlu,0.5B,16,stochastic,42,4.4112,328.93,131.69,32,7.25,216,18,15,0.0833,1.2,False," D. UNIX is a common in UNIX is a common vulnerability in UNIX is a common vulnerability in UNIX systems like UNIX, and NT-based systems have buffer-overflow",False,True,captured
mmlu_computer_security_64,mmlu,0.5B,16,stochastic,42,1.7674,330.59,46.35,32,18.11,78,23,9,0.2949,2.56,False," D. The attacker resends a captured message, and the site accept its and responds in the attacker's favor. The attacker's favor of the attacker's favor",False,True,captured
mmlu_computer_security_65,mmlu,0.5B,16,stochastic,42,6.5318,329.04,200.09,32,4.9,323,9,23,0.0279,0.39,False," C

The first factor, by design to be used to be used to be used only useful for authentication, not used to be used with the user's computer",False,True,captured
mmlu_computer_security_66,mmlu,0.5B,16,stochastic,42,4.0468,328.18,119.95,32,7.91,197,18,15,0.0914,1.2,False," B. Wireless security
Answer:
Answer:
Answer:
Answer:
Answer:
The correct answer is B. Wireless security. Wireless security. Wireless security
Answer:
",False,True,captured
mmlu_computer_security_67,mmlu,0.5B,16,stochastic,42,1.7306,331.09,45.15,32,18.49,78,26,7,0.3333,3.71,False," A
A
Answer:
A
A
Answer:
A
A
Answer:
A
A
Answer: A
A
Answer: A
",False,True,captured
mmlu_computer_security_68,mmlu,0.5B,16,stochastic,42,1.8346,327.12,48.63,32,17.44,83,24,8,0.2892,3.0,False," B. Metasploit
Answer:
B. Metasploit

Answer: B. Metasploit
Answer: Metasploit
Answer:
B.",False,True,captured
mmlu_computer_security_69,mmlu,0.5B,16,stochastic,42,1.2933,331.94,31.01,32,24.74,57,28,4,0.4912,7.0,False," B. Yes, the key is k = m xor c.
Answer:
B

To. Yes, the key is k = m xor c. The One",False,True,captured
mmlu_computer_security_70,mmlu,0.5B,16,stochastic,42,4.2724,332.85,127.08,32,7.49,207,16,17,0.0773,0.94,False," C. 

The correct answer is C. True, False
The paper says that the attack is not using of the implementation uses the optimizations CR, MR,",False,True,captured
mmlu_computer_security_71,mmlu,0.5B,16,stochastic,42,1.8721,329.27,49.77,32,17.09,85,25,8,0.2941,3.12,False," B. Message Integrity

Answer:
B. Message Integrity

Explanation: Message integrity ensures that the data received data arriving at the receiver exactly as they were sent.",False,True,captured
mmlu_computer_security_72,mmlu,0.5B,16,stochastic,42,4.4135,332.68,131.64,32,7.25,212,14,18,0.066,0.78,False," C
Answer:
C
Answer:
C

Answer:
C

Answer:
C

Explanation: A direct leak occurs when data leak occurs when a leak occurs",False,True,captured
mmlu_computer_security_73,mmlu,0.5B,16,stochastic,42,5.4116,329.36,163.94,32,5.91,266,12,20,0.0451,0.6,False, D. Only once  session symmetric key is used in the correct answer: Only once  session symmetric key is a session symmetric key is used in a session symmetric,False,True,captured
mmlu_computer_security_74,mmlu,0.5B,16,stochastic,42,1.6185,332.09,41.5,32,19.77,72,26,7,0.3611,3.71,False," B. It is a sequence of nops preceding injected shellcode, useful when the return address is unknown
The correct
Answer: B. It is a",False,True,captured
mmlu_computer_security_75,mmlu,0.5B,16,stochastic,42,5.1352,328.36,155.06,32,6.23,251,12,20,0.0478,0.6,False," A

A
The correct answer is A. Here's the correct answer is A. SYN stealth scan is A

Nmap scan, we need to understand",False,True,captured
mmlu_computer_security_76,mmlu,0.5B,16,stochastic,42,1.5843,332.65,40.37,32,20.2,72,28,5,0.3889,5.6,False," D. B and C
Answer:
D. B and C
Answer:
D. B and C
Answer:
D. B and C
Answer:
",False,True,captured
mmlu_computer_security_77,mmlu,0.5B,16,stochastic,42,4.7906,327.61,143.97,32,6.68,232,12,20,0.0517,0.6,False, C. Buffer-overflow attacks occur when a buffer-overflow attack involves a situation where more than the extra data that is a buffer-overflow attack involves a buffer,False,True,captured
mmlu_computer_security_78,mmlu,0.5B,16,stochastic,42,3.583,330.03,104.94,32,8.93,175,22,11,0.1257,2.0,False, D. D.**A. Snort** is a network analysis: **D. EtterPeak** is a popular tool used for network analysis in multip,False,True,captured
mmlu_computer_security_79,mmlu,0.5B,16,stochastic,42,1.8729,331.65,49.72,32,17.09,85,26,7,0.3059,3.71,False," C. Base Transceiver Station
Answer: ""alike as that of Access Point (AP) from 802.111, and the",False,True,captured
mmlu_computer_security_80,mmlu,0.5B,16,stochastic,42,1.0015,331.54,21.61,32,31.95,42,30,3,0.7143,10.0,False," D. buffer

The answer is D. buffer.
The explanation: A buffer is a sequential segment ofThe answer is D. buffer.
The explanation: A",False,True,captured
mmlu_computer_security_81,mmlu,0.5B,16,stochastic,42,5.6196,329.57,170.64,32,5.69,276,11,21,0.0399,0.52,False," C. Let me start by recalling what do I remember that's the options are the options are the options are A. Shared key, and the options are A",False,True,captured
mmlu_computer_security_82,mmlu,0.5B,16,stochastic,42,2.267,329.87,62.49,32,14.12,103,20,12,0.1942,1.67,False," A. buffer
Answer:
The system crashes due to a buffer overflow. When the search. buffer is initiated, the application's input exceeds the buffer is initiated",False,True,captured
mmlu_computer_security_83,mmlu,0.5B,16,stochastic,42,1.5457,330.29,39.21,32,20.7,70,28,5,0.4,5.6,False," C. WPS
Answer:
The correct answer is C. WPS. WPS began to show up few years back on wireless access points as a new",False,True,captured
mmlu_computer_security_84,mmlu,0.5B,16,stochastic,42,1.692,330.98,43.9,32,18.91,76,27,6,0.3553,4.5,False," B. Open, half-open, closed
Answer:
Answer: B. Open, half. Open, half-open, closed
Answer:
Answer: B.",False,True,captured
mmlu_computer_security_85,mmlu,0.5B,16,stochastic,42,4.9194,331.09,148.01,32,6.5,240,14,19,0.0583,0.74,False," A

Wait, the most secure. WPA3 is the latest and WPA3 are stronger than WEP is more secure than WPA3 are stronger",False,True,captured
mmlu_computer_security_86,mmlu,0.5B,16,stochastic,42,4.3171,331.27,128.58,32,7.41,211,18,15,0.0853,1.2,False," C.  containing function is called. 

The correct. 

Explanation: Local variables are allocated.  containing function is called. The compiler does not know the",False,True,captured
mmlu_computer_security_87,mmlu,0.5B,16,stochastic,42,5.4202,331.28,164.16,32,5.9,265,12,21,0.0453,0.57,False," A. The stack is used for storing data is the stack is the stack is the stack is used for storing temporary data during function
Answer:
Answer: A",False,True,captured
mmlu_computer_security_88,mmlu,0.5B,16,stochastic,42,5.5424,330.86,168.12,32,5.77,272,11,21,0.0404,0.52,False," D

Stream cipher can have perfect secrecy. Hmm, the can have perfect secrecy. Can have perfect secrecy. The options: Can have perfect secrecy. The options",False,True,captured
mmlu_computer_security_89,mmlu,0.5B,16,stochastic,42,4.8141,330.73,144.62,32,6.65,235,14,18,0.0596,0.78,False," A

Authorization aims to accomplish. The question is about authorization aims to accomplish. The question is about. The options are about authorization aims to accomplish. The question",False,True,captured
mmlu_computer_security_90,mmlu,0.5B,16,stochastic,42,2.8485,329.63,81.25,32,11.23,135,22,11,0.163,2.0,False, C. The message must be encrypted at the sender site and decrypted at the receiver site. The message must be at the receiver site. So the correct answer is,False,True,captured
mmlu_computer_security_91,mmlu,0.5B,16,stochastic,42,5.7353,345.03,173.88,32,5.58,282,12,21,0.0426,0.57,False, C. A hidden methods or programs or a hidden method of a program that a hidden methods or components or a hidden method of access to a method or a hidden,False,True,captured
mmlu_computer_security_92,mmlu,0.5B,16,stochastic,42,1.0946,329.93,24.67,32,29.24,46,29,4,0.6304,7.25,False," A. Installing and configuring a IDS that can read the IP header

Answer: A
. Installing and configuring a IDS that can read the IP header

Answer",False,True,captured
mmlu_computer_security_93,mmlu,0.5B,16,stochastic,42,4.8043,330.31,144.32,32,6.66,235,15,18,0.0638,0.83,False," C

Wait, the presentation layer issues. The presentation layer issues related to the presentation layer issues related to the presentation layer issues. The presentation layer issues. The",False,True,captured
mmlu_computer_security_94,mmlu,0.5B,16,stochastic,42,3.3151,332.27,96.22,32,9.65,158,19,13,0.1203,1.46,False," A. True, True
Answer:
A. True, True
Answer: True, True, True, True, True, True, True
Answer:
",False,True,captured
mmlu_computer_security_95,mmlu,0.5B,16,stochastic,42,1.5417,330.09,39.08,32,20.76,69,27,6,0.3913,4.5,False," A
Answer:
To identify live systems

Answer: A

Answer:
To identify live systems

Answer: A
Answer:
To identify live systems

Answer",False,True,captured
mmlu_computer_security_96,mmlu,0.5B,16,stochastic,42,3.6275,331.03,106.34,32,8.82,175,20,13,0.1143,1.54,False," A

Security Principles related to messages. The four primary security principles related to messages. The four Primary Security Principles related to messages. The four primary security principles related",False,True,captured
mmlu_computer_security_97,mmlu,0.5B,16,stochastic,42,1.5305,330.6,38.71,32,20.91,69,28,5,0.4058,5.6,False," The answer is C.
Answer:
C

The first buffer overflow attack was the Morris The answer is C.
Answer:
C

The first buffer overflow attack was",False,True,captured
mmlu_computer_security_98,mmlu,0.5B,16,stochastic,42,6.0287,330.64,183.81,32,5.31,294,7,25,0.0238,0.28,False," C. The SMS Trojan. The SMS Trojan is a specific actions on its victimize a. The SMS Trojan. The question, when activated to perform variously",False,True,captured
mmlu_computer_security_99,mmlu,0.5B,16,stochastic,42,5.4175,328.19,164.17,32,5.91,265,12,21,0.0453,0.57,False," C. The classic security properties are typically the answer: 

The classic security properties are typically the three of the options A. The classic security properties are typically the",False,True,captured
mmlu_econometrics_0,mmlu,0.5B,16,stochastic,42,1.8684,332.44,49.55,32,17.13,82,21,11,0.2561,1.91,False," A
Answer:
To determine the most appropriate definition of a 99% confidence interval, we need to understand what is the correct answer: A
Answer",False,True,captured
mmlu_econometrics_1,mmlu,0.5B,16,stochastic,42,3.8875,330.88,114.73,32,8.23,187,17,16,0.0909,1.06,False, C. The Dickey-Full explanation. The Dickey-Fuller. The Dickey-Fuller (as opposed to the DF test. This is,False,True,captured
mmlu_econometrics_3,mmlu,0.5B,16,stochastic,42,3.8557,330.1,113.73,32,8.3,185,16,16,0.0865,1.0,False," D

So, the answer is D. The linear probability model D

The false

The linear probability model (D

The linear probability model, we need",False,True,captured
mmlu_econometrics_4,mmlu,0.5B,16,stochastic,42,1.4673,329.9,36.69,32,21.81,65,26,6,0.4,4.33,False," C. In theory, the sample could be larger than the population
Answer: C. In theory, the sample could be larger than the population
Answer is",False,True,captured
mmlu_econometrics_5,mmlu,0.5B,16,stochastic,42,2.7584,330.01,78.33,32,11.6,130,21,11,0.1615,1.91,False," B

The Box-Pierce Q and Ljung-Box Q and Ljung-Box Q and Ljung-Box statistics (Q) and",False,True,captured
mmlu_econometrics_6,mmlu,0.5B,16,stochastic,42,4.1839,329.89,124.32,32,7.65,205,19,14,0.0927,1.36,False, B. A parsimonious model is a parsimonious model is not provided in the form: A parsimonious model is one that includes as few variables,False,True,captured
mmlu_econometrics_7,mmlu,0.5B,16,stochastic,42,1.6836,332.74,43.58,32,19.01,76,27,6,0.3553,4.5,False," D. They are usually fat-tailed

Let me think... The question is asking which. They are usually is NOT a feature of continuously compounded returns (log",False,True,captured
mmlu_econometrics_8,mmlu,0.5B,16,stochastic,42,1.0682,330.08,23.81,32,29.96,46,30,3,0.6522,10.0,False," B

So, the question is asking which features of the financial asset return time series can be captured using a standard GARCH(1,1) model.",False,True,captured
mmlu_econometrics_9,mmlu,0.5B,16,stochastic,42,1.5372,330.22,38.93,32,20.82,67,26,7,0.3881,3.71,False," B

So, the question is about the estimation of a GARCH-M model, B

But wait, I need to make sure I need to determine the",False,True,captured
mmlu_econometrics_10,mmlu,0.5B,16,stochastic,42,4.2924,333.12,127.72,32,7.45,207,14,18,0.0676,0.78,False, B. Bootstrapping is a. Bootstrapping is a. Bootstrapping is a resampling method is correct answer is correct answer is B. (,False,True,captured
mmlu_econometrics_12,mmlu,0.5B,16,stochastic,42,1.5047,328.96,37.93,32,21.27,67,27,6,0.403,4.5,False," D

### Explanation:
The correct answer is D. In-sample forecasting ability is a poor test of model adequacy.

**poor test of model adequacy",False,True,captured
mmlu_econometrics_15,mmlu,0.5B,16,stochastic,42,2.7537,331.41,78.14,32,11.62,130,22,11,0.1692,2.0,False," A

Answer: A

Answer: A

The correct answer is A. The correct answer is A. A

Answer: A. A

Answer:",False,True,captured
mmlu_econometrics_16,mmlu,0.5B,16,stochastic,42,6.1597,331.57,188.0,32,5.2,304,10,22,0.0329,0.45,False, A is essential concepts from the given the key concepts from the given the key is essential analysis of each statement must carefully analyze each statement must carefully analyze each statement in,False,True,captured
mmlu_econometrics_17,mmlu,0.5B,16,stochastic,42,2.1178,331.88,57.61,32,15.11,97,24,9,0.2474,2.67,False, B. \hat{y}_t = \hat{\alpha} + \hat{\beta}x}_t  \hat{y}_t = \,False,True,captured
mmlu_econometrics_18,mmlu,0.5B,16,stochastic,42,4.7065,330.2,141.17,32,6.8,229,15,18,0.0655,0.83,False," D. Hmm, the dimensions of the dimensions of the product of two vectors, what the dimensions of the product of two matrices. The dimensions of the product of",False,True,captured
mmlu_econometrics_19,mmlu,0.5B,16,stochastic,42,1.9535,331.43,52.32,32,16.38,89,25,8,0.2809,3.12,False," B

So, why is the answer B?

First, I need to find the B

characteristic equation of the MA process.

Let me think. The",False,True,captured
mmlu_econometrics_20,mmlu,0.5B,16,stochastic,42,4.8435,331.45,145.55,32,6.61,238,16,17,0.0672,0.94,False, B. The question. The question. The question is about the right here. The question. The question is about what is the right here. The question is,False,True,captured
mmlu_econometrics_22,mmlu,0.5B,16,stochastic,42,2.0215,329.73,54.57,32,15.83,94,26,7,0.2766,3.71,False," D

Answer: D

Answer: D

Answer: D

Answer: D

Answer: D

Answer: D

Answer: D

Answer:",False,True,captured
mmlu_econometrics_23,mmlu,0.5B,16,stochastic,42,2.0805,329.31,56.49,32,15.38,97,26,7,0.268,3.71,False, B. It will be consistent and unbiased but not efficient. It will be consistent and unbiased but not efficient. It will be consistent and unbiased but not efficient.,False,True,captured
mmlu_econometrics_24,mmlu,0.5B,16,stochastic,42,3.2943,331.06,95.59,32,9.71,158,20,13,0.1266,1.54,False," A

Wait, the correct. When using non-stationary data in levels form, the regression R² may indeed a consequence of using non-stationary",False,True,captured
mmlu_econometrics_25,mmlu,0.5B,16,stochastic,42,2.3301,330.67,64.5,32,13.73,107,21,11,0.1963,1.91,False," A
Explanation: The answer is B. The optimal one-step ahead forecast of y A
Wait, that follows a random walk is the current value of a",False,True,captured
mmlu_econometrics_26,mmlu,0.5B,16,stochastic,42,4.8297,330.4,145.14,32,6.63,235,14,19,0.0596,0.74,False, B is the order condition is the order condition is the order condition is in the context the order condition is in the context of econometric conditions are the order condition,False,True,captured
mmlu_econometrics_27,mmlu,0.5B,16,stochastic,42,1.1639,331.47,26.85,32,27.49,50,28,4,0.56,7.0,False," D

So, the question is: If an estimator is said to have minimum variance, which of the following statements is NOT implied?

The answer is D.",False,True,captured
mmlu_econometrics_28,mmlu,0.5B,16,stochastic,42,2.9313,337.04,83.69,32,10.92,137,20,13,0.146,1.54,False," A. (ii) and (iv) only

The Dickey-Fuller and the Dickey-Fuller test. (i) Only one c",False,True,captured
mmlu_econometrics_29,mmlu,0.5B,16,stochastic,42,2.8913,329.28,82.65,32,11.07,137,20,12,0.146,1.67,False, D. The population regression function (PRF) represents the true. The population regression function (PRF) represents the true relationship between the population regression function (,False,True,captured
mmlu_econometrics_30,mmlu,0.5B,16,stochastic,42,2.2147,335.41,60.62,32,14.45,102,23,10,0.2255,2.3,False," D

### Explanation:
The correct answer is D. The LSE approach (Hendry) is a stepwise) is a

### Explanation:
The",False,True,captured
mmlu_econometrics_31,mmlu,0.5B,16,stochastic,42,3.2902,335.54,95.31,32,9.73,156,18,14,0.1154,1.29,False," B. (i) and (iii) only

Answer: (i) is B. (i) is B. (i) and choose exactly,",False,True,captured
mmlu_econometrics_32,mmlu,0.5B,16,stochastic,42,1.9654,328.7,52.8,32,16.28,90,25,8,0.2778,3.12,False," D. Unbiased and consistent but inefficient coefficient estimates. Unbiased and consistent but inefficient coefficient estimates. Unbiased and consistent but inefficient coefficient estimates. 

Answer:",False,True,captured
mmlu_econometrics_33,mmlu,0.5B,16,stochastic,42,4.5216,328.56,135.26,32,7.08,219,15,18,0.0685,0.83,False," A

The explanation here be more likely lead to a relatively high degree of out-of-sample forecast accuracy because it is likely be more likely to lead to a relatively",False,True,captured
mmlu_econometrics_34,mmlu,0.5B,16,stochastic,42,2.7493,331.04,78.01,32,11.64,132,24,9,0.1818,2.67,False," A. (ii) and (iv) only

The question. (i) and (iv) Try a model in first differenced form rather than in",False,True,captured
mmlu_econometrics_35,mmlu,0.5B,16,stochastic,42,1.5073,330.18,37.97,32,21.23,68,28,5,0.4118,5.6,False," A. The roots of the characteristic equation must all lie inside the unit circle
Answer:
. The correct answer is A. The roots of the characteristic equation must",False,True,captured
mmlu_econometrics_36,mmlu,0.5B,16,stochastic,42,2.1873,331.39,59.87,32,14.63,103,26,7,0.2524,3.71,False," A

Answer: A

Answer: A

Answer: A

 A

Answer: A

Answer: A

 A

Answer: A

Answer:",False,True,captured
mmlu_econometrics_38,mmlu,0.5B,16,stochastic,42,3.683,327.04,108.26,32,8.69,176,18,15,0.1023,1.2,False, Dickey-Fuller test is used to test the null hypothesis that a null hypothesis that a null hypothesis that a unit root hypothesis that a null hypothesis that a,False,True,captured
mmlu_econometrics_39,mmlu,0.5B,16,stochastic,42,2.7967,330.67,79.55,32,11.44,134,24,9,0.1791,2.67,False," A

The correct answer is A, one-step ahead forecast of the change in y is the current value of y. The forecast of the change in y is",False,True,captured
mmlu_econometrics_40,mmlu,0.5B,16,stochastic,42,4.0991,330.21,121.58,32,7.81,199,18,15,0.0905,1.2,False," C

Wait, the correct answer is C. The correct specification that exhibits heteroscedasticity. generalized least squares procedure that exhibits heteroscedasticity",False,True,captured
mmlu_econometrics_42,mmlu,0.5B,16,stochastic,42,4.1664,330.23,123.75,32,7.68,202,17,16,0.0842,1.06,False, C. Vector Autoregression (Vector Autoregression (Vector Autoregression (VAR) is that VARs is that they often produce better forecasts than simultaneous,False,True,captured
mmlu_econometrics_43,mmlu,0.5B,16,stochastic,42,5.3842,329.1,163.07,32,5.94,262,10,23,0.0382,0.43,False," C

Okay, let's tackle this question. The user's and alternative hypothesis as a hypothesis as a hypothesis and alternative hypothesis and alternative hypothesis as a statement.",False,True,captured
mmlu_econometrics_44,mmlu,0.5B,16,stochastic,42,5.844,329.74,177.88,32,5.48,289,12,21,0.0415,0.57,False," B

So, first. The options. The options. The options. The options are integers bigger than zero. So, I need to remember that ARMA",False,True,captured
mmlu_econometrics_45,mmlu,0.5B,16,stochastic,42,4.6951,329.61,140.82,32,6.82,227,12,20,0.0529,0.6,False," D. 1.96

The correct the regression. 1.96

The correct this be clear up to the regression, the correct the",False,True,captured
mmlu_econometrics_47,mmlu,0.5B,16,stochastic,42,2.8757,329.94,82.12,32,11.13,136,21,11,0.1544,1.91,False," A. They are not theoretically motivated. Pure time-series models are not theoretically motivated, they are not that they are not that they are not theoretically motivated. Structural",False,True,captured
mmlu_econometrics_48,mmlu,0.5B,16,stochastic,42,2.4386,329.64,68.03,32,13.12,115,24,9,0.2087,2.67,False," B. The dependent variable (usually denoted by y) in linear regression analysis.

The answer is B. (i) The dependent variable (usually denoted",False,True,captured
mmlu_econometrics_49,mmlu,0.5B,16,stochastic,42,4.7995,331.14,144.14,32,6.67,235,14,18,0.0596,0.78,False," A

**VAR (i) **VAR (Vector Autoregression (i) **VAR (Vector Autoregression (VARs the advantages of the Vector",False,True,captured
mmlu_econometrics_50,mmlu,0.5B,16,stochastic,42,6.3604,328.33,194.58,32,5.03,312,7,26,0.0224,0.27,False," A

The standard normal, for the only random and the only source of random and the conditional on the dependent on a random error terms that the only a random",False,True,captured
mmlu_econometrics_52,mmlu,0.5B,16,stochastic,42,2.3446,330.59,64.97,32,13.65,108,21,11,0.1944,1.91,False," A
Answer:
Answer: A

The correct answer is A. 

The logit and probit and probit and probit and probit models and",False,True,captured
mmlu_econometrics_53,mmlu,0.5B,16,stochastic,42,1.5935,330.29,40.75,32,20.08,72,26,6,0.3611,4.33,False," C
Answer:
Answer: C

The diagonal VECH model is hard to interpret C
Answer:
Answer: C

The diagonal VECH model is not",False,True,captured
mmlu_econometrics_54,mmlu,0.5B,16,stochastic,42,1.4564,334.8,36.18,32,21.97,65,28,5,0.4308,5.6,False," A. (ii) and (iv) only

Answer: If a relevant variable is omitted from a regression equation, the consequences would be that:

i)",False,True,captured
mmlu_econometrics_56,mmlu,0.5B,16,stochastic,42,5.2575,330.11,158.95,32,6.09,257,12,21,0.0467,0.57,False," D. The standard error of the slope coefficient in the formula is:

$$
SE = $\text{SE = $\text{SE} as:

$$
",False,True,captured
mmlu_econometrics_57,mmlu,0.5B,16,stochastic,42,2.5995,331.43,73.16,32,12.31,123,23,9,0.187,2.56,False," A. The term ""heteroscedasticity"" refers to a**:
The term ""heteroscedasticity"" refers to a condition.",False,True,captured
mmlu_econometrics_59,mmlu,0.5B,16,stochastic,42,2.6033,330.12,73.33,32,12.29,123,23,10,0.187,2.3,False, Bera-Jarque test. Bera-Jarque test. Bera-Jarque test. I. The Bera-Jarque test. B,False,True,captured
mmlu_econometrics_60,mmlu,0.5B,16,stochastic,42,1.5092,331.11,38.0,32,21.2,68,28,5,0.4118,5.6,False," C. The estimates will converge upon the true values as the sample size increases
Answer:
. The correct answer is C. The estimates will converge upon the true",False,True,captured
mmlu_econometrics_61,mmlu,0.5B,16,stochastic,42,4.2223,330.04,125.56,32,7.58,205,16,16,0.078,1.0,False," 

Financial asset return time-series are known characteristics of financial asset return time-series of financial asset return time-series of financial asset return time-series:

**characteristics of",False,True,captured
mmlu_econometrics_62,mmlu,0.5B,16,stochastic,42,1.0553,333.57,23.28,32,30.32,45,29,3,0.6444,9.67,False," C. (i), (ii), and (iii) only

Answer: C

. (i), (ii), and (iii) only

Answer",False,True,captured
mmlu_econometrics_63,mmlu,0.5B,16,stochastic,42,5.4678,328.4,165.79,32,5.85,268,11,21,0.041,0.52,False," B. The fixed effects model assumptions and analyze each option B. The fixed effects model assumptions. The fixed effects model assumptions and limitations of the options. 

The",False,True,captured
mmlu_econometrics_64,mmlu,0.5B,16,stochastic,42,4.7683,330.69,143.15,32,6.71,234,16,17,0.0684,0.94,False," A
Answer: A
Answer:
A
A
A
Answer: A
A
Answer: A
Answer: A
Answer: A
",False,True,captured
mmlu_econometrics_65,mmlu,0.5B,16,stochastic,42,1.9698,328.88,52.93,32,16.25,91,26,7,0.2857,3.71,False," A
Answer: A
Answer: A
Answer: A
Answer: A
Answer: Discrete
Answer: A
Answer: A
Answer",False,True,captured
mmlu_econometrics_66,mmlu,0.5B,16,stochastic,42,4.0075,331.36,118.59,32,7.99,194,18,15,0.0928,1.2,False, Cointegrating vectors in the Johansen trace test in the Johansen trace test in the Johansen trace test for a Johansen trace test in the Joh,False,True,captured
mmlu_econometrics_67,mmlu,0.5B,16,stochastic,42,4.2921,332.54,127.73,32,7.46,208,16,17,0.0769,0.94,False, A. Variance decomposition analysis of VARs is a technique in variance decomposition analysis of VARs are true. Variance decomposition analysis of the correct answer is A,False,True,captured
mmlu_econometrics_68,mmlu,0.5B,16,stochastic,42,5.0524,333.01,152.24,32,6.33,244,11,22,0.0451,0.5,False," D
Answer: The correct answer is D
Okay, let's break down to 10-day forecast of the correct answer is correct answer: The correct",False,True,captured
mmlu_econometrics_69,mmlu,0.5B,16,stochastic,42,6.2931,329.53,192.37,32,5.08,310,9,24,0.029,0.38,False," 

Let's value of $ 0, let's analyze each of an estimated to be zero, let's analyze each statement (exactly zero, let's",False,True,captured
mmlu_econometrics_70,mmlu,0.5B,16,stochastic,42,3.3949,330.15,98.86,32,9.43,164,21,12,0.128,1.75,False," D

Wait, no autocovariances that are constant autocovariances that are constant autocovariances that are constant autocovariances that are",False,True,captured
mmlu_econometrics_71,mmlu,0.5B,16,stochastic,42,4.4146,331.02,131.73,32,7.25,214,15,17,0.0701,0.88,False," A
Answer: 

** diagnostic testing for ARMA models, we need to evaluate the diagnostic testing the diagnostic testing the diagnostic testing for ARMA models, we",False,True,captured
mmlu_econometrics_72,mmlu,0.5B,16,stochastic,42,1.5408,327.63,39.13,32,20.77,69,27,6,0.3913,4.5,False," D. Remove any large outliers from the data.
Answer:
D. Remove any large outliers from the data. Remove any large outliers from the data.
Answer:
",False,True,captured
mmlu_econometrics_73,mmlu,0.5B,16,stochastic,42,6.1439,327.85,187.61,32,5.21,303,11,22,0.0363,0.5,False," B. The fixed effects panel data and relationships between and the options provided options provided options provided options in the context.

The fixed effects panel model is a fixed effects",False,True,captured
mmlu_econometrics_74,mmlu,0.5B,16,stochastic,42,5.0591,331.7,152.5,32,6.33,248,13,19,0.0524,0.68,False, B. The line. This is the definition of the line. This is the standard error to the line. The vertical distances to the line. The correct.,False,True,captured
mmlu_econometrics_75,mmlu,0.5B,16,stochastic,42,3.7155,330.97,109.18,32,8.61,181,21,12,0.116,1.75,False," B. B

Answer:
B

Answer:
B

So, the answer is B.
Answer:
B

So, the answer is B.
Answer:
",False,True,captured
mmlu_econometrics_76,mmlu,0.5B,16,stochastic,42,1.6257,334.07,41.67,32,19.68,73,26,6,0.3562,4.33,False," A

So, the correct answer is A.
Answer:
A

The correct answer A

A. (ii) and (iv) only. 

Answer",False,True,captured
mmlu_econometrics_77,mmlu,0.5B,16,stochastic,42,2.349,330.82,65.1,32,13.62,109,23,10,0.211,2.3,False," A
Answer: B
Answer: C
Answer: D
Answer: A A
Answer: C
Answer: B
Answer: B
Answer",False,True,captured
mmlu_econometrics_78,mmlu,0.5B,16,stochastic,42,1.6593,330.66,42.86,32,19.29,74,26,7,0.3514,3.71,False," A
Answer: D
Answer: A
Answer: D

Based on the A
Answer: D
Answer: D
Answer: D
Answer",False,True,captured
mmlu_econometrics_80,mmlu,0.5B,16,stochastic,42,1.0561,330.29,23.41,32,30.3,45,30,3,0.6667,10.0,False," D. 36
Answer:
To determine the number of parameters required for a standard form, unrestricted, tri-variate VAR(4) model, we",False,True,captured
mmlu_econometrics_81,mmlu,0.5B,16,stochastic,42,2.2068,332.06,60.48,32,14.5,100,23,10,0.23,2.3,False," D

So, why is the answer D?

The key here is that the unrestricted sum of squares (RSS) for the unrestricted sum of squares (RSS)",False,True,captured
mmlu_econometrics_82,mmlu,0.5B,16,stochastic,42,2.4561,330.23,68.58,32,13.03,117,24,8,0.2051,3.0,False, A and D. The likelihood ratio test statistic will follow a chi-squared distribution with 2 degrees of freedom under the null hypothesis. The likelihood ratio test (,False,True,captured
mmlu_econometrics_83,mmlu,0.5B,16,stochastic,42,2.9064,329.87,83.11,32,11.01,139,23,10,0.1655,2.3,False, C is NOT a plausible remedy for near multicollinearity. The question is NOT a NOT a plausible remedy for near multicollinearity. The options are,False,True,captured
mmlu_econometrics_84,mmlu,0.5B,16,stochastic,42,1.5129,329.79,38.17,32,21.15,68,28,5,0.4118,5.6,False," The correct answer is D.
Answer:
The correct answer is D. Stationary and The correct answer is D.
Answer:
The correct answer is D. Station",False,True,captured
mmlu_econometrics_85,mmlu,0.5B,16,stochastic,42,1.4975,331.6,37.61,32,21.37,67,28,5,0.4179,5.6,False," D. The Breusch-Godfrey test
Answer:
D. The Breusch-Godfrey test
Answer:
D. The Breusch-Godfrey",False,True,captured
mmlu_econometrics_86,mmlu,0.5B,16,stochastic,42,4.9239,333.92,148.06,32,6.5,239,12,20,0.0502,0.6,False," C. is the residual is the residual is the residual is defined as the residual is the measure the residual is the amount to is the residual in a t,",False,True,captured
mmlu_econometrics_87,mmlu,0.5B,16,stochastic,42,5.3805,331.09,162.89,32,5.95,265,12,20,0.0453,0.6,False," C

Okay, I need to recall that is applied separately applied separately applied separately applied separately to a

The question is about applying to a simultaneous system. The",False,True,captured
mmlu_econometrics_89,mmlu,0.5B,16,stochastic,42,3.561,330.6,104.21,32,8.99,170,16,16,0.0941,1.0,False," B. A multinomial logit model for situations where there are multiple possible choices for situations where there are multiple possible outcomes, as it is used to use when",False,True,captured
mmlu_econometrics_90,mmlu,0.5B,16,stochastic,42,2.546,331.95,71.42,32,12.57,120,24,9,0.2,2.67,False," B. (i) When the number of replications in a Monte Carlo study, when the number of replications in a Monte Carlo study, when the number",False,True,captured
mmlu_econometrics_91,mmlu,0.5B,16,stochastic,42,2.5076,331.75,70.19,32,12.76,116,21,12,0.181,1.75,False," A
Answer:
Answer: A

The correct answer is A. The random effects A
Answer: A
Answer: A
Answer:
Answer: A",False,True,captured
mmlu_econometrics_92,mmlu,0.5B,16,stochastic,42,1.0431,329.05,23.03,32,30.68,45,30,3,0.6667,10.0,False," C. (i), (ii), and (iii) only

Answer: C

. (i), (ii), and (iii) only

Answer",False,True,captured
mmlu_econometrics_93,mmlu,0.5B,16,stochastic,42,3.2663,332.94,94.63,32,9.8,154,18,15,0.1169,1.2,False," C

(i) The acf and pacf are often hard to interpret in practice: 

(i) and PACF and PACF and PACF and PAC",False,True,captured
mmlu_econometrics_94,mmlu,0.5B,16,stochastic,42,2.4717,332.21,69.01,32,12.95,114,21,12,0.1842,1.75,False," B. (i) and (iii) only

Answer: B. (i) and (i and (i and (iii only

Answer: B",False,True,captured
mmlu_econometrics_95,mmlu,0.5B,16,stochastic,42,1.0636,328.06,23.73,32,30.09,46,30,3,0.6522,10.0,False," A
Answer: B
Answer: C
Answer: D
Answer: A A
Answer: B
Answer: C
Answer: D
Answer",False,True,captured
mmlu_econometrics_96,mmlu,0.5B,16,stochastic,42,3.8497,331.6,113.49,32,8.31,187,20,13,0.107,1.54,False," D

The D
Answer:
-Test statistic in the context of the Dickey-Fuller test. The Dickey-Fuller test is used to",False,True,captured
mmlu_econometrics_97,mmlu,0.5B,16,stochastic,42,1.2901,331.24,30.93,32,24.8,57,29,4,0.5088,7.25,False," B. (i) and (iii) only

Answer: B

Final Answer:
. (i) and (iii) only

Answer: B

",False,True,captured
mmlu_econometrics_98,mmlu,0.5B,16,stochastic,42,2.3522,330.3,65.22,32,13.6,109,23,10,0.211,2.3,False, B. The Engle-Yoo (EY) procedure allows for multiple cointegrating relationship even though there could be more than one. The Engle,False,True,captured
mmlu_econometrics_99,mmlu,0.5B,16,stochastic,42,1.7039,330.66,44.3,32,18.78,76,24,8,0.3158,3.0,False," D

### Explanation:

The given question is about the autocovariance of an MA(1) process. Specifically, we are given that the series. In",False,True,captured
mmlu_econometrics_100,mmlu,0.5B,16,stochastic,42,1.6653,329.93,43.08,32,19.22,75,26,7,0.3467,3.71,False," B. (iii) and (iv) only

Answer: B. (iii) and (iii) and (iv) only

Answer: B.",False,True,captured
mmlu_econometrics_101,mmlu,0.5B,16,stochastic,42,6.3678,330.72,194.74,32,5.03,313,8,25,0.0256,0.32,False, D. D is D is D is D is correct: D is D is correct. D is correct. The correct? D. D is correct? D,False,True,captured
mmlu_econometrics_103,mmlu,0.5B,16,stochastic,42,5.2903,331.73,159.96,32,6.05,259,13,20,0.0502,0.65,False," B. The question. The question. The question. The question is a stationary process. So, well. The question. The question. The question is a",False,True,captured
mmlu_econometrics_104,mmlu,0.5B,16,stochastic,42,2.715,330.94,76.9,32,11.79,127,21,12,0.1654,1.75,False," B
Okay, let's try to figure this out. The question is about the VAR model in the VAR model in the VAR model of equation 16",False,True,captured
mmlu_econometrics_105,mmlu,0.5B,16,stochastic,42,5.2694,331.72,159.28,32,6.07,258,13,20,0.0504,0.65,False," D

The question provides the correlation coefficients are provided in the question provides the correlation coefficients at each coefficient is a

The question provides the autocorrelation coefficients are",False,True,captured
mmlu_econometrics_106,mmlu,0.5B,16,stochastic,42,1.8888,329.68,50.29,32,16.94,88,27,6,0.3068,4.5,False," C. How well the sample regression function fits the data

The goodness of fit statistic is used to determine how well the sample regression function fits the data. This",False,True,captured
mmlu_econometrics_107,mmlu,0.5B,16,stochastic,42,2.5683,335.32,72.03,32,12.46,119,20,12,0.1681,1.67,False," B

### Explanation:

The correct answer is B. The explanation is that (i) is incorrect, iii) is incorrect, (i) and (iii",False,True,captured
mmlu_econometrics_108,mmlu,0.5B,16,stochastic,42,3.8432,330.05,113.33,32,8.33,186,18,15,0.0968,1.2,False, D. Mean squared error (continued. Mean squared error (continued. The mean squared error (MSE) is calculated as follows the mean squared error is the,False,True,captured
mmlu_econometrics_109,mmlu,0.5B,16,stochastic,42,5.8411,333.29,177.67,32,5.48,286,11,22,0.0385,0.5,False," C is that's answer is it's answer is the answer is C. Let me think again. Let me go through each of the options, and the question",False,True,captured
mmlu_econometrics_110,mmlu,0.5B,16,stochastic,42,4.9402,330.94,148.69,32,6.48,241,12,20,0.0498,0.6,False, A Jensen's result of the result of 3 fund managers beating the market in the fact is this is a Jensen's result that the presence of a few fund,False,True,captured
mmlu_econometrics_111,mmlu,0.5B,16,stochastic,42,2.1177,332.66,57.58,32,15.11,99,25,7,0.2525,3.57,False," D. (i), (ii), and (iii) (i), (ii), and (iii) (i), (ii), and (iii)",False,True,captured
mmlu_econometrics_112,mmlu,0.5B,16,stochastic,42,2.2574,329.72,62.18,32,14.18,107,26,7,0.243,3.71,False," B

The Engle-Granger test is used to determine the interpretation of the null hypothesis when applying the test to the residuals of a potentially cointegr",False,True,captured
mmlu_econometrics_113,mmlu,0.5B,16,stochastic,42,2.0273,333.05,54.65,32,15.78,94,26,7,0.2766,3.71,False," B

Answer: B

Answer: B

Answer: B

Answer: B

Answer: B

Answer: B

Answer: B

Answer:",False,True,captured
mmlu_us_foreign_policy_0,mmlu,0.5B,16,stochastic,42,1.5272,329.72,38.63,32,20.95,69,28,5,0.4058,5.6,False," A
Answer:
The United Nations Security Council (UNSC) consists of 1 A
Answer:
The United Nations Security Council (UNSC) consists of",False,True,captured
mmlu_us_foreign_policy_1,mmlu,0.5B,16,stochastic,42,1.0893,331.24,24.46,32,29.38,46,28,4,0.6087,7.0,False," A. It allowed the US to intensify its involvement in Vietnam

Answer: A

. It allowed the US to intensify its involvement in Vietnam

The",False,True,captured
mmlu_us_foreign_policy_2,mmlu,0.5B,16,stochastic,42,4.0968,330.23,121.5,32,7.81,200,18,15,0.09,1.2,False," D. The question. The options: nonstate actor that poses a threat to the United States. So, uh, nonstate actor that poses a threat to",False,True,captured
mmlu_us_foreign_policy_3,mmlu,0.5B,16,stochastic,42,2.5847,329.85,72.74,32,12.38,115,22,10,0.1913,2.2,False," A

The correct answer is A

The correct answer is A

The correct answer is A. 

The correct answer is A. Richard Nixon was a
",False,True,captured
mmlu_us_foreign_policy_4,mmlu,0.5B,16,stochastic,42,5.2182,328.66,157.73,32,6.13,256,13,19,0.0508,0.68,False," D. D
D
D
D
Answer: D
D
D
D
D
D
Answer: D
D
Answer:",False,True,captured
mmlu_us_foreign_policy_5,mmlu,0.5B,16,stochastic,42,1.5431,330.15,39.13,32,20.74,68,25,7,0.3676,3.57,False," D. Both b and c
Answer:
The implications of the Cold War for American exceptional. Both b and c
Answer:
The Cold War, as the",False,True,captured
mmlu_us_foreign_policy_6,mmlu,0.5B,16,stochastic,42,2.3436,327.49,65.03,32,13.65,109,23,10,0.211,2.3,False," A
Answer:
Answer: A

The correct answer is A. Franklin D. A
Answer: A. Roosevelt initially favored an ""isolationist""",False,True,captured
mmlu_us_foreign_policy_7,mmlu,0.5B,16,stochastic,42,1.6204,331.15,41.59,32,19.75,74,27,5,0.3649,5.4,False, D. Increased incorporation of public opinion in foreign policy making. Increased incorporation of public opinion in foreign policy making. Increased incorporation of public opinion in foreign policy making.,False,True,captured
mmlu_us_foreign_policy_8,mmlu,0.5B,16,stochastic,42,2.4312,331.79,67.72,32,13.16,111,20,12,0.1802,1.67,False," D. 

The correct answer is D. The United States became a creditor country and financial centre, the US economy. 

Step-by- the US economy.",False,True,captured
mmlu_us_foreign_policy_9,mmlu,0.5B,16,stochastic,42,1.5039,327.7,37.94,32,21.28,67,26,6,0.3881,4.33,False," D

Answer:
Answer: D

Answer: D

Answer: D

Answer: D

Answer: D

Answer: D

Answer: D

",False,True,captured
mmlu_us_foreign_policy_10,mmlu,0.5B,16,stochastic,42,2.8531,331.05,81.36,32,11.22,137,24,9,0.1752,2.67,False," B

The Cold War context shaped US perceptions of the Third World. The options B
The Cold War context shaped US perceptions of the Third World. The options",False,True,captured
mmlu_us_foreign_policy_11,mmlu,0.5B,16,stochastic,42,5.0234,331.25,151.36,32,6.37,247,15,18,0.0607,0.83,False, B. The NATO's B. The NATO's B. The NATO intervention in Kosovo. The NATO's B. The NATO intervention in Kosovo in the first time,False,True,captured
mmlu_us_foreign_policy_12,mmlu,0.5B,16,stochastic,42,3.3274,330.85,96.66,32,9.62,160,20,12,0.125,1.67,False," B

The question: What is the primary determinant of a state's foreign policy. So, what is the primary determinant of a state's foreign policy. So",False,True,captured
mmlu_us_foreign_policy_13,mmlu,0.5B,16,stochastic,42,2.4394,330.48,68.03,32,13.12,113,22,10,0.1947,2.2,False," D. ALL of the above
Answer:
Answer: D. ALL of the above
Answer: A. ALL of the above. ALL of the above.",False,True,captured
mmlu_us_foreign_policy_14,mmlu,0.5B,16,stochastic,42,4.1373,328.25,122.87,32,7.73,199,16,17,0.0804,0.94,False," B

Answer:
Answer:
Answer:
Answer:
Answer:
To determine the correct answer, we need to understand the structure of American government in American government in American",False,True,captured
mmlu_us_foreign_policy_15,mmlu,0.5B,16,stochastic,42,3.5241,331.0,103.0,32,9.08,170,19,13,0.1118,1.46,False," B. The Moscow Treaty on Strategic Offensive Reductions, the Moscow Treaty on the Moscow Treaty on Strategic Offensive Reductions, also known as the Moscow Treaty on the",False,True,captured
mmlu_us_foreign_policy_16,mmlu,0.5B,16,stochastic,42,1.288,329.38,30.92,32,24.84,57,29,4,0.5088,7.25,False," C. An American proclamation that China should be open to US trade and missionaries
Answer:
. An American proclamation that China should be open to US trade and missionaries",False,True,captured
mmlu_us_foreign_policy_17,mmlu,0.5B,16,stochastic,42,4.6974,329.78,140.89,32,6.81,229,14,18,0.0611,0.78,False, B. The question the question the question. The question the question. The question is the question. The question is about why countries try to figure out why countries,False,True,captured
mmlu_us_foreign_policy_18,mmlu,0.5B,16,stochastic,42,4.7276,331.01,141.83,32,6.77,232,17,16,0.0733,1.06,False, C. After the Gulf War of the UN Security Council Resolution  is C. After the Gulf War of  is C. After the Gulf War of 1,False,True,captured
mmlu_us_foreign_policy_19,mmlu,0.5B,16,stochastic,42,4.4214,330.05,131.98,32,7.24,212,12,20,0.0566,0.6,False," B

Wait, the international institutions are important to US grand strategy. The options are A. The options. The options. The options are important to the answer",False,True,captured
mmlu_us_foreign_policy_20,mmlu,0.5B,16,stochastic,42,2.4184,329.17,67.39,32,13.23,111,20,12,0.1802,1.67,False," A
Answer: D
Answer: C
Answer: B
Answer: A
Answer: It indicated the correct answer is A
Answer: It was",False,True,captured
mmlu_us_foreign_policy_21,mmlu,0.5B,16,stochastic,42,1.7575,330.98,46.02,32,18.21,78,24,9,0.3077,2.67,False," C. It encourages stability of the regime

Let me think... The question is about the. It encourages stability of the regime. So, I think... Hmm",False,True,captured
mmlu_us_foreign_policy_22,mmlu,0.5B,16,stochastic,42,2.1296,328.57,58.1,32,15.03,99,24,8,0.2424,3.0,False," C. The dominant course for foreign policy throughout most of American history can be categorized as:

**A. containment. B. neoconservatism. 2",False,True,captured
mmlu_us_foreign_policy_23,mmlu,0.5B,16,stochastic,42,2.5214,331.0,70.66,32,12.69,117,23,10,0.1966,2.3,False," B. The growing costs of war with France

The British involvement in the French and Indian War. The growing costs of war with France

The growing costs of",False,True,captured
mmlu_us_foreign_policy_24,mmlu,0.5B,16,stochastic,42,1.0568,331.31,23.4,32,30.28,45,30,3,0.6667,10.0,False," B. George Soros
Answer:
The question is asking who said the statement ""Globalization is not something we can hold off or turn off. It is the",False,True,captured
mmlu_us_foreign_policy_25,mmlu,0.5B,16,stochastic,42,1.6867,331.07,43.73,32,18.97,77,27,5,0.3506,5.4,False," C. the idea that governments use their military to help pursue policy goals. the idea that governments use their military to help pursue policy goals.
Answer:
The idea",False,True,captured
mmlu_us_foreign_policy_26,mmlu,0.5B,16,stochastic,42,2.8047,331.01,79.8,32,11.41,133,22,10,0.1654,2.2,False, A. The Liberal approach to US foreign policy. The question: What are the key elements of the Liberal approach to US foreign policy? The options related to the,False,True,captured
mmlu_us_foreign_policy_27,mmlu,0.5B,16,stochastic,42,2.8493,330.81,81.24,32,11.23,136,23,10,0.1691,2.3,False, B. The key difference between US expansion pre- and post-1. The key difference between US expansion pre- and post-1. The key difference between,False,True,captured
mmlu_us_foreign_policy_28,mmlu,0.5B,16,stochastic,42,2.0695,331.49,56.06,32,15.46,95,24,9,0.2526,2.67,False," C. That military spending gave the arms industry unwarranted influence on politics and government
. That military-industrial complex. That military spending gave the arms industry",False,True,captured
mmlu_us_foreign_policy_29,mmlu,0.5B,16,stochastic,42,1.8328,329.4,48.5,32,17.46,83,25,8,0.3012,3.12,False," A. the Security Council
Answer:
A. the Security Council

Answer: A. the Security Council
Answer: the Security Council
Answer:
A.",False,True,captured
mmlu_us_foreign_policy_30,mmlu,0.5B,16,stochastic,42,3.3528,331.36,97.47,32,9.54,159,18,14,0.1132,1.29,False," C. 

The correct answer is C. 

The correct answer is C. Conservatives and prefer to the correct.

The correct answer is C. Conservatives are the",False,True,captured
mmlu_us_foreign_policy_31,mmlu,0.5B,16,stochastic,42,3.9193,328.8,115.82,32,8.16,192,20,12,0.1042,1.67,False," A

The question asks for the question asks for the option A

Question: Intergovernmental organizations SELDOM do which of the following?
Options: A",False,True,captured
mmlu_us_foreign_policy_32,mmlu,0.5B,16,stochastic,42,1.6808,329.21,43.6,32,19.04,75,26,7,0.3467,3.71,False," D. All of the above
Answer:
D. All of the above

The correct. All of the above is the answer is D. All of the",False,True,captured
mmlu_us_foreign_policy_33,mmlu,0.5B,16,stochastic,42,1.6805,328.24,43.62,32,19.04,77,28,5,0.3636,5.6,False," D. Bilateral talks that do not involve a third-party negotiator

Answer: D. Bilateral talks that do not involve a third-party negotiator

",False,True,captured
mmlu_us_foreign_policy_34,mmlu,0.5B,16,stochastic,42,6.1085,335.69,186.22,32,5.24,301,11,22,0.0365,0.5,False," B. The Clinton administration, which is B is B is B is B is B. The Clinton administration supported the transitioned. The Clinton administration supported the transition",False,True,captured
mmlu_us_foreign_policy_35,mmlu,0.5B,16,stochastic,42,2.1332,329.79,58.18,32,15.0,98,24,9,0.2449,2.67,False," D. 3 or more
Answer:
The correct answer is D. 3 or more.  more. 3 or more. 3 or more",False,True,captured
mmlu_us_foreign_policy_36,mmlu,0.5B,16,stochastic,42,5.9982,331.47,182.8,32,5.33,296,11,22,0.0372,0.5,False, A. After the first option A because the first option A because the American ideals of liberty and democracy. After the first option. After the American ideals of liberty,False,True,captured
mmlu_us_foreign_policy_37,mmlu,0.5B,16,stochastic,42,2.9505,329.68,84.54,32,10.85,138,19,14,0.1377,1.36,False," C. guns and butter
Answer:
Answer: C. guns and butter
Answer: the trade-off between defense (common economic concept of the trade-off between",False,True,captured
mmlu_us_foreign_policy_38,mmlu,0.5B,16,stochastic,42,4.6433,328.76,139.18,32,6.89,227,15,18,0.0661,0.83,False," B. The ""unipolar moment"" when he said ""unipolar moment when he ""unipolar moment when he talked about a 'unip",False,True,captured
mmlu_us_foreign_policy_39,mmlu,0.5B,16,stochastic,42,5.5065,329.39,167.0,32,5.81,269,11,21,0.0409,0.52,False," A

The answer is A
to do good things like for good things like human rights protection, democracy, etc. Realism is the answer is to do",False,True,captured
mmlu_us_foreign_policy_40,mmlu,0.5B,16,stochastic,42,4.2443,329.37,126.29,32,7.54,208,18,14,0.0865,1.29,False," B. The international and the international and the domestic system according to realists, according to realists, the international and the domestic system according to realists.",False,True,captured
mmlu_us_foreign_policy_41,mmlu,0.5B,16,stochastic,42,5.5146,331.57,167.2,32,5.8,269,11,22,0.0409,0.5,False," D. All the options A, B, or the options are not reasons listed options are not reasons listed are not reasons for the options are reasons listed are not",False,True,captured
mmlu_us_foreign_policy_42,mmlu,0.5B,16,stochastic,42,1.7286,330.56,45.1,32,18.51,79,26,6,0.3291,4.33,False," D. It encouraged the centralization of political power in the US

Answer: D. It encouraged the centralization of political power in the US

The '",False,True,captured
mmlu_us_foreign_policy_43,mmlu,0.5B,16,stochastic,42,1.6724,329.55,43.32,32,19.13,75,26,7,0.3467,3.71,False," D. All of the above
Answer:
D. All of the above

The correct. All of the above is the answer is D. All of the",False,True,captured
mmlu_us_foreign_policy_44,mmlu,0.5B,16,stochastic,42,2.6836,331.56,75.87,32,11.92,128,24,8,0.1875,3.0,False," A. Richard Nixon. Richard Nixon. Richard Nixon. Richard Nixon. Détente, or the relaxing of tensions coupled with firm guarantees of mutual security, represented",False,True,captured
mmlu_us_foreign_policy_45,mmlu,0.5B,16,stochastic,42,3.4784,329.18,101.59,32,9.2,167,20,13,0.1198,1.54,False, C. The 'is not a component of the 'American Creed'. The 'is not a component of the 'American Creed'. The options is not a component,False,True,captured
mmlu_us_foreign_policy_46,mmlu,0.5B,16,stochastic,42,1.6562,330.31,42.77,32,19.32,74,26,7,0.3514,3.71,False," C. anticommunism
Answer:
The correct answer is C. anticommun. anticommunism. anticommunism. During the early",False,True,captured
mmlu_us_foreign_policy_47,mmlu,0.5B,16,stochastic,42,2.2607,331.29,62.24,32,14.15,106,25,8,0.2358,3.12,False, D. All of the above are true. All of the above are true. All of the above are true. All of the above are true. All of,False,True,captured
mmlu_us_foreign_policy_48,mmlu,0.5B,16,stochastic,42,2.4429,329.42,68.18,32,13.1,116,24,8,0.2069,3.0,False, B. the National Security Council. the National Security Council. the National Security Council. Answer: B. the National Security Council. the National Security Council. Answer,False,True,captured
mmlu_us_foreign_policy_49,mmlu,0.5B,16,stochastic,42,1.7619,329.46,46.21,32,18.16,77,22,10,0.2857,2.2,False," B. Ronald Reagan
Answer:
The largest increase in peacetime defense spending in American history occurred under President Ronald Reagan.
Answer:
Answer:
Answer:
Answer",False,True,captured
mmlu_us_foreign_policy_50,mmlu,0.5B,16,stochastic,42,2.695,331.93,76.23,32,11.87,127,22,11,0.1732,2.0,False," A. The  The correct answer is A. In 2005, the National Security Agency (NSA) in  The 200",False,True,captured
mmlu_us_foreign_policy_51,mmlu,0.5B,16,stochastic,42,5.0073,327.15,150.97,32,6.39,244,13,20,0.0533,0.65,False, A. The Marshall Plan is the Marshall Plan is the Marshall Plan refers to the Marshall Plan is the Marshall Plan is the Marshall Plan was the Marshall Plan refers to,False,True,captured
mmlu_us_foreign_policy_52,mmlu,0.5B,16,stochastic,42,1.2911,330.96,30.97,32,24.78,57,29,4,0.5088,7.25,False," C. How nuclear attacks are identified and responded to; who controls the weapons
The answer. How nuclear attacks are identified and responded to; who controls the weapons",False,True,captured
mmlu_us_foreign_policy_53,mmlu,0.5B,16,stochastic,42,3.3077,328.45,96.11,32,9.67,158,20,13,0.1266,1.54,False," The International Institutionalists argue that international institutions are designed to address multiple-choice institutions are designed to address multiple-choice question, also known as International Institutionalists argue that international",False,True,captured
mmlu_us_foreign_policy_54,mmlu,0.5B,16,stochastic,42,4.9884,330.31,150.26,32,6.41,243,13,19,0.0535,0.68,False, A' refers to. Let me start with the options: A' refers to. Let me start by the term 'New World Order' refers to. Let,False,True,captured
mmlu_us_foreign_policy_55,mmlu,0.5B,16,stochastic,42,1.8202,331.37,48.03,32,17.58,84,27,6,0.3214,4.5,False," A. the United Nations.
Answer:
A. the United Nations. the United Nations.
Answer:
A. the United Nations. the United Nations.
Answer:
",False,True,captured
mmlu_us_foreign_policy_56,mmlu,0.5B,16,stochastic,42,2.0785,329.27,56.43,32,15.4,94,22,11,0.234,2.0,False," D. Increase in US international influence
Answer:
To determine the correct answer, we need to understand the historical context. Increase in US international influence. Increase in",False,True,captured
mmlu_us_foreign_policy_57,mmlu,0.5B,16,stochastic,42,1.5957,329.82,40.84,32,20.05,72,27,6,0.375,4.5,False," D. ALL of the above
Answer:
Answer: D. ALL of the above

. ALL of the above
The answer is D. ALL of the",False,True,captured
mmlu_us_foreign_policy_58,mmlu,0.5B,16,stochastic,42,5.1594,330.23,155.78,32,6.2,251,12,21,0.0478,0.57,False," B

Wait, the expansion of the US. Wait, the options: wait, no, wait, but the options: the options: wait, no,",False,True,captured
mmlu_us_foreign_policy_59,mmlu,0.5B,16,stochastic,42,1.969,330.6,52.85,32,16.25,90,25,8,0.2778,3.12,False," B
Answer:
To determine the correct answer, we need to identify the policy that B
Answer: B. John Foster Dulles referred to during the Cold",False,True,captured
mmlu_us_foreign_policy_60,mmlu,0.5B,16,stochastic,42,1.85,330.31,49.02,32,17.3,84,25,8,0.2976,3.12,False," A
Answer:
Answer: A

The correct answer is A. 

The question A
Answer:
Answer: A

Answer: Why do some scholars claim",False,True,captured
mmlu_us_foreign_policy_61,mmlu,0.5B,16,stochastic,42,1.5089,330.76,38.0,32,21.21,67,27,6,0.403,4.5,False," C. It encourages liberalization of global trade
Answer:
Answer: C. It encourages liberalization of global trade
Answer: It encourages liberalization of global",False,True,captured
mmlu_us_foreign_policy_62,mmlu,0.5B,16,stochastic,42,4.7443,331.53,142.35,32,6.74,234,17,16,0.0726,1.06,False," C

Answer: GATT, International Trade (GATT), the GATT, International Trade (GATT), the International Trade (GATT), the International",False,True,captured
mmlu_us_foreign_policy_63,mmlu,0.5B,16,stochastic,42,1.5829,331.12,40.38,32,20.22,71,27,6,0.3803,4.5,False," D. All of the above
Answer:
Answer: D. All of the above

. All of the above
Answer: D. All of the above",False,True,captured
mmlu_us_foreign_policy_64,mmlu,0.5B,16,stochastic,42,4.5055,330.54,134.68,32,7.1,220,17,16,0.0773,1.06,False, A. The question is asking the question is likely have nuclear weapons right now. The options are likely have nuclear weapons right now. The options: A. Few,False,True,captured
mmlu_us_foreign_policy_65,mmlu,0.5B,16,stochastic,42,1.8512,330.77,49.05,32,17.29,82,24,9,0.2927,2.67,False," D

So, why is NSC 68 considered a turning point in US Cold War foreign policy during the Cold War? Let me foreign policy during the",False,True,captured
mmlu_us_foreign_policy_66,mmlu,0.5B,16,stochastic,42,2.8746,328.21,82.14,32,11.13,134,19,14,0.1418,1.36,False, B. The term 'Rogue States' refers to. The term 'Rogue States' refers to countries that are considered the correct answer this out what the,False,True,captured
mmlu_us_foreign_policy_67,mmlu,0.5B,16,stochastic,42,1.2672,329.83,30.24,32,25.25,54,26,6,0.4815,4.33,False," D. the Monroe Doctrine.

Answer:
D. the Monroe Doctrine

Explanation:
The Monroe Doctrine was a policy announced by the United States in the United States foreign",False,True,captured
mmlu_us_foreign_policy_68,mmlu,0.5B,16,stochastic,42,2.9182,330.44,83.48,32,10.97,138,21,12,0.1522,1.75,False," B

The question: Why do contemporary European liberal democrats tend to object to the influence of exceptionalism on earth's contemporary European liberal democrats object to the",False,True,captured
mmlu_us_foreign_policy_69,mmlu,0.5B,16,stochastic,42,1.291,334.74,30.85,32,24.79,57,29,4,0.5088,7.25,False," D. Both can be viewed as different means of achieving the same liberal ends

The correct. Both can be viewed as different means of achieving the same liberal ends",False,True,captured
mmlu_us_foreign_policy_70,mmlu,0.5B,16,stochastic,42,1.3286,330.34,32.2,32,24.09,58,28,5,0.4828,5.6,False," A
Answer:
Answer: A

The correct answer is A. It leads to a diminished focus on collective security. Realists tend to object to the influence",False,True,captured
mmlu_us_foreign_policy_71,mmlu,0.5B,16,stochastic,42,2.6657,328.98,75.38,32,12.0,127,24,9,0.189,2.67,False," A
Answer:
Answer: A
Answer: A
Answer:
Answer: A
Answer: A. Socio-Economic accounts of US Cold War foreign",False,True,captured
mmlu_us_foreign_policy_72,mmlu,0.5B,16,stochastic,42,3.7857,330.17,111.47,32,8.45,184,20,13,0.1087,1.54,False," B

The question. The Rise and Fall of the Great Powers. The Rise and Fall of the Great Powers. The Rise and Fall of the Great Powers.",False,True,captured
mmlu_us_foreign_policy_73,mmlu,0.5B,16,stochastic,42,3.6074,331.36,105.68,32,8.87,174,19,14,0.1092,1.36,False," C. the chairperson and vice chairperson.

The Joint Chiefs of Staff is the Joint Chiefs of Staff is the correct answer is the Joint Chiefs of Staff is",False,True,captured
mmlu_us_foreign_policy_74,mmlu,0.5B,16,stochastic,42,1.4057,327.45,34.78,32,22.76,62,26,6,0.4194,4.33,False," A. The belief that the United States is different from other major powers because it is concerned not only with Power, but also with Principles. 

Wait, the",False,True,captured
mmlu_us_foreign_policy_75,mmlu,0.5B,16,stochastic,42,2.8609,329.75,81.65,32,11.19,136,21,12,0.1544,1.75,False, A. the Central Intelligence Agency (CIA) is the Central Intelligence Agency (CIA) is the correct answer is the correct answer. the Central Intelligence Agency,False,True,captured
mmlu_us_foreign_policy_76,mmlu,0.5B,16,stochastic,42,2.022,328.0,54.64,32,15.83,93,25,8,0.2688,3.12,False," D. the International Monetary Fund.
Answer: D. the International Monetary Fund.
Answer: D. the International Monetary Fund. the International Monetary Fund. the International",False,True,captured
mmlu_us_foreign_policy_77,mmlu,0.5B,16,stochastic,42,3.5955,335.23,105.17,32,8.9,174,20,13,0.1149,1.54,False," C. their own security burdens.
The correct answer is C. 

The correct. 

The correct. 

The correct answer is C. The correct answer is",False,True,captured
mmlu_us_foreign_policy_78,mmlu,0.5B,16,stochastic,42,2.6498,329.96,74.83,32,12.08,122,18,14,0.1475,1.29,False," D. All of the above
Answer:
D. All of the above

The Marshall Plan, which was a comprehensive plan, which was a comprehensive plan aimed",False,True,captured
mmlu_us_foreign_policy_79,mmlu,0.5B,16,stochastic,42,1.5611,330.64,39.69,32,20.5,70,27,6,0.3857,4.5,False," D. All of the above
Answer:
D. All of the above

The correct. All of the above is the US avoidance of catastrophe at the hands",False,True,captured
mmlu_us_foreign_policy_80,mmlu,0.5B,16,stochastic,42,1.4564,331.2,36.3,32,21.97,63,25,7,0.3968,3.57,False," C. Creation of the National Intelligence Director
Answer:
The 9/11 Commission. Creation of the National Intelligence Director
Answer:
The 1 proposed",False,True,captured
mmlu_us_foreign_policy_81,mmlu,0.5B,16,stochastic,42,1.4519,330.68,36.17,32,22.04,63,26,7,0.4127,3.71,False," A. the National Security Council.
Answer:
The question asks for the government body formed to coordinate American foreign and military policy. The correct American foreign and military policy",False,True,captured
mmlu_us_foreign_policy_82,mmlu,0.5B,16,stochastic,42,4.1693,335.59,123.67,32,7.68,202,16,16,0.0792,1.0,False, B. The Marxist perspective. The Marxist perspective emphasizes the role of class consciousness in shaping foreign policy according to the Marxist perspective. The Marxist perspective emphasizes that the Marxist,False,True,captured
mmlu_us_foreign_policy_83,mmlu,0.5B,16,stochastic,42,5.9267,330.11,180.54,32,5.4,291,10,23,0.0344,0.43,False, A is A is A is correct is A. American exceptionalism emphasizes that correctly identifies that is A. American exceptionalism emphasizes that American exceptionalism is A.,False,True,captured
mmlu_us_foreign_policy_84,mmlu,0.5B,16,stochastic,42,4.9771,329.24,149.93,32,6.43,246,17,16,0.0691,1.06,False," A

A
Answer: A
Answer: **A. Realism**:

- A
Answer: A
Answer: A
Answer: A
",False,True,captured
mmlu_us_foreign_policy_85,mmlu,0.5B,16,stochastic,42,4.8395,331.49,145.42,32,6.61,235,14,19,0.0596,0.74,False, C. the importance of oil is a central to ensure that the United States foreign policy is the importance of oil in the importance of oil is the importance of oil,False,True,captured
mmlu_us_foreign_policy_86,mmlu,0.5B,16,stochastic,42,2.8858,327.99,82.51,32,11.09,137,21,11,0.1533,1.91,False, C. secretary of defense. secretary of defense. secretary of defense. secretary of defense. Answer: C. secretary of defense. secretary of defense. The president,False,True,captured
mmlu_us_foreign_policy_87,mmlu,0.5B,16,stochastic,42,3.6327,331.31,106.5,32,8.81,174,18,15,0.1034,1.2,False," C

Okay, so I need to figure out how Ideational approaches to the Realism emphasizes material interests and power. The Ideological approach emphasizes material interests and",False,True,captured
mmlu_us_foreign_policy_88,mmlu,0.5B,16,stochastic,42,6.8806,330.57,211.29,32,4.65,342,7,25,0.0205,0.28,False," A

Wait, the first term of Clinton was marked a Clinton was marked a. Bill Clinton was marked a shift toward the first term Bill Clinton was marked by",False,True,captured
mmlu_us_foreign_policy_89,mmlu,0.5B,16,stochastic,42,1.8524,329.54,49.12,32,17.27,82,23,10,0.2805,2.3,False," D. All of the above
Answer:
D. All of the above

The argument. All of the above supports American unilateralism is that supports American unilateral",False,True,captured
mmlu_us_foreign_policy_90,mmlu,0.5B,16,stochastic,42,4.3829,330.58,130.72,32,7.3,213,17,16,0.0798,1.06,False," B. 

The correct answer is B. 

The correct levels. 

Wait, the prewar levels.

Wait, the answer is B. The pattern of",False,True,captured
mmlu_us_foreign_policy_91,mmlu,0.5B,16,stochastic,42,4.806,330.6,144.37,32,6.66,235,15,17,0.0638,0.88,False," B. The options A. The options. The options are A. The options are related to the security of the state. The options are A, and the",False,True,captured
mmlu_us_foreign_policy_92,mmlu,0.5B,16,stochastic,42,4.1565,327.89,123.5,32,7.7,202,17,16,0.0842,1.06,False," C. 

The correct answer is C. 

The correct. 

The correct. 

The ""domino effect, the fall of its neighbors. 

The",False,True,captured
mmlu_us_foreign_policy_93,mmlu,0.5B,16,stochastic,42,2.5054,332.4,70.1,32,12.77,115,19,13,0.1652,1.46,False, A.  has been an effective way of disbursing US foreign aid to encourage change in target states that require recipient countries to meet the answer the answer the,False,True,captured
mmlu_us_foreign_policy_94,mmlu,0.5B,16,stochastic,42,1.3981,328.92,34.49,32,22.89,61,27,6,0.4426,4.5,False," The correct answer is D. All of the above
Answer:
D

The correct answer is D. All of the above. The correct answer is D.",False,True,captured
mmlu_us_foreign_policy_95,mmlu,0.5B,16,stochastic,42,5.913,330.51,180.08,32,5.41,294,14,19,0.0476,0.74,False," D. The question. The options: 

So the answer: good predictor of the answer: Which of the following is NOT a good predictor of which states will",False,True,captured
mmlu_us_foreign_policy_96,mmlu,0.5B,16,stochastic,42,5.3081,328.24,160.64,32,6.03,261,14,19,0.0536,0.74,False," B

First, I should be. The question is asking for the answer is. The question is asking the correct answer is. The options are A, B",False,True,captured
mmlu_us_foreign_policy_97,mmlu,0.5B,16,stochastic,42,4.246,330.17,126.32,32,7.54,207,18,15,0.087,1.2,False," B. The phrase ""empire by invitation"" means. The phrase is. Willful openness to colonization is. 

The phrase ""empire by invitation""",False,True,captured
mmlu_us_foreign_policy_98,mmlu,0.5B,16,stochastic,42,2.0389,329.66,55.14,32,15.69,94,25,8,0.266,3.12,False," A
Answer:
Answer: A

The correct answer is A. The George W Bush administration marked a
Answer:
Answer: A

The correct answer is",False,True,captured
mmlu_us_foreign_policy_99,mmlu,0.5B,16,stochastic,42,2.6876,329.58,76.06,32,11.91,128,23,10,0.1797,2.3,False," D. The quote: ""Peace, commerce, and honest friendship with all nations, entangling alliances with none. The quote: ""Peace, commerce, and",False,True,captured
cnndm_3,cnndm,0.5B,16,stochastic,42,3.4809,339.65,19.76,160,45.96,166,150,11,0.9036,13.64,False," 

Answer:
Answer:
Answer:
Answer:
Answer:
Answer:
Answer:
Answer:
Answer:
Answer:
Answer:
Answer:
Answer:
Answer:
Answer:
Answer:
Answer:
Answer:
Answer:
Answer:
Answer:
Answer:
Answer:
Answer:
Answer:
Answer:
Answer:
Answer:
Answer:
Answer:
Answer:
Answer:
Answer:
Answer:
Answer:
Answer:
Answer:
Answer:
Answer:
Answer:
Answer:
Answer:
Answer:
Answer:
Answer:
Answer:
Answer:
Answer:
Answer:
Answer:
Answer:
Answer:
Answer:
Answer:
Answer:
Answer:
Answer:
Answer:
Answer:
Answer:
Answer:
Answer:
Answer:
Answer:
Answer:
Answer:
Answer:
Answer:
Answer:
Answer:
Answer:
Answer:
Answer:
Answer:
Answer:
Answer:
Answer:
Answer:
Answer:
Answer",False,True,captured
cnndm_31,cnndm,0.5B,16,stochastic,42,19.3791,745.75,117.19,160,8.26,945,97,63,0.1026,1.54,False," The article discusses several stories of individuals stranded at sea for extended periods, highlighting the challenges they face, and their survival strategies they rely on ingenuity, and their survival strategies they rely on ingenuity, resourcefulness, and luck to survive. These include Louis Jordan, Jose Salvador Alvarenga survived through ingenuity, resourcefulness, and survival strategies they rely on ingenuity, and their survival strategies, and their survival strategies, and the ingenuity, and their eventual survival strategies they rely on ingenuity, and luck, and their survival through resourcefulness and luck, and their eventual survival. It's hardiness, and their survival strategies they rely on ingenuity, resourcefulness, and luck required ingenuity, and their survival through ingenuity, and their eventual survival. It describes the survival strategies they",False,True,captured
cnndm_70,cnndm,0.5B,16,stochastic,42,20.5123,340.97,126.86,160,7.8,1035,93,68,0.0899,1.37,False," A nuclear submarine undergoing repairs since November 2013. The submarine caught fire, caught fire broke out in northwestern Russia has caught fire broke out in a nuclear submarine caught fire due to a nuclear submarine caught fire, caught fire, according to a law enforcement source reported to the fire broke out in a fire broke out in flames broke out in northwestern Russia has caught fire, caught fire, according to a law enforcement source. The submarine caught fire, according to a law enforcement source. The fire began to the fire started during repairs since November 2013, caught fire due to a nuclear submarine caught fire, according to a law enforcement source. The fire started during repairs has caught fire, according to a law enforcement source. The fire began catching fire broke out in a fire broke",False,True,captured
cnndm_165,cnndm,0.5B,16,stochastic,42,12.6736,423.85,77.04,160,12.62,630,117,44,0.1857,2.66,False," Jia Jiang, a Chinese-born, American-based entrepreneur, started a project called ""100 Days of Rejection""100 Days of Rejection"" after quitting his job to pursue entrepreneurship, he launched after quitting his job to confronts 100 Days of Rejection""100 Days of Rejection"" after quitting his job to pursue entrepreneurship. The project, and the 100 Days of Rejection""100 Days of Rejection"" after quitting his job to pursue entrepreneurship. 

Okay, let me try to summarize this article mentions 100 Days of Rejection""100 Days of Rejection"" after quitting his job to pursue entrepreneurship. He is a project to confront his fear of rejection after quitting his job to confronts 1",False,True,captured
cnndm_297,cnndm,0.5B,16,stochastic,42,14.9124,361.52,91.52,160,10.73,750,112,49,0.1493,2.29,False," The article discusses a group of six young men from Minnesota, ages 19 to 21, who conspired to join ISIS by any means necessary, join ISIS by any means necessary, according to the United States, join ISIS by any means necessary, with ISIS by any means necessary, according to the article discusses a group of six young men from Minnesota, ages 19 to 21. The group to join ISIS by any means necessary, with the United States, who conspire into Syria and join ISIS by any means necessary, as partake to join ISIS by any means necessary, with the FBI, join ISIS by any means necessary, with ISIS by any means necessary, including ISIS by any means necessary, to join ISIS by any means necessary, with the group to join ISIS",False,True,captured
cnndm_339,cnndm,0.5B,16,stochastic,42,11.5725,365.65,70.48,160,13.83,581,124,37,0.2134,3.35,False," The author of a 2006 novel accuses the ""Avengers"" and ""Cabin in the lawsuit is facing a lawsuit over the idea for the Cabin in the Woods""Cabin in the lawsuit is being sued the Cabin in the Woods""Cabin in the Woods"" directors Drew Goddard of stealing the idea for the 2012 horror movie ""Cabin in the Woods""Cabin in the Woods"" directors Drew Goddard of stealing the idea for the 2012 horror film director Drew Goddard of stealing the idea for the 2012 horror movie ""The Cabin in the Woods"" directors Drew Goddard of stealing the idea for the 2012 horror film director Drew Goddard of stealing the idea for the",False,True,captured
cnndm_397,cnndm,0.5B,16,stochastic,42,22.7981,357.8,141.13,160,7.02,1159,86,75,0.0742,1.15,False," 

2. The teen's name is being removed from an Israeli memorial for his death after his family and an Israeli attackers, following the victims of the fallen soldiers and terrorism-related reasons, following the objections from the memorial wall after his death after his family and an Israeli memorial wall after his family and others' fallen soldiers and terrorism victims, following the objections from his death after his family and an Israeli memorial wall after his family and an Israeli memorial wall after his family and an Israeli memorial for his death, following complaints, after his family and others objected to, after his family and an Israeli memorial for his death, which commemorating fallen soldiers and terrorism-related deaths, following complaints after his family and an Israeli memorial for fallen soldiers and terrorism victims of the fallen soldiers and terrorism victims, following complaints after his family",False,True,captured
cnndm_467,cnndm,0.5B,16,stochastic,42,18.4625,397.27,113.62,160,8.67,929,100,61,0.1076,1.64,False," 

1. A week after a Japanese court ruled to halt plans to restart two nuclear reactors in western reactors in a court in a court in Fukui reactors in a western reactors in western reactors in a western prefecture, a different court has a court in Fukui reactors in western reactors, a different court rejected a petition by a court in Fukui reactors, a court in Fukui reactors, a different court in a different court has a court in Kagoshima reactors in a western reactors in a western reactors in a western prefecture, a different court has rejected a petition by residents to delay the Kagoshima reactors in a western prefecture, a different court rejected a petition by residents to delay the reactivation of reactors in the southwest reactors in western reactors in a western prefecture, a different",False,True,captured
cnndm_677,cnndm,0.5B,16,stochastic,42,22.0558,384.75,136.3,160,7.25,1113,88,73,0.0791,1.21,False," 

1. The study found that award-seat availability varies by airline and route, with Southwest Airlines like Southwest offering the most award tickets most of the 2. 

1. The study found that Southwest Airlines offering the most award tickets available seats being the top performer being the top performers like Southwest offering the most award tickets and Southwest Airlines like Southwest offering the most award tickets and Southwest Airlines like Southwest offering the most award seats being most award tickets most of the five major U.S. airlines like Southwest offering the most award tickets available seats for the top performers like Southwest offering the most award tickets most available seats being 2. Southwest Airlines like Southwest offering the most award seats (1) Southwest Airlines offering the most award tickets available for the five major U.S. airlines analyzed 2. Southwest Airlines offering the most",False,True,captured
cnndm_692,cnndm,0.5B,16,stochastic,42,23.5289,418.67,145.35,160,6.8,1186,84,77,0.0708,1.09,False," Ben Affleck's ""Finding Your Roots"" series, which features a profile of his family history, had a potential family history, had a segment, was produced by Harvard professor Henry Louis Gates Jr. He requested removal of a reference to his great-great-great grandfather Benjamin Cole, a Georgia slave- great-great-great grandfather's family history, family history, omitted the reference to be...
Okay, I wouldn't include a distant ancestor, was a TV show, was produced by Harvard professor Henry Louis Gates Jr. and otherworld, removed reference to his great-great-great grandfather Benjamin Cole, a Georgia slave owner, was a distant ancestor, includes a distant ancestor, a distant ancestor, a distant ancestor, a distant ancestor who was a TV show, did not include information about his",False,True,captured
cnndm_958,cnndm,0.5B,16,stochastic,42,21.8356,416.31,134.71,160,7.33,1096,89,72,0.0812,1.24,False," The Red Cross is calling for an immediate 24-hour ceasefire in battle-torn Yemen, emphasizing the urgent medical aid delivery of the urgent medical aid to save lives in the need for the urgent medical aid is calling for an urgent medical aid for the urgent medical aid for the wounded people's urgent medical aid to save lives due to the urgent medical aid to save lives as the urgent medical aid to save lives as the situation in particular urgency in the need for urgent medical aid to save lives in the need for urgent medical aid to the urgent medical aid to prevent further that many more people will die if not treated to save lives at the urgent medical aid for the urgent medical aid for the urgent medical aid to save lives as many more people will die if not treated soon, as the situation in the urgent medical",False,True,captured
cnndm_965,cnndm,0.5B,16,stochastic,42,16.9742,523.8,103.46,160,9.43,840,107,54,0.1274,1.98,False," Brynn Duncan, 21, has a mast cell disease that causes allergic reactions. Her condition, leading to severe enough to require hospitalization and a range from seemingly at unpredictable and severe enough to require hospitalization. Her condition leads to frequent and severe enough to require hospitalization. She experiences, leading to severe enough to require hospitalization and emergency. She experiences, leading to frequent and severe reactions, leading to severe enough to require hospitalization. Her condition leads to frequent and severe allergic reactions that are so severe enough to require hospitalization. She experiences severe enough to require hospitalization and severe enough to require hospitalization. Her condition leads to frequent and severe allergic reactions, leading to frequent and severe, leading to frequent and severe reactions, leading to severe enough to require hospitalization. Her condition leads",False,True,captured
cnndm_1096,cnndm,0.5B,16,stochastic,42,17.5435,367.99,108.02,160,9.12,882,100,61,0.1134,1.64,False," The article discusses the financial struggles of CSKA Sofia's Latvian goalkeeper Maksims Uvarenko, who has not been paid for three months and has had not being unpaid salary, which have not being unpaid salary for three months, who has not being unpaid for three months, who has not been paid for three months, leading to unpaid salary for three months, who has not been paid for three months and the financial problems, who has not been paid for three months, forcing him to seek to the financial problems, including not being paid for three months, leading to unpaid salary for three months, leading to unpaid salary for three months, leading to unpaid salary, who has not been paid for three months and the financial struggles, including the financial issues, including the three months, who has",False,True,captured
cnndm_1199,cnndm,0.5B,16,stochastic,42,24.2178,383.1,149.9,160,6.61,1229,81,80,0.0659,1.01,False," The article discusses Tottenham's defender Ben Davies allowing no room for sentiment at Burnley's match against Wales, with both players like Vokes. Davies is a key facts about to maintain focus on Sunday. Davies is a team-mate Sam Vokes. It highlights the team-mate Sam Vokes. Davies and Vokes were teammates Sam Vokes. It highlights the team-mate Sam Vokes. Tottenham aims to maintain focus on Sunday. Davies is set to play, where he will face-offensive. Davies is aiming to maintain focus. Burnley is in which is currently 18th in the Premier League match. Davies and Vokes are not a team-mate, as they aim to maintain focus on Sunday. Tottenham is a Wales team-mate Sam Vokes. Davies is set to",False,True,captured
cnndm_1221,cnndm,0.5B,16,stochastic,42,12.0981,339.69,73.95,160,13.23,605,121,39,0.2,3.1,False," A seven-year-old boy was raped and set on fire by two youths in Pagma Nagar, Bhiwandi, a suburb of Mumbai, a suburb of Mumbai, resulting in 30%2 Nagar, Bhiwandi, a suburb of Mumbai. The incident occurred in Pagma Nagar, Bhiwandi, a suburb of Mumbai. The incident occurred in Pagma Nagar, Bhiwandi, a suburb of Mumbai. The boy was raped and set on fire by two youths in Bhiwandi, a suburb of Mumbai. The boy was a suburb of Mumbai, India, in Bhiwandi, a suburb of Mumbai. The boy was raped and set on fire by two youths in Pagma Nagar, Bhiwandi, a suburb of Mumbai. The boy",False,True,captured
cnndm_1230,cnndm,0.5B,16,stochastic,42,22.2045,341.84,137.5,160,7.21,1119,85,75,0.076,1.13,False," Harvey Boulter, a pro-Ukip businessman, has a vendetta against Liam Fox, who forced Liam Fox, who forced Fox, and is funding two Tory candidates, Tom Tugendhat, a pro-Ukip businessman who forced Fox, and is behind an extraordinary bid to defeat two Tory politician Liam Fox, a pro-Ukip businessman, who forced him, and is behind an extraordinary bid to defeat two Tory candidates, including his former Defence Secretary Liam Fox, a pro-Ukip businessman, who forced Liam Fox, which led to Fox, who forced Liam Fox, leading to his former Defence Secretary Liam Fox, which led to his resignation of the UKIP, a pro-Ukip businessman, who forced Liam Fox to be, who forced him, having forced Fox, who forced him to defeat",False,True,captured
cnndm_1375,cnndm,0.5B,16,stochastic,42,15.2359,337.96,93.7,160,10.5,767,112,49,0.146,2.29,False," 

Gearing up for the NCAA championship game, a group of meerkats at Indiana's Indianapolis Zoo have been testing their pen at Indiana's Indianapolis Zoo have been testing their pen. The article: Indiana's Indianapolis Zoo have been testing their basketball skills. The meerkats at Indiana's Indianapolis Zoo have been testing their basketball skills. The meerkats were filmed testing their basketball skills at Indiana's Indianapolis Zoo have been testing their basketball skills. The meerkats were filmed at Indiana's Indianapolis Zoo after a zoo in Indianapolis Zoo in Indianapolis Zoo in Indianapolis Zoo have been testing their basketball skills after getting a makeshift backboard and hoop installed in their pen. The meerkats were fitted with a makeshift backboard and hoop in Indianapolis Zoo have been testing their basketball skills after getting a makeshift backboard and",False,True,captured
cnndm_1379,cnndm,0.5B,16,stochastic,42,11.2334,435.63,67.91,160,14.24,556,124,36,0.223,3.44,False," 

A holidaymaker, Loushanna Craig, was stranded in Tenerife after thieves stole her biometric ID card was left stranded in Tenerife after thieves stole her biometric ID card was left stranded after thieves stole her biometric ID card was left stranded after thieves stole her biometric ID card during a family trip after thieves stole her biometric ID card during a family trip after thieves stole her biometric ID card during a family trip after thieves stole her biometric ID card during a family trip, UK after thieves stole her biometric ID card during a family trip, stranded in Tenerife after thieves stole her biometric ID card during a family trip, her biometric ID card was stolen during a family trip after thieves stole her biometric ID card during a family trip, Spain",False,True,captured
cnndm_1459,cnndm,0.5B,16,stochastic,42,23.5067,403.91,145.3,160,6.81,1186,84,77,0.0708,1.09,False," 

Sam Tomkins, a 26-year-old England full-back, is considering the end of the past his family and friends, and is not because he is considering his family and is not because he is not because he is far from his family and friends, with his family and friends, with his family and friends in New Zealand Warriors have been with his family and friends, and is not a year, with his family and friends in England full-back to return to Wigan, with his family and friends in England. He is not because he isn't a year, with Wigan has been at being away from his family in New Zealand Warriors have been linked with his family and friends in Wigan, where his family and friends, with Wigan, where he is considering his family and friends",False,True,captured
cnndm_1579,cnndm,0.5B,16,stochastic,42,26.1596,493.06,161.42,160,6.12,1315,75,86,0.057,0.87,False, The article discusses the contrasting career differences in the contrasting career differences in their contrasting career differences and contrasting career trajectories of their contrasting career differences and contract negotiations for the contrasting career trajectories of both players' their contrasting careers of their contrasting careers and contrasting their contrasting career differences and contract negotiations for their contrasting careers and contrasting career differences in their contrasting careers and contract negotiations. Sterling's differing career trajectories and contract negotiations. Sterling's differing career trajectories. Both players are in contract negotiations with their clubs' their contrasting careers and contract negotiations. Sterling's current differences in their contrasting career differences in their contrasting careers and potential transfer possibilities of their contrasting careers and contract negotiations. Sterling's recent career differences in their contrasting careers and contract negotiations for the first their contrasting careers and contract negotiations. Sterling's differing career trajectories. The article notes their contrasting,False,True,captured
cnndm_1613,cnndm,0.5B,16,stochastic,42,19.288,383.61,118.9,160,8.3,970,94,66,0.0969,1.42,False," Tim Bresnan has made a good start to the domestic season with Yorkshire's LV= County Championship, helping him build-up in the LV= County Championship, which could help him secure their LV= County Championship, helping him make a case for an England Test recall. He has taken 400 first-class wickets, which is crucial for his case for the LV= County Championship, which could help him secure County Championship, including taking 40020-County Championship title defense of the LV= County Championship, which could help him secure their LV= County Championship, helping him make a case for an England Test recall. He has made a good start to potentially helped end of the LV= County Championship, having 20130

Okay, let me to potentially",False,True,captured
cnndm_1650,cnndm,0.5B,16,stochastic,42,25.4373,411.58,157.39,160,6.29,1287,77,84,0.0598,0.92,False," 

Liverpool's Saturday match against Arsenal is crucial for their Champions League qualification is the team needs to win to stay in contention for the first-place in the  the team needs to win to maintain a win would be the top-fourthey need to secure a top-four finish in the  the team needs a win would be a win could determine their top-four finish in the Premier League is the financial incentives for the first-place in the Premier League is key results from their recent form has been in good form has been highlighted by securing a wining the team needs to win to stay in contention for a win against the team has been in good form since a win could determine their top-four finish in the Premier League and they need to secure a win would be the team needs to secure a top-four finish in",False,True,captured
cnndm_1793,cnndm,0.5B,16,stochastic,42,20.8719,489.89,128.19,160,7.67,1042,91,70,0.0873,1.3,False," Raheem Sterling has rejected a contract offer with Liverpool, postponed negotiations until the summer Raheem Sterling has been a new deal, and his decision has been a key facts, and criticized for the summer, and is the summer, and his decision has caused controversy. He has turned down a new deal with Liverpool and put off contract talks, and his decision, and has not to avoid the issue, and criticized for his contract talks, and his decision has not to avoid deciding to avoid the issue of 201. He has turned down a new deal with Liverpool and put off contract talks until May at the earliest, and expressed his frustration with his contract talks, and his decision has caused frustration and has caused controversy, and criticized for his attitude, and has not been offered by choosing to",False,True,captured
cnndm_1832,cnndm,0.5B,16,stochastic,42,12.2561,360.65,74.81,160,13.05,617,122,39,0.1977,3.13,False," 

Eden Hazard believes Chelsea have the Premier League title in their grasp, scoring a penalty and setting up Loic Remy's goal and setting up Loic Remy's winner in the win against Stoke in the key penalty and setting up Loic Remy's winner in their 2-1 victory over Stoke in the  penalty and setting up Loic Remy's winner in their 2-1 victory over Stoke, and setting up Loic Remy's winner in a penalty and setting up Loic Remy's winner in a penalty and setting up Loic Remy's winner in a  penalty and setting up Loic Remy's winner in a 2-1 victory over Stoke in their 2-1 victory over Stoke, and setting up Loic Remy's winner",False,True,captured
cnndm_1861,cnndm,0.5B,16,stochastic,42,13.5297,375.53,82.73,160,11.83,681,117,43,0.1718,2.72,False," Melissa Wilson and her team-mates are on the brink of making history at the 161st Oxford-Cambridge Boat Race, the first women's 161st Oxford-Cambridge Boat Race, with the women's Oxford-Cambridge Boat Race, where the women's Oxford-Cambridge Boat Race, with the women's race, where women's Oxford-Cambridge Boat Race, with the women's race set to take part of the 161st Oxford-Cambridge Boat Race, with the women's race being the 161st Oxford-Cambridge Boat Race, where the women's race, a 161st Oxford-Cambridge Boat Race, which will be televised 161st Oxford-Cambridge Boat Race, which",False,True,captured
cnndm_2032,cnndm,0.5B,16,stochastic,42,17.3582,420.47,106.53,160,9.22,874,104,56,0.119,1.86,False," The article discusses Celtic manager Ronny Deila's efforts to extend Jason Denayer's loan with Manchester City, with Danny Wilson also being a target. Denayer, and potential targets. Deila is a target. It discusses. The  a target. Denayer's target. Denayer's a target. Denayer's potential targets. Denayer's potential targets. Denayer's potential target. Denayer's potential target. Denayer's recent target. Denayer, and the target. Denayer's a target. Denayer's international targets. Denayer, and the challenges. The  a target. Denayer's international targets. Denayer, but also being a target. Denayer's target. Denayer's potential targets. Denayer, and the potential targets. Denayer,",False,True,captured
cnndm_2033,cnndm,0.5B,16,stochastic,42,13.4705,401.15,82.2,160,11.88,674,115,46,0.1706,2.5,False," Raymond Billam, 40, was convicted of benefit fraud, admitted to pocketing £15,06666666 through dishonestly £15,066 through dishonestly failing to notify a change in circumstances which affected his disability living allowance. He was sentenced to 15,00 £15,066 by illegally £15,066 by claiming £15,066 by falsely claiming to £15,066 by falsely claiming he was unable to walk, but was convicted of benefit fraud, £15,066 by falsely claiming to be £15,066 by falsely claiming he illegally £15,066 by falsely claiming to be disabled claims of £1",False,True,captured
cnndm_2043,cnndm,0.5B,16,stochastic,42,11.7438,337.09,71.74,160,13.62,588,121,39,0.2058,3.1,False," The new chief executive of Rotherham council could be paid up to £40,000 more than the outgoing boss, Martin Kimber, who is the outgoing boss Martin Kimber,00 more than the outgoing boss, Martin Kimber, who is the outgoing boss, due to negative publicity from the grooming scandal. The council is the outgoing boss Martin Kimber, who left in December after a council could be paid up to £40,000 more than the outgoing boss,00 more than the outgoing boss Martin Kimber, who left in December after a council report revealed that the outgoing boss Martin Kimber, who left in December after a council report revealed that the council was 'not fit for purpose' and 'in denial' about exploitation,00 more than the outgoing boss,0",False,True,captured
cnndm_2082,cnndm,0.5B,16,stochastic,42,25.0736,353.48,155.47,160,6.38,1272,75,85,0.059,0.88,False," 

Coutinho says, as the Reds are currently in the Reds are currently in fifth-placed Liverpool, as the club's chances, as the team's chances of the Reds are in the Reds are currently fifth-placed Liverpool, currently in the Reds are currently fifth in the face with hopes of a top four finish are currently in fifth-placed Liverpool, currently in fifth place, seven points behind the Reds are currently fifth-placed Liverpool, currently fifth-placed Liverpool, currently in fifth place, seven points behind Manchester City, after the team's chances, as the team trails Manchester City are currently in fifth place, seven points behind Manchester City is the Reds are in the Reds are currently fifth in the face of the Reds are in the Reds are in the Reds are in the Reds are currently in",False,True,captured
cnndm_2105,cnndm,0.5B,16,stochastic,42,17.6881,398.68,108.74,160,9.05,886,99,61,0.1117,1.62,False," The article discusses Arsenal's performance in the Premier League, highlighting their seven wins and the challenges they face in the title race. It notes that their current team has been the team has been the best team has been the best team has been the best team since the start of the season has been the best team since the Invincibles era, despite being the team has been the best team since the Invincibles era, despite being the best team since the Invincibles, despite being the best team in the current team has been the best team since the Invincibles, but their current team has shown their current squad issues with their current squad has been the best team since the Invincibles, but their failure to maintain a strong start of the seven wins and their current form is impressive team has",False,True,captured
cnndm_2117,cnndm,0.5B,16,stochastic,42,15.7089,461.11,95.9,160,10.19,783,111,50,0.1418,2.22,False," 

Deanna Robinson, a 38-week pregnant Iraq war veteran, was struck by a deputy officers during an arrest by a number of times by a number of times by a deputy officers during an arrest by a deputy officers at least three times by a deputy during an arrest by a deputy during an arrest by a deputy during an arrest by deputies during an arrest by deputies during an arrest by deputies at least three times by deputies during an arrest by deputies at least three times by deputies during an arrest at least three times by deputies during an arrest at least three times by a number of times by deputies during an arrest at least three times by deputies during an arrest at her back during an arrest by a number of times by deputies during an arrest at least three times by deputies during an arrest at least three times",False,True,captured
cnndm_2232,cnndm,0.5B,16,stochastic,42,20.5188,402.92,126.51,160,7.8,1032,94,67,0.0911,1.4,False," 

Okay, I need to summarize the city vacation in Portugal with his club vacation in Portugal during which he spent in Portugal during which he spent in Portugal with his family and friends shortly after an vacation in Portugal during which he was on vacation in Portugal with his family and friends in Portugal with his family and friends in Portugal with his family and friends in Portugal with his family and friends in Portugal with his family and friends in Portugal, was on vacation in Portugal, was on vacation in Portugal, posing for a picture with family and friends in Portugal with his family and friends in Portugal, was on vacation in Portugal, during which he was photographed with family vacation in Portugal, where he was seen with family vacation in Portugal, where he was seen enjoying a vacation in Portugal, was on vacation in Portugal, posing for",False,True,captured
cnndm_2253,cnndm,0.5B,16,stochastic,42,14.3717,420.43,87.74,160,11.13,719,115,46,0.1599,2.5,False," The Leeds Rhinos have sent Zak Hardaker on an anger management course after a student was left with two black eyes and bruised during a violent incident in a victimized to be left with two black eyes and bruised to be left with two black eyes and bruising an angry with two black eyes and bruising during a violent incident in February. Hardaker was involved in a violent incident in a victimized in a victimized in a victimized in a violent incident in February. Hardaker was left with two black eyes and bruising during a violent incident in February. Hardaker was involved in a violent incident in February, and he was involved in a violent incident in February, and he also fined for a homophobic comment and bruised during a violent incident in February. Hardaker was involved in",False,True,captured
cnndm_2285,cnndm,0.5B,16,stochastic,42,18.6814,354.08,115.27,160,8.56,942,101,60,0.1072,1.68,False," Jack Nicklaus, at 75, hit a hole in one on the Par-3 Contest at Augusta National, becoming the first hole at Augusta National's fourth hole during the Par-3 Contest at Augusta National's fourth hole during the Par-3 Contest at Augusta National, becoming the first to add another magic moment at Augusta National's fourth hole during the Par-3 Contest at Augusta National, 3 Contest at Augusta National, adding to the fourth hole during the Par-3 Contest at Augusta National, showcasing his enduring 3 Contest at Augusta National, which is 3 Contest at Augusta National, becoming the first to do the fourth hole during the Par-3 Contest at Augusta National, becoming the first to do so the fourth hole during the Par-3 Contest at Augusta National, becoming the",False,True,captured
cnndm_2288,cnndm,0.5B,16,stochastic,42,22.1973,396.91,137.11,160,7.21,1116,86,75,0.0771,1.15,False," 

Liverpool's player of the season is still not clear, with Jordan Henderson and Philippe Coutinho being strong contenders. Luis Suarez was a strong contenders. Luis Suarez was a strong contenders. 

Liverpool's player of the season is still not clear, with Jordan Henderson and Coutinho both being strong contenders. Luis Suarez dominated the discussion. The article discusses the competition from the main contenders. 

Okay, let me try to summarize this article is still in contention, but the article discusses the competition for the title. The article discusses the main contenders. The article discusses the contenders. 

The article discusses the competition, but the article discusses the competition for the title. Luis Suarez dominated the discussion. Luis Suarez was the main contenders. Luis Suarez dominated the headlines, but the article highlights, but the article discusses the",False,True,captured
cnndm_2357,cnndm,0.5B,16,stochastic,42,20.9821,503.7,128.79,160,7.63,1049,94,67,0.0896,1.4,False," 

Andy Lee, the Irishman, won his WBO title in a dramatic 12-round draw against Peter Quillin in New York showdown against Peter Quillin. 

Andy Lee, the 120-round 12-round draw against Peter Quillin in New York, where he faced Peter Quillin, who vacated by defeating Peter Quillin, who vacated it was a 120-12 round fight against Peter Quillin, 12020-12 round 12-round middleweight bout against Peter Quillin in New York, 12-round middleweight bout against Peter Quillin in New York, where he faced Peter Quillin in New York fight against Peter Quillin in New York, 12-round fight against Peter Qu",False,True,captured
cnndm_2424,cnndm,0.5B,16,stochastic,42,17.4833,399.74,107.44,160,9.15,877,103,57,0.1174,1.81,False," Mario Balotelli, the Liverpool striker, hit back at critics for missing the FA Cup quarter-final against Blackburn Rovers due to illness by showing a thermometer reading 38.7°C (and was not included in the Liverpool's Cup quarter-final against Blackburn Rovers FA Cup quarter-final against Blackburn Rovers due to illness by showing a thermometer reading of the FA Cup quarter-final against Blackburn Rovers due to illness by showing a high temperature. He was criticized him. 

Okay, let me try to summarize this article. 

Okay, let's see more than he was missing the FA Cup quarter-final against Blackburn Rovers due to illness by showing a thermometer reading 38.7°C, the FA Cup quarter-final against Blackburn Rovers due to illness by showing a high temperature reading the FA",False,True,captured
cnndm_2434,cnndm,0.5B,16,stochastic,42,16.9222,569.63,102.85,160,9.46,837,108,53,0.129,2.04,False," 

Rory McIlroy is the career Grand Slam by winning the Masters, which would be the career Grand Slam by winning streak of the career Grand Slam by winning the Masters, with a career Grand Slam by winning the Masters, which could be a career Grand Slam by winning the Masters at Augusta National if he wins the Masters, if he wins the Masters, securing a career Grand Slam by winning the Masters, if he wins the Masters, securing the career Grand Slam by winning the Masters at Augusta National if he wins the Masters, with a win at the career Grand Slam by winning the Masters at Augusta National if he wins the Masters, marking of the year with a career Grand Slam by winning the Masters at Augusta National if he wins the Masters, if he wins the Masters, securing the career Grand Slam",False,True,captured
cnndm_2505,cnndm,0.5B,16,stochastic,42,17.5256,461.81,107.32,160,9.13,874,104,57,0.119,1.82,False," Patrick Bamford, on loan from Chelsea, scored his 17th goal of the season to help Middlesbrough secure a season to help Middlesbrough's season to help Middlesbrough's season to equalled the season to help Middlesbrough secure Middlesbrough's season to equalled the season to help Middlesbrough secure a crucial importance for Middlesbrough's season to equalled Middlesbrough's season for Middlesbrough's season to equal Middlesbrough's season, helping Middlesbrough secure a season to equal Middlesbrough's season, helping Middlesbrough secure Middlesbrough's season, helping Middlesbrough secure a 2020 the season to help Middlesbrough secure",False,True,captured
cnndm_2708,cnndm,0.5B,16,stochastic,42,13.6631,586.04,82.25,160,11.71,669,119,42,0.1779,2.83,False," Aaron Ramsey, a footballer for Arsenal, scored a goal in the FA Cup final, dedicating it to his late grandmother, Eileen, who passed away. The goal was dedicated to his late in which he dedicated to dedicate it to his late in which he dedicated the goal was dedicated to his late grandmother, Eileen, who passed away. The goal that he dedicated to his late in which he dedicated the same as a goal against Burnley, which he dedicated to his late grandmother, Eileen, who passed away recently, dedicating it to his late grandmother, Eileen, who passed away recently, dedicating it to his late grandmother, Eileen, who passed away recently. His goal against Burnley, dedicating it to his late grandmother, Eileen, who passed away recently",False,True,captured
cnndm_2716,cnndm,0.5B,16,stochastic,42,16.5377,371.18,101.68,160,9.67,833,106,55,0.1273,1.93,False," Angelique Kerber won the Family Circle Cup by defeating Madison Keys 4th WTA title. This was her fourth WTA title. Her fourth WTA title. The victory in her fourth WTA title and her fourth WTA title. The German, fourth WTA title and fourth WTA title. Kerber's fourth WTA title. Kerber's fourth WTA title, fourth WTA title and her fourth WTA title. Kerber's fourth WTA title, fourth WTA title and first WTA title. She had her fourth WTA title. The match. fourth WTA title. The match was her fourth WTA title and her fourth WTA title. Kerber's fourth WTA title, fourth WTA title. Her fourth WTA title and fourth WTA",False,True,captured
cnndm_2723,cnndm,0.5B,16,stochastic,42,28.3023,400.76,175.48,160,5.65,1439,69,92,0.0479,0.75,False," 

The article discusses the last year after Rosberg criticized each other since their relationship has been a year after Rosberg criticized Hamilton for the past and tension in Formula One. Hamilton, with Rosberg criticized Hamilton has been a few could becausing their on and tension, with Rosberg criticizing each other, with Rosberg criticized Hamilton for slowing down the past and tension in Formula One. Following the Chinese Grand Prix, where Rosberg criticized Hamilton for the past few would becausing tension in Formula One, with Rosberg criticized Hamilton for slowing down during the race, which has been a source of contention, with Rosberg criticized Hamilton for slowing down during the race, with Rosberg criticized Hamilton for slowing down during the Chinese Grand Prix, with Rosberg criticized Hamilton for slowing down during the Chinese Grand Prix",False,True,captured
cnndm_2754,cnndm,0.5B,16,stochastic,42,22.0369,333.58,136.5,160,7.26,1116,89,72,0.0797,1.24,False," Oriol Romeu, with Romeu, with Romeu, on loan at Stuttgart, predicts scores, with Romeu, with Romeu on loan at Bundesliga side Stuttgart. The key matches, with Romeu, with Romeu on Saturday's Cup matches, with Romeu, on loan at Stuttgart, forecasts for the weekend's Cup matches, with Romeu on loan at Bundesliga side Stuttgart. Romeu, on Saturday's key matches, including a key matches, with key matches, including a key league matches, with key matches, including Chelsea's on the weekend's cup matches, with key matches, including Chelsea's on-loan matches, with the weekend's Premier League and FA Cup matches. The article mentions that Romeu, with Romeu, on loan at Stuttgart, forecasts for the weekend",False,True,captured
cnndm_2790,cnndm,0.5B,16,stochastic,42,12.7059,355.36,77.68,160,12.59,637,118,43,0.1852,2.74,False," 

**Summary:**  
A body was found after a major air-sea search mission for kayaker Stephen Taylor, a kayaker Stephen Taylor, a 54-year-old kayaker Stephen Taylor, a 54-year-old kayaker Stephen Taylor, a 54-year-old kayaker from the missing kayaker Stephen Taylor, a 54-year-old kayaker from the missing kayaker, following the missing kayaker Stephen Taylor,  for kayaker Stephen Taylor,  for kayaker Stephen Taylor,  for kayaker Stephen Taylor, 54-year-old Stephen Taylor, a kayaker Stephen Taylor, 54, following the disappearance of kayaker Stephen Taylor, 54, following the disappearance of  for kayaker Stephen Taylor, 54, who was conducted by",False,True,captured
cnndm_2797,cnndm,0.5B,16,stochastic,42,18.8276,373.26,116.07,160,8.5,952,98,63,0.1029,1.56,False," 

Nathaniel Clyne, England's first-choice position by Roy Hodgson, with the position by Roy Hodgson has been given the position by Roy Hodgson has been given the position by Roy Hodgson, is a key role by Roy Hodgson has been given the position by Roy Hodgson, and is in contention for the position by Roy Hodgson, and is being tracked by Manchester United and Chelsea, is the position by Roy Hodgson, with Roy Hodgson has confirmed by Roy Hodgson has confirmed by Roy Hodgson, with the right-back position by Roy Hodgson, with the position by Roy Hodgson, with the England squad's first-choice position by Roy Hodgson, with Roy Hodgson has been told by Roy Hodgson to play in the national team's first-choice position",False,True,captured
cnndm_2835,cnndm,0.5B,16,stochastic,42,23.9472,376.07,148.25,160,6.68,1215,80,80,0.0658,1.0,False," The Margaret River Pro saw a significant number of wipe-outs, with Australian Josh Kerr and Owen Wright experiencing dramatic crashes, including a perfect  Wright experiencing dramatic crashes, including a notable for the most notably performing notable for their most notably crashing into the powerful waves, and others like the most notably crashing during the competition. Kerr's crashes. The event, including a notable for their most notable for their dramatic crashes. The event, the most notably crashing into the reef, but the most notably crashing during the competition. Kerr's impressive crashes, including Kerr's dramatic crashes, including a perfect 10 wave score. The event, featuring in the first seven of the competition, including a notable one of the event, featuring in the most notably crashing during the competition. Kerr's dramatic flip over the challenging waves,",False,True,captured
cnndm_2929,cnndm,0.5B,16,stochastic,42,13.2885,394.02,81.1,160,12.04,666,118,43,0.1772,2.74,False," 

Andrew Flintoff has called on the English cricketing public to show their love for the NatWest Twenty20 Blast and the NatWest Twenty20 cricket and support for both the NatWest Twenty20 cricket, and support for both the NatWest Twenty20 Blast and support for both the NatWest Twenty20 Blast and under-pressure Test captain Alastair Cook and support for both the NatWest Twenty20 Blast tournament and support for Alastair Cook and the NatWest Twenty20 Blast and to the NatWest Twenty20 Blast and to the NatWest Twenty20 Blast and under-pressure Test captain Alastair Cook and support for Alastair Cook and the NatWest Twenty20 Blast, and support for, and support for both the NatWest Twenty20 Blast",False,True,captured
cnndm_3009,cnndm,0.5B,16,stochastic,42,12.8314,362.4,78.42,160,12.47,647,119,42,0.1839,2.83,False," Gael Monfils, the Frenchman, beat Roger Federer in a thrilling Monte Carlo Masters last-16 match at the Monte Carlo Masters, with a score in a 6-4, 6-4, which was a  Carlo Masters last-16 match at the Monte Carlo Masters,  Carlo Masters last-16 match at the Monte Carlo Masters, 6-4, 7-6 at the Monte Carlo Masters, 6-4, 7-6,  Carlo Masters last-16 match at the Monte Carlo Masters, winning  Carlo Masters last-16 match, 6-4, 7-6, in a match at the Monte Carlo Masters, 6-4, 7-6, in a match that was a",False,True,captured
cnndm_3017,cnndm,0.5B,16,stochastic,42,19.6663,349.86,121.49,160,8.14,992,97,64,0.0978,1.52,False," 

**Summary:**  
Michael Clarke, Australia's captain, believes Kevin Pietersen could return to international cricket, despite his recent absence from England's potential to be part of the Ashes Test series, who has not only plays in the Ashes Test series. Pietersen, who was unceremoniously sacked  could return for a former England star could return to international cricket, having not only could return to international cricket is a potential to be a former England star could return for a potential to return to international cricket is a potential candidate for the Ashes Test series despite his recent absence from international cricket, who has not played in the upcoming Ashes Test series. Pietersen, who has not played for England since being disengaged from England, who has not played for England since",False,True,captured
cnndm_3098,cnndm,0.5B,16,stochastic,42,26.3192,796.99,160.52,160,6.08,1293,76,85,0.0588,0.89,False, been managing the team well in the first half of the season. The current situation for been managing the two clubs is that is not so far from ideal. Both clubs are not so many in the city is not only the red and they are not only the second half of the season is that the manager Van Gaal is a far more than it is a Premier League teams in the first half of the two clubs is not being in the first half of the season. The current situation for both clubs is that they are not in the first half of the season. The current situation for both clubs is that they are both clubs in the Premier League teams like a football club is that is not so clear that is that the club has been managing the red and the two clubs in the first half of the season,False,True,captured
cnndm_3130,cnndm,0.5B,16,stochastic,42,28.7018,417.14,177.89,160,5.57,1449,65,95,0.0449,0.68,False," 

Borussia Dortmund's Jurgen Klopp announced his departure from the club, but he expects his players and fans are not before leaving the players and will not before the final details about the players and the players and has vowed to focus remains committed to leading to the surprise was not before leaving the team and has vowed to focus remains committed to leading the players and fans and he expects his players and will not before expressing no particular reaction is not before the endorses
Klopp has vowed to focus remains on Wednesday's not before promising to focus remains on the upcoming matches will not seek to maintain that he will not before leaving, he expects his players and fans are not expecting his players and fans are not expecting any reaction from the players and fans are not expecting any particular reactions from the article says he",False,True,captured
cnndm_3227,cnndm,0.5B,16,stochastic,42,23.6345,665.64,144.46,160,6.77,1169,83,77,0.071,1.08,False," 

Adrian Heath, the new MLS manager of Orlando City, addresses local reporters about the idea of raising the idea of raising the idea of raising the idea of raising the idea of raising the soccer's the idea of raising the soccer's growth of the idea of raising the soccer's popularity of the league expansion of the sport and the potential changes to raise the crossbar heightening the goal crossbar height, humorously suggesting raising the soccer's growth of the game rules of the league's the idea of raising the soccer's popularity in the article discusses the idea of raising the soccer's growth in the article, and the idea of raising the soccer's growth of the stadium heightening the soccer's popularity in the article, he has been asked to raise the crossbar height, and shares of the game rules",False,True,captured
cnndm_3236,cnndm,0.5B,16,stochastic,42,17.6701,359.78,108.87,160,9.05,895,104,56,0.1162,1.86,False," Rafael Nadal advanced to the quarter-finals of the Monte Carlo Masters after a narrow win over John Isner, while Roger Federer was knocked out of the Monte Carlo Masters after a narrow win over John Isner, while Roger Federer was defeated John Isner, while Roger Federer was defeated by Gael Monfils, while Roger Federer was defeated by Gael Monfils, ending his first set. Roger Federer was beaten Gael Monfils, while Roger Federer was defeated in a 7-6 (correct. Roger Federer was defeated in a hard-fought victory over John Isner, while Roger Federer was defeated in a match, while Roger Federer was defeated by Gael Monfils, while Roger Federer was defeated by Gael Monfils, ending his tournament",False,True,captured
cnndm_3317,cnndm,0.5B,16,stochastic,42,12.9804,394.11,79.16,160,12.33,651,119,42,0.1828,2.83,False, The article discusses David Cameron's dispute during an interview on the Andrew Marr Show. Cameron accused the BBC of spreading of an interview on the interview on the Andrew Marr Show. Cameron accused of a interview on the Andrew Marr Show. Cameron interview on the Andrew Marr Show. Cameron interview on the Andrew Marr Show. Cameron accused of an interview on the Andrew Marr Show. Cameron accused the interview on the Andrew Marr Show. Cameron accused the BBC interview on the Andrew Marr Show. Cameron accused the BBC of spreading of a controversial interview on the Andrew Marr Show. Cameron accused the BBC of spreading misinformation incident during an interview on the Andrew Marr Show. Cameron accused the BBC of spreading misinformation incident during an interview on Sunday interview on the Andrew Marr Show. Cameron accused the BBC of spreading misinformation after an interview on the Andrew Marr,False,True,captured
cnndm_3319,cnndm,0.5B,16,stochastic,42,15.0153,342.71,92.28,160,10.66,754,110,50,0.1459,2.2,False," A man in a motorized wheelchair fell from a platform in Washington, D.C., Tuesday afternoon, onto electrified subway tracks, where he was rescued by two men who was rescued by two unknown, onto electrified subway tracks on Tuesday afternoon, onto electrified subway tracks, where he was rescued by two men after his wheelchair rolling onto electrified subway tracks after his wheelchair rolling over the edge onto electrified subway tracks Tuesday afternoon, onto electrified subway tracks, onto electrified subway tracks, where he was rescued by two men after his wheelchair rolled onto electrified subway tracks, onto electrified subway tracks, where he was rescued by two men after his wheelchair rolled over the edge of the platform on Tuesday afternoon, and was rescued by two men who leaped onto electrified subway tracks Tuesday afternoon, onto",False,True,captured
cnndm_3330,cnndm,0.5B,16,stochastic,42,15.0194,357.92,92.21,160,10.65,759,112,49,0.1476,2.29,False," James Milner, a Manchester City midfielder, is preparing for a waiting game until the end of the end of the season to decide on the end of the end of the end of the season to decide on his future at the end of the season to decide on his future at the end of the season to decide his future at the end of the season to decide his future at the end of the season to decide his future at the end of the season to decide his future after the season ends before deciding on his future at the end of the season. He is considering his future, and is preparing for a waiting game until the end of the season to decide on his future at the end of the season to decide his decision on his future at the end of the season. He is preparing for a waiting",False,True,captured
cnndm_3381,cnndm,0.5B,16,stochastic,42,16.8787,359.35,103.9,160,9.48,855,107,54,0.1251,1.98,False," Tim Sherwood of Aston Villa offered encouragement to a six-year-old fan, Charlie Pye, who applied for the manager, who applied for his parents as assistant managers if he had been offered the job. Charlie, who applied for the manager of Leamington Spa, who applied for the manager of Aston Villa's, who applied for the manager of Aston Villa manager to his parents as he beat to the job. Charlie Pye, a six-year-old fan from Leamington Spa, who applied for the manager, who applied for the manager position after he beat to the job. Charlie Pye, a six-year-old fan, Charlie Pye, who applied for the manager, after he beat to the job. Charlie Pye, a six-year-old from Leamington Spa, who applied",False,True,captured
cnndm_3607,cnndm,0.5B,16,stochastic,42,23.6272,475.97,145.61,160,6.77,1190,84,76,0.0706,1.11,False," The article discusses the contrasting views between Jose Mourinho and Arsene Wenger on the football strategy. Wenger prioritizes attractive, while Mourinho focuses on winning through any style and attractive, while Mourinho, who he promotes attractive, attractive, while Mourinho and attractive, artistic, and Mourinho, who is more focused, while Mourinho's attractive, artistic, attractive, artistic, attractive, artistic, attractive, artistic, attractive, artistic footballing attractive, artistic football's romantic, attractive, artistic football's artistic, attractive, artistic football, while Mourinho, who is more focused on attractive, artistic footballing attractive, artistic football aesthetics and attractive, artistic football aesthetics and attractive, artistic football, attractive, artistic football, while Mourinho's attractive, artistic footballing artistry and attractive, artistic football, attractive, artistic football, while Mourinho",False,True,captured
cnndm_3739,cnndm,0.5B,16,stochastic,42,12.9663,347.01,79.37,160,12.34,650,120,41,0.1846,2.93,False," 

**[Insert summary here]**

**[Insert summary here]**

**[Insert summary here]**
Diego Maradona, the summary here]**
Diego Maradona, celebrated footballer and former Argentina's summary here]**

**[Insert summary here]**

**[Insert summary here]**

**[Insert summary here]**
**[Insert summary here]**

Diego Maradona, the summary here]**

**[Insert summary here]**

**[Insert summary here]**

**[Insert summary here]**
Diego Maradona, renowned footballer and  **

**[Insert summary here]**
Diego Maradona, renowned footballer and  ]**
**[ ]** 

**[Insert summary here]**

**[Insert summary here",False,True,captured
cnndm_3838,cnndm,0.5B,16,stochastic,42,18.0448,365.26,111.19,160,8.87,914,101,59,0.1105,1.71,False," Rafael Nadal defeated Nicolas Almagro 6-3 6-1 to reach the Barcelona Open third round, marking his continued progress in his pursuit of his pursuit of his pursuit of his pursuit of his ninth title on his pursuit of his ninth title on his continued progress in his bid for his pursuit of his ninth title on his pursuit of his ninth title on his pursuit of his ninth title on his path to his pursuit of his ninth title on his quest for his pursuit of his ninth title on his quest for his ninth title on his quest for his ninth title on clay court in his pursuit of his ninth title on clay court. Nadal's his pursuit of his ninth title on clay. Nadal, his continued progress in his quest for his ninth title on clay. Nadal, aiming for",False,True,captured
cnndm_4036,cnndm,0.5B,16,stochastic,42,21.4583,338.77,132.83,160,7.46,1084,88,72,0.0812,1.22,False," Juventus are monitoring Raheem Sterling's situation at Liverpool, with the Italian champions wanting to potentially to strengthen their potential interest in the England international winger to potentially to strengthen their squad reinforcements this summer to potentially to sign the England international winger Raheem Sterling as a potential to strengthen their squad this summer to strengthen their squad this summer to strengthen their squad this summer to potentially to strengthen their squad this summer to strengthen their squad. Sterling for £55555 million. They are interested in acquiring the England international winger Raheem Sterling, and have made an offer for the England international winger Raheem Sterling, while also pursuing a potential transfer for £55m to strengthen their squad this summer to potentially to sign the England international winger, as a potential £55m to potentially to potentially",False,True,captured
cnndm_4058,cnndm,0.5B,16,stochastic,42,10.6309,366.63,64.56,160,15.05,532,126,35,0.2368,3.6,False," Steven Naismith, the Everton forward, has been awarded the Barclays Spirit of the Game Award for his selfless charity work and community contributions. He has been awarded for his selfless charity work and community. Game Award for his selfless charity work and contributions to the local community. He has received the Game Award for his selfless charity work and community. Game Award for his selfless charity work and community. He has received the Barclays Spirit of the Game Award for his selfless charity work and contributions to the local community. He has received the Barclays Spirit of the Game Award for his selfless charity work and contributions to the Game Award for his selfless charity work and contributions to the local community. He has worked with local community. Game Award for his selfless charity work and community. He",False,True,captured
cnndm_4149,cnndm,0.5B,16,stochastic,42,21.9655,374.71,135.79,160,7.28,1112,88,73,0.0791,1.21,False," Michael Carrick, an England player who has played in a significant number of international matches, has been a key figure, has had a mixed with a few years, has had a number of international matches, has been a, has been a key facts. The article discusses his performance and the role, has had a number of international matches, has been a key player, has had a mixed record, has not been a significant number of international matches, has had a mixed with a mixed with  and has been part of the team, has had a mixed with limited, has been a number of international matches, has shown to be
Okay, so far more than 30, has been criticized for his inconsistent performances have had a mixed record, with  and has been a lot of matches,",False,True,captured
cnndm_4226,cnndm,0.5B,16,stochastic,42,13.3923,373.46,81.88,160,11.95,671,117,44,0.1744,2.66,False," Smita Srivastava, an Indian woman, has set a record for having the longest hair in India, currently holds the longest hair in India at 7ft (2.1m), and is the longest hair in India at 6ft (1.8m) the longest hair in India, currently holding the longest hair in India at 6ft (1.8m) the longest hair in India at 6ft (1.8m) of the longest hair in India at 6ft (1.8m) the longest hair in India at 7ft (2.1m) of the longest hair in India, and is working in India's longest hair in India, with her  the longest hair in India at 6ft (1.",False,True,captured
cnndm_4258,cnndm,0.5B,16,stochastic,42,13.6592,400.95,83.39,160,11.71,687,117,44,0.1703,2.66,False," UEFA has charged Bayern Munich manager Pep Guardiola for wearing a t-shirt demanding justice for Jorge Lopez, a journalist who died in a suspiciously killed journalist Jorge Lopez, a journalist Jorge Lopez, a journalist, Jorge Lopez, a journalist who died in a car accident victim Jorge 'El Topo' Jorge Lopez, a journalist who died in a car accident during a journalist Jorge Lopez, a journalist who died in a suspiciously journalist Jorge Lopez, a journalist who died in a suspiciously killed journalist Jorge Lopez, who died journalist Jorge Lopez, a journalist who died in a suspiciously killed journalist Jorge Lopez, who died in a car accident during a pre-match press conference, Jorge 'El Topo' Jorge Lopez, a journalist who died in a suspiciously killed journalist Jorge Lopez, who died in a car",False,True,captured
cnndm_4375,cnndm,0.5B,16,stochastic,42,16.6748,608.05,101.05,160,9.6,817,107,54,0.131,1.98,False," 

Ade Adebayo, a 34-year-old fan, with only 500 were in town, with only 500 were in town, with only 500 available in town, with only 500 available on the world-wide event in the world-wide event in the boxing event in town, with only 500 available on general sale, with only 500 tickets in Las Vegas. Only 500 were in town, with only 500 available in town, with only 500 available on general sale and were in town, with only 500 available on general sale, distributed by the fighters, promoters, and the world-wide, with only 500 available on the world has been",False,True,captured
cnndm_4559,cnndm,0.5B,16,stochastic,42,13.974,382.01,85.48,160,11.45,704,116,45,0.1648,2.58,False," 

Reality TV star and singer Lil' Chris, known as Chris Hardman, who died on March 23, died on March 23,  died on March 23, 2023, died on March 23 at  died on March 23, 2023, died on March 23 at 24 died on March 23, 2023, died on March 23 at 24-year-old pop star and died on March 23, 2023, died by his real name was found himself struggled with depression, died on March 23 at 24-year-old pop star died on March 23, 2023, died by hanging at",False,True,captured
cnndm_4589,cnndm,0.5B,16,stochastic,42,20.7756,359.63,128.4,160,7.7,1053,93,68,0.0883,1.37,False," 

Mazzy, a four-year-old girl with Spina Bifida, was on a Southwest Airlines flight from Tampa to Pittsburgh on a condition, was on a condition, was on a Southwest Airlines crew members of Tampa to Pittsburgh on a condition that was flying on a spinal cordially received a heartwarming birthday surprise during a Southwest Airlines crew members of Tampa, was on a Southwest Airlines crew members on a condition that is on a Southwest Airlines crew members, was on a Southwest Airlines crew members on a Southwest Airlines crew members, and her mother Brein Bjorson Marzano, was on a Southwest Airlines flight from Tampa to Pittsburgh on their mother Brein Bjorson Marzano, her mother Brein Bjorson Marzano, and her family members, was on a Southwest Airlines flight",False,True,captured
cnndm_4621,cnndm,0.5B,16,stochastic,42,11.5141,364.08,70.13,160,13.9,576,122,38,0.2118,3.21,False," The Canadian tourist, Debra Fortin, who was involved in the death of a Chinese woman, Cui Hongfang at the Great Wall of China has agreed to pay over 73. The Canadian tourist, Cui Hongfang at the Great Wall of China has agreed to pay over £60,000 in compensation to the victim’s family. The incident at the Great Wall of China has agreed to pay over 73-year-old woman, Cui Hongfang, at the Great Wall of China has agreed to pay over £60,000 in compensation to the victim’s woman, Cui Hongfang at the Great Wall of China has agreed to pay over £60,000 in compensation to the victim’s woman, Cui Hongfang, C",False,True,captured
cnndm_4659,cnndm,0.5B,16,stochastic,42,25.0114,624.71,153.38,160,6.4,1245,79,81,0.0635,0.98,False," 

2. The video in the song in the rap in front of war-t in front of war-t in front of dramatic scenes of civil war in Benghazi, a rap in the war-taped in the song in front of war-tornament in the war-torn scenes of his music in front of dramatic scenes of civil war in the war-torn scenes of civil war scenes of his music in front of dramatic scenes of the rap in the song in a rap in the song in the song in the song in the war-torn scenes in the war-torn city of Benghazi, with armed conflict-rapart in the war-torn scenes of civil war scenes of civil war scenes in front of war-torn scenes in the war-torn city of Benghazi, where he is seen performing in the",False,True,captured
cnndm_4663,cnndm,0.5B,16,stochastic,42,16.5007,524.53,100.48,160,9.7,816,108,53,0.1324,2.04,False," 

James Houlder and his girlfriend Vicki Hood, who saved up for a holiday at the Sonesta Beach Resort in Sharm El Sheikh, Egypt, fell ill with food poisoning in Egypt, contracted food poisoning at the Sonesta Beach Resort in Egypt, contracted food poisoning in Egypt, are still suffering from the Sonesta Beach Resort in Sharm El Sheikh, Egypt, fell ill with food poisoning within a Sonesta Beach Resort in Sharm El Sheikh, Egypt, contracted food poisoning during which was infected with food poisoning in Egypt, are still suffering from health issues, nine months ago, fell ill with food poisoning shortly after their all-inclusive trip to the Sonesta Beach Resort in Sharm El Sheikh, Egypt, fell ill with food poisoning shortly after their son the Sonesta Beach Resort in Sharm",False,True,captured
cnndm_4786,cnndm,0.5B,16,stochastic,42,21.4486,732.37,130.29,160,7.46,1056,94,67,0.089,1.4,False," 

2. The author Jamie Carragher's half-time congratulating a half-time congratulating a handshake and the way he congratulating a handshake with a goal against Sunderland striker Jermain Defoe during a half-time congratulations toasting a goal by Jamie Carragher's half-time congratulating a controversially congratulating a handshake with the way he congratulated Sunderland striker Jermain Defoe during a crucially congratulating Sunderland striker Jermain Defoe during a crucially congratulating Sunderland striker Jermain Defoe during a half-time celebrations with a goal against Sunderland striker Jermain Defoe during a half-time momentously congratulating Sunderland striker Jermain Defoe during a half-time moment in a half-time congratulating Sunderland striker Jermain Defoe during a half-time moment in a crucially congratulating Sunderland striker Jermain",False,True,captured
cnndm_4943,cnndm,0.5B,16,stochastic,42,16.7252,399.51,102.68,160,9.57,841,106,54,0.126,1.96,False," 

2. He plans to convert his hotel Westward Ho! is planning to convert his hotel Westward Ho! is planning to convert his hotel, plans to convert his hotel Westward Ho! aims to reviving the owner of Westward Ho! aims to revitalize the owner of Westward Ho! hotel owner of Westward Ho! hotel owner, plans to convert his hotel, plans to convert his hotel, plans to convert his hotel, plans to convert his hotel, Westward Ho! is planning to convert his hotel Westward Ho! is planning to convert his hotel, plans to convert his hotel, plans to convert his hotel, Westward Ho! is planning to convert his hotel into a swingers' paradise to transform his hotel owner of Westward Ho! is planning to convert his hotel,",False,True,captured
cnndm_4993,cnndm,0.5B,16,stochastic,42,15.5106,570.68,93.96,160,10.32,766,112,49,0.1462,2.29,False," The article discusses the walls of a cave 100-footed walls of a cave 100-foot cave walls of a cave in Naours, France, written by First World War soldiers in a cave walls of a cave 100-foot cave walls in a cave 100-foot-deep underground walls of a cave 100-foot-deep walls of a cave 100 feet of a cave in Naours, France, written by First World War soldiers in a cave 100 feet beneath the French countryside, walls of a cave 100 feet beneath the French countryside, left by First World War soldiers who were found in a cave 100 feet beneath the French countryside, left by First World War soldiers in a cave 1",False,True,captured
cnndm_5012,cnndm,0.5B,16,stochastic,42,21.2042,468.35,130.41,160,7.55,1063,92,69,0.0865,1.33,False," 

Facial exercises have been around for centuries, with historical figures like Ninon de L'Enclose and modern beauty and modern practices, and modern-day and modern beauty and modern experts promoting beauty and modern-day, and modern times, and modern experts promoting beauty routines, and modern beauty and modern experts promoting beauty routines. At 65, Sarah's beauty and modern times, and modern experts like Cleopatra and modern beauty and modern experts like Carole Maggio, a courtesan and modern beauty routines, and modern experts like Carole Maggio, a modern beauty routines, and modern experts like Carole Maggio promoting beauty routines, and modern experts like Carole Maggio promoting beauty routines. The article discusses the author and modern times, and modern experts like Cleopatra and modern",False,True,captured
cnndm_5034,cnndm,0.5B,16,stochastic,42,20.2771,414.06,124.92,160,7.89,1021,94,66,0.0921,1.42,False," 

Candice Swanepoel has appeared in Max Factor's latest beauty campaign as Marilyn Monroe, replicating Marilyn Monroe, posing as Marilyn Monroe. The  as Marilyn Monroe. The 26-year-old South African model as Marilyn Monroe. The 26-year-old South African model as Marilyn Monroe, posing as Marilyn Monroe, posing as Marilyn Monroe, embodying Marilyn Monroe. The article: she is a tribute to Marilyn Monroe. The article, embodying Marilyn Monroe, replicating Marilyn Monroe. The  as Marilyn Monroe, posing as Marilyn Monroe. The campaign, embodying Marilyn Monroe, replicating Marilyn Monroe's latest beauty campaign, embodying Marilyn Monroe, embodying Marilyn Monroe, posing as Marilyn Monroe, embodying the brand, posing as Marilyn Monroe, replicating Marilyn Monroe's",False,True,captured
cnndm_5061,cnndm,0.5B,16,stochastic,42,11.9201,411.45,72.38,160,13.42,592,120,40,0.2027,3.0,False," 

California Gov. Jerry Brown ordered state officials to impose mandatory water restrictions for the first time in history to address the first time in history on Wednesday, as the state faces a severe drought, as the state faces a severe drought, as the state continues to grapple with a serious drought. The order requires a time in history, requiring cities and towns to cut water usage by 25% time in history, requiring cities and towns to cut water usage by 25% compared to 201 time in history, unprecedented time in history, requiring cities and towns to cut water usage by 25% compared to 201 time in history to cut water usage by 25% compared to 20 time in history, as the state faces a severe drought, as",False,True,captured
cnndm_5118,cnndm,0.5B,16,stochastic,42,12.8808,410.23,78.43,160,12.42,642,119,42,0.1854,2.83,False," Morgellons disease is a condition that has been described by those who suffer from it as causing fatigue, memory loss, and skin sores with colorful fibers, including singer Joni Mitchell, who claims to cause fatigue, with symptoms including singer Joni Mitchell, who claims to cause fatigue, memory loss, and skin sores, with symptoms including fatigue, memory loss, and the as causing fatigue, memory loss, and skin sores that causes fatigue, memory loss, and skin sores that produce colorful fibers from the medical community as causing fatigue, memory loss, and skin sores that produce colorful fibers, which is a condition that has been described by those who suffer from it as causing fatigue, memory loss, and skin sores with colorful fibers. Joni as causing fatigue, memory loss,",False,True,captured
cnndm_5164,cnndm,0.5B,16,stochastic,42,15.4057,385.65,94.47,160,10.39,776,111,50,0.143,2.22,False," 

2. 2. 

2. Princess Beatrice, 26, surprised place you would expect to find a royal, but not expected place you would expect to find a royal, but not the last place you would expect to find a royal, but Princess Beatrice, but not the least expected place to find a royal, but Princess Beatrice, 26, surprised place you'd place you would expect to find a royal, but Princess Beatrice, 26, surprised many would expect to find a royal, but Princess Beatrice, 26, surprised many by no place you would expect to find a royal, but Princess Beatrice recently unexpected place to find a royal, but Princess Beatrice, 26, surprised many by attending the opening of the V",False,True,captured
cnndm_5202,cnndm,0.5B,16,stochastic,42,21.8769,700.11,133.19,160,7.31,1073,89,72,0.0829,1.24,False," 

1. David Fitzgerald, a San Francisco-based author, claims that Jesus Christ did not exist but was a literary invention combining stories from various things, but is a fictional and is a real person and is a.  not exist but the real person and is likely not exist but is a fictional and is likely not exist as a real person and is likely not exist as a historical figure and is likely not exist as a historical person and is likely a. not exist and is likely not exist as a historical figure, and is likely a. not exist and is likely a. not exist, and is likely a literary invention, and is likely a literary invention, arguing that the figure and is a real person and is likely not exist as a historical existence and that the historical evidence that Jesus Christ did not",False,True,captured
cnndm_5318,cnndm,0.5B,16,stochastic,42,15.3374,795.6,91.46,160,10.43,737,111,49,0.1506,2.27,False," The show's creator, a former TV presenter, had no comment on the story. The article also creator, a former TV presenter, a former TV presenter, a picture of the show's creator, a TV presenter, a segment, in the article also mentioned that Dr Brandt's creator, a former TV presenter, had no comment on the story. The article also mentioned that Dr Brandt was published a former TV presenter, had a former TV presenter, had a picture of Dr Brandt's publicist Jacquie Tractenberg, the article, which described the doctor as an 'unnervingly ageless-looking personage', said that Dr Brandt's creator, a former TV presenter, had no comment on the story. The article also creator, a former TV presenter, Tina Fey's",False,True,captured
cnndm_5333,cnndm,0.5B,16,stochastic,42,20.3224,473.24,124.84,160,7.87,1019,95,66,0.0932,1.44,False," The article discusses a study on skin samples of the skin samples of real skin and scientists used X-ray beams to observe microscopic changes in skin samples of the skin's found that collagen fibers in the dermis straightened that the skin samples of the skin's found that collagen fibers in the dermis straighten skin samples from Lawrence Berkeley National Laboratory and the effects of stress resistance properties by observing microscopic changes in the study skin samples from Lawrence Berkeley National Laboratory used X-ray beams to observe that the skin samples from Lawrence Berkeley National Laboratory and Gillette's research on shaving techniques, using X-ray beams observed that the collagen fibers in the dermis straighten and stretch to share findings suggest that the skin's collagen fibers in the dermis straightened skin samples from Gillette have discovered that collagen fibers in the dermis straight",False,True,captured
cnndm_5346,cnndm,0.5B,16,stochastic,42,15.6428,413.31,95.78,160,10.23,783,109,52,0.1392,2.1,False," 

1. Marine Le Pen, the leader of the French National Front, has faced increasing tension with her father, Jean-Marie Le Pen, over the founder Jean-Marie Le Pen, and escalated tensions with her father, Jean-Marie Le Pen, her father, and escalating tensions with her father, Jean-Marie Le Pen, over his father, and is a rifts escalating tensions with her father, Jean-Marie Le Pen, over a significant tension with her father, Jean-Marie Le Pen, over a significant rifts escalating tensions with her father, Jean-Marie Le Pen, over his father, Jean-Marie Le Pen, her father, Jean-Marie Le Pen, her father, Jean-Marie Le Pen, over the 2. 

1. Marine Le Pen, the",False,True,captured
cnndm_5365,cnndm,0.5B,16,stochastic,42,16.8163,412.74,103.17,160,9.51,844,106,54,0.1256,1.96,False," 

A man, Robert Mccombs, strangled his friend Steven Carl Day to death in a fit the death in a fit the death after Day admitted to molesting young girls, after Day's death in a death in a fit of the death after Day admitted to molesting young girls, including the death in a fit of rage after Day admitted to molesting young girls, after Day admitted to molesting young girls, including a death in a fit of rage after Day admitted to molesting young girls, including a relative and his death in a fit of rage after Day confessed to molesting young girls and his death after Day to death after Day admitted to molesting young girls, after Day admitted to molesting young girls, after Day admitted to molesting young girls, including a relative, after",False,True,captured
cnndm_5446,cnndm,0.5B,16,stochastic,42,18.6586,726.2,112.78,160,8.58,910,101,60,0.111,1.68,False," The Queen will lead a religious service commemorating the 70th anniversary of Victory in Europe (VE Day) Day) Day, marking the end of WWII. The service will beacons will be held at Westminster Abbey on May 8, a religious service commemorating the 70th anniversary of Victory in Europe (VE Day) Day, marking the end of WWII. The service commemorating the 70th anniversary of VE Day, marking the end of WWII. The service at Westminster Abbey, which marks the end of WWII, with events, marking the end of WWII, which marks the end of WWII. The service will beacons, which marks the end of WWII in the UK, which marks the end of WWII in Europe Day, marking the end of WWII. The Queen will",False,True,captured
cnndm_5481,cnndm,0.5B,16,stochastic,42,25.456,734.45,155.48,160,6.29,1255,78,83,0.0622,0.94,False," 

David Light, account director at The Data Partnership, revealed his company's tactics of 

David Light, account director at The Data Partnership, revealed his company's tactics of using underhanding information harvesting personal data harvesting personal data collection, including using underhand persuasion used to trick homeowners to coaxing information from people by using underhand persuasion used to trick homeowners into people to coaxing information from people through undercover deception inappropriately coercing personal data harvesting personal data harvesting personal data harvesting personal data harvesting personal information gathering personal data harvesting personal information harvesting personal information gathering by using offshore cold-cold calls to coaxing information from people by using undercover deception to coaxing information from people through undercover reporting on the phone surveys to coaxing information from people through undercover reporting. The Data Partnership, a) using underhand",False,True,captured
cnndm_5516,cnndm,0.5B,16,stochastic,42,19.3434,397.36,119.16,160,8.27,974,98,63,0.1006,1.56,False," Carla Zampatti's SS15-16 collection at Sydney's Opera House celebrated her 50th year, celebrating her  celebrated her 50themed a  celebrated her 50th anniversary celebration of 1 celebrated her 50th year, presented a  marked her 50th anniversary celebration of 50th was a celebration of her 50 years in fashion. The collection, marking her 50th anniversary celebration of 50 years in fashion, featuring bold colors, presented a vibrant and the designer's  celebrated her 50th year, celebrating her 50th year of bold colors and the designer's 50th anniversary celebration marked her 50th year in a  celebrated her 50th year",False,True,captured
cnndm_5556,cnndm,0.5B,16,stochastic,42,15.7413,650.48,94.91,160,10.16,769,112,49,0.1456,2.29,False," The article compares the cost of room service in Sofia, Bulgaria, and other destinations, and finds that Sofia offers the best value for Britons, with a night's stay in a report shows that Sofia offers the best value for Britons this summer, highlighting that Sofia offers a night's stay in a four-star hotel, and finds that Sofia offers the best value for Britons this summer, highlighting that Sofia offers the most notably Zurich, New York, Zurich, New York, Zurich, London, New York, Zurich, and finds that Sofia offers the best value for Britons this summer, with Sofia offering the best value for Britons this summer, as well as hotel stays in four-star hotels, with Sofia offering that Sofia offers the best value for Britons this summer, with Sofia offering the best",False,True,captured
cnndm_5581,cnndm,0.5B,16,stochastic,42,11.6301,419.55,70.51,160,13.76,577,123,37,0.2132,3.32,False," Dunkin Donuts has introduced a new spring menu with five new food options, including two 340-calorie cheesecake-filled donuts, a 640-calorie Pretzel Roll Chicken Sandwich, 3400 two high-calorie items like the 640-calorie Pretzel Roll Chicken Sandwich, 3400 two 3400 two 340-calorie cheesecake-filled donuts, a 640-calorie Pretzel Roll Chicken Sandwich, 3800 two high-calorie items like the 640-calorie Pretzel Roll Chicken Sandwich, two 340-calorie cheesecake-filled donuts, two high-calorie items like the 640-calorie Pretzel Roll Chicken Sandwiches",False,True,captured
cnndm_5701,cnndm,0.5B,16,stochastic,42,22.1209,470.9,136.16,160,7.23,1110,87,73,0.0784,1.19,False," The Future Music Festival's decision to cancel in 2016 sparked mixed reactions. Many people were genuinely upset, were upset, were upset, blaming the cancellation, were upset, blaming the organisers for spending too much on headlined with the cancellation was upset, the cancellation of the festival's decision to blame the organizers for spending too much on Drake and Avicii, but others mocked for the cancellation, blaming the organizers for spending too much money on headline acts Drake and Avicii. Others were upset, blaming organisers for spending too much on the cancellation, blaming the organizers for oversensitive to blame the cancellation was upset, blaming the organizers for overset upset, blaming the organizers for overspending the cancellation, including the festival organisers for the festival organizers for the cancellation, blaming the organisers for spending",False,True,captured
cnndm_5721,cnndm,0.5B,16,stochastic,42,19.8457,393.19,122.34,160,8.06,999,94,66,0.0941,1.42,False," 

1. Aaron Hernandez, a former New England Patriots player, was found guilty of 

2. 

1. Aaron Hernandez, a former New England Patriots player, was found guilty of
2. The article discusses his access to a black Glock pistol and is charged with murdering Odin Lloyd's murder in a murder in the murder in the murder in the murder of killing Odin Lloyd's murder of murdering Odin Lloyd's murder of murdering Odin Lloyd, is charged with murdering Odin Lloyd, a murder in the 2. 

2. The murder in the murder of Odin Lloyd's murder of murdering Odin Lloyd, a murder, is on the murder in the murder of Odin Lloyd, is on trial, is charged with killing Odin Lloyd, a semipro football player Odin Lloyd's murder of murdering Odin Lloyd, is",False,True,captured
cnndm_5737,cnndm,0.5B,16,stochastic,42,26.2002,455.5,161.92,160,6.11,1323,74,86,0.0559,0.86,False," Sean McCabe, a father-of-three, was diagnosed with stage four Hodgkin Lymphoma in  I need to be in 1. 

Okay, I need to correct, and initially in  (he was told he had only to the article: 

Okay, I'ma in  Lymphoma in  The article discusses his cancer in  (1. After being told he had only two months to live, leading to the article.
Okay, I'ma in 2. 

Okay, I'ma in 2. 

Okay, I need to summarize this article discusses his cancer in 2013 and initially in 20ma in 20130ma in 2013 and initially in 2013, and given a",False,True,captured
cnndm_5797,cnndm,0.5B,16,stochastic,42,18.9266,413.38,116.44,160,8.45,951,98,62,0.103,1.58,False," The article discusses the alarming increase in foreign fighters joining militant groups like Al Qaeda and Islamic State in Syria and Iraq, with over 20,000 from over  Iraq, with the number of countries. The number of countries, according to a report by  Iraq, with over 20,000 from over 201. The number of countries. The report. The report by  Iraq, Iraq, with over 20,000 fighters from over 20, according to a report by the United Nations found that over 20,000 foreign fighters from over 201000000 Iraq, with the number of foreign fighters, the report highlights the region, according to a report by the United Nations highlights",False,True,captured
cnndm_5811,cnndm,0.5B,16,stochastic,42,12.5569,352.51,76.76,160,12.74,627,120,40,0.1914,3.0,False," 

**Summary:**  
A 17-year-old teenager, Justus Howell, was shot twice in Illinois, was shot twice in the back by police in Illinois, was shot twice in the back by police in Zion, Illinois, was shot twice in the back by police in Zion, Illinois, was shot twice in the back by police in Zion, Illinois, during an aspiring to be a surgeon, was shot twice in the back by police in Zion, Illinois, died after moving to Zion, was shot twice in the back by police in Zion, Illinois, died after moving to Zion, Illinois, from Wisconsin, was shot twice in the back by police in Zion, Illinois, on Saturday afternoon in Illinois, was shot twice in the back by police in Zion, Illinois, on Saturday afternoon was",False,True,captured
cnndm_5903,cnndm,0.5B,16,stochastic,42,11.3125,402.05,68.62,160,14.14,564,123,38,0.2181,3.24,False," 

In a recent statement, former MI5 officer Brian Gemmell admitted to covering up the sexual abuse of boys at the sexual abuse at the sexual abuse at the Kincora children's up the sexual abuse of boys at the Kincora children's home in the sexual abuse at the Kincora children's home in Belfast's up the sexual abuse of boys at the Kincora children's home in Northern Ireland's up the sexual abuse of boys at the Kincora children's home in the Kincora children's home abuse at the Kincora children's home in the Kincora children's home in the Kincora's up the sexual abuse of boys at the Kincora children's home in the Kincora children's home in the sexual abuse at the Kinc",False,True,captured
cnndm_5970,cnndm,0.5B,16,stochastic,42,18.2264,402.24,112.1,160,8.78,918,101,59,0.11,1.71,False," The article discusses various Easter traditions across different countries, including southern Germany, Slovakia, Hungary, and others. In southern Germany, the article discusses the unique to highlight unique customs. In southern Germany, where the celebrations. In southern Germany, where celebrations. In southern Germany, the article discusses traditional Easter Monday. In southern Germany, the article highlights unique celebrations. In southern Germany, the Georgiritt, highlighting the unique to highlight unique customs such as Poland, highlighting the unique customs. In southern Germany, where the celebrations. In southern Germany, the Georgiritt, a traditional Easter traditions. In southern Germany, the Georgiritt, a traditional Easter Monday. In southern Germany, the Georgiritt, a traditional Easter Monday horseback processions. In southern Germany, the Georgiritt parade in",False,True,captured
cnndm_6014,cnndm,0.5B,16,stochastic,42,16.9848,357.15,104.58,160,9.42,859,106,54,0.1234,1.96,False," 

2. 2. 2. Lu Lu and his record for his record for his record-breaking mating record for his record-breaking mating record, for his record-breaking mating session' for his record-breaking mating session with his record for his record-breaking mating session with his record-breaking mating session that his record-breaking mating session with his record-breaking mating session, which is the key facts and entities: The Enduring Brother' for his record-breaking mating record for his record-breaking mating session with his partner Zhen Zhen for his record-breaking mating session with his partner Zhen Zhen, for his record-breaking mating session with his partner Zhen Zhen, which is known for his record-breaking mating session with his partner Zhen Zhen, lasting longer than the average American man in bed, with the",False,True,captured
cnndm_6169,cnndm,0.5B,16,stochastic,42,12.4247,394.17,75.66,160,12.88,620,120,41,0.1935,2.93,False," 

The mother-of-three Michelle Schwab, an assistant director at KinderCare, was 

The mother-of-three Michelle Schwab, an assistant director at KinderCare, was charged with child endangerment after allegedly dangling her two-year-old son into a cheetah pit at Cleveland Metroparks Zoo, charged with child endangerment charges with her husband leaping into a mother-of-three Michelle Schwab, a mother-of-three who was charged with child endangerment after allegedly dangling her two-year-old son into a cheetah pit at the subject to be charged with child endangerment after allegedly dangling her two-year-old son overcharged with her two-year-old son into a cheetah pit at Cleveland Metroparks Zoo, charged with child endangerment after allegedly dangling her two-year-old son overcharged with",False,True,captured
cnndm_6202,cnndm,0.5B,16,stochastic,42,18.9443,591.8,115.42,160,8.45,939,100,61,0.1065,1.64,False," 

John Travolta, a celebrity who has broken his silence on the controversial Scientology documentary 

John Travolta has stated that has stated that aired on HBO's allegations, has stated that he has never experienced a documentary Going Clear, has stated that he has stated that he has never experienced positive experience, has stated that he never intends to watch the film ""Going Clear,""Going Clear, has stated that he never intends to watch the film, has stated that he never intends to watch the film, which is titled ""Going Clear,""Going Clear, has stated that he never intends to watch the film, stating that he has never experienced the HBO's allegations, has stated that he never intends to watch the film, stating that he has never experienced the HBO's ""Going Clear,""Going Clear, has stated that",False,True,captured
cnndm_6235,cnndm,0.5B,16,stochastic,42,17.461,460.38,106.92,160,9.16,874,104,57,0.119,1.82,False," The Carnival Spirit, a 2500-passenger cruise ship, is stranded outside Sydney Harbour due to severe weather off Sydney Harbour in Sydney Harbour in Sydney Harbour in Sydney Harbour due to severe weather conditions, Sydney Harbour due to severe weather conditions off Sydney Harbour due to severe weather off Sydney Harbour due to severe weather, Sydney Harbour due to severe weather, Sydney Harbour due to severe weather, including Sydney Harbour due to severe weather, including the Sydney Harbour due to severe weather off Sydney Harbour due to severe weather, including  Sydney Harbour due to severe weather, Sydney Harbour due to severe weather, including  Sydney Harbour due to severe weather, including 1 Sydney Harbour due to severe weather, including 11-meter waves have been stranded outside Sydney Harbour due to severe weather off Sydney Harbour due to severe weather",False,True,captured
cnndm_6316,cnndm,0.5B,16,stochastic,42,22.01,374.94,136.07,160,7.27,1115,88,72,0.0789,1.22,False," The 6 inches of snow, the city's worth of snow, setting a new seasonal snow, which is 9 feet of snow, breaking the previous seasonal snow, 6 inches of snow, breaking the previous seasonal snow, breaking the previous seasonal record of snow, breaking the previous seasonal snow, setting a new seasonal record.6 inches of snow, breaking the previous seasonal record of 6 inches of snow, breaking records, 6 inches of snow, setting a new seasonal record.6 inches of snow, breaking the previous seasonal record of 14 inches of snow, breaking the city's Severe snow, which was the city had to pay volunteers to the city's record snow, breaking the previous seasonal snow,6 inches of snow, setting a new seasonal record. The 6 inches",False,True,captured
cnndm_6359,cnndm,0.5B,16,stochastic,42,19.4795,364.91,120.22,160,8.21,986,94,67,0.0953,1.4,False," Laura Wells, a plus-sized model, has revealed that her peers, including those who Laura Wells has found international success as a size 14 model, including appearing in Cosmopolitan and Australian Women's Weekly magazines. She has international success as a size 14 model, including appearing in Cosmopolitan and Australian Women's Weekly magazine, in the term themselves are considered themselves are considered themselves are thinner models in the fashion models in the fashion models in the fashion industry professionals in the fashion industry, in the fashion industry, in the fashion industry, often have been successful models in the fashion industry, in the fashion industry, often have extreme measures 140 are considered themselves are thin for the fashion industry, in the fashion industry, often have extreme diets to keep thin by definition of size ",False,True,captured
cnndm_6420,cnndm,0.5B,16,stochastic,42,21.861,790.11,132.52,160,7.32,1071,91,70,0.085,1.3,False," be involved in the situation. In 2013, he returned to his hometown of Bristol, Connecticut, and began to visit his mother, Terri, and his new to his hometown of Bristol, Connecticut, where he grew increasingly troubled Bristol, Connecticut, and was a small town in Connecticut, and was not the hometown of Bristol, Connecticut, where he had a small town in the  Bristol, Connecticut, and was arrested for the area in Connecticut, Bristol, Connecticut, where he had a baby girl, a beautiful fiancee and he had a neighborhood, and was arrested on a tough neighborhood in Bristol, Connecticut, and was arrested after being released the city, Bristol, Connecticut, where he grew up in the situation. In 201 Bristol, Connecticut and was arrested for the",False,True,captured
cnndm_6423,cnndm,0.5B,16,stochastic,42,16.6637,397.8,102.3,160,9.6,837,107,54,0.1278,1.98,False," 

2. 

2. The family just days before she was a 61-year-old woman who died of terminal brain cancer in the day before her death just days before she passed away at a  just days before she passed away at a nursing home just days before she passed away at  just days before she passed away at  just days before she passed away at 61, who passed away in Adelaide, South Australia, just days before she passed away. The ring from her finger at a  just days before she passed away at  just days before she passed away at 61. The ring from her finger at a nursing home just days before she passed away. 

2. The ring from her finger at a nursing home just days before she passed away. 

2. The",False,True,captured
cnndm_6457,cnndm,0.5B,16,stochastic,42,18.6088,384.36,114.62,160,8.6,942,101,60,0.1072,1.68,False," The traditional British fish and chips are at risk due to climate change affecting fish species. The traditional British fish species like haddock, the North Sea is warming faster warming North Sea is a warming North Sea is warming faster than the North Sea is warming faster warming North Sea may beakley are at-risk-of-the warming North Sea is warming faster than the global average, North Sea is warming faster warming North Sea is warming faster than the global average, as waters around the UK are warming waters around the UK are warming, North Sea is warming faster than the global average, the North Sea is warming faster than the global average, and species like haddock, the North Sea is warming faster than the global average, leading fish in the North Sea is a warming North Sea is warming faster than the global average,",False,True,captured
cnndm_6501,cnndm,0.5B,16,stochastic,42,18.5243,650.88,112.41,160,8.64,911,101,60,0.1109,1.68,False," Sarah Vine, the author, is a woman who believes she is perfect for the vacant role of presenting Top Gear, despite the vacant role on Top Gear presenter role of Jeremy Clarkson's role of Jeremy Clarkson's role of Jeremy Clarkson's role on Top Gear, the vacant role on Top Gear, and challenging role of Jeremy Clarkson's role of Jeremy Clarkson's job of Jeremy Clarkson's job on Top Gear, Jeremy Clarkson's job on Top Gear. Sarah Vine, Jeremy Clarkson role of Jeremy Clarkson's job on Top Gear. Sarah Vine, the author, is a woman who believes she is perfect for the vacant role on Top Gear, arguing that women's role of Jeremy Clarkson's job on Top Gear. She is a role of Jeremy Clarkson's job on Top Gear, arguing that women love of Jeremy Clarkson's",False,True,captured
cnndm_6548,cnndm,0.5B,16,stochastic,42,10.2359,394.04,61.9,160,15.63,508,127,34,0.25,3.74,False," 

Mohammed Suleman Khan, 43, was arrested for tax fraud 

Mohammed Suleman Khan, 43, was arrested for tax fraud
Mohammed Suleman Khan, 43, was arrested for tax fraud

Mohammed Suleman Khan, 43, was arrested for tax fraud
Mohammed Suleman Khan, 43, was arrested for tax fraud

Mohammed Suleman Khan, 43, was arrested for tax fraud and sentenced to four years ago and sentenced to four years ago and sentenced to four years ago and sentenced to four years in  and sentenced to four years in prison and sentenced to four years in prison last April and sentenced to four years ago and sentenced to four years in prison, sentenced to four",False,True,captured
cnndm_6690,cnndm,0.5B,16,stochastic,42,22.689,414.12,140.09,160,7.05,1142,86,74,0.0753,1.16,False," 

The article discusses the 3.6 million followers being real users being real users being real active users being real active users being real, 3. her followers being real active users being real, 3.6 million followers being real active users, 1. her followers being active users being real active users being real active users being real active users being real active users being real active users being real, and 150. her followers being active users being real, and 15% of her followers being active users being real, 3.6 million followers being active users being real active users being real, 1. Her followers being active users, 15% being fake and 1. Her followers being active users, 15% fake accounts being real active",False,True,captured
cnndm_6847,cnndm,0.5B,16,stochastic,42,13.8239,393.25,84.47,160,11.57,692,116,45,0.1676,2.58,False," 

2. The study, which can be weaker due to oxidative stress, which can be mitigated by higher oxidative stress, which can be mitigated by higher oxidative stress, which can be mitigated by higher doses of vitamin E, which is weaker due to oxidative stress, which can also weakened due to oxidative stress, and oxidative stress, which is weaker due to oxidative stress, which can also result in oxidative stress, which can be mitigated by higher oxidative stress, which can be mitigated by higher doses of vitamin E, found to be weaker due to oxidative stress, which can also result in oxidative stress, which can be mitigated by higher doses of vitamin E, found to be weaker due to oxidative stress, which can also result from oxidative stress, which can also weakened due to oxidative stress",False,True,captured
cnndm_6873,cnndm,0.5B,16,stochastic,42,13.0727,416.6,79.6,160,12.24,651,117,44,0.1797,2.66,False," David Cameron's attempts to appear cool have failed, with his eldest daughter Nancy comparing him to Phil Dunphy from the sitcom Modern Family. Nancy has likening him to Phil Dunphy from the sitcom's to Phil Dunphy from the sitcom Modern Family's to Phil Dunphy from the sitcom Modern Family. The comparison to Phil Dunphy from the sitcom Modern Family. to Phil Dunphy from the sitcom Modern Family. Nancy has compared to Phil Dunphy from the sitcom Modern Family. Nancy has compared to Phil Dunphy from the sitcom Modern Family. Nancy has compared him to Phil Dunphy from the sitcom Modern Family. Nancy has compared him to Phil Dunphy from the sitcom Modern Family. Nancy has compared him to Phil Dunphy from the sitcom Modern Family, a ""to Phil Dunphy from the sitcom Modern",False,True,captured
cnndm_6945,cnndm,0.5B,16,stochastic,42,14.7248,487.41,89.54,160,10.87,732,113,48,0.1544,2.35,False," 

The husband of the missing Sydney woman Jessica Bialek, Sabino Matera 

The husband of the missing Sydney woman Jessica Bialek, Sabino Matera 

The husband of the missing Sydney woman Jessica Bialek, Sabino Matera 

The husband of the missing Sydney woman Jessica Bialek, Sabino Matera, has expressed his gratitude to the husband, expressed his gratitude to the publicized, expressed gratitude to the publicized, posted a heartfelt thank you on Thursday evening after she was able to find her safe. 

The husband of the missing Sydney woman Jessica Bialek, Sabino Matera, expressed his gratitude to the public and her husband, has expressed deepened, expressed gratitude to the public and her husband, and her husband, has expressed gratitude to the",False,True,captured
cnndm_6952,cnndm,0.5B,16,stochastic,42,14.3702,358.67,88.12,160,11.13,724,114,47,0.1575,2.43,False," 

Technology billionaire Elon Musk sought to sell his struggling electric-car company, Tesla, to Google in 2013 for $6 billion, proposing a $6 billion before its share price surged in  Google in 2013, but the deal with a $6 billion in factory expansions. Musk, Google in 2013, but the deal fell Google in 2013, but the Google in 2013, but the deal fell Google in 2013 for $6 billion to Google in 2013, but the deal fell Google in 2013, Google in 2013 for $6 billion in  Google in 2013 for $6 billion in 2013,",False,True,captured
cnndm_7011,cnndm,0.5B,16,stochastic,42,16.6247,353.79,102.33,160,9.62,839,108,53,0.1287,2.04,False," 

A new report from Suncorp Bank indicates that Australians are spending more than they are spending on technology has spent 50% more on digital devices and important facts and important facts and entities:

A new report from Suncorp Bank indicates that Australians are spending significantly higher education, facts and entities:

A new report from Suncorp Bank indicates that Australians have spent 50% more on digital devices than planned spending on the key facts and entities:

A new report from Suncorp Bank indicates that Australians have spent 50% more on technology and entities and entities and important facts and entities:

A new report from Suncorp Bank indicates that Australians have spent 50% more than they have spent  facts and entities:

A new report from Suncorp Bank indicates that Australians",False,True,captured
cnndm_7043,cnndm,0.5B,16,stochastic,42,28.8775,421.72,178.97,160,5.54,1461,67,94,0.0459,0.71,False," The article discusses the scientific findings from a key techniques to use of the physiological responses. It explains various techniques to attractiveness. It explains various techniques to use of various techniques to use of eye movement patterns of the body language. It explains various techniques to use eye contact as a tool for attracting attention. It explains various techniques, according to studies on how the science-backed by explaining various techniques to attractiveness. It explains various techniques such as the most important physiological responses. It explains various techniques, such as the most of the brain responses. It explains how it'subconsciously detecting interest in conveying emotional responses. It explains that it's a powerful emotional responses. It explains that eyes' how it's impact on emotional responses. It explains that our eyes' the physiological responses. It explains how it's",False,True,captured
cnndm_7089,cnndm,0.5B,16,stochastic,42,12.5428,394.79,76.4,160,12.76,627,119,41,0.1898,2.9,False," Claudia Winkleman has been nominated for the Bafta awards for her first season as co-hosting on Strictly Come Dancing, making her the first presenter of the BBC dance contest to receive a nomination for her role as co-hosting as co-hosting as co-host of hosting Strictly Come Dancing, making her the first presenter of the BBC dance contest to receive such as co-hosting Strictly Come Dancing, making her the first presenter of the BBC dance contest to receive such as co-host of hosting Strictly Come Dancing, making her the first presenter of the BBC dance contest to receive the BBC dance contest, making her the first presenter of the BBC dance contest to receive such as co-host of hosting Strictly Come Dancing, making her the first presenter of the BBC dance contest to host of",False,True,captured
cnndm_7098,cnndm,0.5B,16,stochastic,42,19.9837,359.98,123.42,160,8.01,1014,97,64,0.0957,1.52,False," The article discusses a survey finding that shopping with friends leads to higher spending, with 64% of adults confessing to spending more due to peer pressure and  of adults confessing to spending more than when shopping with  of adults admitting to  of adults admitting to spending more than intended to spend more people spending more than intended to  of adults admitting to spending more than intended to becaused to 64% of adults confessing to spending more when shopping with friends. The article highlights the majority of adults admitting to spending more due to peer pressure and  of adults admitting to spending more due to peer pressure and showing that  of adults admitting to spending more due to peer pressure and the majority of adults confessing to spending more due to peer pressure and the majority of adults admitting to spending",False,True,captured
cnndm_7104,cnndm,0.5B,16,stochastic,42,14.9621,400.41,91.58,160,10.69,751,112,49,0.1491,2.29,False," 

1. Karren Brady, a TV star and government business ambassador, was involved in a campaign event in an event in a campaign event in a campaign event in Newark to help David Cameron announce 16,000 new apprenticeships at an event in a campaign event in Newark to help David Cameron announce 16,000 new apprenticeships at an event in Newark to help David Cameron announce 16,000 new apprenticeships at an event in Newark where David Cameron's appearance with David Cameron's announcement of a campaign event in Newark where David Cameron announced 16,000 new apprenticeships alongside David Cameron's appearance with David Cameron to help David Cameron announce 16,000 new apprenticeships at a campaign event in Newark where David Cameron",False,True,captured
cnndm_7148,cnndm,0.5B,16,stochastic,42,14.4222,350.81,88.5,160,11.09,724,114,47,0.1575,2.43,False," 

**Summary:**  
The body of Kyle Knox, a 23-year-old hiker from London, was found three weeks after he disappeared hiker from Londoner from Londoner from London, was found three weeks after he disappeared hiker from London, was found three weeks after he disappeared while hiking enthusiast from London, was found three weeks after he disappeared while climbing enthusiast from London, was found three weeks after he disappeared while attempting to climb Ben Nevis hiker from London, was found three weeks after he disappeared while hiking enthusiast from London, was found three weeks after he disappeared while attempting to climb Ben Nevis, was found three weeks after he disappeared while attempting to climb Ben Nevis hiker from London, was found three weeks after he disappeared while attempting to climb Ben Nevis three weeks",False,True,captured
cnndm_7166,cnndm,0.5B,16,stochastic,42,13.7888,359.67,84.46,160,11.6,693,115,46,0.1659,2.5,False," 

**Thames Valley Police received a report from a member of the public about a suspected weapon on a canal boat in Caversham, which led to a suspected weapon on a canal boat in Caversham canal boat in Reading with a fake missile and a balaclava-clan suspected weapon on a canal boat in Caversham canal boat in Caversham canal boat in Caversham canal boat in Caversham canal boat in Caversham canal boat in Caversham canal boat in Caversham, leading to a full-scale terror alert after a dummy wearing a balaclava was spotted on a boat sailing down the Thames with a suspected weapon on a canal boat in Caversham canal boat in Caversham canal boat in Caversham, and conducted a search of",False,True,captured
cnndm_7261,cnndm,0.5B,16,stochastic,42,22.1643,394.06,136.92,160,7.22,1123,88,72,0.0784,1.22,False," 

Edward Fride, the church in the pastor at Christ the King in Ann Arbor, Michigan, suggested church in itself is not enough to ensure safety, alone is not enough to protect them safe and gun ownership is necessary to protect them safe and gun ownership alone is not enough to ensure safety, alone is not enough to ensure safety, alone is not enough to ensure safety, alone, alone is not enough to ensure safety, alone is not enough to ensure safety, alone, alone, alone, is not enough to ensure safety, alone, is not enough to ensure safety, urging them safe, alone is not enough to ensure safety, urging them to protect them safe and gun ownership are not alone is not enough to ensure safety, alone, is not enough to ensure safety, urging them to attend classes",False,True,captured
cnndm_7342,cnndm,0.5B,16,stochastic,42,17.5531,654.59,106.28,160,9.12,859,103,57,0.1199,1.81,False," 

Okay, I need to summarize the Christmas Eve in Bali, Christmas Eve in Bali, and has been raped twice on Christmas Eve in Bali, while on a Christmas Eve in Bali, Christmas Eve in Bali by Henry Alafu, a Christmas Eve in Bali by Henry Alafu in Bali, and has been raped twice on Christmas Eve in Bali by Henry Alafu in Bali, Christmas Eve in Bali by Henry Alafu in Bali during a Christmas Eve in Bali by Henry Alafu in Bali during a Christmas holiday in Bali, with her Christmas Eve in Bali by Henry Alafu, Christmas Eve in Bali by Henry Alafu, an evening of the Christmas Eve in Bali by Henry Alafu, an international holiday in Bali, with her family holiday in Bali, Indonesia's",False,True,captured
cnndm_7347,cnndm,0.5B,16,stochastic,42,17.3484,557.08,105.61,160,9.22,861,106,54,0.1231,1.96,False," 

Dawn Williamson, a 39-year phobia of snakes, was cured live on TV phobia of snake phobia of phobia of snake phobia, irrational fear of ophidiophobia (and irrational fear of snakes, irrational fear of snakes, was cured of snake phobia stemming from a childhood phobia of snake phobia of snake phobia, was cured live on TV inescr phobia of snakes phobia of snakes, was cured live on TV inescrushing phobia of snakes, was cured live on TV in a phobia of snakes, was cured live on TV in a tenacity to overcome hereditary phobia of snakes, was cured live on TV in a ten-minute-long phobia of snakes, was cured live on TV in a ten-minute session",False,True,captured
cnndm_7356,cnndm,0.5B,16,stochastic,42,14.1175,569.24,85.21,160,11.33,694,117,44,0.1686,2.66,False," 

The article discusses the information desk at the information desk at the information desk at the information desk of work at the information desk of work at the information desk of Mitsukoshi department store in Tokyo to start work at the information desk of a department store in Tokyo, start work at the information desk of a department store in Tokyo, work at the information desk of Mitsukoshi department store in Tokyo'st start work at the information desk of a department store in Tokyo, start work at the information desk of a department store in Tokyo, start work at the information desk of a department store in Tokyo, assist customers at the information desk of a department store in Tokyo, where it will be deployed at the information desk of a Tokyo'st start work at the information desk of a department store in Tokyo,",False,True,captured
cnndm_7398,cnndm,0.5B,16,stochastic,42,21.9211,415.31,135.26,160,7.3,1100,87,74,0.0791,1.18,False," Tori Spelling, a 42-year-old actress, had a severe burn on her right arm during an Easter brunch at Benihana's back on her right arm while at a on her right arm after tripping on her arm while at a Benihana's back on her right arm after tripping on a few days after tripped on her right arm while at a Benihana restaurant in a few days ago, on her right arm after tripping on a few days ago when she tripped and was hospitalized after tripped on her arm after tripping on a few days ago during an incident during an accident at a Benihana's on her right arm after tripping on a on her right arm after tripping on a hot grill at a week after tripped on her",False,True,captured
cnndm_7427,cnndm,0.5B,16,stochastic,42,21.9783,410.45,135.65,160,7.28,1109,88,72,0.0794,1.22,False," 

Okay, I need to summarize the police in his villa in his villa in his villa in his villa in his villa in his villa in his villa in his villa in his villa in Alicante police in his villa in his villa in Alicante police in his villa in Alicante police in his villa in Alicante police after a. 

Okay, I'll write a summary: This is a. 

2. The arrest occurred in his villa in Alicante after a dramatic police in his villa in his villa in his villa in Alicante police in his villa in Alicante police after a dramatic police in his villa in his villa in Alicante police after a dramatic police operation in his villa in his villa in Alicante after a dramatic police raid on his villa in his villa in Alicante police in",False,True,captured
cnndm_7555,cnndm,0.5B,16,stochastic,42,15.2342,414.68,93.2,160,10.5,761,111,50,0.1459,2.22,False," 

Raymond Lee Fryberg Jr. pleaded not guilty to illegally possessing a firearm after 

Raymond Lee Fryberg Jr. pleaded not guilty to illegally possessing a firearm after his  his  his  his 15-year-old son Jaylen used it was arra  his  his 15-year-old son Jaylen used it to kill four classmates and take his own life, nearly six months following the  his 15-year-old son Jaylen used it to kill four classmates and take his own son Jaylen Fryberg's son, Jaylen Fryberg's son Jaylen Fryberg's son, Jaylen Fryberg, his 15-year-old son, Jaylen Fryberg, his 15-year-old son, Jaylen Fryberg, used it was arraigned",False,True,captured
cnndm_7608,cnndm,0.5B,16,stochastic,42,23.8156,622.65,145.87,160,6.72,1183,83,78,0.0702,1.06,False," 

Sharon Winters, a 28-year-old woman, met her online
Sharon Winters, which led to a 1. She was searching for a man, and was killed in a brutal knife attack by her online dating profile on a man, but was killed by a man named Kevin Hawke on a man, which led to a man, and after searching for a soulmate Kevin Hawke on a man, Kevin Hawke on a dating partner Kevin Hawke on a dating site date Kevin Hawke on a dating site and was killed by Kevin Hawke on a dating site and then was killed by Kevin Hawke, and later in 20139-year-old Kevin Hawke on a dating site and online dating profile on a dating partner Kevin Hawke on",False,True,captured
cnndm_7615,cnndm,0.5B,16,stochastic,42,19.3749,362.71,119.57,160,8.26,981,96,64,0.0979,1.5,False," 

Transavia France is offering a unique to their shopping lists by purchasing snacks to their shopping lists by purchasing snacks at participating stores, vending machines and snacks to their shopping lists by purchasing snacks. Customers can be added to their shopping lists by purchasing snacks. The promotion allows shoppers can be added to their shopping lists by purchasing snacks like snacks to their shopping lists by purchasing snacks. The promotion by purchasing snacks. The promotion by selling cheap flights with packets of crisps, gummy bears, which are available at participating Carrefour City shops, vending machines and snacks to their shopping lists. Supermarket customers in France can add airline tickets to their shopping lists thanks to a unique promotion where they can add airline tickets to their shopping lists by purchasing snacks at participating stores. The promotion by purchasing snacks. The promotion where",False,True,captured
cnndm_7699,cnndm,0.5B,16,stochastic,42,13.8,418.12,84.16,160,11.59,690,116,45,0.1681,2.58,False," Sir Ranulph Fiennes, 71, became the oldest Briton to complete the Marathon des Sables, completing the Marathon des Sables, finishing the Marathon des Sables, completed the Marathon des Sables, completed the Marathon des Sables in the Marathon des Sables, completing the Marathon des Sables in the Marathon des Sables, finishing the Marathon des Sables, completing the Marathon des Sables in the Marathon des Sables, finishing the Marathon des Sables, a) complete the Marathon des Sables, completing the Marathon des Sables in the Marathon des Sables, finishing with just 13 minutes to spare in the Marathon des Sables, completing the Marathon des Sables in Morocco's complete the Marathon des Sables, completing the Marathon des Sables in the",False,True,captured
cnndm_7705,cnndm,0.5B,16,stochastic,42,18.8731,417.95,116.07,160,8.48,950,100,61,0.1053,1.64,False," 

Liz Norden, whose sons JP and Paul lost their legs in the 2013 Boston Marathon bombings, has criticized Mark Wahlberg's planned movie is a film, has expressed concern about the Boston Marathon bombings, has expressed strong, has expressed strong opposition to Mark Wahlberg's planned movie. The article discusses her sons JP and Paul lost their legs in 2013 Boston Marathon bombings, has expressed concern that occurred in 2013 Boston Marathon bombings, has criticized Mark Wahlberg's planned movie about the Boston Marathon bombings, has criticized Mark Wahlberg's planned film, has criticized Mark Wahlberg's planned film on April 2013 Boston Marathon bombings, has criticized Mark Wahlberg's planned film on April 2013 Boston Marathon bombings, has",False,True,captured
cnndm_7741,cnndm,0.5B,16,stochastic,42,14.0624,374.53,86.09,160,11.38,710,116,45,0.1634,2.58,False," 

Bobby Moore's granddaughter, Poppy Moore, celebrated her wedding with an intimate family ceremony at Chelsea Register Office ceremony at Chelsea Register Office ceremony at Chelsea Register Office ceremony at Chelsea Register Office ceremony at Chelsea Register Office ceremony at Chelsea Register Office, family ceremony at Chelsea Register Office ceremony at Chelsea Register Office, followed by a reception at the Mayfair Hotel. She wore a knee-length white dress and a bouquet of white roses, including 1230 family ceremony at Chelsea Register Office, followed by a reception at the Mayfair Hotel. The ceremony at Chelsea Register Office, followed by a reception at the Mayfair Hotel. She married her childhood sweetheart Sam Myers at Chelsea Register Office ceremony at Chelsea Register Office, followed by a reception at the Mayfair Hotel. The ceremony at Chelsea Register Office, followed",False,True,captured
cnndm_7753,cnndm,0.5B,16,stochastic,42,12.102,655.21,71.99,160,13.22,585,123,38,0.2103,3.24,False," 

2.4 West seat in 2010 with a narrow seat in 20 West seat in 2010 with a narrow marginally West seat in 2010 with a narrow majority in 2010 with a narrow 20 West seat in 2010 with a narrow majority of the seat in 2010 with a narrow majority of 20 West seat in 2010 with a narrow majority of 2, West seat in 2010 with a narrow majority of 2,43 West seat in 2010 with a narrow majority of 2,43 West seat in 2010 with a narrow majority of 2,4 West seat in 2",False,True,captured
cnndm_7813,cnndm,0.5B,16,stochastic,42,13.8331,367.14,84.69,160,11.57,696,114,46,0.1638,2.48,False," 

2. He was believed to be mentally disturbed, believed to be mentally disturbed individual was caught on video refusing to comply with security staff refused to comply with security staff for refusing to comply with security staff after refusing to comply with security staff. 

2. He was believed to be mentally disturbed and was attempting to enter a restricted area despite refusing to comply with security staff after refusing to comply with security staff. 

2. The man, believed to be mentally disturbed for refusing to comply with security staff. 

2. He was believed to be mentally disturbed and was caught on video attempting to enter a restricted area at Pearson International Airport in Ontario after refusing to comply with security staff after refusing to comply with security staff. 

2. He was believed to be mentally disturbed, believed to be mentally disturbed, believed",False,True,captured
cnndm_7838,cnndm,0.5B,16,stochastic,42,20.7879,786.62,125.79,160,7.7,1014,94,67,0.0927,1.4,False," including a 'foot lift' and only season had a 'l and only season also features a character, and only season had only season, which is only season was a 'lips lift' and an only season of the show's and only season, which was not only season of the show's first season, and only season had a 'lips lift' and an 'l and only season of Unbreakable Kimmy Schmidt season, which is the only season of Unbreakable Kimmy Schmidt season was a 'lips lift' and an 'eye lift' and an only season of Unbreakable Kimmy Schmidt season, which was also had a 'lips lift' and an 'eye lift'. The show's first season had only four episodes are not only a 'lips",False,True,captured
cnndm_7862,cnndm,0.5B,16,stochastic,42,13.2705,421.29,80.81,160,12.06,661,117,43,0.177,2.72,False," 

1. A 19-year-old model in California has taken to bathing in pig's blood to maintain her youthful appearance, despite being a vegetarian, despite being a vegetarian pig's blood to maintain her youthful appearance, despite being a vegetarian, despite being a vegetarian, despite being a vegetarian, as a pig's blood to maintain her youthful appearance, despite being a vegetarian, despite being a vegetarian, despite being a vegetarian, as a bizarre methods to maintain her youthful appearance, despite being a vegetarian, as a bizarre methods, despite being a vegetarian, as a bizarre method, despite being a vegetarian, despite being a vegetarian, as a bizarre method to maintain her youthful appearance, despite being a vegetarian.  pig's blood to maintain her youthful appearance, despite being a vegetarian. 
2. She is",False,True,captured
cnndm_7936,cnndm,0.5B,16,stochastic,42,18.8695,394.85,116.19,160,8.48,952,100,61,0.105,1.64,False," 

Brendan Rodgers, the Liverpool manager, was convicted of leaving a property in 

Brendan Rodgers, which he rented out for three years, leading to a £69,950 terrace house in Accrington in Accrington in Accrington to rot after failing to address. 

Brendan Rodgers, Accrington to rot after failing to address an area of Accrington to rot after being found guilty of the UK in Accrington to rot after being found guilty of failing to comply with an improvement notice issued an area of Accrington to rot, Accrington to rot after being in Accrington in Accrington to rot, which he rented out for three years, Accrington in Accrington to rot, which he rented out",False,True,captured
cnndm_7952,cnndm,0.5B,16,stochastic,42,13.7704,365.59,84.31,160,11.62,693,116,45,0.1674,2.58,False," Porsche has unveiled a world-first stunt in Australia's Stuart Highway with the 918 Spyder, a limited edition $900,000 supercar, reaching 350km/h on a high-performance sports car, the 8 Spyder, a high-performance 8 Spyder, a high-performance sports car, the 918 Spyder, a limited edition $900,00. 

Okay, let me try to summarize this article mentions that showcases the 918 Spyder, which is a limited edition $900,000 supercar. The 8 Spyder, 8 Spyder, a limited edition 8 Spyder, a limited edition 918 Spyder, a limited edition supercar,",False,True,captured
cnndm_8049,cnndm,0.5B,16,stochastic,42,21.8137,404.2,134.65,160,7.33,1103,89,72,0.0807,1.24,False," Britt McHenry, a Washington D.C.-based ESPN sports reporter, was suspended for one week after an offensive remarks she was suspended for one week after an offensive remarks she made an offensive remarks she was suspended for one week after an offensive video of one week after an offensive ranting one week after an offensive video of her one week after an offensive video of her offensive remarks she was suspended for one week after an offensive video of her offensive remarks she made an offensive ranting one week after a week after an offensive ranting off-camera ranting off-camera and potentially offensive remarks she was suspended for one week after an offensive video emerged from her one week after an offensive video emerged online after an offensive rant she was suspended for one week after an offensive video emerged showing inappropriate remarks she made to one week after an",False,True,captured
cnndm_8077,cnndm,0.5B,16,stochastic,42,14.6866,422.27,89.71,160,10.89,734,113,48,0.154,2.35,False," Maison Souquet, a newly opened hotel in Paris, is a provocative and romantic destination inspired by the Belle Epoque's latest in the city of opulent and edgy, inspired by the Belle Epoque-inspired by the Moulin Rouge, inspired by the Belle Epoque-inspired by the Belle Epoque-inspired by the Belle Epoque-inspired by the Belle Epoque's that blends opulent and edgy, inspired by the Belle Epoque-inspired by the Belle Epoque-inspired by the Belle Epoque's post-impressionistic era of the Belle Epoque era, inspired by the Belle Epoque-inspired by the Belle Epoque's post-impressionistic era. Inspired by the Belle Epoque-inspired by the Belle Epoque-inspired by the",False,True,captured
cnndm_8088,cnndm,0.5B,16,stochastic,42,3.5528,392.11,19.88,160,45.04,166,150,11,0.9036,13.64,False," 

Answer:
Answer:
Answer:
Answer:
Answer:
Answer:
Answer:
Answer:
Answer:
Answer:
Answer:
Answer:
Answer:
Answer:
Answer:
Answer:
Answer:
Answer:
Answer:
Answer:
Answer:
Answer:
Answer:
Answer:
Answer:
Answer:
Answer:
Answer:
Answer:
Answer:
Answer:
Answer:
Answer:
Answer:
Answer:
Answer:
Answer:
Answer:
Answer:
Answer:
Answer:
Answer:
Answer:
Answer:
Answer:
Answer:
Answer:
Answer:
Answer:
Answer:
Answer:
Answer:
Answer:
Answer:
Answer:
Answer:
Answer:
Answer:
Answer:
Answer:
Answer:
Answer:
Answer:
Answer:
Answer:
Answer:
Answer:
Answer:
Answer:
Answer:
Answer:
Answer:
Answer:
Answer:
Answer:
Answer:
Answer:
Answer:
Answer:
Answer",False,True,captured
cnndm_8142,cnndm,0.5B,16,stochastic,42,9.1693,418.61,55.04,160,17.45,453,132,29,0.2914,4.55,False," A 36-year-old Louisiana sheriff's deputy, Cpl. Burt Hazeltine, was shot three times in a road rage incident near a school zone in the article: A 36-year-old Louisiana sheriff's deputy, Cpl. Burt Hazeltine, was shot three times in a road rage incident near a school zone in Paradis, was shot three times in a road rage incident near a school zone in Paradis, was shot three times in a road rage incident near a school zone in Paradis, Louisiana sheriff's deputy, Cpl. Burt Hazeltine, was shot three times in the article discusses the deputy, was shot three times in a road rage incident near a school zone in Paradis, was shot three times in a road rage incident near",False,True,captured
cnndm_8152,cnndm,0.5B,16,stochastic,42,16.7909,530.02,102.27,160,9.53,833,106,55,0.1273,1.93,False," 

2. Brak, Israel, who grew up in an ultra orthodox Jewish home in Israel, has documented the ultra orthodox Jewish community, an ultra orthodox Jewish community, raised in an ultra orthodox Jewish home in Israel, documented the unique Jewish community, has documented the unique rituals, who grew up in an ultra orthodox Jewish home in Israel, has documented various rituals and customs of the ultra orthodox Jewish community in Israel, has documented unique and raised in an ultra orthodox Jewish home in Israel, documented the ultra orthodox Jewish community in Israel, has documented unique perspective, who grew up in an ultra orthodox Jewish home in Israel, has documented various rituals and customs and raised in an ultra orthodox Jewish community, has documented unique ultra orthodox Jewish community in Israel, captured the unique and unusual rituals, who grew up in an",False,True,captured
cnndm_8177,cnndm,0.5B,16,stochastic,42,18.9293,686.0,114.74,160,8.45,924,99,62,0.1071,1.6,False," 

Sir David Nicholson, the former head of a substantial financial crisis due to a financial crisis due to a lack of political support for the health crisis due to a substantial financial problem due to a lack of political commitment to an extraordinary public health crisis due to a lack of political commitment to an additional financial crisis due to a lack of political commitment to an additional £8 billion funding commitment to the NHS'substantial financial problem due to a lack of political commitment to a financial crisis and growing financial crisis due to a lack of political commitment to an additional £8 billion annual financial crisis due to a lack of political commitment to the financial crisis and growing financial crisis, 'substantial financial problem' due to a lack of political commitment to an additional £8 billion in its financial crisis, urgent financial crisis and growing financial",False,True,captured
cnndm_8230,cnndm,0.5B,16,stochastic,42,17.7444,394.6,109.12,160,9.02,897,104,57,0.1159,1.82,False," The European Central Bank's president, Mario Draghi, was involved in a confetti and European Central Bank's incident during a press conference in Frankfurt, Germany, during a protest incident during a press conference in a protest incident during a press conference in Frankfurt, Germany, and protester incident during a press conference in Frankfurt, Germany, in a protester incident during a press conference in Frankfurt, Germany. 

Okay, I need to make a summary: 

Okay, I'military-style protest incident during a press conference in Frankfurt, Germany, and protest incident during a press conference in Frankfurt, Germany, and, during a press conference in Frankfurt, Germany, after a female protester incident during a press conference in Frankfurt, Germany, when the article: The European Central Bank's president, Mario Draghi, was involved",False,True,captured
cnndm_8269,cnndm,0.5B,16,stochastic,42,15.6009,356.33,95.88,160,10.26,791,111,50,0.1403,2.22,False," A woman was spotted threatening people with 'a dildo in each hand' during an altercation outside the outside the outside the outside Roches Family Hotel in Grafton. An altercation outside Roches Family Hotel in Grafton, sparking a fight outside Roches Family Hotel in Grafton, Australia's outside Roches Family Hotel in Grafton, Australia’s outside Roches Family Hotel in Grafton. The incident outside the outside Roches Family Hotel in Grafton. The incident outside the Roches Family Hotel in Grafton. The incident outside Roches Family Hotel in Grafton. An altercation broke out outside the outside Roches Family Hotel in Grafton. The incident outside the Roches Family Hotel in Grafton. The incident occurred outside the Roches Family Hotel in",False,True,captured
cnndm_8321,cnndm,0.5B,16,stochastic,42,18.017,414.19,110.71,160,8.88,907,102,58,0.1125,1.76,False," 

The article discusses how buyers are now forced to barter homes, with sellers overvaluing their properties by around £74,000 above the market. 

The article discusses how much the asking prices by around £74,000. 

The article discusses how much higher by around £74,000. It highlights the market prices by around £74,000 higher by around £74,000 higher by around £74,000. It is overvaluing their asking prices by around £74,000, and the study found that the market. The article discusses how much higher by around £74,000, by around £74,000, leading to a",False,True,captured
cnndm_8345,cnndm,0.5B,16,stochastic,42,19.7669,392.58,121.85,160,8.09,999,96,65,0.0961,1.48,False," 

PayPal is developing edible passwords that are powered by stomach acid and include mini computers 

PayPal is a new generation of passwords that are powered by stomach acid and include mini computers. These devices would beamed to replace traditional passwords, with the aim to replace traditional passwords, aiming to replace traditional passwords, which would beamed to replace traditional passwords. The company's. The company's top developer, Jonathan Leblanc, said that the devices that could be used to replace traditional passwords, aiming to replace traditional passwords with the company's top developer Jonathan Leblanc, aiming to replace traditional passwords with biometric devices that could be used to log in. The company's, aiming to replace traditional passwords with the company's top developer Jonathan Leblanc said Jonathan Leblanc, aiming to replace traditional",False,True,captured
cnndm_8511,cnndm,0.5B,16,stochastic,42,14.8584,395.55,90.96,160,10.77,744,111,50,0.1492,2.22,False," 

She has spent over 40 years searching for her birth mother, and has spent over 40 years ago and has spent over 40 years searching for her birth mother, and for over 40 years ago and has spent over 40 years searching for her birth mother, and for over 40 years, and has spent over 40 years searching for her birth mother, and for over 40 years, she has never knowing her birth mother had spent over 40 years searching for her birth mother, who raised in her birth mother and has spent over 40 years searching for her birth mother, which led a decade and has spent over 40 years searching for her birth mother, who raised her entire life, but has spent over 4",False,True,captured
cnndm_8519,cnndm,0.5B,16,stochastic,42,17.9852,447.91,110.3,160,8.9,899,102,59,0.1135,1.73,False," Ed Miliband criticized the UK to take on a 'fare share' of refugees. 'fare share of refugees and a 'fare share of refugees to take a 'fare share' of refugees. ""fare share of refugees and a 'fare share'fare share of refugees. He called for a 'fare share' of refugees. He condemned to take on the UK 'fare share' of refugees and a 'fare share' of refugees. He criticized the decision to stop to take a 'fare share' of refugees. He condemned to drown people in the Mediterranean. He called for a 'fare share' of refugees. He criticized the decision to stop to the UK 'fare share' of refugees. He condemned the UK 'fare share' of refugees. He condemned policy to take a 'fare share",False,True,captured
cnndm_8521,cnndm,0.5B,16,stochastic,42,17.8792,366.47,110.14,160,8.95,905,102,59,0.1127,1.73,False," The Edwardian-style brothel at Brunswick Street in Fitzroy, owned by Wei Tang, was previously convicted in 2006 was once operated as a sex slave establishment that was once operated as a sex slave case is now listed for sale at the first convicted in 2006 was once a former sex slave case is now up for sale after being sold for which was once operated as a sex slavery case, was once operated as a sex slavery case, has been listed for sale through Barry Plant Real Estate at the first convicted in 2006 for which was previously convicted in 2006 has been listed for sale at $1.3 million, has been listed for sale through Barry Plant Real Estate at the center of Australia's first sex slavery case, was once",False,True,captured
cnndm_8550,cnndm,0.5B,16,stochastic,42,11.866,638.08,70.62,160,13.48,574,123,38,0.2143,3.24,False," The article discusses a research project in Mexico to drill 5,000 feet below the surface of the Chicxulub crater to study the surface of the Chicxulub crater to study the Chicxulub crater to study the Chicxulub crater to study the Chicxulub crater, aiming to study the Chicxulub crater to study the Chicxulub crater, aiming to investigate the surface of the Chicxulub crater to study the Chicxulub crater, aiming to study the Chicxulub crater and investigate the Chicxulub crater to study the Chicxulub crater, aiming to understand the Chicxulub crater to study the Chicxulub crater, aiming to investigate the Chicxulub crater, aiming to investigate the",False,True,captured
cnndm_8585,cnndm,0.5B,16,stochastic,42,15.3013,367.86,93.92,160,10.46,772,112,49,0.1451,2.29,False," 

**Summary:**

The family of a 4-year-old North Carolina toddler, Austin West, who drowned in a pool while setting up a GoFundMe campaign to cover his funeral costs, but the article mentions Austin West, Austin West, who drowned in a pool last week, Austin West, who drowned in a pool last week faced a North Carolina toddler Austin West, who drowned in a pool while trying to raise money for his funeral, but found that drowned in a pool last week, Austin West, who drowned in a pool while trying to raise funds, Austin West, who drowned in a pool while trying to set up a GoFundMe campaign to raise $Austin West, who drowned in a pool last week, Austin West, who drowned in a pool while trying to set up a Go",False,True,captured
cnndm_8678,cnndm,0.5B,16,stochastic,42,19.1852,615.37,116.79,160,8.34,948,98,63,0.1034,1.56,False," The article recounts the first use of chlorine gas in World War I, highlighting its impact on soldiers and the subsequent events in the first use of chlorine gas in World War I, highlighting the first used by the Germans in  and the subsequent events, the first use of the first used by the Germans on April 22, 1915, when it was released by detailing the historical significance, the strategic planning and execution of the French commander Georges Lamour, a century ago, and its impact on soldiers, the strategic and the first use of chlorine gas in World War I, highlighting the first use of the first use of chlorine gas in World War I, highlighting the historical significance, and the subsequent events, and the subsequent developments in chemical warfare. It was used by the Germans on April",False,True,captured
cnndm_8684,cnndm,0.5B,16,stochastic,42,19.3633,394.55,119.3,160,8.26,977,97,63,0.0993,1.54,False," The article discusses a food safety incident at The Steer Inn in East Yorkshire, where inspectors found mouldy food, after a diner reported finding mouldy food, unhygiene issues, including mouldy mouldy food, after a diner reported that the restaurant owner David Crossfield, after a diner reported moldy food, unhygienic issues including mouldy food, unsanitary conditions, including mouldy food, unhygienic conditions, including mouldy food, unhygienic conditions, including mouldy food and discovered mouldy food, after a diner reported finding mouldy food, unhygienic kitchen equipment in a shocking hygiene issues such as mouldy food, unhygienic conditions that the restaurant owner David Crossfield, after a diner reported finding dog faeces and",False,True,captured
cnndm_8744,cnndm,0.5B,16,stochastic,42,16.4191,613.19,99.41,160,9.74,807,108,52,0.1338,2.08,False," 

2012 deaths of two unarmed suspects, Timothy Russell and Malissa Williams, two unarmed deaths of two unarmed deaths of two unarmed suspects, Timothy Russell and Malissa Williams, two unarmed suspects killed of two unarmed suspects, Timothy Russell and Malissa Williams, aftermath

Okay, let meath of two unarmed deaths of two unarmed suspects, Timothy Russell and Malissa Williams, during a high-speed chase and subsequent deaths of two unarmed deaths of two unarmed suspects, Timothy Russell and Malissa Williams, after a 2020
2012 killings of two unarmed suspects, Timothy Russell and Malissa Williams, during a high-speed chase in 2012 shooting deaths of two unarmed suspects, Timothy Russell and Malissa Williams, after a high-speed chase and subsequent shooting deaths",False,True,captured
cnndm_8799,cnndm,0.5B,16,stochastic,42,15.783,560.57,95.74,160,10.14,780,111,50,0.1423,2.22,False," 

Lord Stevens is to be investigated over allegations of a cover-up regarding the Stephen Lawrence murder probe, as the Independent Police Complaints Commission (IPCC) has been involved in the bungled murder probe, a murder probe, a bungled murder probe, as the Independent Inquiry, a black teenager's murder probe, with the Independent Inquiry, following a complaint from his murder probe, following a complaint from his father, Neville Lawrence, about his murder probe, following a complaint from his father, Neville Lawrence, concerning the Macpherson Inquiry, following a complaint from his father, Neville Lawrence, about the failure to the murder probe, with the Independent Inquiry, following a complaint from his father, Neville Lawrence, about his murder probe. The Independent Inquiry, following a complaint from his father, Neville",False,True,captured
cnndm_8886,cnndm,0.5B,16,stochastic,42,13.7234,480.53,83.29,160,11.66,679,115,45,0.1694,2.56,False," The article recounts the tragic events of four young sisters, the Vinceni, being forced back to their mother's home in Italy from Australia to their abusive father in 2012 from Australia to their mother's home in Australia to their mother's home in Australia to their abusive father in Italy against their will from Australia to Italy from Australia to Italy in  to their mother's home in Australia in 2012 from Australia to Italy in 2012 from their mother's home in Australia in 2012, to their abusive father in Italy after being taken from their mother's home in Australia in 2012 from their mother's home in Australia in 2012 after being taken from their mother in  to their abusive father in Italy against",False,True,captured
cnndm_8908,cnndm,0.5B,16,stochastic,42,13.9786,399.92,85.4,160,11.45,700,116,44,0.1657,2.64,False," 

1. A 24-year-old man, Tavon Watson, was driving a Lamborghini crashed a Florida's birthday party in Florida's birthday celebration of Florida's Exotic Driving Experience in Florida's birthday party in Florida, crashed a Florida's birthday party crashed a Florida speedway in Florida, crashed a Florida speedway crashed a $220,000 Lamborghini crashed a $220,000 Lamborghini crashed a $220,000 Lamborghini into a guardrail, killing his 36-year-old passenger, Gary Terry, crashed a $220,000 Lamborghini crashed a $220,000 Lamborghini into a guardrail at the Exotic Driving Experience at Walt Disney World in Florida,",False,True,captured
cnndm_8943,cnndm,0.5B,16,stochastic,42,14.0893,357.54,86.36,160,11.36,711,116,45,0.1632,2.58,False," Matthew Kenney, a 34-year-old Florida man, smoked Flakka and ran naked through traffic in Fort Lauderdale, a designer drug linked to synthetic drug and ran naked through a designer drug and ran naked through traffic in Fort Lauderdale, claiming he ran naked, a designer drug linked to cathinone, a designer drug and ran naked through traffic in Fort Lauderdale, claiming he was arrested after running naked through traffic in Fort Lauderdale, believing he was fleeing imaginary killers who he ran naked through traffic in Fort Lauderdale, claiming he was fleeing imaginary killers who he believed stole his clothes and wanted to murder him. He ran naked through traffic in Fort Lauderdale, claiming he was fleeing imaginary killers who stole his clothes and wanted to murder him. He ran naked through traffic in Fort Lauderdale, claiming he was fleeing",False,True,captured
cnndm_8983,cnndm,0.5B,16,stochastic,42,13.504,375.23,82.57,160,11.85,679,118,43,0.1738,2.74,False," The article discusses a lightning strike that struck an Icelandair flight from Reykjavik, Iceland to Denver, Colorado on Tuesday, to Denver on Tuesday, to Denver, to Denver, Colorado on Tuesday, to Denver, Colorado, to Denver, Colorado shortly after takeoff, to Denver, Colorado shortly after takeoff, causing a gaping hole in the nose shortly after takeoff, causing a gaping hole in the nose of the plane shortly after takeoff, causing a hole in the nose shortly after takeoff, causing a gaping hole in the nose of the plane after takeoff, causing a gaping hole in the nose of the plane. The plane continued its journey to Denver, to Denver, Colorado on Tuesday, causing a gaping hole in the nose of the plane shortly after takeoff, causing a gaping",False,True,captured
cnndm_8985,cnndm,0.5B,16,stochastic,42,17.8522,574.1,108.67,160,8.96,883,102,58,0.1155,1.76,False," The article discusses the controversy surrounding the UK's housing policy, highlighting the hypocrisy of housing chiefs opposing a right-to-buy policy that would extend the revival, which aims to extend the right-to allow social tenants to buy policy that would extend the revival, which aims to extend home ownership to allow social tenants to allow social tenants. The policy that would allow social tenants. The policy that aims to extend home ownership to 1.3 million social tenants. The policy that aims to extend home ownership to 1.3 million social tenants. The policy that aims to extend home ownership to 1.3 million social tenants. The policy that would allow  that would allow  that would allow 1. The UK's housing policy that would extend the revival, which aims to extend home ownership for social tenants,",False,True,captured
cnndm_8992,cnndm,0.5B,16,stochastic,42,14.8031,676.81,88.84,160,10.81,718,113,47,0.1574,2.4,False," 

Sarah Stage, a 30-year-old lingerie photo of several photos of her post-baby physique photo of several photos of her post-baby physique in a series of pregnancy selfie of several photos of her post-baby physique in a series of photos of her post-baby physique in ""granny panties"" photo of her post-baby physique in ""granny panties"" photo of her post-baby physique in ""granny panties"" just four days after giving birth to her son, 4. She gained 28 pounds during her pregnancy, which is a series of photos showcasing her post-baby photo of her post-baby photos of a series of pregnancy selfie of her post-baby physique in ""granny panties"" just four days after giving birth to her son, and only",False,True,captured
cnndm_9018,cnndm,0.5B,16,stochastic,42,17.8469,379.07,109.86,160,8.97,901,103,58,0.1143,1.78,False," The article discusses a North Korean school textbook that claims Kim Jong-un learned to drive at least drive and won a yacht race at age three and nine, respectively, and at least that he can draw and compose music. The textbook is part of an additional claims he can draw and compose music. The textbook is being used to indoctrinate young age nine. The textbook is part of a broader claims he can draw and compose music. This is being taught to draw and other questionable details about his abilities such claims he can draw and compose music. The textbook is part of an attempt to glorify the dictator. The textbook is part of an example of how the book is part of an unprecedentedly, according to the text also claims he can draw and compose music. The textbook is part of an effort to",False,True,captured
cnndm_9269,cnndm,0.5B,16,stochastic,42,27.0815,753.08,165.59,160,5.91,1336,72,88,0.0539,0.82,False," The article discusses the resurgence of British car manufacturing and design, highlighting how they have overtaken other countries and the country, and the economic recovery from a successful innovation in the UK'se the economic recovery since the success in the economic success in the process of innovation in the author Boris Johnson's criticism of Labour's return to  the author Boris Johnson's criticism of Labour's return to  the author Boris Johnson criticizes Labour's policies that they are now stand as a symbolize their successful in the article discusses the contrasted. It contrasts this is now compete globally competitive in the UK. It contrasts this is a successful economic turnaround from the 1. It contrasts this with the article discusses the contrast with the success in the UK's economic recovery from a successful economic success in the global competitors, as a",False,True,captured
cnndm_9285,cnndm,0.5B,16,stochastic,42,18.7406,504.6,114.69,160,8.54,937,102,59,0.1089,1.73,False," 

Okay, I'm handcuffed by police after her estranged husband Bradley Skinner, her estranged husband Bradley Skinner, her estranged husband Bradley Skinner, her estranged husband Bradley Skinner, 2. 2. She was shot by her estranged husband Bradley Skinner, her estranged husband Bradley Skinner, 59, after he broke into her home-involved by her estranged husband Bradley Skinner, her estranged husband, after her estranged husband Bradley Skinner, her estranged husband, Bradley Skinner, her estranged husband Bradley Skinner, her estranged husband, Bradley Skinner, her estranged husband, Bradley Skinner, 59, was wounded by her estranged husband Bradley Skinner, her estranged husband, Bradley Skinner, her estranged husband, Bradley Skinner, 59,",False,True,captured
cnndm_9325,cnndm,0.5B,16,stochastic,42,17.6387,495.95,107.82,160,9.07,876,101,59,0.1153,1.71,False," Check It, a documentary about a gang of gay and transgender youths in Washington DC, Check It, a documentary about a gang of gay and transgender youths in Washington DC, Check It, a documentary about a gang of gay and transgender youths in Washington DC, highlights the challenges the only documented gang of which formed in 2005, features over 200 members, faces discrimination and the only documented the only documented gang of its members face discrimination, poverty and violence, highlights the challenges the cycle of poverty and violence. The gang members face discrimination and their members face discrimination and violence and their lives are marked by their lives in a violent neighborhood, highlights the challenges these young men aged 14 to 22, highlights the challenges faced discrimination, poverty, and their members face discrimination and",False,True,captured
cnndm_9344,cnndm,0.5B,16,stochastic,42,14.5835,356.93,89.48,160,10.97,733,113,47,0.1542,2.4,False," British Airways is launching a mindfulness programme for its new A380 service between London and San Francisco, designed to help passengers can beetween London and San Francisco, developed in the airline is launching a mindfulness programme for San Francisco, developed in collaboration with mindfulness programme is designed to help passengers relax and refreshes and San Francisco, developed in collaboration with mindfulness expert Mark Coleman. The programme, UK and San Francisco, developed in partnership with mindfulness expert Mark Coleman, UK and San Francisco, developed in collaboration with mindfulness expert Mark Coleman, aiming to help passengers relax during the airline is launching a mindfulness programme for its new A380 service between London and San Francisco, designed to help passengers relax during the flight. The programme, UK and San Francisco, designed to help passengers relax during long-haul flights to",False,True,captured
cnndm_9434,cnndm,0.5B,16,stochastic,42,11.262,375.36,68.47,160,14.21,565,124,37,0.2195,3.35,False, The article discusses a planned meeting between Comcast and Time Warner Cable representatives with US Department of Justice officials to address competition concerns raised by their $45 billion merger. The meeting aims to negotiate possible concessions to address concerns raised by their $45 billion merger. The meeting between the two companies. The meeting between the two companies. The meeting between the two companies. The meeting aims to negotiate possible concessions to address competition concerns raised by their $45 billion merger. The meeting between Comcast and Time Warner Cable representatives with the concerns raised by their $45 billion merger. The meeting aims to negotiate possible concessions to address antitrust concerns related concerns raised by their $45 billion merger. The meeting aims to negotiate possible concessions to address antitrust concerns over their $45 billion merger. The meeting aims to,False,True,captured
cnndm_9524,cnndm,0.5B,16,stochastic,42,17.3378,477.15,106.04,160,9.23,868,106,55,0.1221,1.93,False," Kim Kardashian's baptism, North West's baptism, with a baptism, North West's baptism, where she was baptized in a baptism, with a baptism ceremony, where she was baptized. The family attended a baptism, North West's baptism, with a baptism ceremony, with a baptism ceremony, North West's baptism, with a baptism ceremony. The family, North West's baptism, with Archbishop Aris Shirvanian, an Armenian church official, confirmed the baptism of 22-month-old North West's baptism, North West's baptism, with Archbishop Aris Shirvanian, an Armenian church official, confirmed the baptism of their daughter North West's baptism, North West's baptism, with Archbishop Aris Shirvanian, an Armenian church official, confirmed the baptism of their 22-month-old",False,True,captured
cnndm_9567,cnndm,0.5B,16,stochastic,42,20.2499,453.61,124.51,160,7.9,1017,94,67,0.0924,1.4,False," 

In a case involving an Australian citizen, Peter Mutty, an engineer, was sentenced to six months in prison for six months in Saudi Arabia for six months in Saudi Arabia for possessing homemade alcohol in Saudi Arabia, he was sentenced to six months in prison for six months in Saudi Arabia, sentenced to six months in jail for six months in jail for six months in jail for six months in jail for six months and he was sentenced to six months in jail and received a grandfather from Sydney-based in Saudi Arabia, he was sentenced to six months in prisoned to jail for six months and received a 57-year-old Sydney-based in Saudi Arabia and  sentenced to six months in jail and received a 57-year-old grandfather, sentenced to six months in prisoned to six months in jail for",False,True,captured
cnndm_9612,cnndm,0.5B,16,stochastic,42,11.7343,783.73,68.87,160,13.64,556,124,37,0.223,3.35,False," New Zealand's west coast. The family has faced two particular challenges leaving Gloriavale. The most devastating is that the couple are mostly unable to contact their large extended family. The family has been told that the community. 'Not sure, the community. The family has faced two particular challenges leaving Gloriavale. The most devastating is the commune. The Overcomer. The family has faced two particular challenges leaving Gloriavale. The most devastating is the community. The most devastating is that the couple are mostly unable to contact their large extended family inside the commune. The most devastating is that the couple are mostly unable to contact their large extended family inside the commune. The family has faced two particular challenges leaving Gloriavale. The most devastating is the commune. The most devastating",False,True,captured
cnndm_9712,cnndm,0.5B,16,stochastic,42,15.363,356.47,94.38,160,10.41,772,110,51,0.1425,2.16,False," 

Shiba the dog, a four-legged shopkeeper, has become an internet sensation 

Shiba, drawing millions of views on YouTube with millions of views on YouTube with millions of views on YouTube. He works at a tobacco shop in Tokyo's Shimada Cigarette Shop in Tokyo's Shimada Cigarette Shop in Tokyo's Shimada Cigarette Shop, drawing millions of views. At a tobacco shop in Tokyo, attracting tourists visit the Shimada Cigarette Shop in Tokyo, where he works at a tobacco shop in Tokyo, where he uses his nose and paw to open a tobacco shop in Tokyo's at a tobacco shop in Tokyo, where he uses his nose and paw to open a sliding glass window at a tobacco shop in Tokyo, drawing millions of views on YouTube with millions of",False,True,captured
cnndm_9713,cnndm,0.5B,16,stochastic,42,10.9959,379.59,66.77,160,14.55,549,124,37,0.2259,3.35,False," The article discusses the upcoming documentary series 'Our Planet' produced by Silverback Films and WWF, which is a. The series will focus on Earth's last wilderness areas and the article discusses the upcoming documentary series 'Our Planet' produced by Silverback Films and WWF, which is a sequel to the successful. The series will focus on Earth's last wilderness areas and animals and the article discusses the upcoming documentary series 'Our Planet' produced by Silverback Films and WWF, which is a sequel to the successful 'Our Planet' is a. The series will focus on Earth's last wilderness areas and animals, using the article discusses the upcoming documentary series 'Our Planet' produced by Silverback Films and WWF, which is a sequel to the successful 'Our Planet' is a sequel to the",False,True,captured
cnndm_9775,cnndm,0.5B,16,stochastic,42,25.7794,458.53,159.25,160,6.21,1302,79,82,0.0607,0.96,False," 

Okay, let me with David Cameron to support for a. 2. 2. 
2. Nigel Farage visits a closer with David Cameron to build bridges with David Cameron to strengthen ties with David Cameron to collaborate with David Cameron to prevent a Labour government by engaging with David Cameron to prevent a Labour government by engaging with Conservative voters to prevent a Labour government, and has a strong indication of with David Cameron to prevent a Labour government, and engage with Conservative voters to support for a potential post-election arrangements with David Cameron to prevent a Labour government by extending his party's manifesto launch his party with David Cameron to prevent a Labour government by encouraging collaboration with David Cameron to prevent a Labour government, and has expressed his party with David Cameron to prevent a Labour government by encouraging Conservatives to vote tactically for him",False,True,captured
cnndm_9934,cnndm,0.5B,16,stochastic,42,19.7279,492.33,120.98,160,8.11,987,97,64,0.0983,1.52,False," 

A 13-year-old boy in Barcelona, M.P.C., shot and killed a student at the attack a student at the Instituto Joan Foster, shot and killed a male teacher and injured four others, including a list of  shot and a 2. 

A 13-year-old boy in Barcelona, M.P.C., shot and killed awoke uppedest was involved in a.  shot and killed a male teacher and injured four others, including two teachers and students and his father of the attack a student at the Instituto Joan Foster, shot and killed a male teacher and injured four others, including two teachers and two years old boy shot and killed a male teacher and injured four others, including two students and staffed a teenager shot and killed a male teacher and injured four others",False,True,captured
cnndm_9992,cnndm,0.5B,16,stochastic,42,10.7272,420.29,64.82,160,14.92,533,126,34,0.2364,3.71,False," 

**Summary:**

- A 39-year-old man, Jondrew Lachaux, allegedly impregnated his 17-year-old stepdaughter, impregnated his  Lachaux, allegedly impregnated his 17-year-old stepdaughter, Kellie Phillips, is married to the  Lachaux, allegedly impregnated his 17-year-old stepdaughter, Kellie Phillips, is accused of impregnated his 17-year-old stepdaughter, who is married to the 1 Lachaux, allegedly impregnated his 17-year-old stepdaughter, Kellie Phillips,  Lachaux, allegedly impregnated his 17-year-old stepdaughter, Kellie Phillips' Lachaux, allegedly",False,True,captured
cnndm_10027,cnndm,0.5B,16,stochastic,42,21.4484,473.11,131.92,160,7.46,1078,91,70,0.0844,1.3,False," Abigail Ahern, an interior designer, has written a book titled ""Colour"" Abigail Ahern advocates for using her new style bible promoting the book that promotes the book that promotes the use colouring her new style bible that promotes using her new style bible that promotes using her colorful, promoting the book that promotes the use of bold and colorful design philosophy promoting the book that promotes the use of bold, promoting the use colour, promoting the use of bold, colorful ethos, promoting the use of bold and promotes the use of bold, promoting the use of bold, which promotes the use of bold, colorful colors can be used to inspire people to embrace bold and colorful design approach to promote the use of bold, promoting the use of bold, colorful pausing her new style bible promoting the use of bold",False,True,captured
cnndm_10072,cnndm,0.5B,16,stochastic,42,21.6134,374.46,133.58,160,7.4,1097,92,69,0.0839,1.33,False," A Japanese woman who felt guilty for her cheating boyfriend gave him a wash on his Apple collection, resulting in the damage of the woman took revenge by submerging his iMac, but the article, a good revenge by sub- owned devices, leading to water damage. She took his Apple collection, including an Apple devices, including an iMac, iPhone, iPad, and accessories, which is a series, sending photos of his Apple collection, soaking. The woman took revenge by sub- owned devices, including his Apple devices, including an iMac, iPhone, iPad, and accessories, which she took the trouble to give his Apple collection, a good wash, leading to the destruction. The woman took revenge by submer collection, including an iMac, iPhone, iPad, and accessories, which",False,True,captured
cnndm_10084,cnndm,0.5B,16,stochastic,42,11.2578,779.93,65.9,160,14.21,525,128,33,0.2438,3.88,False,"I thought I picked a sensible person. I thought I picked a safe person but it turned out I picked anything but and it turns out I picked anything but and it turns out I put those kids in danger.’
Okay, I picked anything but and it turns out I put I picked anything but and it turns out I put those kids in danger’ out I picked anything but and it turns out I put those kids in danger.’
Okay, I picked anything but and it turns out I put those kids in danger.’
Okay, I picked anything but and it turns out I put those kids in danger.’
Okay, let out I picked anything but and it turns out I put those kids in danger.’
Okay, out I picked anything but and it turns out I put those kids in danger",False,True,captured
cnndm_10112,cnndm,0.5B,16,stochastic,42,20.3189,373.44,125.44,160,7.87,1029,94,67,0.0914,1.4,False," Cengiz Guven, a Turkish security guard, is protecting Australian travelers at Gallipoli's Lone Pine cemetery during the Gallipoli for the Anzac Day ceremony, and has been entrusted with securing the Lone Pine Cemetery in the Gallipoli for the Anzac Day ceremonies in the lead-upoli's 100th-1. He has previously protected at Gallipoli's Anzac Day ceremony. Cengiz Guven has been involved in the Gallipoli's Anzac Day ceremonies at Gallipoli for the Anzac Day ceremonies. He has previously protected celebrities like Russell Crowe, and has been tasked with ensuring security at the Lone Pine Cemetery during the Anzac Day ceremony on Anzac Day, including Russell Crowe, Naomi Campbell, Russell Crowe, Naomi Campbell",False,True,captured
cnndm_10180,cnndm,0.5B,16,stochastic,42,15.8262,410.48,96.95,160,10.11,792,108,52,0.1364,2.08,False," Martin Springall, 38, took a photo of his daughter in Zushi, Japan, in July 2014, Japan in  in  in 2014, which went viral on July 2014, Japan in 2014, which went viral due to a mysterious boots that sparked online, Japan in July 2014, Japan in July 2014, but later in  in July 2014, Japan in July 2014, Japan in July 2014, but later noticed a rocky outcrop in 2014 in  in 2014, which later, Japan in July 2014, but later noticed a mysterious boots in",False,True,captured
cnndm_10230,cnndm,0.5B,16,stochastic,42,14.4217,435.24,87.97,160,11.09,722,114,47,0.1579,2.43,False," 

Lord Janner, a former Labour MP, transferred the £2 million flat in a gated community near Hampstead Heath to his children in north London to his gated community near Hampstead Heath to his children in a gated community near Hampstead Heath to his children in March 201
Okay, let me gated community near Hampstead Heath to his children in north London to his children in March 2014
Okay, let's gated community near Hampstead Heath to his children in March 2020
Okay, let's gated community near Hampstead Heath to his children in March 20230

Lord Janner, a gated community near Hampstead Heath to his children in March 2023- a gated community near Hampstead Heath to his",False,True,captured
cnndm_10343,cnndm,0.5B,16,stochastic,42,25.9145,627.5,159.04,160,6.17,1286,75,85,0.0583,0.88,False," 

Okay, I need to rewrite the summary: 

1. An officer in the air and then ran into a suspect, Mario Valencia's air and then rammed his car and then ran into a locked and loaded rifle, and then ran into a suspect's air and then rammed his police cars, and then ran into a suspect, and then drove his police cars and then rammed his police cars, then ran over the air and then rammed his police cars and then rammed his police car and then rammed his police car into the air and walked toward police cars, and then drove into the air and walked toward police cars and then rammed his police car and then rammed his police car into a suspect's air and was involved in an armed robbery suspect Mario Valencia's air and",False,True,captured
cnndm_10390,cnndm,0.5B,16,stochastic,42,6.8163,341.64,40.72,160,23.47,336,139,21,0.4137,6.62,False," 

The body of a dead sperm whale washed up on a California beach, covering graffiti 

The body of a dead sperm whale washed up on a California beach, covering graffiti spelling out the name of the name of the name of the name of the East Bay Rats Motorcycle Club. The whale, which spelled out the name of the East Bay Rats Motorcycle Club. The  that spelled out the name of the East Bay Rats Motorcycle Club. The whale, which spelled out the name of the East Bay Rats Motorcycle Club. The whale, which spelled out the name of the East Bay Rats Motorcycle Club. The whale, which spelled out the name of the East Bay Rats Motorcycle Club. The whale, which spelled out the name of the East Bay Rats Motorcycle Club. The whale,",False,True,captured
cnndm_10537,cnndm,0.5B,16,stochastic,42,11.1611,506.86,67.01,160,14.34,548,125,36,0.2281,3.47,False," 

The article discusses a breakthrough in forensic DNA analysis by British researchers at the University of Huddersfield, who developed a technique called high-resolution melt curve analysis (HRMA) can distinguish between the Huddersfield, who have created a technique called high resolution melt curve analysis (HRMA). This technique, which allows police, which allows police to distinguish between identical twins, who have created a technique called high-resolution melt curve analysis (HRMA) Huddersfield, who developed a technique called high-resolution melt curve analysis (HRMA) Huddersfield, who developed a technique called high-resolution melt curve analysis (HRMA) Huddersfield, who developed a technique called high-resolution melt curve analysis (HRMA (Huddersfield, who developed a technique called high-resolution",False,True,captured
cnndm_10586,cnndm,0.5B,16,stochastic,42,22.1768,784.39,134.54,160,7.21,1082,88,72,0.0813,1.22,False," local population, according to the UN and the WHO. The WHO's report also states that the environmental according to the UN and the health impacts of e-waste are not only affects of the local pollution from the e-waste can be a major health risk is now being caused by the e-waste pollution is also a Health Impact of the area around Agbogbloshie's health of the area is a 'contamination of the local area of the Agbogbloshie's water and soil and health of the local population is already at a long-term effects of the local environment is being polluted water in the area is in the health conditions in the area of the area of Agbogbloshie's pollution in the area is soot that the local population is 'pollution",False,True,captured
cnndm_10602,cnndm,0.5B,16,stochastic,42,17.9446,542.58,109.45,160,8.92,887,100,60,0.1127,1.67,False," 

Kate Temple, a hairdresser, was jailed for 20 months after she admitted inflicting grievous bodily harm on a charge of inflicting grievous bodily harm to beinjailing to the court found guilty of biting offing a 33-year-old Kate Temple, a hairdresser, was convicted of inflicting grievous bodily harm on July 20

During an incident at a charity event at a court found guilty of inflicting grievous bodily harm by a Durham Crown Court found guilty of inflicting grievous bodily harm by a Durham Crown Court for inflicting grievous bodily harm on July 21. She admitted inflicting grievous bodily harm during an argument at a hog roast party, during an incident at a charity hog roast partying a court found her",False,True,captured
cnndm_10609,cnndm,0.5B,16,stochastic,42,18.6458,812.09,112.16,160,8.58,905,101,60,0.1116,1.68,False," interview with The Tonight Show. The video was later shown on a news network. (The with The article is not only in the with The article discusses the issue of blood diamond is a British tabloid. The article also mentions of the incident is the first time that a high-profile interviews with Rivers, and was also said that he was not the first: The article discusses the issue of blood diamonds are similar to Downey incident was later shown on a news network. (The article discusses how the interview was later shown on a news network. (The later shown on a news network. (The shown on a news network. (The shown on a news network. (The shown on a news network. (The shown on a news network. (The shown on the with The video was later shown",False,True,captured
cnndm_10679,cnndm,0.5B,16,stochastic,42,16.8325,382.85,103.46,160,9.51,847,104,57,0.1228,1.82,False," 

1. As Captain Ross Poldark, his brooding good looks and rippling muscles have drawn muscles have sent women around the country into a frenzy, Aidan Turner has sent women around the country into a frenzy. 2. Heida Reed, his brooding good looks and rippling muscles have drawn muscles have drawn muscles have drawn muscles have drawn muscles have drawn significant attention, with muscles have drawn significant attention from the article: Aidan Turner has drawn muscles have drawn significant attention from the article: The article discusses the controversy surrounding the article: Aidan Turner has drawn significant attention from fans have sent women around the country into a frenzy, Aidan Turner has drawn significant attention from fans, Aidan Turner has drawn significant attention from fans, with the article discusses the issue. 2.",False,True,captured
cnndm_10682,cnndm,0.5B,16,stochastic,42,15.2267,507.1,92.58,160,10.51,756,112,49,0.1481,2.29,False," 

Frank McKeever, an artist and entrepreneur from Florida, created a series of 'tourism' posters envisioning posters envisioning a future where humans ski-themed posters envisioning a future where humans ski-themed posters that envisioning posters envisioning a future where humans ski on a series of 'tourism' posters envisioning a future where humans ski on a series of 'tourism' posters envisioning a future where humans ski on a moon and futuristic tourism-style tourism-style posters that envisioning posters envisioning a future where humans live on Mars, Venus, and other solar system tourism-style posters envisioning a future where humans live in-solar system colonization-themed posters that envision a series of 'tourism' posters envisioning a future where humans ski-themed posters envisioning a future where humans explore the",False,True,captured
cnndm_10701,cnndm,0.5B,16,stochastic,42,20.5279,359.64,126.84,160,7.79,1042,91,69,0.0873,1.32,False," Emma Louise Connolly, the current face of Ann Summers, models a new bridal collection, which includes items that includes soft and is a new bridal wear by the brand has been launched by the brand has been unveiled by the brand has been unveiled by the brand, which includes soft palettes of lingerie and loungewear and is known for its soft palettes of lingerie and loungewear collection, which includes items priced between £14 and £85, featuring soft palettes of ivory and nude, and is not without a raunchy streak. The collection, which includes items for the brand's first released by the brand has been launched by the brand, which includes items like the brand's first foray into bridal wear, which includes soft and is known for its soft ivory and nude, which includes",False,True,captured
cnndm_10761,cnndm,0.5B,16,stochastic,42,11.9542,360.78,72.91,160,13.38,603,121,40,0.2007,3.02,False," The Statue of Liberty was evacuated Friday after a bomb threat, with a suspicious package found. 2,700 tourists were evacuated, and 2,700 tourists were evacuated Friday afternoon, which was later determined to be a hoax. 2,700 tourists were evacuated by boat, which was later determined to be a hoax. 2,700 tourists were evacuated. 2,700 tourists were evacuated by a hoax. 2,700 tourists were evacuated by boat operators rushed off Liberty Island was found on Liberty Island was found to be a hoax. 2,700 tourists were evacuated by boat, which was later determined to be a hoax. 2,700 tourists were rushed off Liberty Island was found to be a",False,True,captured
cnndm_10778,cnndm,0.5B,16,stochastic,42,17.686,361.14,108.96,160,9.05,895,102,59,0.114,1.73,False," The Trussell Trust, a major foodbank network, charges £1,500 from churches and community groups to set up to set up to set up to set up new foodbanks to set up to open new foodbanks, which establish new foodbanks to set up to start new foodbanks to set up new foodbanks to set up new foodbanks to set up new foodbanks, which open new foodbanks, which open new foodbanks, using its to set up to open new foodbanks, which open new foodbanks to set up new foodbanks, which open new foodbanks, to cover setup new foodbanks to set up new foodbanks, which establish new foodbanks, which establish new foodbanks, citing costs to set up to set up new foodbanks, which open",False,True,captured
cnndm_10820,cnndm,0.5B,16,stochastic,42,18.6066,403.07,114.49,160,8.6,938,100,61,0.1066,1.64,False," Sanjay Chaddah, a property developer, falsely accused his neighbour's son-in-law, Dean Paton of a racially aggravated assault in a racially aggravated assault in a racially aggravated assault in a dispute over a new driveway dispute over a boundary dispute over a boundary dispute in a racially aggravated assault in a racially aggravated assault in a racially aggravated assault in a racially motivated assault in a racially motivated assault claim of a racially aggravated assault in a dispute over a new driveway dispute over a new driveway dispute over a new driveway dispute over a new driveway, Dean Paton of a racist assault in a boundary dispute, Dean Paton of a racist assault during a boundary dispute in a racially aggravated assault in a racially aggravated assault in a racially motivated assault in a racially motivated assault in a racially motivated assault in a dispute over a",False,True,captured
cnndm_10883,cnndm,0.5B,16,stochastic,42,16.3988,483.72,100.09,160,9.76,819,108,52,0.1319,2.08,False," 

Diet Pepsi will no longer contain aspartame, a sweetener linked to health concerns, due to customer concerns over  health concerns over  health concerns over  health concerns, due to customer concerns over its safety, due to customer concerns over its safety, due to customer concerns over its safety. PepsiCo'safety concerns over its safety concerns over  health concerns, due to customer concerns over its safety. PepsiCo'safety concerns, due to customer concerns over its safety. PepsiCo's decision to switch to sucralose due to customer concerns over  health concerns, due to customer concerns over its safety. PepsiCo'safety concerns, due to customer fears over its safety, due to customer concerns over its safety, due to customer concerns over its safety. PepsiCo's decision to replace",False,True,captured
cnndm_11024,cnndm,0.5B,16,stochastic,42,12.6672,424.13,77.0,160,12.63,631,120,40,0.1902,3.0,False," 

The article reports that two Italian men, Sebastiano Quagliata and Valbona Lucaj, pleaded no contest to a Lucaj, pleaded no contest to a Lucaj, pleaded no contest to a reduced their dogs that owned two dogs that owned two dogs that got loose and mauled a jogger to death in Michigan pleaded no contest to a reduced charge after pleading no contest to the owners of two dogs that got loose and mauled a jogger to death in Michigan pleaded no contest to a reduced charge of Michigan, pleaded no contest to a reduced charge after a Lucaj, pleaded no contest to a reduced charge of Michigan, pleaded no contest to a reduced charge after pleading no contest to a reduced charge, pleaded no contest to a reduced charge after pleading no contest to a reduced charge,",False,True,captured
cnndm_11060,cnndm,0.5B,16,stochastic,42,11.7911,348.65,71.96,160,13.57,591,123,38,0.2081,3.24,False," The sale of West Brom has started due diligence, with interest from groups in the US, Australia, Australia, Australia, and the Far East. The club, Australia, and the Far East. The club is on the market, Australia, and the Far East. The club is on the market for £150m Australia, and the Far East. The club is seeking to buy, Australia, and the Far East. The club is being Australia, and the Far East. The club is seeking to buy the Far East, Australia, and the Far East. The club is being Australia, and the Far East. The club is seeking between £150 million. The club is on the market for the Far East, Australia, and the Far East. The club is seeking to buy",False,True,captured
cnndm_11249,cnndm,0.5B,16,stochastic,42,18.0358,414.32,110.83,160,8.87,906,102,58,0.1126,1.76,False," 

Black boxes are red to help rescuers spot them, and they are used to record flight data and cockpit conversations between pilots and record flight data and are used to record flight data and cockpit conversations and record flight data and cockpit conversations and contain flight data and cockpit conversations and record flight data and cockpit conversations, and they are crucially record flight data and cockpit conversations, record flight data and cockpit conversations, crucially record flight data and cockpit conversations, providing critical flight data and cockpit conversations, in the last moments of flights. Photographer Jeffrey Milstein documented the final moments of flights. They are used to record flight data and cockpit conversations, and the final moments of flights. Photographer Jeffrey Milstein documented black boxes are crucially record flight data and cockpit conversations, crucially record flight data and cockpit conversations to record",False,True,captured
cnndm_11351,cnndm,0.5B,16,stochastic,42,14.2356,460.33,86.64,160,11.24,706,112,48,0.1586,2.33,False," 

Victoria Beckham and David Beckham are both top fashion designers, with Victoria behind at number 

Victoria Beckham and David at the most fashionable Brits, with Audrey Hepburn is number nine in a new poll of the most fashionable Brits. Audrey Hepburn is a new poll of the most fashionable Brits, David Beckham is the key facts and David Beckham was a new poll of the most fashionable Brits puts David at number three, with Victoria trailing behind at number nine. Audrey Hepburn is the most stylish Brit, while Audrey Hepburn is the most stylish Brit, according to a new poll ranks in a new poll of the most fashionable Brits puts David at number three, with Victoria trailing behind at number nine. Audrey Hepburn is the most stylish Brit, followed by David Beckham is number nine in",False,True,captured
cnndm_11395,cnndm,0.5B,16,stochastic,42,18.623,782.64,112.2,160,8.59,906,101,60,0.1115,1.68,False," in 2013 has been confirmed by the Crossrail team. The archaeologists 2013 has been working on the site since then worked under the direction of archaeologists, the Crossrail team have already found the 2013 has been working on the Crossrail team 2013 has been confirmed that worked under the direction of archaeologists, the construction workers were able to confirm that worked in 2013 found 2012013 has been confirmed by the Crossrail team, in 2013 had to be allowed the team, working at the site are now working on the Crossrail team has been working on the Crossrail team said that the skulls and tunnellers had to be involved in the Crossrail team",False,True,captured
