sample_id,task,draft,k,regime,seed,latency_s,ttft_ms,tpot_ms,num_tokens,tokens_per_sec,total_proposed,total_accepted,n_verify_steps,alpha,B_eff,stopped_eos,output_text,gpu_stream_pipeline,gpu_stable_step_shapes,gpu_graph_capture
gsm8k_2,gsm8k,0.6B,4,stochastic,999,14.1619,154.72,54.93,256,18.08,497,132,125,0.2656,1.06,False,"  (Assume that he uses the original cost of the original price of the house for the house value of the original cost of the house and sells the original price plus the value of the house after-tax and sells the entire value of the house and sells the house for the original price of the house to sell the original cost basis of the original cost of the house and sells the house value of the house after-tax money from the original price from the proceeds from the original cost of the house and repairs as much of the house value of the value of the house after repairs as much of the money from the original purchase price plus 10% of the total cost of the house and repairs as much of the profit as much as much as much as much as much as possible depreciation to sell the house for the same amount of money from the original purchase to sell the house for the entire proceeds from the sale price of the house, including the money from the sale price of the house is the same value of the house after-tax profit = the original price of the house as much as possible tax-free to sell the house for the same amount of money to sell the house for the same amount of money he sells the house for the same amount of money he sells the house for the original",False,True,captured
gsm8k_11,gsm8k,0.6B,4,stochastic,999,14.5801,140.22,56.63,256,17.56,518,127,130,0.2452,0.98,False," 

Okay, let's see.>

To find the total cost, the total cost in the total cost of don'the total cost in numbers >

To calculate the total cost of the total cost in numbers >
To calculate the total cost of the total cost is the total cost in numbers only the total cost in numbers only the number >

To calculate the total cost of don'to>

To find the total cost by the total cost in the total cost in the total cost is the total cost.

Let me solve the total cost in the total cost is the total cost of the total cost in the box >
To calculate the total cost of the total cost is the total cost of the total cost is the total cost.

Let me calculate the total cost is the total cost is the total cost of the total cost is the total cost. 

Let me solve step by step >

To find the total cost by 30>
Okay, let's calculate the total cost in the box >

To calculate the total cost of the total cost is $521234762397439>
Okay, let's>
Okay, let's see the total cost in the box.

Okay, let's see the total cost in the box > 

Okay, let",False,True,captured
gsm8k_15,gsm8k,0.6B,4,stochastic,999,13.5629,139.34,52.64,256,18.88,479,136,121,0.2839,1.12,False," Assume that the discount rate is  is  is 5% is  is 6% per month is 5% per month is 6% per year is 1 is 8% and the merchant is  is 6% per year is 5% per month is 0.05.

Wait, the question is missing in the market is  is 1 is 6% per year.

Wait, the merchant is willing to pay is 10% and the interest is 1 is 5% and the risk-free and the market is 5% per year, r is 1 is 5% and the interest is 6%.
Wait, the question is a is  is 5%.
Wait, the question is not to be  is 5% per year is 1 is 5% and the rate is 1 is 1 is 5% per year is 10. is 1 is 1 is 10% per month is 1 is 5% and the interest is 3% per month is 10. is 10. is 10% is 10. is 10.0. is 10% is ",False,True,captured
gsm8k_21,gsm8k,0.6B,4,stochastic,999,11.1476,140.97,43.16,256,22.96,395,158,99,0.4,1.6,False," Let's solve this problem. 

First, we need to find the current age step by step, step by step, step by step, step by step, using the information given. First, we need to find the current age step by step. 

First, we need to find the current age of how old-style.

First, we need to find the current age of Raymond and think step by step, step by step, step by step, using the information given. First, we need to find out step by step, step by step, using the information given. First, we need to find the current age of Raymond and then step by step, step by step, using the information given. 

First, we need to find the current age of Raymond and see step by step. 

First, we need to find out step by step, and then check for the problem step by step, step by step, using the information given. First, we need to find the current age of Raymond and Samantha is a step by breaking it step by step, and see step by step. 

First, we need to find the current age of Raymond and Samantha is a two ways. First, we need to find the current age of Raymond and Samantha is step by step,",False,True,captured
gsm8k_22,gsm8k,0.6B,4,stochastic,999,12.6261,139.55,48.97,256,20.28,449,144,113,0.3207,1.27,False," Let's solve this problem. 

Step 1: Determine the problem step by step. First, let's break it step by step. First, let's break it step by step. First, let's see if we think step by step. First, step by step. First, we need to calculate the first. 

Step 1: Determine the first. 

Step 1: Determine the first 3 customers bought by breaking it down step by step. First, we need to find the step by step. 

Step 1: Determine the first step by breaking it down step by step. First, let's find the first. 

First, let's see how many DVDs did he has  step by step. First, we have to find out how many DVDs sold by breaking it down step by step. First, we need to find the first step is a step by step. First, let's find out step by step. First, let's find out step by step. First, we need to find the first. 

First, let's calculate the total number of DVDs sold is step by step. First, we have a step by step. First, step by step. First, let's find the total number by breaking it down into steps",False,True,captured
gsm8k_32,gsm8k,0.6B,4,stochastic,999,11.2246,139.46,43.47,256,22.81,399,157,100,0.3935,1.57,False," Let's solve this problem. 

First, we need to find out how many hours a day does step by step. 

First, we need to find the problem step by step:

First, we need to find the problem step by step. 

First, we need to find the total hours per step by first. We need to find out step by step:

First, we need to find the problem step by step. 

First, we need to find out step by step. First, we need to find the problem step by step.

First, we need to find the problem step by step.  step by step:

First, we need to find the problem step by step. 

First, we need to find out step by step. 

First, we need to find out step by step. 

First, we need to find the problem step by step. 

First, we need to be breaking it down step by step:

First, we need to find the problem step by step. 

First, we need to be breaking it into steps. 

First, we need to find the problem step by step by first. 

First, we need to find out how many hours a day does it's steps:

First, we need to find the problem step by",False,True,captured
gsm8k_34,gsm8k,0.6B,4,stochastic,999,12.8201,140.87,49.72,256,19.97,457,141,115,0.3085,1.23,False," Let's solve this step by step.

Step 1: Find the problem together.

Step 1 by step.

Step 1: Find the problem together.

Okay, let's see. First, find the problem together.

First, find step.

Step 1: Find the problem step.

First, find out how?

Okay, let's see step.

Step 1: Find the problem step by step.

First, find the problem.

First, find out how many step.

Step 1: Find the problem together.

Okay, let's solve this step by step.

Okay, let's see step.

First, we go step by step. First, we need to find the problem step.

Step 1: Find out.

First, we go step by step.

Okay, let's see step.

First, find out how?

Okay, let's see step.

First, we go step by step. First, find out how many step.

First, we go step by step.

Step 1: Find out.

Step 1: Find the problem step by step.

Step 1: Find out.

Step 1: Find out.

Step 1: Find out.

Step 1: Find the number by step.

First, find out how many step",False,True,captured
gsm8k_35,gsm8k,0.6B,4,stochastic,999,11.4241,140.35,44.25,256,22.41,404,156,101,0.3861,1.54,False," Let's solve this problem.  step by breaking it down step by step. 

Okay, let's see. 

Okay, let's break it step by step. 

First, we need to find the same as a step by step. 

Okay, let's break it down step by step. 

First, we need to find the total points =  step by step.  step by step. 

First, we need to find the same as the problem step by step.  step by step.  step by step.  step by step. 

First, we need to find the total points is the problem step by step.  First, we need to find the total points = step by step. 

First, we need to find the problem step by step.  step by step.  step by step.  First, we need to find the problem step by step.  step by step.  step by step.  First, we have a step by step.  First, we have to find the total points = step by step.  step by step.  step by step.  step by step.  step by step.  First, we have a step by step.  step by step.  step by step.",False,True,captured
gsm8k_44,gsm8k,0.6B,4,stochastic,999,14.1155,141.54,54.8,256,18.14,499,131,126,0.2625,1.04,False,"  Also, he has a 10. 10. 20% of the total of $100. 20% tax rate of $20.30% of $100.0.30% tax rate on-handmade a fixed cost of $10.20.  20% of $100.20% of the cost of $20% of the profit margin of $10.20% of the total profit margin of $50% of the revenue of $20% of the selling cost of $200. 20% tax rate of 10% discount of $200% of the cost of $50% of the profit that costs of $50% discount of 20% discount of 10% discount on-handmade label that costs $20. 20% tax rate on-handicraft, $100.30% tax rate of 10% discount on-time cost of $10% of $200.0.20% tax rate onetime of $100.20% tax rate of 10. ",False,True,captured
gsm8k_48,gsm8k,0.6B,4,stochastic,999,11.8757,138.14,46.03,256,21.56,422,151,106,0.3578,1.42,False," What is the total length of all the pieces?

Wait, the pieces? of all the pieces?

Wait, the question? of all the pieces?

Wait, the question is the pieces?

Wait, the question is asking for all of all the pieces? What is the total length of all the pieces?

Wait, the question is the wire used for all of all the pieces?

Okay, in feet of all the pieces combined?

Okay, let's length of all of all the pieces?

Wait, the question is asking for? of all the pieces combined of all the pieces?

Okay, let mea of all the pieces combined of all the pieces combined of all the pieces?

Wait, the question is asking for? of all the pieces combined?

Wait, the question is asking for? of all the pieces?

Wait, the question is the pieces?

Wait, the question seems to be a mistake in the question? of all the pieces put into which is  of all the pieces?

Answer: <number> of all the pieces?

Wait, the question is asking for? of all the pieces combined of all the pieces combined of all the pieces?

Wait, the question is asking for?

Wait, the question seems to be a typo? of all the pieces?

Wait,",False,True,captured
gsm8k_49,gsm8k,0.6B,4,stochastic,999,10.1465,138.63,39.25,256,25.23,359,167,90,0.4652,1.86,False," Let's solve this problem. 

First, find the total number by breaking it down into steps. First, we need to find the total number of units in the problem step by step.

First, we need to find the total number of units in the same as before we need to find the total number by breaking it down into steps. First, find the total number of units in the step by step. First, we need to find the total number of units.

First, we need to find the total number of units.

First, we need to find the total number of units in steps. First, we need to find the total number of units. 

First, we need to find the total number of units. 

First, find the total number of units step by step.

First, we need to find the total number of units in steps. First, we need to find the total number of units in steps. First, find the total number of units.

First, we need to find the total number of the problem step by step. First, we need to find the total number of units in steps. First, we need to find the total number of units in the problem step by step. First, step by step. 

First, we need to find",False,True,captured
gsm8k_55,gsm8k,0.6B,4,stochastic,999,10.5066,140.61,40.65,256,24.37,371,163,93,0.4394,1.75,False," 

Okay, so Jean starts with 30 lollipops. So Jean starts with  Jean starts with 30 lollipops. So Jean starts with 30 lollipops. So Jean starts with 30 lollipops. So Jean starts with 30. So Jean starts with 30 lollipops. So Jean starts with 30. So Jean starts with  Jean starts with 30. So Jean starts with 30 lollipops. So Jean starts with 30. So Jean starts with  Jean starts with 30. So Jean starts with  Jean starts with 30 lollipops. So Jean starts with 30 lollipops. So Jean starts with 30. So Jean starts with 30. So Jean starts with  Jean starts with 30. So Jean starts with the problem. So Jean starts with 30. So Jean starts with  Jean starts with 30 lollipops. So Jean starts with 30. So Jean starts with the problem again. So Jean starts with 30. So Jean starts with  Jean starts with 30 lollipops. So Jean",False,True,captured
gsm8k_56,gsm8k,0.6B,4,stochastic,999,16.1577,138.36,62.82,256,15.84,576,111,145,0.1927,0.77,False," Also, he has  (120.50 cents. He has 10 dollars for the following items that he can he has 25 quarters, dimes and 3 candy bars that he can'tenough, a coupon for 3 candy bars that he can spendable to buy a soda for the 3 candy bars that he can spendable money for the week, 120.5 pounds of popcorn. He has 3 candy bars that he can spend on his favorite movie tickets for the following items: 30 dollars for the movie tickets and he has 3 candy bars that costcoff 25 cents in his favorite movie that he can he has 10. How many soda for the week.7 quarters, a coupon for 12 dollars for the week, a coupon for 15 quarters, dimes and nickels and he has 36 movie tickets from his own a coupon for 10.5 kilograms of popcorn.7 quarters, 12 quarters, dimes and nickels in his wallet with him a coupon for 10 quarters, dimes, 20.5 dollars for the week. How many times can he go to the movies? Also, he has",False,True,captured
gsm8k_57,gsm8k,0.6B,4,stochastic,999,14.342,139.11,55.7,256,17.85,509,129,128,0.2534,1.01,False," 

Okay, let's see.>

Okay, let'solution>
Okay, let's think>
Okay, let's think>
Okay, let's think>
Okay, let's think>
Okay, let's think step-by>

Okay, let's think>
Okay, let's think step-by-5000- 10>

Okay, let's think>
Okay, let's see below >
Okay, let's think>
Okay, let's see below > 

Okay, let's think>
Okay, let's think > 

To determine the maximum number of boxes>

Okay, let's think > 

To determine the maximum number of boxes>

Okay, let's see below >

Okay, let's>
Okay, let's think step-by>
Okay, let's see below >
Okay, let's see below >

Okay, let's number >

To determine the maximum number of boxes>

Okay, let's see below >

Okay, let's> 

Okay, let's>
Okay, let's see below >
Okay, let's see below >

Okay, let's number >

To determine the maximum number of the number >

To determine the maximum number of the number here > 

Okay, let's number >
Okay, let's see below > 

To determine the maximum",False,True,captured
gsm8k_59,gsm8k,0.6B,4,stochastic,999,11.6446,140.07,45.12,256,21.98,412,153,104,0.3714,1.47,False," Let's solve this step by step by step. First, find the total number of raspberries on step by step. First, we need to find the total number by step by step.

First, find the total number of clusters of fruit.

First, find the total number of clusters is step by step. First, we need to add the number by step. First, we need to find the total number by step. First, we need to add the number of clusters and then step by step. First, we need to find the total number of step by step. First, by step. First, we need to find the total number of clusters is step by step, step by step.

First, find the total number of raspberries are there step by step, step, by step. First, we need to find the total number of clusters is step by step, making sure we need to add the clusters first. The total number of fruit.

Step 1: Find the problem.
Okay, so step by step.

First, we need to step by step.

Step 1: Find the problem.

First, calculate the total number of raspberries on step.

First, we need to step by step.

First, calculate the total number of fruit.

First,",False,True,captured
gsm8k_62,gsm8k,0.6B,4,stochastic,999,13.726,139.56,53.28,256,18.65,485,135,122,0.2784,1.11,False," (Assume that 2 is the value of the pension is the rate is the value of the pension is the value of the company has no other factors: the company has a year is the number is the value of the pension is a year is the number of years she is not the case is a year is the number of years she will be the interest rate is the value of the pension is a year is the value of the pension is the number of years she has no effect of the value of the pension is the value of the pension is the value of the annual pension is the same company's pension is the value of the pension is calculated from the initial years after 1% of the value of the company is the value of the pension is calculated as a year is the time units = 0 years after 20 years,0 years is the time when she quits,0 years is the time periods of the value of the pension is the pension is  is the same company will be the annual payments are the same as the first  is the value of the pension is calculated as a decimal places of the pension is the value of the pension is calculated from the start of year is a year is the rate is the amount is a year is the rate of the",False,True,captured
gsm8k_66,gsm8k,0.6B,4,stochastic,999,13.5064,140.34,52.42,256,18.95,478,137,120,0.2866,1.14,False," 

Okay, let's see. 
Okay, let's think>
Okay, let's see the total number of people > 

Let me think>
Okay, let's think>
Okay, let's see the total number of people >
Okay, let's think>
Okay, let's think>
Okay, let's think>
Okay, let's see below > 

Okay, let's think>
Okay, let's see below >
Okay, let's see the total number of people > 

Okay, let's>

To determine the total number of people>
Okay, let's think step by step-by> 

Okay, let's see below

Okay, let's think step by step-by> 122440>
Okay, let's see the total number of people > 

Okay, let's>
Okay, let's see the total number of people >
Okay, let's see below >

Okay, let's

Let me think through the total number of people > 

Okay, let's see the total number of people >
Okay, let's see the total number of people > 
Okay, let's think step by step-by-140>
Okay, let's see the total number of people>
Okay, let's>

Okay, let's think",False,True,captured
gsm8k_67,gsm8k,0.6B,4,stochastic,999,12.464,137.97,48.34,256,20.54,443,146,111,0.3296,1.32,False," Let's solve this problem.  step by breaking it down step by step, step by step, step by step, using the problem step by step, step by step, and find the number by breaking it down step by step by step, step by step, starting by breaking it down step by step, and make sure to show your step by step, step by step, and make sure to show all together. First, we need to find the total number of gems is as a step by step, step by step, and find the total number of gems in the problem step by step, step by step, and find the number by breaking it down step by breaking it down step by step by step, step by step, using the problem step by step. 

First, let's find the problem step by step.

Okay, let's see if the same as follows the problem step by step, step by step, step by step, and see how many total number by breaking it down step by step, step by step, and see if the total number of the step by step, step by step, and find the number of the problem step by step, step by step, and see how many gems step by step, and find the number by breaking it down",False,True,captured
gsm8k_68,gsm8k,0.6B,4,stochastic,999,13.6858,139.67,53.12,256,18.71,487,134,123,0.2752,1.09,False," 

Okay, let's see solution here >
Okay, let's think>
Okay, let's think>
Okay, let's think>
Okay, let's think>
Okay, let's see solution >
Okay, let's see solution >
Okay, let's see solution > 

To solve this problem, we need to find the number of teachers >
Okay, let's think>
Okay, let's think>
Okay, let's see the number > 

Okay, let's see the number > 

To solve this step-by>

Okay, let's see the number >
Okay, let's think step-by>
Okay, let's see the number of the number >
Okay, let's see the number of teachers >
Okay, let's see the number of teachers > 

Okay, let's>
Okay, let's think step-by-step>
Okay, let's think step-by-step explanation here >
Okay, let's think step by 

Okay, let's see solution > 

To solve the number >
Okay, let's see the number of teachers >
Okay, let's see solution >
Okay, let's see the number of teachers >

To solve this is the number >
Okay, let's see the number of teachers > 

Okay, let's

Okay, let's see solution >",False,True,captured
gsm8k_69,gsm8k,0.6B,4,stochastic,999,14.0975,139.0,54.74,256,18.16,502,131,126,0.261,1.04,False," 

Let me solve this problem. 

Okay, so I need to find the problem step by step. 

Okay, so I need to find the problem step by step:
Okay, so I need to find out how much like a step by step:

Okay, so I need to find out how much like a mathem step by step.

Okay, so I need to find out how much like a math teacher. So, the total amount of money she receives a step by step. 

Okay, so Bailey receives a weekly allowance of $5 times. So, first. 

Okay, so Bailey receives a step by step. 

Okay, so Bailey receives a weekly allowance of $1. 

Okay, so Bailey receives $5 each step by step:

Okay, so Bailey receives $5 per the problem step by step.

Okay, so Bailey receives $5 each step by step. 

First, step by step:

Okay, let me think. Okay, so Bailey receives a step by step.

Okay, let me think. 

Okay, so Bailey receives a step by step.

Okay, so Bailey receives $5 each step by step.

Okay, so Bailey receives $5 each step by step. 

Okay, so Bailey receives $5 each step carefully.

Okay",False,True,captured
gsm8k_73,gsm8k,0.6B,4,stochastic,999,16.7446,138.46,65.12,256,15.29,596,107,149,0.1795,0.72,False," (The interest is compounded monthly.)? Or not on the total 3 times per month.)

Okay, let's see. But the first for each month by the month by the month.)

Okay, let's say, but the total interest, but is added to the principal and added to the end of each month. Assume that the interest is compounded monthly.)

Okay, let's say, so that is not monthly.)

Okay, let's see the first for each month by month by the first for the first for each month. How much will be 12 times per month.)

Okay, let's say, so the first at the first for the first month by the month by month by the month by the month.)

Okay, let's say, monthly.)

Okay, let's say, monthly.)

To be monthly.)

Okay, let's say, monthly.)

Okay, let's see the first month by the month, but the total amount is not monthly.)

Okay, let's see the first month by month by month by the month.)

Okay, let's see the first month, but the total amount is divided by the first for the first month, but the payment plan is not per month.)

Okay, let's say, monthly.)

To be monthly.)

Okay, let",False,True,captured
gsm8k_78,gsm8k,0.6B,4,stochastic,999,10.9269,153.05,42.25,256,23.43,387,160,97,0.4134,1.65,False," Let's solve this problem. 

First, find the cost of how much like a step by first. First, we need to find out how much money does it step by step. First, we need to find the cost of buying  step by step, step by step.

Okay, let's see step by step. First, find the cost of how much does step by step. First, we need to find the cost of buying 18 flowers. First, we need to find out step by step. First, we need to find the cost of buying 18 flowers.

First, we need to find the cost of each step by step. First, we need to find out how much money does step by step. First, we need to find the cost of each step by step.

Okay, so Vincent needs to be solving step by step. First, find the cost of how much money saved by buying 18.
Okay, so that is to find out step by step. First, we need to find the cost of each step by step. First, we need to find the cost of each step by step. First, find the cost of buying  step by step. First, we need to find the cost of each step by step.",False,True,captured
gsm8k_90,gsm8k,0.6B,4,stochastic,999,12.9164,140.0,50.1,256,19.82,457,141,115,0.3085,1.23,False, Let's say that the... 20 adults and 5 children are 20 adults and 20. Let's say that the answer is 20 adults eaters are 20 adults and the answer is 20 adults eaters are 20 adults are 20 adults eaters are notations are 20 adults eaters are going to be 20.5 children are 20 adults are 20 adults and the answer is 220 adults eat 20 adults and 20 adults eaters are 20 adults are 20 adults are 20 adults and the answer is 220 adults are 20 adults eaters are all the answer is 220 adults are 20 adults and the answer is 220.5 children are 5 children are 20 adults eaters are all of the potato salad is 10 lbs of the answer is 220 adults eat 20 adults and 20 adults eat 20 adults and 20 adults are 20 adults and the answer is 220. (a is 20 adults and 20 adults eat 10 lbs of the,False,True,captured
gsm8k_97,gsm8k,0.6B,4,stochastic,999,13.4578,139.92,52.23,256,19.02,474,137,120,0.289,1.14,False," 

Okay, let's see the number >
Okay, let's think>
Okay, let's think>
Okay, let's think>
Okay, let's think>
Okay, let's see below >
Okay, let's see the number >
Okay, let's think>
Okay, let's think>
Okay, let's see the number >
Okay, let's>
Okay, let's think>
Okay, let's see the number >
Okay, let's see below >
Okay, let's see the number of tomatoes used>

Okay, let's think>
Okay, let's see the number >
Okay, let's see below >
Okay, let's>

Okay, let's see the number of tomatoes >
Okay, let's see the number of tomatoes Freda used 16>
Okay, let's see below > 

Okay, let's>
Okay, let's see below >
Okay, let's 6>
Okay, let's see the number of tomatoes Freda used 36>
Okay, let's see the number of tomatoes used >
Okay, let's see below >

Okay, let's think>
Okay, let's see the number of tomatoes used >
Okay, let's>
Okay, let's see the number of tomatoes used 3248>
",False,True,captured
gsm8k_100,gsm8k,0.6B,4,stochastic,999,11.6497,139.56,45.14,256,21.97,412,154,103,0.3738,1.5,False," 

Okay, let's try to figure out this step by step. So, step by step. So, the problem is to figure out this step by step. So, first, I need to figure out the problem step by step. So, the problem step by step. So, first to figure out this step by step. So, the problem step by step. So, step by step. So, step by step. So Jerome's see. So, first to figure out how to figure out this step by step. So, the problem is step by step. So, step by step. So Jerome's see. So Jerome's see. So Jerome's solve this step by step. So Jerome's solve this problem step by step. So, step by step. So, step by step. So, step by step. So, step by step. So Jerome's see. So, Jerome's solve this problem step by step by step. So Jerome's solve this problem step by step by step. So Jerome's solve this problem step by breaking this step by step. So Jerome's solve this problem step by step by step. So, step by step. So, step by step. So, step by step. So, step by step. So",False,True,captured
gsm8k_107,gsm8k,0.6B,4,stochastic,999,11.5958,146.45,44.9,256,22.08,407,155,102,0.3808,1.52,False," Let's solve this step by step by step.

Okay, let's see. First, let's solve this step by step.

Okay, let's solve this step by step.

Okay, let's see step by step.

Okay, let's solve this step by step.

Okay, let's solve this step by step.

Okay, let's solve this step by step.

Step  by step.

Step 1: Calculate the total time.

Okay, let's break it step by step.

First, let's step by step.

Okay, let's solve this step by step.

Step 1: Calculate the total time he step by step.

First, step by step.

First, let's calculate the problem step by step.

First, let's find the problem step by step and step by step.

First, let's find out.

Okay, let's see step by step.

First, step by step.

First, let's find out.

Okay, let's solve this step by step.

Step 1: Calculate the total time Frankie watched 1 by step.

First, let's calculate the problem.

Okay, let's break it step by step, step, step, step, step, step, step, step.

Step 1: Calculate the total time",False,True,captured
gsm8k_112,gsm8k,0.6B,4,stochastic,999,14.4739,140.18,56.21,256,17.69,514,126,130,0.2451,0.97,False," 

Okay, let's see the number >
To determine the number > 

Okay, let's see the number >
Okay, let's think>
Okay, let's think>
Okay, let's think>
Okay, let's see the number > 

Okay, let's think>
Okay, let's think>
Okay, let's think>
Okay, let's see the number here >
To determine the number of cleanings > 

Okay, let's>
Okay, let's see the number > 

Let's>
Okay, let's think>
Okay, let's think>
Okay, let's see the number of the number >.
Let's>

To determine the number of lessons per day > 

Okay, let's>
Okay, let's see the number of cleanings per day. 

Final Answer>
Okay, let's see the number here >. 

To determine the number of cleanings>
Okay, let's see the number of the number of the number here >.
Okay, let's see the number of cleanings per day.
Let me solve this step by step >

To determine the number of lessons per day x >. 

To determine the number of lessons per day > 

Okay, let's think>
Okay, let's think step-by-12",False,True,captured
gsm8k_113,gsm8k,0.6B,4,stochastic,999,15.6088,141.21,60.66,256,16.4,557,116,140,0.2083,0.83,False," - Final Answer: < - Final Answer: <number> - Final Answer: <number> 

To solve this problem, please put your answer here > 

Okay, let's see. - Final Answer: <number> 

Okay, let me to be sure you need to be sure, - Final Answer: < - Final Answer: <

Okay, let me to be sure to be sure > 25> 

To solve this problem, we need to find the number > 125>

Okay, let me to be filled in with the correct answer here >.
Okay, let me think.
Okay, let me think>
Okay, let me to be filled in with the correct number > 20000> 

Okay, let's>
Okay, let's>
Okay, let's value > 

Okay, let's number >.
Okay, let's see the number > 

Okay, let'something>
Okay, let's see the number here >  - Final Answer: <number> >
Okay, let's>
Okay, let's see the number here >.

Okay, let's value >.

To solve this problem, we need to find the answer here >.

To solve the number >.
Okay, let's see the",False,True,captured
gsm8k_121,gsm8k,0.6B,4,stochastic,999,14.8452,139.96,57.67,256,17.24,529,123,133,0.2325,0.92,False," 

Okay, let's see.>

To solve this problem, we need to find the total number of fruits>
Okay, let's see the total number > 

Let me solve step by step >

Okay, let's think>
Okay, let's think>
Okay, let's think>
Okay, let's see below >

To solve the total number of fruits >

To solve step-by>
Okay, let's think>
Okay, let's see the total number of fruits >

To solve step-by>

Okay, let's think>
Okay, let's see the total number of fruits >

To solve this is 39649687>
Okay, let's see below > 

Okay, let's see the total number of fruits >
Okay, let's see below > 

Okay, let's see the total number of fruits they have a number >
Okay, let's see the total number of fruits >

Okay, let's see below >

Okay, let's>

Okay, let's see the total number of fruits >

Okay, let's see below >

To solve this problem solution > 

Let me think>
Okay, let's see the total number of fruits > 

Let me think through the total number of fruits >

To solve this is there are there are ",False,True,captured
gsm8k_125,gsm8k,0.6B,4,stochastic,999,12.9748,144.16,50.32,256,19.73,459,142,115,0.3094,1.23,False," Let's solve this problem. 

Okay, let's see. 

Okay, let's step by breaking it step by step, step by step, step by step, step by step, step by step, step by step, using a step by step, step by step, step by step, step by step, using a step at your step by breaking it down step by step, step by step, using a step at your own step by step, step by step, using a step at a step by breaking it down step by step, step by step, step by step, using a step at a step at your own pace.

Okay, let's see how many ways. 

Okay, let's break it step by step, step by step, step by step, using a step at your step by step, step by step, step by step, step by step, using a step at a step at a step at the same way. 

Okay, let's break it step by step, step by step, using a step at a time step by step, step by step, using the same way as a step at the problem step by step, step by step, using the same way as the same as a step-by-step.

Okay, let's",False,True,captured
gsm8k_126,gsm8k,0.6B,4,stochastic,999,12.1309,138.63,47.03,256,21.1,431,149,108,0.3457,1.38,False," Let's solve this step by step by step, by step.

Step 1: Determine how?
Okay, let's solve this step by step.

Step 1 by step by step.

Step 1 by step.

First, we need to find the problem together.

First, let's solve this step by step.

First, we need to find the problem together.

Okay, let's solve this step by step.

Step 1: Determine how?

Okay, let's solve this step by step.

First, let's find the problem together.

Okay, let's solve this step by step by step, but step by step, by step.

First, we go step by step.

Okay, let's see step by step.

First, we need to find the problem together.

Okay, let's solve this step by step.

First, let's find out.

Step 1: Determine how?

Okay, let's problem together. First, let's solve this step by step.

Step 1: 

Step 1 by step.

First, let's find out.

First, we need to find the problem together.

Okay, let's solve this step by step by step, step by step, by step.

First, we need to find the total number of sa",False,True,captured
gsm8k_132,gsm8k,0.6B,4,stochastic,999,11.313,139.15,43.82,256,22.63,401,155,101,0.3865,1.53,False," Let's solve this problem. 

First, we need to find the total number of rides. 

First, let's see step by step. 

First, let's break it step by step. 

First, let's see step by step.

First, let's see step by step. 

First, we need to find the total number of rides. 

First, we need to find the total tickets used the first. 

First, we need to find the total tickets. 

First, we need to find the total number of rides. 

First, let's find out step by step.

First, let's find out step by step. 

First, we need to find the total tickets used by breaking it down step by step. 

First, let's find out step by step. 

First, we need to find the total number of rides.

First, let's find the total number of rides.

First, we need to find the total tickets used =  step by step. 

First, let's find out step by step. 

First, we need to find the total number by breaking it down step by step by step.

First, we need to find the total tickets. 

First, we need to find the total tickets used by each step",False,True,captured
gsm8k_134,gsm8k,0.6B,4,stochastic,999,11.7626,138.04,45.59,256,21.76,416,152,104,0.3654,1.46,False," Let's solve this step by step by step:

First, find the problem. 

Step 1: Find the problem. First, find out.

First, find out how much.

First, find out how much. First, find out how much. First, find out how much. First, find out how much does step by step:

First, find out how much.

First, we need to figure by step by step: 

First, find the problem.

First, find out how much.

First, find out how much.

First, we go step by step.

First, find out how much.

First, find out how much. First, find out how much.

First, we need to find out how much does step by step:

First, step by step.

First, we need to find out how much does step by step.

First, find out how much does step by step.

First, we need to find out.

First, find out how much.

First, find out how much does step by step.

First, find out how much. First, find out how much. First, we need to find out how much does step by step.

First, we need to find out how much does step by step.

First, find out how much",False,True,captured
gsm8k_143,gsm8k,0.6B,4,stochastic,999,17.0853,139.47,66.45,256,14.98,609,103,153,0.1691,0.67,False,"?

Okay, let's see.>

Okay, let me think>
Okay, let me.>

Okay, let meh>

Okay, let's see below >
Okay, let me think>
Okay, let me think>
Okay, let me to calculate the total cost including tax>
Okay, let meh>

Okay, let meh>

Okay, let'something>
Okay, let me think>
Okay, let me>

Okay, let's see below >

Okay, let's see the total cost including tax>
Okay, let meh>

Let me calculate the total cost after calculating the total cost of the total cost of the total cost of nonfood items are not sure. Let's cost of items + 218.>
Okay, let's tax amount >

Okay, let'something>
Okay, let's tax is 2430.0>
Okay, let's cost of nonfood items total cost of the total cost of items.>
Okay, let's cost of nonfood items + 20> 

Okay, let'something>
Okay, let'something>
Okay, let's cost is 20.0>

Okay, let'something>
Okay, let's see the total cost including tax>
Okay, let'something",False,True,captured
gsm8k_153,gsm8k,0.6B,4,stochastic,999,11.175,145.42,43.25,256,22.91,394,157,99,0.3985,1.59,False," Let's solve this step by step by step.

Okay, let's try to step by step.

Okay, let's solve this step by step.

Okay, let's solve this step by step.

Okay, let's try to solve this step by step. 

Step by step.

Okay, let's solve this step by step. Step by step.

Okay, let's try to solve this problem together.

Okay, let's solve this step by step.

Okay, let's solve this step by step.

Okay, let's try to find step by step.

Okay, let's try to figure out the total step by step.

Okay, let's try to solve this step by step.

Okay, let's try to figure by step.

Okay, let's try to solve this problem. So, we go step by step.

Okay, let's try to solve this problem.

Okay, let's try to think, step by step.

Okay, let's solve this step by step.

First, step by step.

First, let's work step by step.

Okay, step by step.

Okay, step by step.

First, let's work step by step.

Okay, let's try to work step by step, step, step, step, step, step,",False,True,captured
gsm8k_160,gsm8k,0.6B,4,stochastic,999,11.2933,138.65,43.74,256,22.67,399,156,100,0.391,1.56,False," Let's solve this problem. 

Step 1: The depth on Monday is 1. First, let's break it down step by step, step by step, step by step, step by step, using the information given. 

First, let's go step by step, step by step, and see step by step, step by step, using the information given. 

Step  step by step, and then. 

First, we need to find the depth of the water depth in steps. First, let's find the depth on Tuesday first. 

First, let's find out step by step, step by step, step by step, using the information given. 

Step  step by step, starting with the depth on Monday's step by step, and then check the tank's water depth on Monday's steps. 

First, let's find out step by step, starting with the depth on Monday's problem step by step, step by step, using the information given. First, let's find out step by breaking it into steps. 

First, we need to find the depth of the tank's water depth on Monday's steps.

Okay, let's see if the tank's water depth on Monday is  step by step, starting with the depth",False,True,captured
gsm8k_172,gsm8k,0.6B,4,stochastic,999,13.9672,139.05,54.23,256,18.33,495,131,125,0.2646,1.05,False," 

Final Answer: < 

Okay, let's try to be sure to be sure you need to compute the total age of the four birds>
Okay, let's think>
Okay, let's think>
Okay, let's see the total age of the four birds are you need to find the total age of the four birds'148>
Okay, let's try to think>
Okay, let's think>
Okay, let's think>
Okay, let's try to figure out the ages of the four birds. 

Final Answer>
Okay, let's try to find the sum of all the total age of Sally Two > 

Final Answer>
Okay, let's try to find the total age of the four birds>
Okay, let's try to figure out the ages of the total age of the four birds is the sum of the total age of Sally Two + + 

Okay, let's try to find the total age of the four birds> 

Final Answer>
Okay, let's try to figure out the ages of the four >
Okay, let's try to think>
Okay, let's try to find the answer here >
Okay, let's try to solve this step-by>
Okay, let's try to solve the total age of the four birds'0",False,True,captured
gsm8k_176,gsm8k,0.6B,4,stochastic,999,13.2025,139.21,51.23,256,19.39,468,139,117,0.297,1.19,False," 

Wait, no, the question is the number of boys on the Chinese team. Let me re is not the total number of Asians are 240 Asians are 240 Asians are 240 people in the problem says that is 240 Asians are 240 people in the question is a. Wait, no, the problem says ""rest of the problem says ""rest of the people in the problem says ""In a race with 240 Asians are 240 Asians are 240 people are 240 Asians are 240 people in the race is not the Chinese team is 240 Asians are 240 Asians, 240 people are 240 Asians are 240 Asians are 240 people are 240 Asians are in the problem says: the question is a bit about the Chinese team is the question is a mistake is the problem: The question is a race is 240 Asians are 240 Asians are 240 Asians are 240 Asians are 240 Asians are 240. Wait, the problem says that is a mistake is a race with 24",False,True,captured
gsm8k_177,gsm8k,0.6B,4,stochastic,999,11.9613,140.17,46.36,256,21.4,421,151,106,0.3587,1.42,False," Let's solve this step by step by step.

Okay, let's see. First, let's problem.

Step 1: Find the problem step by step.

First, step by step.

Okay, let's solve this step by step.

Okay, let's solve this step by step.

Okay, let's solve this step by step.

Step 1: Calculate the amount spent on rent: 

Step 1 by step.

Step 1: Find the total salary is step by step.

First, we go step by step.

First, calculate the total salary is step by step.

First, let's find out.

Step 1: Find the total salary is step by step.

First, we need to solve this step by step.

First, we need to find step by step.

First, let's find out.

Okay, let's see step by step.

First, step by step:

First, we go step by step.

Okay, let's see step by step:

Step 1: Calculate the amount spent on rent first.

Step 1: Find the total salary is  by step:

First, calculate the total salary is step by step.

First, calculate the total salary is  by step.

First, we go step by step.

Okay,",False,True,captured
gsm8k_179,gsm8k,0.6B,4,stochastic,999,11.7456,139.01,45.52,256,21.8,416,152,104,0.3654,1.46,False," Let's solve this problem step by step: 

First, find the step by breaking it down step by step. First, we need to find the step by breaking it down step by step by step: 

Step 1: 

Step 1. 

Step 1. 

Step 1. Determine how much did he earn in steps. 

First, find the total amount earned in the first week and see if the step by breaking it down step by step by step: 

First, find the total hours. 

First, find the total amount earned in the first week by breaking it down step by step by step: 

Step 1: 

Step 1: 

Step 1: 

First, find the total amount earned by breaking it down step by breaking it down step by breaking it down step by step by step: 

First, find the total amount earned by breaking it down step by step by step: 

First, find the total hours. 

First, find the total hours. 

First, find the total earnings for each step by breaking it down step by step by step: 

First, find the total hours. 

First, we need to find out step by step. 

First, find the total amount earned in the first week",False,True,captured
gsm8k_185,gsm8k,0.6B,4,stochastic,999,12.4531,139.64,48.29,256,20.56,437,146,110,0.3341,1.33,False," Let's solve this step by step by step.

First, we know.

Step 1: Determine how many apples Jenna picked by Jenna and step by step. 

Step 1 by step by step by step. First, we need to find the problem.

Step 1: Determine how many apples Jenna picked by Jenna and step.

Step 1: Determine how many apples Jenna picked by Jenna and step.

Step 1: Identify the given step by step, step by step, step-by-step:

First, we know that Jenna picked by step by step.

First, we know that Jenna picked by step. First, we know that.

Step 1: Identify the key step by step.

First, we know that Jenna picked by Jenna picked by step.

Step 1: 

Step 1: Determine how many apples Jenna picked by Jenna and step.

Step 1: Identify the known that the problem.

First, we know that Jenna picked by Jenna picked by Jenna picked by step. First, we know that Jenna picked by Jenna and step by step:

First, we know that step by step:

First, we know that Jenna picked by Jenna and her step by step.

First, we know that Jenna picked by Jenna and her mother picked by Jenna and her step",False,True,captured
gsm8k_187,gsm8k,0.6B,4,stochastic,999,15.9367,141.18,61.94,256,16.06,565,114,142,0.2018,0.8,False," 

Final Answer: < 

Okay, let's see. 

Final Answer>
Okay, let's see below

Okay, let me

To determine the amount Mandy should pay attention > 

Okay, let me to be sure, let me

Final Answer>
Okay, let me think this is the amount > 

Okay, let me think>
Okay, let me think>
Okay, let's final answer >
To determine the total amount > 

Final Answer>
Okay, let me think step-by>
Okay, let me think about 111111212. 

Okay, let me think>
Okay, let's money owed amount > 

Okay, let's>

To determine the total amount Mandy should give the total amount Mandy should give Benedict is owed amount > 

Okay, let's

Okay, let's>
Okay, let's

To determine the total amount Mandy>

To determine the total amount Mandy>
Okay, let'solution>
Okay, let's see the amount Mandy should be careful calculation > 

Final Answer>
Okay, let'solution>
Okay, let's see below > 

Okay, let's

Final Answer>
Okay, let's

To determine the total amount Mandy has to be careful calculation here",False,True,captured
gsm8k_188,gsm8k,0.6B,4,stochastic,999,13.0532,138.69,50.65,256,19.61,462,141,116,0.3052,1.22,False," Let's solve this problem. 

Okay, let's see. 

Step 1: Let the problem step by step.

Okay, let's step by step by first. 

Okay, let's steps:

Step 1: Let's solve it step by step.

Okay, let's step by step. 

First, let's calculate the total cost of buying and selling the problem step by step, step by step.

Okay, let's go step by step.

Okay, let's go step by step. 

First, let's see step by step.

Okay, let's break it step by step. 

Okay, let's think through the following the problem step by step, step by step.

Okay, let's see if the same as follows the problem step by step: 

Okay, let's think step by step. 

First, let's start by first by breaking it step by step, step by step, step by step.

Okay, step by step.

Okay, step by step. 

Okay, let's step by step.

Okay, step by step. 

Okay, let's problem step by step.

Okay, step by step, step by step, step by step, step by step, step by step, step by step, step by",False,True,captured
gsm8k_190,gsm8k,0.6B,4,stochastic,999,11.2519,138.01,43.58,256,22.75,397,156,100,0.3929,1.56,False," Let's solve this problem.  step by step. First, find the problem step by step.  step by first. First, find out step by step. First, we need to find the first. First, we have  step by step.  step by step.  step by step.  First, we need to find the problem step by step.  step by step.  step by step.  step by step.  step by step.  First, we need to find the problem step by step.  First, we have to find out how many peaches per the correct.  First, we need to find the first.  First, we need to find the problem step by step.  step by step.  step by step.  step by step.  step by step.  step by step.  First, find the problem step by step.  First, find the problem step by step.  step by step.  step by step.  First, we need to find the problem step by step.  First, find out how many ways.  First, find the problem step by step.  step by step.  step by step.  step by step. First, we need to find the first",False,True,captured
gsm8k_192,gsm8k,0.6B,4,stochastic,999,16.899,139.14,65.72,256,15.15,601,106,151,0.1764,0.7,False,"  Final Answer: <  Final Answer: <number> 

Let's value >.

Okay, let's see the number >.

Okay, let me think






Okay, let me think



Okay, let me to be sure you need to put your answer here >.

Okay, let me to be filled in the number >.
Okay, let me think

Okay, let me think




Okay, let me think >.

To solve this problem, we need to find the number >.
Okay, let me think.>
Okay, let me to be filled in number >.
Okay, let's value >.

Let me think through the number > 

Okay, let me think and then the number >.
Okay, let's see the number >.

Okay, let's value >.

Okay, let me.

Let me think through the problem step by step  Final Answer: < Final Answer: < Final Answer: < Final Answer: < Final Answer here >.
Okay, let's value > 

Okay, let's value >

Step-by  Final Answer: < Final Answer: < Final Answer here >.
Okay, let me think



Okay, let's value > 

Okay,",False,True,captured
gsm8k_202,gsm8k,0.6B,4,stochastic,999,11.882,139.61,46.05,256,21.55,420,150,106,0.3571,1.42,False," Let's solve this step by step by step.

First, we need to find the problem together. 

Step 1: Determine the total amount of grapes per step by step.

First, calculate the total amount of grapes per step by step.

First, we need to break it step by step.

First, find the total number by step by step.

First, we need to find the total number of tons of step by step.

First, find the total amount by step.

First, find the total amount by step. 

First, we need to find the total number of tons of grapes per year.

First, find the total number of tons of grapes per acre by step. First, find the total amount by step.

First, we need to find the total number of tons of grapes per year.

First, we go step by step.

First, we need to find the total number of tons of grapes per acre, step by step.

First, find the total number of tons of grapes per acre. First, we need to find the total number of tons of grapes per year. First, find the total production.

First, we need to find the total production.

First, calculate the total production.

First, we need to find the total production.
Step  by",False,True,captured
gsm8k_207,gsm8k,0.6B,4,stochastic,999,15.2462,151.01,59.2,256,16.79,540,122,135,0.2259,0.9,False," 

Okay, let's see. 
Okay, let's see, let's bag_weight in grams>
Okay, let's see the total weight in grams > 

Okay, let's see below >
Okay, let's see below > 

Okay, let's think>
Okay, let's think>
Okay, let's see the total weight in grams>
Okay, let's see the answer >
Okay, let's think>
Okay, let's think>
Okay, let's see the number >
Okay, let's see the total weight in grams >

Okay, let's see below > 

Okay, let's bag of the number >
Okay, let's see the total weight of the bag_weight in grams>
Okay, let's see the number > 
Okay, let's see below >

Okay, let's see the number >
Okay, let's see below > 

Okay, let's>

Okay, let's see below >

To determine the total weight step-by>

Okay, let's see below >

Okay, let's bag of candy weight in grams >

Okay, let's see the total weight of the bag of candy weight of the number >
Okay, let's see below >
Okay, let's see below >
Okay, let's see the number >
Okay, let's",False,True,captured
gsm8k_212,gsm8k,0.6B,4,stochastic,999,15.6636,140.02,60.88,256,16.34,556,117,140,0.2104,0.84,False," (Round the answer to the nearest tenth of 2 decimal places.)

Wait, the nearest tenth of a whole number.)

Wait, the nearest tenth.)

Wait, the problem's nearest tenth.)

Wait, the question is 2 decimal places.)
Okay, let's see if necessary decimal places.) the nearest tenth.)

Wait, the user's nearest tenth.)

Wait, the user's nearest hour. two decimal places.) the nearest hour decimal places as many decimal places as needed decimal places as needed.)

Wait, the question 2 decimal places.)

Okay, let's see if necessary.)

Wait, the user's request 2 decimal places.)

Wait, the user's specification: two decimal places.)

Wait, the question's nearest hour, the nearest hour.)

Wait, the question is asking for the total hours and to the nearest tenth of an integer value 2 decimal places.)

Okay, let's see if necessary. (Round the answer to the nearest tenth of an integer value of the nearest tenth of the nearest tenth of the nearest tenth.)

Okay, let's say, but don't know the nearest tenth.)

Wait, the question says 2 decimal places.)

Okay, let's see if necessary.)

Wait, the question is 2 decimal places.)

First, find the nearest tenth.)

Wait",False,True,captured
gsm8k_214,gsm8k,0.6B,4,stochastic,999,12.2197,139.05,47.38,256,20.95,432,148,108,0.3426,1.37,False," Let's solve this problem. 

Okay, let's see if the same as a step by first. 

Okay, let's question step by step, step by step, step by step, step by step, step by step, step by step, step by step, and see if the problem step by step. 

Okay, let's problem step by step, step by step, step by step, step by step, carefully. Let's step by step, step by step, and see if the big pool and see step by step. 

First, let's think step by step. 

First, let's think about the problem step by step, step by step, step by step, step by step, and find the problem step by step, step by step, step by step, using the equations. Let's question step by step. 

Okay, let's think step by step, step by step, step by step, step by step, step by step, and see if we have two ways. 

Okay, let's see step by step, step by step, step by step, step by step, carefully, step by step, step by step, carefully. 

First, let's think step by step. 

Okay, let's see",False,True,captured
gsm8k_220,gsm8k,0.6B,4,stochastic,999,12.1433,141.06,47.07,256,21.08,427,150,107,0.3513,1.4,False," Let's solve this problem. 

First, find the total time spent playing the step by step.

First, we need to find the total time spent on paper step by step. 

First, find the total time she spent on crosswise.

First, we need to find the total time spent playing the game by first. 

First, find the total time she spent on crosswords.

First, we need to find the total time spent playing the game of how much like a mathem step by step.

First, find the total time step by step.

First, we need to find the total time spent on crossword puzzle step by step.

First, step by step. 

First, I need to find the total time spent on crossword puzzle step by step. 

First, we need to find the total time = step by step.

First, step by step.

First, find the total time step by step. 

First, we need to find the total time is step by step. 

First, we need to find the step by step. 

First, we need to find the total time by first. 

First, we need to find the total time is a step at the step by step. First, we need to find the total time step by step.",False,True,captured
gsm8k_222,gsm8k,0.6B,4,stochastic,999,10.8284,137.4,41.93,256,23.64,383,161,96,0.4204,1.68,False," Let's solve this step by step by step.

First, we need to find the problem.

First, we need to find the problem.

First, we need to find the problem step by step.

First, we need to find the problem. First, we need to find the problem step by step, step, step by step by step by step.

First, we need to find the problem. First, we need to step by step.

First, we need to find the problem. First, we go step by step and step by step.

First, we need to step by step.

First, we need to find the problem step by step.

First, we need to find the problem step by step and step.
Step 1. First, we need to find the problem step by step. First, we need to step by step.

First, we need to find the problem step by step, step, step, step by step, step, step, step.

First, we need to step by step.

First, we need to find the problem step by step and step.

First, we need to find the problem. First, we need to step by step.

First, we need to step by step.

First, we need to find the problem step by",False,True,captured
gsm8k_231,gsm8k,0.6B,4,stochastic,999,12.4292,139.44,48.2,256,20.6,439,146,111,0.3326,1.32,False," Let's solve this step by step by step:

First, we need to find the problem together.

First, find the problem.

First, find out how many step by step:

First, find the problem together.

First, we go step by step:

First, we go step by step.

First, we need to find out how many step by step:

First, by step.

First, find the problem step by step:

First, find out how many step by step:

First, we go step by step.

First, we need to solve this step by step:

First, find the problem step by step:

First, by step.

First, we go step by step.

First, find the number by step.

First, we need to find the number of the problem step by step:

First, we need to step by step:

First, by step.

First, we need to solve this step by step.

First, find the number by step.

First, we need to step by step:

First, by step.

First, we go step by step.

First, find out.

First, we need to step by step:

First, find the number of the problem step by step.

First, find out.

First, we go step by step.

First,",False,True,captured
gsm8k_235,gsm8k,0.6B,4,stochastic,999,16.6254,139.67,64.65,256,15.4,590,107,149,0.1814,0.72,False," 

Okay, let's see. 
Let me think through the number >
To determine the number of pizzas John needs to be careful calculation here put your answer here >
To determine the total number of pizzas>
Okay, let's think>
Okay, let's think>
Okay, let's think>
Okay, let's think>
Okay, let's think step by step-by>
Okay, let's think>
Okay, let's think step by step-by> 

Okay, let's see below >
To determine the total number of slices needed > 

To determine the total number of pizzas>
Okay, let's think step by step-by>
Okay, let's think through the number >
To determine how many pizzas>
Okay, let's think step-by- 3>
Okay, let's think through the process > 

Okay, let's

To determine the total number of pizzas>
Okay, let's see the answer >
To determine how many pizzas does not sure to be careful thinking process steps here > 

To determine the total number of slices needed > 

Final Answer>
Okay, let's see below






Final Answer>
Okay, let's see below >
To determine how many pizzas does not enough to cover>
Okay, let's see below >
To",False,True,captured
gsm8k_237,gsm8k,0.6B,4,stochastic,999,15.5157,138.95,60.3,256,16.5,550,119,138,0.2164,0.86,False," 

Okay, let's see. 
Okay, let'solution>
Okay, let's see, let'solution>
Okay, let's see the solution here >
Okay, let's see the sum of money after the answer here put your answer here >
Okay, let's see the number > 

Okay, let's see the answer >
Okay, let's see solution > 
Okay, let's see the problem step-by-step reasoning steps here put your answer here > 

Okay, let's see the number > 

Okay, let's see the thought process > 
Okay, let's see, let's see the reasoning steps here > 

Okay, let'solution>
Okay, let's see the number > 
Okay, let's see the total amount after a number > 

Okay, let's

Okay, let's see the total amount after a year.
Okay, let's see the answer >
Okay, let's see the total amount after a year > 

Okay, let's>

Okay, let's see the number > 

Let me think>
Okay, let's see solution here >
Okay, let's see the sum of money after a number >.
Okay, let's see the answer here >.
Okay, let's see the solution here >
Okay,",False,True,captured
gsm8k_238,gsm8k,0.6B,4,stochastic,999,11.8445,138.33,45.91,256,21.61,419,152,105,0.3628,1.45,False," Let's solve this step by step.

Step 1: Start by step.

Step 1: Find the problem together.

Step 1: Find the age problem.

First, we go step.

Step 1: Determine each step.

First, we need to solve this step.

Step 1: Start by step.

First, we need to find step.

First, we need to find the ages step.

First, we go step by step.

First, we need to step.

First, we need to find step.

First, we need to find step.

First, we need to find step.

First, we need to find step.

First, we need to find step.

First, we need to step.

First, we need to find step.

First, we need to find step.

First, we need to find step.

First, we need to step.

First, we need to find step.

First, we need to find step.

First, we need to find step.

First, we need to find step.

First, we go step by step and step.

First, we need to find step.

First, we need to find step.

First, we need to find step by step.

First, we go step by step.

Step 1:",False,True,captured
gsm8k_241,gsm8k,0.6B,4,stochastic,999,12.4753,140.8,48.37,256,20.52,441,146,111,0.3311,1.32,False," 

Okay, so the problem is about Dolly has two books. So the problem here. So the problem. So the problem here. So Dolly has two books. So the problem again. So the problem here. So the problem. So the problem here. So the problem again. So the problem again. So the problem again. Dolly has two books and figure this problem here. So the problem again. So the problem again. Dolly has two books and think through this problem step by step. So, the problem. So the problem is the problem here. So the problem is the problem again. Dolly has two books and figure this out. So the problem is the question again. Dolly has two books and figure this out. So, the problem here. So the problem is the question. So Dolly has two books. So Dolly has two books. So Dolly has two books and think through this problem step by step. So the problem again. So the problem is the question. So the problem again. So the problem is the question. So Dolly has two books and break this down. So the problem is the question. So Dolly has two books and figure this out. So, the problem again. Dolly",False,True,captured
gsm8k_243,gsm8k,0.6B,4,stochastic,999,7.3052,140.06,28.1,256,35.04,255,193,64,0.7569,3.02,False," 

Answer: <number>
Answer: 

Okay, let's see. Answer:    Jason has a total minutes.
.
.
.
.
.
.
.
.
.
.
.
.
.
.
.
.
.
.
.
.
.
.
.
.
.
.
.
.
.
.
.
.
.
.
.
.
.
.
.
.
.
.
.
.
.
.
.
.
.
.
.
.
.
.
.
.
.
.
.
.
.
.
.
.
.
.
.
.
.
.
.
.
.
.
.
.
.
.
.
.
.
.
.
.
.
.
.
.
.
.
.
.
.
.
.
.
.
.
.
.
.
.
.
.
.
.
.
.
.
.
.
.
.
.
.
.
.
.
.
.
.
.
.
.
.
.
.
.
.
.
.
.
.
.
.
.
.
.
.
.
.
.
.
.
.
.
.
.
.
.
.
.
.
.
.
.
.
.
.
.
.
.
.
.
.
.
.
.
.
.
.
.
.
.
.
.
.
.
.
.
.
.
.
.
.
.
.
.
.
.
.
.
.
.
.
.
.
.
.
.
.
.
.
.
.
.
.
.
.
.
.
.
.
.
.
.
.
.
.
.
.
.
.
.
.
.
.
.
.
.
",False,True,captured
gsm8k_259,gsm8k,0.6B,4,stochastic,999,13.9345,139.42,54.1,256,18.37,495,133,124,0.2687,1.07,False," 

Okay, let's try to be careful solution here put final answer >
Okay, let's try to find the number of fruits >

To solve this problem, we need to find the number of fruits>
Okay, let's try to answer here put final answer here >
Okay, let's think>
Okay, let's think>
Okay, let's think>
Okay, let's try to think>
Okay, let's think>
Okay, let's try to think>
Okay, let's try to find the answer >
Okay, let's think>
Okay, let's try to figure out the answer >

To solve this problem, we need to find the total number of fruits >

To solve the number > 

Okay, let's try to solve the number >
Okay, let's try to find the answer here > 

Let me try to solve the number > 

Let me solve the number >
To solve this step-by- 

Okay, let's try to find the number > 

Okay, let's>
Okay, let's try to find the answer here >

Okay, let's try to find the answer here >
Okay, let's try to solve this is the number > 

Okay, let's

Okay, let's try to find the answer here >

Okay, let",False,True,captured
gsm8k_261,gsm8k,0.6B,4,stochastic,999,12.5226,140.08,48.56,256,20.44,443,145,112,0.3273,1.29,False," Also, what is the total dollar amount in a stack's total dollar amount of the stack that is the total dollar amount of  total dollar amount in the cup's total dollar amount in the cup?

Wait, the total dollar amount in a total dollar amount of  total dollar amount in a total dollar amount of the stack that contains two thirds of the pennies of the total dollar amount in a total dollar amount in the cup?

Wait, the problem says? (total number of pennies in a. (total) total dollar amount in a total dollar amount in a total dollar amount in the cup?

Wait, that is the total dollar amount in a. total dollar amount in a total dollar amount in a total dollar amount in a total dollar amount in a. total dollar amount in a stack's total number of pennies in the cup?

Wait, the question seems like a total dollar amount in a stack's total number of pennies in a. total dollar amount in a stack's total dollar amount of the remaining amount of the total dollar amount in a total dollar amount in a total dollar amount in a. total dollar amount in a stack's total dollar amount in the cup?

Wait, the total dollar amount in a stack's total number of pennies in a total dollar",False,True,captured
gsm8k_263,gsm8k,0.6B,4,stochastic,999,13.7468,139.87,53.36,256,18.62,486,134,123,0.2757,1.09,False," 

Okay, let's see the number >
Okay, let's see below >
Okay, let's think>
Okay, let's think>
Okay, let's think>
Okay, let's see below >
To solve this problem, we need to find the number of trees in Harry's answer > 

Okay, let's see below >

Okay, let's think>
Okay, let's think>
Okay, let's see the number >
Okay, let's think>
Okay, let's see below >
To solve this problem, we need to find the difference > 

Okay, let's>

Okay, let's see below > 

Okay, let's>

To solve this problem, we need to find the difference > 

Final Answer>
Okay, let's see the number >
Okay, let's see the number of trees in Harry's yard>

Okay, let's see the number of trees in the number >
To solve this step-by>
Okay, let's see below > 
Okay, let's see below
Okay, let's see the number of trees in Harry's yard than Ferdinand's yard.

Okay, let's see the number of trees in Harry's>
Okay, let's see below >
To solve this problem, let's solve this is the number >
To solve",False,True,captured
gsm8k_269,gsm8k,0.6B,4,stochastic,999,14.3223,138.81,55.62,256,17.87,509,128,128,0.2515,1.0,False,"  <number>
Okay, let's see.  <number>
Okay, let me

There are 16 balls:  <number>
Okay, let me think through the number is the number is the number of blue golf balls:  <number>
Okay, let me:  <number>
Okay, let me think:
Okay, let me answer: 8
Okay, let's answer: 8

Step 1: Determine the number is the number of blue golf balls: 8
Okay, let me think:
Okay, let me think:
Okay, let's answer is the number of blue golf balls: 8

Wait, the number is the number of blue golf balls: 8

Step 1: Determine the number of blue golf balls: 164
Final Answer: 8
Okay, let's answer: 8

Let me solve:

Okay, let me thinks: 8
Okay, let's answer is 8.
Okay, let's number is the number of blue golf balls: 1
Okay, let's answer is 8.

Let me solve: 8

Let me think through the number is the answer: 8

Step 1: Find the number of blue golf",False,True,captured
gsm8k_272,gsm8k,0.6B,4,stochastic,999,15.7656,139.18,61.28,256,16.24,562,116,141,0.2064,0.82,False," 

Okay, let's see.> 

Final Answer>
Okay, let's see, 2.>

To determine the total change >
To determine the total cost of the total change >
To determine the total change in the correct answer here put your answer here >
To determine the total cost of items, steps here put answer >. 

To determine the total cost of the problem > 

To determine the total cost of the amount of the calculation >
To determine how much change does the cashier give back? 

To determine the total cost of the amount > 

Okay, let's see the calculation >
To determine the total cost of the problem solution >
To determine how much change does the cashier give back? 

To determine the total cost of the change in dollars >
To solve the problem step by step 6. 

Final Answer>
Okay, let's see the change in the box >

To determine the total cost of the amount > 

Okay, let'solution>
Okay, let's see the calculation steps here > 

To determine the total cost of the change > 

To determine the total cost of the calculation steps >
To find the total cost of the correct answer >
To find the total cost of items >

To determine how much change does the cashier give back? 

Okay",False,True,captured
gsm8k_275,gsm8k,0.6B,4,stochastic,999,11.8958,141.15,46.1,256,21.52,420,152,105,0.3619,1.45,False," 

Okay, let's try to figure out how many lines Sean has to memorize lines. So, Sean needs to memorize. So, Sean has to figure out how many lines Sean has to memorize lines. So, Sean has to figure out how many lines Sean has to memorize lines. So, Sean needs to memorize. So Sean has to memorize lines. So, Sean has to memorize lines. So, the problem is about this problem step by step. First, I need to figure out how to figure out how to figure out how to figure out how to figure out how many lines. So Sean has to figure out how many lines Sean has to memorize lines. So, the problem is to figure out how many lines Sean has to memorize lines. So Sean has to memorize lines. So Sean has to memorize lines. So Sean has to memorize lines. So Sean has to memorize lines. So, Sean has to memorize lines. So, Sean has to memorize this problem step by step. First, I need to figure out how to figure out how to figure out how many lines. So, Sean has to memorize lines. So, Sean has to memorize lines. So Sean has to memorize",False,True,captured
gsm8k_277,gsm8k,0.6B,4,stochastic,999,18.2898,138.77,71.18,256,14.0,652,93,164,0.1426,0.57,False,"  (Remember to consider )

Okay, let's see. 60 minutes in an hour and convert minutes to hours conversion from the conversion from the conversion from minutes to hours conversion from the time in the conversion from the question units.)
Okay, let's think about the units. 1 hour = minutes to convert the time to dig time for the units and convert to hours.)

Okay, let's see the time conversion from the time for the time units of the time units.)
Okay, let's see the time for the conversion from the time for the time it in the answer in the conversion from minutes to hours.)

Okay, let's see the unit conversions from the question's that  (Remember to consider the time for the answer in hours and convert the answer in the problem is a minute to hour conversion from the question is not to convert minutes to hours.  minutes to hours conversion from the beginning and convert to hours.)

Okay, let's say,  minutes to hours.)

Okay, let's see the unit conversions from minutes to hours conversion from minutes to hours.)

Okay, let's see the units.)

Okay, let's see the time for each hole is a conversion from minutes to hours.)

Okay, let's see the question units of the problem.) 

Answer:",False,True,captured
gsm8k_280,gsm8k,0.6B,4,stochastic,999,13.4977,138.58,52.39,256,18.97,478,137,120,0.2866,1.14,False," 

Okay, let's see.>

To find the total amount in dollars > 

Okay, let's see the total cost in dollars>

To determine the total cost of the total cost of the problem solution here put your answer here put your answer here > 

To find the total cost of the total cost in dollars >

To find the total amount in dollars>
Okay, let's see the total cost >

To find the total amount in dollars >

To determine the total cost of the total cost in dollars.>

To find the total amount in dollars >

To determine the total amount in dollars >

To determine the total cost of popsicles > 

To determine the total cost of the total cost in dollars >

To determine the total cost of the total cost in dollars >

Let me calculate the total cost in dollars > 

To determine the total cost of the total cost in dollars >

To find the total amount in dollars >

To find the total amount in dollars >

To find the total amount in dollars >

To find the total amount Peter purchased 1.>

To find the total amount Peter purchased 20.>

Okay, let's see the total cost >

To determine the total cost of the problem solution here >

To determine the total cost of the total cost in dollars >

To find the",False,True,captured
gsm8k_289,gsm8k,0.6B,4,stochastic,999,14.2179,139.19,55.21,256,18.01,504,131,126,0.2599,1.04,False," (Assume that the speed is constant.)

Okay, let's see. (of the cars are constant and distance and distance and distance and distance are constant and distance and time distance and time are constant.)
Okay, let's be constant and distance are constant.)

Okay, let's assume that the speed is constant for both cars.)

Okay, let's assume that the speed is constant for both cars are constant.)

Okay, let's assume that the speed is constant and distance and time are constant.)

Okay, let's assume that the speed is constant and distance are constant.)

Okay, let's assume that the speed is constant and distance are constant.)
Okay, let's not changed in the slow lane car in the slow lane is constant, distance and time are all the cars are constant.)
Okay, let's be constant and the cars are constant.)
Okay, let's not changed to be constant for both cars is constant for both cars are constant.)

Okay, let's see is constant and the cars are constant.)

Okay, distance, distance and time are related to be constant for both cars is constant for both cars is constant for both cars is constant.)

Okay, let's see is constant for both cars is constant for both cars.)

Okay, let's see is constant for both cars",False,True,captured
gsm8k_296,gsm8k,0.6B,4,stochastic,999,13.583,140.62,52.72,256,18.85,479,136,120,0.2839,1.13,False," (Round the answer to the nearest whole number.)

Wait, the nearest whole number.) one decimal places as needed. one decimal place.)

Wait, the question: 2 decimal places as needed.)

Wait, the question says to the nearest whole number.) the nearest whole number.)
Okay, let's see the nearest whole number.))

Okay, let's see the nearest whole number.) the nearest whole number) the nearest whole number.)

Okay, let's say, the nearest whole number.) the nearest whole number.)

Okay, let's see the nearest whole number).)

Okay, let's see the nearest whole number.) the nearest whole number.) the nearest whole number.)

Wait, the question says to the nearest whole number.)

Wait, the user's nearest whole number) the nearest whole number.)

Let me think step 2 decimal places. the nearest whole number.)
Answer: <number> the nearest whole number.)

Let me think. 2 decimal places.)

Wait, the user's instruction: 2 decimal places.)

Wait, the user didn't specify, the nearest whole number) the nearest whole number.)

Wait, the question seems like a whole number.) the nearest whole number.)

Wait, the user didn't specify, the nearest whole number.)

Okay, the nearest whole number)",False,True,captured
gsm8k_297,gsm8k,0.6B,4,stochastic,999,10.2952,139.99,39.82,256,24.87,363,166,91,0.4573,1.82,False," 

Answer: <number>
Answer: 

Answer: <number>
Answer: 

Step   Step 1. To solve this is the answer: 

Okay, let's see. To determine the answer: 

Step 1: 

Step 1. To determine the total crates.

To determine the total number

Step 1. Let me
Okay, let's see the answer: 

Okay, let me

Answer: <number>
Answer: 

Step 1: 

Step 1: 

Step 1: 

Step 1: 

Step 1: 

Step 1: 

Step 1: 

Step 1: 

Step 1: 

Step 1: 

Step 1: 

Step 1: 

Step 1: 

Step 1: 

Step 1: 

Step 1: 

Step 1: 

Step 1: 

Step 1: 

Step 1: 

Step 1: 

Step 1: 

Step 1: 

Step 1: 

Step 1: 

Step 1: 

Step 1: 

Step 1: 

Step 1: 

Step 1: 

Step 1: 

Step 1: 

Step ",False,True,captured
gsm8k_298,gsm8k,0.6B,4,stochastic,999,14.5879,139.95,56.66,256,17.55,519,127,130,0.2447,0.98,False," 

Okay, let's see the desk cost of the answer >
Okay, let's think>
Okay, let's think>
Okay, let's think>
Okay, let's think>
Okay, let's think>
Okay, let's see the answer here > 

Okay, let's think>
Okay, let's think>
Okay, let's try to find the desk cost Carmen's>
Okay, let's think>
Okay, let's think>
Okay, let's try to think step by step-by-step>
Okay, let's think>
Okay, let's try to find the answer here > 

To determine the desk cost Carmen's final answer here >
Okay, let's try to find the answer here > 

Let's>
Okay, let's see the answer here >
Okay, let's try to think of the desk cost Carmen's final answer >
Okay, let's try to find the answer >

Let's>
Okay, let's try to find the answer here >

To determine the total cost of the desk in dollars>
Okay, let's try to figure out the total cost >
To determine the total cost of the number > 

To determine the total cost of the desk cost of the desk. 

Final Answer>
Okay, let's try to find the answer here",False,True,captured
gsm8k_303,gsm8k,0.6B,4,stochastic,999,14.5441,139.75,56.49,256,17.6,516,127,130,0.2461,0.98,False," 

Answer: <number>
Answer: <number>
Okay, let's try to solve this problem, I need to find the total amount of money she has sold in the first year sales this is the total amount of books sold in the first year sales in the second year. 

Okay, let's

Let's

Answer: <number>
Answer: <number>
Okay, let me: 

: 

: 

: 

To solve this problem, we know that she has sold in the second year's
Okay, let's try to answer: 

Let me think
Okay, let me.

Let's

Answer: <number>
Answer: <number>
Okay, let's try to solve this step by step and so far
Okay, let me.

Let's

Let me think through the total amount of money she earned in the second year?

Okay, let me to solve this is the total amount of money she sold in the first year: 

: 

To solve this step  To solve the problem step  Answer: <number>
Okay, let's try to solve this step   To solve this problem.

To solve this step 1. Let's solve the total amount of money she earned in the second year: 

: 

: 

",False,True,captured
gsm8k_314,gsm8k,0.6B,4,stochastic,999,12.7825,139.24,49.58,256,20.03,452,143,113,0.3164,1.27,False," Let's solve this problem.  step by step. 

We are told in steps:

Step 1: 

Okay, let's see. 

Let's step by step.  step by step. 

Okay, let's problem step by step. 

We are on a step by step, step by step. 

We are told that the problem step by step. First, let's define variables. Let d =  step by step.  step by step.  step by step. 

We are on the offense, defense =  step by step. 

We are.  step by step. First, let's define the problem step by step.  step by step.  First, let's define variables. Let x =  step by step.  step by step.  step by step. 

We need to find the number by first. Let me think about the football team has 3. 

Okay, let's see if the problem step by step. 

Okay, let's first define variables. Let d =  step by step.  First, let's see if there are on the same as a step by step, step by step. 

First, let's define the problem step by step.  step by step. ",False,True,captured
gsm8k_325,gsm8k,0.6B,4,stochastic,999,13.0318,139.66,50.56,256,19.64,461,141,116,0.3059,1.22,False," 

Okay, let's see the total amount > 

Okay, let's see the total amount of money in numbers here put your answer here put your answer here > 

Okay, let's see the total amount of money in numbers >
Okay, let's see the total amount > 

To solve this problem, we need to calculate the total amount > 

Okay, let's see the total amount of money the company pays to all the total amount in numbers only the total amount of money the total amount > 

Okay, let's>

Okay, let's see the steps below > 

Okay, let's think>
Okay, let's see the thought>
Okay, let's see the thought > 

Okay, let's see the solution here put your answer here >.
Okay, let's see the thought >
Okay, let's see the total amount of money in numbers only the number >
Okay, let's see the reasoning steps here >.
Okay, let's see the step-by>
Okay, let's see the steps below
Okay, let's see the steps below > 

Okay, let's think>
Okay, let's see the thought>
Okay, let's see the detailed calculation steps here >
Okay, let's see the thought>
Okay, let's see the",False,True,captured
gsm8k_328,gsm8k,0.6B,4,stochastic,999,14.7052,139.2,57.12,256,17.41,523,125,132,0.239,0.95,False," 

Okay, the problem again. The problem. The problem. The problem. So the problem. The problem. So the problem. So the phone is the problem. So the phone is the problem here. The phone is the problem here. The problem. So the phone is the problem here. The phone is the problem. So the phone is the problem again. The phone is the problem again. The phone is at this problem. So the phone is at 60. The phone is currently the problem again. The phone is currently the problem here. The phone is currently the problem again. The phone is currently the problem again. The phone is the problem. The phone is currently the problem again. The phone is currently the phone is the problem again. The phone is currently the phone is at this problem. So, the problem is the problem. So the phone is at 60. The problem. The phone is currently the problem again. The phone is the problem. So, the problem again. The phone is currently the phone is at this problem. So, the problem here. The phone is currently the problem again. The phone is currently the phone is at 1 percentage points. The phone is currently the problem. The phone is currently the problem",False,True,captured
gsm8k_342,gsm8k,0.6B,4,stochastic,999,9.7843,140.24,37.82,256,26.16,345,170,87,0.4928,1.95,False," Let's solve this step by step by step.

Step 1:  by step by step by step by step.

Step 1 by step.

Step 1: Determine the problem.

Step 1 by step.

First, let's find out.

Step 1: 

Step 1 by step.

First, find step by step.

First, let's find step by step.

First, the problem step by step.

First, the problem.

Step 1: Start by step.

First, the problem.

First, the friend gave her 24.  by step.

First, find the problem.

Step 1: 

Step 1:  by step.

First, let's find step by step.

Step 1: 

Step 1: 

Step 1: 

Step 1: 

Step 1: 

Step 1: 

Step 1: 

Step 1: 

Step 1: 

Step 1: 

Step 1: 

Step 1: 

Step 1: 

Step 1: 

Step 1: 

Step 1: 

Step 1: 

Step 1: 

Step 1: 

Step 1: 

Step 1: 

Step 1: 

",False,True,captured
gsm8k_346,gsm8k,0.6B,4,stochastic,999,11.2485,139.52,43.56,256,22.76,397,156,100,0.3929,1.56,False," 

Okay, so Jenny buys 1 bag of the problem. So Jenny buys 1 bag of the problem again. So Jenny buys 1 bag of this problem step by step. So Jenny buys 1 bag of the problem again. So Jenny buys 1 bag of cookies. So Jenny buys 1 bag of this problem step by step. So Jenny buys 1 bag of the problem again. Jenny buys 1 bag of the problem again. Jenny buys 1 bag of cookies. So Jenny buys 1 bag of cookies a problem step by step. So Jenny buys 1 bag of cookies a week. So Jenny buys 1 bag of cookies. So Jenny buys 1 bag of cookies. So Jenny buys 1 bag of cookies. So Jenny buys 1 bag of the problem again. Jenny buys 1 bag of cookies. So Jenny buys 1 bag of cookies. So Jenny buys 1 bag of cookies. So Jenny buys 1 bag of cookies a week. So Jenny buys 1 bag of cookies a week. So Jenny buys 1 bag of cookies. So Jenny buys 1 bag of cookies. So Jenny buys 1 bag of the problem again. Jenny buys 1 bag of the problem again. Jenny buys 1 bag of the",False,True,captured
gsm8k_347,gsm8k,0.6B,4,stochastic,999,17.4974,139.3,68.07,256,14.63,624,100,156,0.1603,0.64,False," 

Okay, let's see.>

To determine the total cost after calculation steps here put your answer here >
Okay, let me think>
Okay, let me think>
Okay, let me think>
Okay, let me think>
Okay, let me to be careful here, let me think>
Okay, let me think>
Okay, let me think>
Okay, let'solution>
Okay, let me think this is 424242>
Okay, let me think > 

Final Answer>
Okay, let me think>
Okay, let's>

To determine the total cost after calculation > 

To determine the total cost after the total cost after calculation > 
Okay, let's see solution > 
Okay, let me think step by step-by>

To determine the original price of one number >
Okay, let's see the total cost after calculation>
Okay, let's>

To determine the total cost after the solution >
Okay, let'solution>
Okay, let'solution>
Okay, let'something>
Okay, let's>

To determine the total cost after the solution here put your answer here > 

Okay, let'solution>
Okay, let's solution step-by-124242>
Okay, let'solution>
Okay, let's",False,True,captured
gsm8k_356,gsm8k,0.6B,4,stochastic,999,11.4421,138.31,44.33,256,22.37,404,154,102,0.3812,1.51,False," Let's solve this step by step.

Step 1: Calculate the total cost of the problem.

Step by step.

Step 1: Calculate the total cost of the problem.

First, calculate the total cost of the toy cars and step.

Step 1: Calculate the total cost of the problem.

First, calculate the total cost of the toy by step.

First, calculate the total cost of the toy by step.

First, calculate the total cost of toy by step.

First, calculate the total cost of the toy cars first. 

Step by step.

First, let's solve this step.

Step 1: Calculate the total cost of the problem.

First, let's solve this step by step.

First, let's solve this step by step.

Step 1: Calculate the total cost of the problem.

First, we go step.

Step 1: Calculate the total cost of the problem.
Step by step.

First, let's solve this step by step.

Step 1: 

Step 1: Calculate the total cost of the problem.

First, we go step by step.

First, calculate the total cost of the toy cars and step.

Okay, let's see step.

Step by step.

Step by step.

First, let's solve this",False,True,captured
gsm8k_364,gsm8k,0.6B,4,stochastic,999,14.2708,138.17,55.42,256,17.94,507,130,127,0.2564,1.02,False," Let me solve this problem. 

Okay, let's see. 

Okay, let me think step by step. First, I think step by breaking it's problem step by step. First, I need to find the problem step by step. First, we have to find out how many fourth-graders at the problem step by step. First, I need to find the problem step by step. First, we know that the problem step by breaking it down step by step. First, I think step by step. 

Okay, let me step by step. First, we are  step by step. 

Okay, let me step by step. First, we are  step by step. First, I need to find out how many fourth-grade boys are  step by step. First, we have 96 fourth-grade boys. 

Okay, let me think step by step. 

First, I need to find the problem step by step, step by step. First, I need to find out how many fourth-grade boys and check my self-consist.
Okay, let's see if I can. Okay, let me.

Okay, let me step by step. First, we have 96 fourth-grade boys. 

First, we need to find the",False,True,captured
gsm8k_367,gsm8k,0.6B,4,stochastic,999,13.3919,140.58,51.97,256,19.12,475,138,119,0.2905,1.16,False," 

Let me solve this problem. 

Okay, let's try to be step by step.

Okay, let me step by breaking it's step by step:

Okay, let me step by step.

Okay, let me step by step. Okay, let me step by step.

Okay, let me think step by step.

Okay, let me step by step.

Okay, let's step by step.

Okay, let me think step by step:

Okay, let me step by step.

Okay, step by step. So, first, I need to find out how many were kicked out for shoplifting. 

Okay, let's step by step.

Okay, let's see if I have to understand the problem first. We are:

Okay, let me think step by step:

Okay, let me step by step.

Okay, let me think step by step, step by step, step by step, step by step, step by step.

Okay, let's steps. Okay, let me step by step.

Okay, step by step.

Okay, step by step. 

Okay, let's problem step by step.

Okay, let me think step by step.

Okay, let me think. So the same as a step by step.

Okay, step by step.

",False,True,captured
gsm8k_368,gsm8k,0.6B,4,stochastic,999,15.9554,139.33,62.02,256,16.04,568,113,143,0.1989,0.79,False," 

Answer: <number>
Answer: 

Answer: <number>
Answer: 

: 

Step  So, the total points Erin had  Let me
Okay, let's see. Let me think. So, the answer: 

: 

: 

Step 1. Let me try to answer: 

Answer: <number>
Okay, let me again
Okay, let me
Okay, let me
Okay, let's

Let me think. Let me

Let me think
Okay, let me
Okay, let's
Okay, let'solution:
:
Let's
Okay, let me.

Okay, let me

Let's

Let me think
Okay, let's see the total points Erin had before scoring   To solve the answer: 

Let's
Okay, let's

Let's
Okay, let's see the answer is 1428

Let me think
Okay, let'score: 

: 

: 

: 

Let me think. Let me think
Okay, let's

Let'score:  To solve the problem step  The problem says that'sorry, I can you have to find the answer.

Okay, let's

Let's

Let's

Let'score:  Step",False,True,captured
gsm8k_371,gsm8k,0.6B,4,stochastic,999,11.6616,141.73,45.18,256,21.95,393,158,99,0.402,1.6,False," 

Answer: <number>
Answer: 

Step 1: On Friday: 

Okay, let me. Let me

Answer: <number>
Answer: 

Step 1: 

Step 1. 

Let's

Answer: <number>
Okay, let's see the total shoes.

Step 1: Determine the number of tennis shoes were sold on Friday: 1. Let me think
Okay, let me
Okay, let me think
Okay, let's see the total shoes sold on Friday, the answer: 

Answer: <number>
Answer: 

Step 1. Let me think
Okay, let me.
.
.
.
.
.
.
.
.
.
.
.
.
.
.
.
.
.
.
.
.
.
.
.
.
.
.
.
.
.
.
.
.
.
.
.
.
.
.
.
.
.
.
.
.
.
.
.
.
.
.
.
.
.
.
.
.
.
.
.
.
.
.
.
.
.
.
.
.
.
.
.
.
.
.
.
.
.
.
.
.
.
.
.
.
.
.
.
.
.
.
.
.
.
.
.
.
.
.
.
.
.
.
.
.
.
.
.
.
.
.
.
.
.
.
.
.
.
.
.
.
.
.
.
.
.
.
",False,True,captured
gsm8k_374,gsm8k,0.6B,4,stochastic,999,12.8933,139.58,50.01,256,19.86,457,142,115,0.3107,1.23,False," Let's solve this step by step by step.

Step 1: Determine how much like a step by step. First, find the problem together. 

Step 1. First, find out how many steps:

First, find the problem together.

Step 1. First, find out.

Step 1. First, find out.

Step 1: 

Step 1. First, we go step by step.

Step 1: Determine how much like we need to find the problem.

Step 1: 

First, we go step by step. First, find out how many steps.

Step 1: Determine how much like we need to find out.

Step 1: Determine how much like we would be step by step.

First, we go step by step. First, we need to solve this step by step.

First, we go step by step by step by step.

First, we need to find the problem together.

First, find the problem.

Step 1: Determine how much like we would be to step by step. Step 1: Find the number by step by step.

First, we need to calculate the total.

Step 1: Determine how much like we would be to find the total milk from the beginning with the given",False,True,captured
gsm8k_382,gsm8k,0.6B,4,stochastic,999,15.0824,138.96,58.6,256,16.97,537,122,135,0.2272,0.9,False," 

Okay, let's see.>

Okay, let's see, let's total number of pesos > 

Okay, let's think>
Okay, let's see the total number of pesos >

Okay, let's see solution > 

Okay, let's see the total number of pesos >

To solve the total number of pesos >

Okay, let's see the total number of pesos > 

Okay, let's see solution > 

Okay, let's see the total number of pesos > 

Let me solve step-by>

Okay, let's see the total number of pesos > 

To solve step-by-step explanation here > 

To solve the problem step-by>

Okay, let's see the total number of pesos >
Okay, let's think>
Okay, let's see the total number of pesos >
Okay, let's see the step-by>
Okay, let's see the detailed solution > 

To solve step-by-step calculation here > 

Okay, let's see the total number of pesos >
Okay, let's think>
Okay, let's see, 13850>
Okay, let's see the total number of pesos they have together. 

Okay, let's total number of pesos is 1000>
Okay, let's see the total number",False,True,captured
gsm8k_383,gsm8k,0.6B,4,stochastic,999,14.2888,140.9,55.48,256,17.92,506,128,128,0.253,1.0,False," (The answer is  (The answer is  The answer is  The answer is  The answer is  The answer)

Profit = $3.5, but I need to figure out the profit = 2. 3, so the profit = (The answer is  (The answer is 2.  The answer is 2.50.5. Please put in dollars per hour.  (The answer is  (The answer is  (The answer is  (The answer is 4.0. Please put your answer here.)

To compute the total profit divided by the number of hours is 2.5, but you need to compute the value of profit = revenue - cost, but the answer is $3 dollars per hour. Please put your answer here.))
To find the profit per hour.)

Okay, let's see the total profit divided by the number of hours per hour.)

To find the profit per hour, and the answer:  $3 dollars.)

To calculate the total profit and the profit = 3.0. Please put your final answer is a number, so please put the answer in dollars. Please put your answer here.  The answer is 1.5, and the question is a number, the total",False,True,captured
gsm8k_387,gsm8k,0.6B,4,stochastic,999,11.6978,137.7,45.33,256,21.88,415,153,104,0.3687,1.47,False," Let's solve this problem step by step. First, we need to find the total cost is to find the total cost is to find the total cost of  step by step. First, find the total cost is to find the total cost of  step by step. First, find the total cost is a step by step. First, find the total cost of the problem step by step. First, step by step. First, step by step. First, step by step. First, find the total cost of the first. 

First, find the total cost of the first. The cost of 6 erasers and think step by step. First, find the cost of 6 erasers and then. First, find the cost of the cost of 6 eraser and then explain your step by step. First, find the cost of the cost of  step by step. First, find the cost of finding the first. 

First, find the cost of finding the total cost is a step at the problem step by step. First, step by step. First, step by step. First, step by step. First, step by step. First, step by step. First, step by step. First, step by step. First, find the",False,True,captured
gsm8k_395,gsm8k,0.6B,4,stochastic,999,14.6569,139.33,56.93,256,17.47,521,125,131,0.2399,0.95,False,"  Final Answer: <  Final Answer: <number> 

Let's number >

Let me think through the number > 

To determine the number >

To determine the final answer here >  Final Answer: < Final Answer: < Final Answer: < Final Answer here > 

To determine the total cards >
To determine the total number >

To determine the final answer here >

To determine the total number >

Let's number >  Final Answer: < Final Answer: < Final Answer >

To determine how many cards does not sure to put answer here >.

To determine the total number of cards >
Okay, let's see the number >

Let me think > 

Let me think > 

To determine the total number of cards > 

To determine how many cards does Erica has  Final Answer: < Final Answer here >.
Okay, let's see below




Let me solve this step by step and then the number > 

Let me think through the problem step  Final Answer: < Final Answer: < Final Answer: < Final Answer: < Final Answer: < Final Answer >  Final Answer: < Final Answer: < Final Answer > 

Let me think >  Final Answer: <  Final Answer: < Final Answer: < Final Answer: < Final Answer here",False,True,captured
gsm8k_400,gsm8k,0.6B,4,stochastic,999,14.4952,137.33,56.31,256,17.66,516,128,129,0.2481,0.99,False," 

Okay, let's see. 48*>
Okay, let's see. 

Okay, let's see below >
Okay, let's see the solution here put your answer here put your answer here >. Let's
Okay, let's see the solution here put your answer here > 

Okay, let's see below > 

Okay, let's see the number >
Okay, let's see below >
Okay, let's see the total calories>
Okay, let's see the number >
Okay, let's see below

Okay, let's see the total calories John drinks 48>
Okay, let's see the solution here put your answer here >.
Okay, let's see the number >
Okay, let's see the number >
Okay, let's see below
Okay, let's see below
Okay, let's>
Okay, let's see the answer here put your answer here > 

Let me think through the answer here put your answer here > 

Okay, let's see the number >
Okay, let's see below > 

Okay, let's>
Okay, let's see the number >
Okay, let's see solution here >
Okay, let's see the number >
Okay, let's see the answer here >
Okay, let's",False,True,captured
gsm8k_402,gsm8k,0.6B,4,stochastic,999,13.9332,139.67,54.09,256,18.37,496,131,125,0.2641,1.05,False," 

Answer: <number 

Answer> 

Okay, let's see. 

Okay, let's see. So, e

Answer>
Okay, let's see the answer here>
Okay, let's see the answer here>
Okay, let's see the answer here>
Okay, let's see how many more bags of flour than the answer here>
Okay, let's see the answer here>
Okay, let's see the answer here>
Okay, e.g>
Okay, let's see the answer here>
Okay, let's see the answer here>
Okay, let's see the answer here>
Okay, but the actual answer here>
Okay, let's see the answer here>
Okay, let's see, e.g. 3>
Okay, let's see the answer here>
Okay, let's see the answer here>
Okay, like 4> 

Answer>
Okay, let's see. So, the number>
Okay, let's see the answer here>
Okay, e.g. 2>

Okay, let's see the answer here>
Okay, let's see the answer here>
Okay, let's see. Let's answer here>
Okay, let's see above>
Okay, let's see the answer here>
Okay, the answer here>
",False,True,captured
gsm8k_405,gsm8k,0.6B,4,stochastic,999,14.2739,140.06,55.43,256,17.93,505,129,127,0.2554,1.02,False," 

Okay, let's see. 
Okay, let's think>
Okay, let's think>
Okay, let's think>
Okay, let's think>
Okay, let's think>
Okay, let's see below >
Okay, let's think>
Okay, let's think>
Okay, let's see the total cost of the cost of the number >
Okay, let's think through the answer >
Okay, let's see the answer here > 

To solve this problem, we need to calculate the total cost of meat and cheese cost of the answer here >
Okay, let's think through the steps. 

To solve step-by>

Okay, let's see the answer here >
Okay, let's see the answer here > 

Okay, let's think through the process >

Okay, let's think through the steps, let's think>
Okay, let's think through the steps, we need to calculate the number >
Okay, let's see the answer here >
Okay, let's see below
Okay, let's see below >

Okay, let's see the answer here >
Okay, let's see the answer here >
Okay, let's see the total cost in the answer here > 

Okay, let's see below
Okay, let's see the total cost >
",False,True,captured
gsm8k_410,gsm8k,0.6B,4,stochastic,999,15.9677,144.65,62.05,256,16.03,567,115,142,0.2028,0.81,False,"  Final Answer: <   Final Answer: <number> 

Okay, let's see. 

Okay, let's see what is this is the number >.
Okay, let me to be sure to be sure,  Final Answer: < Final Answer: < Final Answer: < Final Answer: < Final Answer >

To determine the number > 

To determine the answer here >  Final Answer: < Final Answer: < Final Answer >  Final Answer: < Final Answer >.

To determine the amount > 

To determine the total money left >.

Okay, let's see below.
Okay, let me to be filled in number >.
Okay, let's see above.  Final Answer: < Final Answer: <

To determine how much money does not enough to be sure that is  number >.

Okay, let's number >.

Okay, let's value >

Okay, let's see below.
Okay, let's value >.

To determine the amount of the number > 

To determine how much money does Sally have to be sure to be filled in number >

Okay, let's see answer here >.
To determine how much money does Sally have to be filled in number >.

To determine how much money does not enough to buy  Final Answer: <",False,True,captured
gsm8k_413,gsm8k,0.6B,4,stochastic,999,14.1161,138.56,54.81,256,18.14,501,130,126,0.2595,1.03,False," (Assume that there are no other types of candles that are not dangerous candles that the same number of candles that are both exploding candles that all the candles that are both exploding candles that the same number of dangerous candles and that 2 types of candles, in the same number of dangerous candles and that the same number of dangerous candles and that all types of candles, in the population of candles that are both dangerous candles that 20. 1000. 2 types of candles, but 1000. 20.50000. 50000 candles that are both dangerous and that the same number of dangerous and that the same number of dangerous and that the probability of exploding candles that are no other non-dangerous candles in the sample space for the purposes of the same number of dangerous and that the two types of candles: 10000. Assume that there are 2 types of candles: safe and dangerous candles that the same number of dangerous candles that are dangerous candles that are no other defects that the same number of dangerous and that the probability of exploding is no other dangerous candles and that the probability of exploding is independent events that the probability of exploding is independent events.)

Okay, let's see no",False,True,captured
gsm8k_423,gsm8k,0.6B,4,stochastic,999,14.7734,143.33,57.37,256,17.33,522,125,132,0.2395,0.95,False," 

Okay, let's see if I can. So, Cole is step by step. 

Okay, let me think
Okay, let me step by step by first. 

Okay, let me step by step:

Okay, let me step by step:

First, step by step. So, the problem step by step:

Okay, let me step by step:

First, I think
Okay, let's problem step by step. So first. So, the problem step by step. 

Okay, let's see if I can. 

Okay, let me. 

Okay, let me step by step:

First, step by step. 

First, I think the first. 

Okay, let me think step by step:

Okay, let me step by step:

First, I need to find out step by step:

Okay, let me step by step. So, the tattered jeans cost $2

Okay, let me think step by step. 

First, I think the answer step by step. So, the tattered jeans cost $2

Okay, let me think 

Okay, let's problem step by step. 

Okay, let me think step by step. 

Okay, let me think step by step:

Okay, let me step by",False,True,captured
gsm8k_427,gsm8k,0.6B,4,stochastic,999,13.4568,139.14,52.23,256,19.02,478,136,120,0.2845,1.13,False," Let's think about how much figure out that Kenny is Kenny is selling his Pokemon cards that Kenny is Kenny is selling his Pokemon cards that Kenny is selling his Pokemon cards that Kenny sells some information that Kenny is to find out how much find out how much find out how much money he has after selling the total the problem is about the total amount of money Kenny is to figure out how much money Kenny is selling cards he has to have to figure out how much money Kenny is selling cards for sure need to find out how much find out how much money Kenny is selling  need to find out how much find out how much money Kenny is selling cards for sure know that Kenny is selling his cards and plans to sell all know that Kenny is selling his Pokemon cards. So, we need to find out how much find out how much money he has to figure out how much money Kenny is selling the total the problem and then need to find out how much money Kenny is selling  need to find out how much figure out how much money Kenny is selling his cards and then we need to find out how much figure out how much money Kenny is selling the cards he needs to find out how much money Kenny is selling the cards for sure know that Kenny has to find out how much money Kenny is selling",False,True,captured
gsm8k_428,gsm8k,0.6B,4,stochastic,999,15.0284,138.47,58.39,256,17.03,534,122,134,0.2285,0.91,False," 

Okay, let's try to be careful solution >
Okay, let's think>
Okay, let's think>
Okay, let's think>
Okay, let's think>
Okay, let's think>
Okay, let's think>
Okay, let's try to think>
Okay, let's think>
Okay, let's try to find the number > 

Okay, let's think>
Okay, let's think step by step-by>
Okay, let's think>
Okay, let's try to think again, 8>
Okay, let's try to solve this step-by>

To solve this is 124>
Okay, let's think through the process > 
Okay, let's think>
Okay, let's try to solve this step by step >

Okay, let's think>
Okay, let's think through the problem step-by>

Okay, let's think through the process >

Okay, let's try to solve this step by step >

Okay, let's try to think again > 

Okay, let's>
Okay, let's try to find the answer > 

Okay, let's think through the process > 

Okay, let's>

To solve this problem, we need to calculate > 

Okay, let's

Okay, let's try to find",False,True,captured
gsm8k_434,gsm8k,0.6B,4,stochastic,999,11.3788,138.46,44.08,256,22.5,404,156,101,0.3861,1.54,False," Let's solve this step by step by step.

Okay, let's see. First, step by step.

Okay, let's solve this step by step.

Okay, let's solve this step by step.

Okay, let's see. 

Step 1: Convert the problem.

Okay, let's solve this step by step.

Okay, let's see step by step.

First, step by step.

First, step by step.

First, let's solve this problem.

First, let's solve this problem step by step.

First, let's solve this step by step.

First, we need to find out how much money did.

Okay, let's solve this step by step.

Okay, let's see step by step.

First, step by step.

First, step by step.

First, let's convert the total amount.

Okay, let's solve this step by step.

Okay, let's see step by step.

Okay, let's see step by step.

Okay, let's see step by step.

Okay, let's see step by step.

Okay, let's see step by step.

First, we need to find out how much money did step by step.

First, we need to find out how much money did. 

Step 1:",False,True,captured
gsm8k_439,gsm8k,0.6B,4,stochastic,999,13.5826,145.68,52.69,256,18.85,481,135,121,0.2807,1.12,False," (Assume that the drive is at a car is the drive is the drive is constant speed and the drive is constant speed and the time is constant and the time to the drive is the drive is the drive is constant and the time to the theater is a car is the same speed is constant speed and that both cars are the drive is the drive is constant and the time it takes to drive from Bernadette takes the drive is at a constant speed and that is not be the drive is the same speed for both cars are both cars are the same speed is the same for both is the same for both is the same in both cases is constant speed and that the drive is constant and the time to get to the theater first. Assume that the drive is constant and the time it takes to drive from the drive is constant and the time to get to the theater is the drive is the drive from Bernadette takes the same amount is the same in both cases is at a constant speed and the drive is constant speed is constant speed and the time it takes to drive from the drive is constant and that takes the same amount is constant speed and that takes the same amount of time is constant speed, and the drive is constant and the time to get to the theater first? is",False,True,captured
gsm8k_442,gsm8k,0.6B,4,stochastic,999,15.12,139.8,58.75,256,16.93,537,121,135,0.2253,0.9,False," 

Okay, let's see.>

Okay, let's think>
Okay, let's think>
Okay, let's think>
Okay, let's think>
Okay, let's think>
Okay, let's see below >
Okay, let's think>
Okay, let's think>
Okay, let's see the final temperature > 

Okay, let's think>
Okay, let's think>
Okay, let's see the house temperature > 

Let me solve this step by step, let's think>
Okay, let's think>
Okay, let's see the house's temperature after calculations here >
Okay, let's see the house's final temperature >
Okay, let's see the final temperature is 4555555>
Okay, let's temperature >
Okay, let's see below >

Okay, let's see the number >
Okay, let's see below

Okay, let's see the answer here >
Okay, let's see below the answer. 

Okay, let's see the number >
Okay, let's see the answer here >
Okay, let's see the answer here >
Okay, let's see the number >
Okay, let's see the number >
Okay, let's see below > 

Let me think>
Okay, let's see below",False,True,captured
gsm8k_454,gsm8k,0.6B,4,stochastic,999,15.8718,138.0,61.7,256,16.13,567,113,143,0.1993,0.79,False," 

Okay, let's see. 

To solve the number > 

Okay, let's see the solution here put your answer here > 

Okay, let's see the number >
To solve the problem step-by> 

To determine the solution here >
To solve this is 12484848>
Okay, let's see the total apples>
Okay, let's calculate the total number >
To solve the solution > 

To solve this problem, we need to calculate the total number > 

Okay, let's see the solution >
To determine the total apples>

To solve this problem, let's see the number > 

Let me solve this step by step and > 

Okay, let's calculate the number of apples they eat 1240>
Okay, let's see the total number >
To solve this problem, we need to calculate the total apples >. 

Okay, let's>

To solve this problem, we need to calculate the number > 

Okay, let's

Okay, let's see below >

To determine the total number of apples>
Okay, let's see the total apples >
To solve this problem, we need to calculate the total apples > 

Okay, let's 120> 

Okay, let's>

To",False,True,captured
gsm8k_455,gsm8k,0.6B,4,stochastic,999,13.5516,140.99,52.59,256,18.89,481,136,121,0.2827,1.12,False," 

First, he will calculate the volume of each bed area of course the volume of each bed area of course calculate the volume of each bed's find the volume of each bed's find the volume of each bed. Well, the problem solve for each raised beds. Then, need to find the volume of each bed area of course calculate the volume of course the volume of each raised beds. Each raised bed is a. Find the volume of one the volume of each bed's find the volume of one by the volume of each bed's find the volume of one of course the volume of each raised beds. Then, he needs to find the volume of each bed area of the volume of each raised beds. The volume of one the volume of each raised beds. The first calculate the volume of each raised beds. The first calculate the volume of each bed. To find the total amount to find the volume of each bed. So, the first calculate the volume of each raised beds. 

First, he calculate the volume of each raised beds. 

Second, he will calculate the volume of each raised beds. Then, he find the volume of each raised beds. So, the total volume of course the volume of each raised beds. So, the total volume of course to find the",False,True,captured
gsm8k_463,gsm8k,0.6B,4,stochastic,999,13.8693,139.33,53.84,256,18.46,493,133,124,0.2698,1.07,False," If the delivery man charges a $3 delivery fee of $30. $2 fee of $5% tax of $30. $15% tax of $20% tax of $15% tax of $20% tip of $5% tax of $2. $2 fee of $5, what is the total amount that is $2 fee of $5, what is the total amount of $5% tax on top fee of $15 for the delivery, and the cost of $5% tax on the delivery fee of $3, what is the total amount that is $15 for the delivery, then the total amount of $5 fee of $2 for the delivery, and the delivery fee of $5% tax on top of $5% tax on top of the delivery man a total of $15 for the delivery, and the cost of $30% tax on top of the delivery cost of $15% tax on the delivery man $5% tax on the delivery man charges a total of $15% fee of $40% tax on the total of $15 for the delivery, then the total amount is $15 for the delivery, then the total cost is $",False,True,captured
gsm8k_464,gsm8k,0.6B,4,stochastic,999,11.0969,141.57,42.96,256,23.07,393,158,99,0.402,1.6,False," Let's solve this problem.  step by breaking it down step by step.  step by step.  Initially, Finley started off step by breaking it down step by step by step.  Let's solve step by step.  step by step.  step by step.  step by step.  step by step.  step by step.  step by step.  Let's solve this problem step by step, step by step.  We can you need to track by considering the first.  We can represent the problem with the step by tracking Finley started off in first, step by step.  step by step.  step by step.  step by step.  step by step.  step by step.  We can you please.

Step 1: Finley took part in a 1.  Let's solve this problem step by step, step by step, step by step.  We can you explain the problem step by step.  Let's start to determine the initial position, step by step, step by step, step by step, step by step, step by step, step by step, step by step, keeping track by breaking it down step by step.  We can represent the step by step. ",False,True,captured
gsm8k_473,gsm8k,0.6B,4,stochastic,999,14.8923,139.11,57.86,256,17.19,531,124,133,0.2335,0.93,False," (1 inches)
To 1/3 foot = 12 inches)

To solve this problem, weet = 12 inches)

To solve 1/1 inches)

To solve this problem, 1/1 inches)

To solve this problem, weet = 12 inches)
To solve this problem, weet, 12 inches)
To solve this problem, weet 1/1 inches)

Wait, that is 1/12 inches)
To solve this problem, 12 inches)
Answer: <number of 1/12 inches)

To solve this problem, weet = 12 inches)
Answer: <number inch)
To beak)

To solve this problem, weet 1/12 inches)

To solve this problem, weet = 12 inches)

To convert to 1/12 inches)

To solve this problem, 12 inches)

To convert to inches)

To solve this problem, weet = 12 inches)

Wait, the length of a foot = 11 inches)

To 1/1 inches)

Wait, that 1/12 inches)

Wait, that is, 12 inches)

First, convert to 1/1",False,True,captured
gsm8k_474,gsm8k,0.6B,4,stochastic,999,12.5867,139.13,48.81,256,20.34,448,145,112,0.3237,1.29,False," Let's solve this step by step by step.

Okay, let's see. First, we can be step by step.

Okay, let's problem together.

Okay, let's problem together. 

Step 1: Determine the fraction problem together. So, if step by step.

Step 1: Determine the fraction of students who is step by step.

Okay, let's solve this step by step.

Step 1: Let's problem together.

Okay, let's solve this step by step.

Okay, let's see step by step.

We are step by step.

We are told that three-fourths of the problem together.

Okay, let's solve this step by step.

Okay, let's solve this step by step.

Okay, let's solve this step by step by step by step.

First, we need to find the problem together. First, we need to step by step.

First, we need to find the problem together. 

Step 1: Let the problem. Step 1: Determine the fraction of students who is step by step. So, three-fourths of the problem together. First, we need to find the total number of students be step.

Okay, let's solve this step by step.

Okay, let's solve this step",False,True,captured
gsm8k_479,gsm8k,0.6B,4,stochastic,999,15.2879,138.82,59.41,256,16.75,544,121,136,0.2224,0.89,False," 

Okay, let's see.>

Okay, let's think>
Okay, let's think>
Okay, let's think>
Okay, let's think>
Okay, let's calculate the total cost >

Okay, let's think>
Okay, let's think>
Okay, let's see the total cost >
Okay, let's think>
Okay, let's calculate the total cost of the cost of the hotel cost of the hotel cost of the hotel cost of plane tickets cost of the cost of plane tickets cost of plane tickets cost of plane tickets cost $185750000>
Okay, let's think through the total cost >

Okay, let's think>
Okay, let's calculate the total cost >
Okay, let's think through the steps, let's calculate the total cost >
Okay, let's calculate step-by> 

Okay, let's see the total cost >

Okay, let's think through the steps, 750000>
Okay, let's see the number >
Okay, let's see the total cost of the cost of plane tickets cost of plane tickets cost $180>
Okay, let's see the total cost of the trip cost of plane tickets + 75000>
Okay, let's",False,True,captured
gsm8k_480,gsm8k,0.6B,4,stochastic,999,11.6066,137.95,44.97,256,22.06,410,153,103,0.3732,1.49,False," Let's solve this step by step by step.

First, find the problem together.

First, find out.

First, let's solve this step by step.

First, find out how many step by step.

First, let's solve this step by step.

First, let's solve this step by step.

First, let's find out.

First, let's find out.

First, let's find the problem together.

First, let's find out.

First, find step by step.

First, let's find out.

First, find the total number of tubes of blue paint and step by step.

First, find step by step.

First, let's find the total number of tubes of paint problem together.

First, let's find step by step.

First, by step.

First, let's solve this step by step.

First, find the total number of tubes of blue paint Jasper has half as many tubes.

First, find step by step.

First, find the total number of tubes of paint problem together.

First, let's solve this step by step.

First, let's find step by step.

First, by step.

First, we need to solve this step by step.

First, let's solve this step by step.

First, find the total",False,True,captured
gsm8k_489,gsm8k,0.6B,4,stochastic,999,15.6024,139.6,60.64,256,16.41,554,117,139,0.2112,0.84,False," (Round to the nearest tenth of the whole number.)

Wait, but not specified unit.) whole number.)

Wait, the nearest tenth of the 10th of the following rule: 10th of a whole number.)
Okay, let's see the nearest tenth of a whole number.)

Okay, let's see the nearest tenth of a whole number.)

Okay, let's see the nearest tenth of a degree.)

Okay, let's see the nearest tenth as appropriate decimal place as needed decimal place as needed.) whole number.)

Okay, let's see the nearest tenth as needed) tenth of a degree.)

Okay, let's see if necessary decimal place as per the nearest tenth.)

Okay, let's see, 10th of a degree.)

Okay, let's see, tenth of a degree.)

Okay, let's see the question is not specified unit, which? Wait, the question says 10th of the 10th of a whole number.)

Okay, let's place value) tenth of a degree.)

Okay, let's place) tenth.)

Okay, let's see, tenth of a degree.)

Okay, let's see the nearest tenth of a degree.)

Okay, let's place) tenth of a whole number.)
Okay, let's see",False,True,captured
gsm8k_491,gsm8k,0.6B,4,stochastic,999,13.9935,140.48,54.33,256,18.29,497,132,125,0.2656,1.06,False," 

Let me solve this problem. 

Okay, so carefully. 

Okay, so carefully. So, step by step:

Okay, so that step by step:

Okay, so that Jaime places eggs on the tray by breaking it down step by step:

Okay, so carefully. 

Okay, so that step by step:

Okay, so that step by step:

Okay, so that I need to find the step by step. 

First, I need to find out how many times  step by step:

Okay, so Jaime places eggs on the tray can you can you are there are the same as a step by step:

Okay, so Jaime places eggs on the tray can you check my way. 

Okay, so that step by step.
Okay, so Jaime places eggs on the tray can you help. 

Okay, so Jaime places eggs on the tray can you have 64 divided into steps:

Okay, so Jaime places eggs on the tray can you help me step by step:

Okay, so Jaime places eggs on the same as a step by step:

Okay, step by step:

First, I need to find the same as the problem step by step:

Okay, so Jaime places eggs on the tray by thinking step by step.

Okay, so Jaime places",False,True,captured
gsm8k_492,gsm8k,0.6B,4,stochastic,999,16.4655,138.36,64.03,256,15.55,587,109,148,0.1857,0.74,False," 

Okay, let's see.>

To determine the total cost is 324444>
Okay, let's see the total cost >
To determine the total cost by step-by-step explanation here put answer >
To determine the total cost step-by> 

Okay, let's see the total cost >
To determine the total cost by the total cost > 
Okay, let me think>
Okay, let me think>
Okay, let me think>
Okay, let me
Okay, let me think>
Okay, let me think>
Okay, let'spend>
Okay, let's see the total cost >
To determine how much does not a number >
To determine how much does she spends $24>
Okay, let's see the total cost > 

Okay, let's> 

Okay, let me think about 324>
Okay, let me think step-by- 32>
Okay, let's cost of small pizza price >
To determine how much does she spend in dollars>
Okay, let'spend>
Okay, let'sp>
Okay, let'something>
Okay, let's>

To determine how much does she spend in the total cost >
To determine how much does she spend in the total cost is the total cost >
To determine",False,True,captured
gsm8k_498,gsm8k,0.6B,4,stochastic,999,12.0835,140.22,46.84,256,21.19,427,150,107,0.3513,1.4,False," Please put your final answer within \boxed{}.

Okay, let's see. within \boxed{}.

Step 1: Find the box.
Okay, let me in the box.
Okay, let me in the box.

Okay, let me in the box.

Okay, let's box.
Okay, let's box.

Okay, let me know in the box.

Let me think about the number in the box.

To: within \boxed{}.

Step 1: Find the total number of oranges they can be in the box.

Okay, let's see below within \boxed{}.

Step  in the box.

Let me think.
Okay, let me in the box.

Let me think about the number in the box.

To put in the box.

Okay, in the box.

To the box.

Okay, let me know in a box.

Okay, let me know in a box.

To put your final answer inside \boxed{}.

Okay, in the box.

To put your final answer inside \boxed.
Okay, let's box.
Okay, let's box.

Okay, let me know in a box.

Okay, let me know in a box.

Okay, let's inside \boxed{}.

Step 1: Find the box.
Okay, let",False,True,captured
gsm8k_510,gsm8k,0.6B,4,stochastic,999,12.2216,141.5,47.37,256,20.95,432,147,109,0.3403,1.35,False," (Assume that he eats the same amount of the same amount of food that same amount of food that same amount of food every day, and that he same amount of food for 20 calories at the same amount of food that same amount of food every day, and that same amount of food every day and burns the same amount each day the same amount each day the same amount of the same amount of food every day and burns the same amount of the same amount of food that is the same amount of food every day and burns the same amount of the same amount every day and burns the same amount of the same amount each day the same amount each day the same amount of food every day, and that same amount of food every day 200 calories as much less than 2000 calories per day.)

Wait, the same amount of food every day, on average of the same amount of food every day and burns the same amount of calories at the same rate of the same amount every day and burns the same amount of the same amount each day the same amount of food every day and burns the same amount of food that provides 2000 calories a normal food for 2000 calories at the same rate as much less than he same",False,True,captured
gsm8k_512,gsm8k,0.6B,4,stochastic,999,16.0344,140.29,62.33,256,15.97,571,113,143,0.1979,0.79,False," 

Okay, let's see.>

To determine the number >
To determine the total distance in the number >
To determine the total distance in km >
To determine the total distance in km >
To determine how many milliliters of water needed milliliters>
Okay, let's see the answer here >
To determine the total distance first. 

Okay, let's see below >
To determine the total distance Hannah needs to drink 1248484840>
Okay, let's see the answer here >
To determine how many milliliters of water.
Okay, let's see the number >
To determine how many milliliters of water will be careful calculation > 

Okay, let's>

To determine the total distance first calculate the number >
To solve this step-by-1240>
Okay, let's see below >
To determine how many milliliters of water.
Okay, let's see the number >
To determine how many milliliters of water will be filled in the correct answer >
To determine how many milliliters of water will be filled in with the correct number >
To determine how many milliliters>
Okay, let's see the number >
To solve this step by 120>

To determine the total distance",False,True,captured
gsm8k_522,gsm8k,0.6B,4,stochastic,999,13.92,141.45,54.03,256,18.39,493,132,124,0.2677,1.06,False," Let's solve this problem step by step, step by step, one step by first.

Okay, let's see. First, let's step by first.

Okay, let's see if we need to find the total number step by step, step by step, step by step, step by step, step by step, and then put together. First, let's see if we can.

Okay, let's break it step by step, step by step, step by step, one step by first.  step by step, step by step, and see if we can. First, let's find the problem step by step, step by step, step by step, one step by first finding the rate of strawberry by first.  First, let's see if we know.

Okay, let's break it down step by step, step by step, step by step, step by step, one step by first finding the amount per step by first.  Tony's problem step by step, step by step, and see if we can find the problem step by step, step by step, and see step by step, step by step, and see step by step.

Okay, let's see if Tony can pick 6 quarts per hour. First, let",False,True,captured
gsm8k_524,gsm8k,0.6B,4,stochastic,999,15.132,139.17,58.8,256,16.92,538,121,136,0.2249,0.89,False," 

Okay, let's see.>

To determine the number of rows for the number > 

To determine the number of rows for the question number > 

Let me try to solve the number >
To determine the number of rows for the answer here >
To determine how many rows of the number >
To determine the number of rows for the answer here >
To determine how many rows of flowers > 
Okay, let's think>
Okay, let's think>
Okay, let's think>
Okay, let's think>
Okay, let's think through the number >
To determine the number of rows for the number of the rows>
Okay, let's think > 

Okay, let's think>
Okay, let's think > 

Okay, let's>
Okay, let's think through the process steps here >
To determine the number of rows for the number of the rows.>
Okay, let's think through the process >
To determine how many rows of flowers will be careful calculation > 

Okay, let'something>
Okay, let's see below >
To determine how many rows of flowers will be careful with the correct answer here >
To determine how many rows of flowers will be careful with this is the total rows>
Okay, let's see the number of rows of the number >",False,True,captured
gsm8k_525,gsm8k,0.6B,4,stochastic,999,10.7155,140.32,41.47,256,23.89,378,162,95,0.4286,1.71,False," 

Okay, so Heather has 27. Heather has to solve this problem here. Heather has to solve this problem step by step by step. So Heather has 27 cups of raisins. Heather has to solve this problem here. Heather has to solve this problem step by step by step. So Heather has 27 cups of raisins. So Heather has 27 cups of raisins. So Heather has to solve this problem step by step by step. So Heather has to solve this problem step by step by step. So Heather has to do this problem here. Heather has to solve this problem step by step by step. So Heather has 27 cups of raisins. So Heather has 27 cups of raisins. So Heather has 27 cups of raisins. So Heather has 27 cups of raisins. So Heather has 27 cups of raisins. So Heather has 27 cups of raisins. So Heather has 27 cups of raisins. So Heather has 27 cups of raisins. So Heather has 27 cups of raisins. So Heather has 27 cups of raisins. Heather has to solve this problem step by step by step. So Heather has ",False,True,captured
gsm8k_526,gsm8k,0.6B,4,stochastic,999,11.7466,140.82,45.51,256,21.79,415,153,104,0.3687,1.47,False," Let's think.
Okay, let's see. Ada's daily electric consumption before adding the device's daily electric consumption before adding the device's daily electric consumption before adding the device: the cost per day's daily electric consumption before adding the device. The daily electric consumption before adding the device. Ada's daily electric consumption before adding the device. The daily electric consumption before adding the device: the cost per day's cost per day cost per day before adding the device: the daily cost per day's daily electric consumption before adding the device. Ada's daily electric consumption before adding the device. The daily electric consumption before adding the new daily electric consumption before adding the device. Ada's daily electric consumption before adding the device. Ada's daily electric consumption before adding the device. Ada's daily electric consumption before adding the device. The daily electric consumption before adding the device. The original weekly electric consumption before adding the device. The daily electric consumption before adding the device's daily electric consumption before adding the device: the daily electric consumption before adding the device. Ada's daily electric consumption before adding the device. Ada's daily electric consumption before adding the device. Ada's daily electric consumption before adding the device. Ada's daily electric consumption before adding the device. Ada's daily electric consumption before adding the",False,True,captured
gsm8k_528,gsm8k,0.6B,4,stochastic,999,14.1012,140.22,54.75,256,18.15,500,132,125,0.264,1.06,False," 

Okay, let's try to solve this step-by-step explanation here >
Okay, let's think>
Okay, let's think>
Okay, let's think>
Okay, let's think>
Okay, let's think>
Okay, let's calculate the total number of sofas and chairs and chairs and chairs and then write the answer here > 

Okay, let's think>
Okay, let's think>
Okay, let's try to find the total number of sofas and chairs and chairs are there is 22480>
Okay, let's try to calculate the total number >
Okay, let's think>
Okay, let's try to figure out the answer >

Okay, let's try to calculate the total number of sofas and > 

Okay, let's>
Okay, let's try to find the total number of sofas and chairs and then put your answer here >
Okay, let's try to think>
Okay, let's try to find the total number of sofas and chairs.>

To solve this problem, we need to find the total number >

Okay, let's try to find the total number of sofas and chairs and then your answer here >

Okay, let's>

Okay, let's try to think>
Okay, let's number >
Okay, let's",False,True,captured
gsm8k_531,gsm8k,0.6B,4,stochastic,999,13.1883,143.23,51.16,256,19.41,463,139,117,0.3002,1.19,False," 

Let me solve this problem. 

Okay, let's see. 

Okay, let me step by breaking it step by step:

Okay, let me step by step.

Okay, let me step by step.

Okay, let me step by step.

Okay, let me step by step, step by step.

First, step by step.

Okay, step by step.

Initially, there are 48 people are riding the first.

Okay, let me think step by step.

Initially, there are 48 people are riding the bus. 

Okay, let me step by step:

Okay, let me step by step.

First, step by step.

Step  step by step, step by step, step by step, step by step, step by step, step by step, step by step, carefully step by step, step by step, carefully step by step:

Okay, let me step by step:

Okay, let me step by step.

Okay, let's see what is step by step.

Step  step by breaking it's step by step.

Initially, there are 48 people are riding the bus. 

Okay, let me step by step.

Okay, let me step by step:

Okay, let me step by step.

First, step",False,True,captured
gsm8k_535,gsm8k,0.6B,4,stochastic,999,14.4126,140.08,55.97,256,17.76,512,128,128,0.25,1.0,False," 

Okay, let's see the number >
Okay, let's

Okay, let's think>
Okay, let's>

To solve this problem, we need to find out how many candies does not enough information >

To solve the number >
Okay, let's see the number > 
Okay, let's see the number >
Okay, let's try to solve this step-by-step explanation here put your answer here >
To solve the number >
Okay, let's think>
Okay, let's think>
Okay, let's see the number > 

Let me try to solve this step by 135>
Okay, let's try to solve this step by the number >
Okay, let's try to solve this step-by>
Okay, let's see the number >
To solve this problem, we need to find out how many candies does not enough information >

Wait, let's

Okay, let's try to find the answer >
Okay, let's try to solve the number >
To solve the number >
Okay, let's try to solve the number of the number >
Okay, let's

Let me try to solve this step by 17>
Okay, let's try to think>
Okay, let's try to find the answer here >
Okay, let's see",False,True,captured
gsm8k_536,gsm8k,0.6B,4,stochastic,999,11.7198,137.37,45.42,256,21.84,416,153,104,0.3678,1.47,False," Let's solve this step by step.

Step 1: Find Alyana is step.

Step 1 by step.

Step 1. First, find Alyana is step.

First, find Alyana's problem.

Okay, let's see step.

Step 1: Find Alyana is step.

First, find the problem.

Step 1: Find Alyana's age first by step.

First, find the problem.

Okay, let's solve this step by step.

Step 1: Find Alyana's age first.

Step 1: Find Alyana is 4 years.

Step 1: Find Alyana's age problem.

Okay, let's see step.

Step 1: Find Alyana's age first. First, find Alyana.

Step 1: Find Alyana's age first. First, we go step.

Step 1: Find Alyana's age first by step.

First, find the problem step.

Step 1: 

Step 1: Find Alyana's age first. First, find Alyana.
Step 1: Find Alyana's age problem.

Okay, let's solve this step by step.

Step 1: Find Alyana's age first. First, find Alyana's problem.

Step 1",False,True,captured
gsm8k_537,gsm8k,0.6B,4,stochastic,999,11.5486,138.64,44.75,256,22.17,409,154,103,0.3765,1.5,False," Let's solve this step by step.

Step 1: Find the thickness of each step.

Step 1 by step.

Step 1: Identify the thickness of each step.

First, step.

Step 1 by step.

First, step, step.

First, let's solve this step by step.

First, let's solve this step by step.

First, let's solve this step by step.

First, let's solve this step by step.

First, let's solve this step by step.

First, let's solve this step.

Step 1: Find the thickness of each book by step.

First, let's solve this step by step.

First, we go step.

Step 1: Find the thickness of each book by step.

First, let's solve this step by step.

First, let's solve this step by step.

First, let's find the thickness of each book by step.

First, let's find the thickness of each step.

First, let's find the thickness of each step.

First, let's find the thickness of each book by step.

First, let's find the problem.

Step 1: Identify the thickness of each book by step.

First, let's find the thickness of each book by step.

First,",False,True,captured
gsm8k_540,gsm8k,0.6B,4,stochastic,999,12.6212,140.22,48.95,256,20.28,446,145,112,0.3251,1.29,False," 

Let me solve this problem. 

Okay, let's try to understand the problem step by step by step. 

First, let me. Okay, let me think step by step.

Okay, let me step by breaking it's step by step:

Okay, let me step by step.

Okay, let me. 

Okay, let me step by step:

Okay, let me step by step.

Okay, let's step by step.

Okay, let me step by step:

Okay, let's step by step:

Okay, let's step by step:

Okay, step by step.

Okay, step by step.

Okay, step by step.

Okay, step by step.

Okay, step by step:

Okay, let's problem step by step:

Okay, let me step by step.

Okay, step by step.

Okay, step by step:

Okay, let's step by step.

Okay, step by step.

Okay, let's step by step:

Okay, let's problem step by step. 

Okay, let me think step by step.

Okay, step by step. 

Okay, let's step by step:

Okay, let's step by step. 

Okay, let me step by step. 

Okay, let's step by step.

Okay,",False,True,captured
gsm8k_544,gsm8k,0.6B,4,stochastic,999,16.0128,141.7,62.24,256,15.99,571,114,143,0.1996,0.8,False," 

Okay, let's see. 

Let me think. So, let me think>
Okay, let me think >
Okay, let me think>
Okay, let me think>
Okay, let me think step-by-step>

Okay, let me think>
Okay, let me think this is 40> 

Okay, let me think>
Okay, let's>
Okay, let me think step by step-by-step-by-step>

Okay, let me think > 

Okay, let me think > 

To solve this problem, we need to find out how much does not yet to be careful solution >
Okay, let's

Okay, let's>
Okay, let's>
Okay, let's>
Okay, let's see the answer here put your answer >
Okay, let's





Okay, let's see the amount > 

Okay, let me think step-by-step explanation > 
Okay, let me think > 

Okay, let's>

Okay, let's 40> 
Okay, let's




To solve this problem, we need to find out the answer >
Okay, let's>
Okay, let's



Okay, let's

Okay, let's

Okay, let's

Okay,",False,True,captured
gsm8k_547,gsm8k,0.6B,4,stochastic,999,16.4237,138.26,63.86,256,15.59,585,110,147,0.188,0.75,False," Let's say that each round of the first round of the round of the families calls only calls only calls only calls people called family is called only calls only once called family that each call is made calls only calls only once called family calls only once and every family is called only calls only once, call is called family is a call is called only calls only calls only once called family calls only once and every family is notified family is only calls only once, round of the first round is called only calls only once and every round of calls only calls the family is only calls only once, the first round is round of the families calls  family is only calls the first round is Ali's family is called only once and every round, in the first round is a call is made  round of calls only calls people who is called only calls only calls only once, round of calls only once called family calls only once and that calls only once, round of calls is called only once and every call is made the first round is called only once and every family is called only once. call is made one calls only calls only calls only once and every family is notified family calls only once and every call is made by the first round is the first round is called only once. round of calls",False,True,captured
gsm8k_562,gsm8k,0.6B,4,stochastic,999,14.6768,140.61,57.0,256,17.44,520,126,131,0.2423,0.96,False," (Assume that the pyramid is a right triangle is a has a vertical height is a right triangle is a right triangle with the ground is a vertical height is a right triangle with a is a perpendicular to the ground and the ground form is a right triangle, the ground is flat base is a right triangle, and the ground is straight upward and the sun's angle is a vertical axis is a right triangle with legs are not only moves at Sahir's house is a right pyramid is a right triangle with the ground is perpendicular to the ground is a flat base is a right triangle with the sun is a right triangle with the pyramid is a right triangle with the sun is directly faces directly faces directly toward the sun is a right pyramid is a right pyramid is straight upward angle is a right pyramid is a right triangle with its a right pyramid is a right triangle with its height is  is a right triangle, the ground, the sun is a right triangle, the ground, the ground is at Sahir's house is a right triangle with the sun is straight upward from the ground to be a right triangle with the sun is moving at 5 degrees perpend is a right triangle with the sun is directly above is a right triangle with the sun is moving in the sun is in the",False,True,captured
gsm8k_571,gsm8k,0.6B,4,stochastic,999,14.5877,139.05,56.66,256,17.55,517,126,130,0.2437,0.97,False," 

Okay, let's see.>

To determine the total cost step-by>
Okay, let's see the total cost > 

Okay, let's see the total cost >
Okay, let's see the total cost >
Okay, let's see the total cost >
Okay, let's calculate the total cost >
Okay, let's see below > 

Okay, let's see solution here put your answer here >
Okay, let's see the total cost > 

Let me calculate the total cost >
Okay, let's see the total cost > 

Okay, let's see below > 

Let me think>
Okay, let's calculate the total cost step by the total cost >
Okay, let's see, let's see the steps in the total cost >. 

To determine the total cost step-by> 

Okay, let's calculate the total cost is the total cost >
Okay, let's see solution here put your answer here >
Okay, let's see the total cost is calculated amount > 

Okay, let's>

Okay, let's see the total cost is calculated as a number >
Okay, let's see the total cost is $35680>
Okay, let'something>
Okay, let's see the total cost is $200+2",False,True,captured
gsm8k_576,gsm8k,0.6B,4,stochastic,999,10.8036,143.16,41.81,256,23.7,380,162,95,0.4263,1.71,False," 

Okay, so Michael wants to find out. So Michael is replacing the carpet in this problem step by step. So Michael is this problem step by step. So Michael is this problem step by step. So Michael is replacing the carpet in this problem step by step. So Michael is replacing the carpet in this problem step by step. So Michael is replacing the carpet in this problem step by step by step by step. So Michael is replacing the carpet in this problem step by step. So Michael is replacing the carpet replacement. So Michael is replacing the carpet in this problem step by step by step. So Michael is replacing the carpet in this problem step by step. So Michael is replacing the carpet in this problem step by step by step. So Michael is replacing the carpet in this problem step by step by step. So Michael is replacing the carpet in this problem step by step. So Michael is this problem step by step. So Michael is replacing the carpet in this problem step by step by step. So Michael is replacing the carpet replacement carpet replacement. So Michael is replacing the carpet in this problem step by step. So Michael is replacing the carpet in this problem step by step by step. So Michael is replacing the carpet in this problem step by step by step. So Michael",False,True,captured
gsm8k_578,gsm8k,0.6B,4,stochastic,999,10.0968,138.2,39.05,256,25.35,356,167,89,0.4691,1.88,False," Let's solve this step by step by step.

Okay, let's see. step by step.

Okay, let's solve this step by step.

Okay, let's solve this step by step.

Okay, let's solve this step by step.

Okay, let's see step by step.

Okay, let's solve this step by step.

Okay, let's solve this step by step.

Okay, let's see step by step.

Okay, let's solve this step by step.

Okay, let's see step by step.

Okay, let's solve this step by step.

Okay, let's see step by step.

Okay, by step.

Okay, let's solve this step by step.

Okay, let's solve this step by step.

Okay, let's see step by step.

Okay, by step.

Okay, let's solve this step by step.

Okay, let's see step by step.

Okay, let's solve this step by step.

Okay, let's solve this step by step.

Okay, let's solve this step by step.

Okay, let's solve this step by step by step by step.

Okay, let's solve this step by step.

Okay, let's solve this step by step.

Okay, let's solve this step by",False,True,captured
gsm8k_580,gsm8k,0.6B,4,stochastic,999,13.2822,142.1,51.53,256,19.27,472,138,118,0.2924,1.17,False," Let's solve this problem. 

Okay, so that the same as a few steps:

Okay, so that step by first by first. 

Okay, so that is a step by first. The oven temperature. 

Okay, so Maggie's oven is malfunctioning step by step, step by step. 

First, we need to find the same way step by step. First, we have a step by step. 

First, we need to find the same as a percentage change the same way. So, the oven is off by the same percentage for the same way. 

First, we need to find the temperature is a step by step, step by step, step by step, step by step, step by step, step by step, step by step, step by step, and think step by step. 

First, we need to find the temperature problem step by step. 

First, we need to find the percentage error-free response.
Okay, so Maggie's oven is malfunctioning.

Okay, so Maggie's oven is malfunctioning step by step. First, step by step, step by step, and see if the same way step by step, step by step, step by step, carefully. 

First, we have a step by step. First",False,True,captured
gsm8k_581,gsm8k,0.6B,4,stochastic,999,16.0587,139.84,62.43,256,15.94,572,113,143,0.1976,0.79,False," 

Okay, let's see. 
Okay, let'solution>
Okay, let's see, let'solution>
Okay, let's see the number > 

Okay, let's see the number >
To determine the answer here put your answer here put your answer here > 

Okay, let's>
Okay, let's see the number > 

Okay, let's> 

Okay, let's think step-by-step>
Okay, let's think > 

Okay, let's see the number >
To determine the total time in the number > 

Okay, let's>

To find the total time Max needs to be careful calculation here put your answer here > 

Okay, let's>
Okay, let's see the number > 

Okay, let's think step by step-by>
Okay, let's calculate the total time in the box >
To determine the total time in minutes>
Okay, let's see the total time in numbers > 

To find the total time Max needs to be replaced with the correct answer here >.
Okay, let's see, 11955555>
Okay, let's calculate the total time in minutes >

To find the total time Max needs to be replaced with the number > 

To determine the total time in minutes >

",False,True,captured
gsm8k_583,gsm8k,0.6B,4,stochastic,999,13.5115,139.54,52.44,256,18.95,479,136,121,0.2839,1.12,False," 

Okay, let's see the total number of utensils >
Okay, let's see below >
Okay, let's see the total number of utensils >
Okay, let's think>
Okay, let's think>
Okay, let's see the total number of utensils >
Okay, let's think>
Okay, let's think>
Okay, let's try to solve the total number of utensils > 

Okay, let's see below > 

Let me solve this step by step >

To solve this step-by-step>

To solve this is the number >
Okay, let's see the total number of utensils >
Okay, let's think>
Okay, let's think>
Okay, let's try to figure out the answer >

Okay, let's think>
Okay, let's try to find the total number of utensils >
Okay, let's try to solve this is missing number >
Okay, let's try to find the total number of utensils>
Okay, let's see the total number of utensils > 

Okay, let's try to solve this step by the total number of utensils > 

Okay, let's see.>

Okay, let's try to find the total number of utensils>
Okay, let's try to solve the total number",False,True,captured
gsm8k_585,gsm8k,0.6B,4,stochastic,999,12.2953,138.57,47.67,256,20.82,436,147,109,0.3372,1.35,False," Let's solve this problem step by step, step by step, starting by first by first by first calculating the total earnings. 

First, let's find the problem step by step, step by step, one step at a time. 

First, let's break it step by step, step by step, using the given information. 

First, step by step, starting by first. 

First, let's find out step by step, step by step, using the given information.

First, let's see if we can.

First, let's find the total hours each step by step, step by step, step by step, step by step, one step by first. 

First, let's find out step by step, and see if the problem step by step, step by step, using the information step by step, step by step, step by step, using the information step by step, step by step, step by step, using the information step by step.

First, let's find out step by step, first by first finding the total hours each person by first by first finding the total hours each step by step, step by step, one step by first finding the total hours each person by first figuring out how much did step by step, one",False,True,captured
gsm8k_586,gsm8k,0.6B,4,stochastic,999,16.0233,138.92,62.29,256,15.98,568,114,142,0.2007,0.8,False," 

Okay, let's see.>

To determine the number > 

Okay, let's see the number > 

To determine the total_water_volume in the answer here >

To determine the total calories burned by
Okay, let's see the number > 

Okay, let's think>
Okay, let's think>
Okay, let's think>
Okay, let's see below

Let me think>
Okay, let's think>
Okay, let's see the number >
To determine the total calories burned by aerobics calories burned calories > 

To determine the total calories burned first calculate the total calories burned first calculate the total calories burned first calculate the total calories burned first calculate the total calories burned calories>
Okay, let's see the number >
To determine how many ml>
Okay, let's see the number here >
To determine how many ml of water does not yet to be careful calculation steps here >
To determine how many ml of water does not yet determined by the number >
To determine how many ml of water needed_water_volume>
Okay, let's see the number here >

To determine how many ml of water does not sure > 

Okay, let'ss>

To determine how many ml of water needed_water_volume>
Okay, let's see below

Okay, let's",False,True,captured
gsm8k_587,gsm8k,0.6B,4,stochastic,999,14.0131,141.24,54.4,256,18.27,495,133,124,0.2687,1.07,False," Let's solve this problem.  step by first.

Okay, let's see if we have to find the same as follows the problem step by step, step by step, step by step, step by step, and see if the problem step by step, step by step, using the following the problem step by step.

Okay, let's start by defining variables for the number of blue jelly beans. 

Let me think about the Burger Palace has  step by step.

Okay, let's see if we have a step by step, step by step, step by step, step by step, step by step, step by step, step by step, and see if we need to find the number of blue jelly beans as follows the same as follows the steps. 

First, let's step by step.

Let's problem step by step.

Okay, let's see... 

Okay, let's break it step by step, step by step, using the given the same as follows:

First, let's see if the number of jelly beans. 

Let me start by assigning variables to find the number of blue jelly beans step by step, step by step.

Let’s question step by step, and find the number of blue jelly beans. Let's problem step by step",False,True,captured
gsm8k_588,gsm8k,0.6B,4,stochastic,999,13.9833,138.21,54.29,256,18.31,496,132,124,0.2661,1.06,False," 

Okay, let's see.>

To find the average of the three_measurement>
Okay, let's see below >
To find the average of the average >
To find the average of the average > 

Okay, let me >.>
Okay, let me



Okay, let me >

To find the average of the average > 

Okay, let's>

To find the average of the average >
To find the average of the average > 

To find the average of the average >.>

To find the average of the three measurements.>

To find the average of the average >
To find the average of the three measurements. 

Okay, let's see below > 

To find the average of the average >
To find the average of the three measurements is the average of the three measurements>

To find the average of the average >
To find the average of the three measurements is 5482928282>
Okay, let's> 

Okay, let's see the average >
To find the average of the average > 

Okay, let me >

To find the average of the average > 

To find the average of the average >
To find the average of the three measurements is 52729>
Okay, let's",False,True,captured
gsm8k_591,gsm8k,0.6B,4,stochastic,999,14.3699,143.89,55.79,256,17.82,509,129,128,0.2534,1.01,False," 

Okay, let's see. 
Okay, let's see.>

Okay, let's think>
Okay, let's think>
Okay, let's think>
Okay, let's see below >
Okay, let's see below >
Okay, let's see the Mastiff's weight is 440> 

Okay, let's see the answer here >
To determine the weight of the Mastiff's weight is 1352666660>
Okay, let's see the Mastiff's weight is 440>
Okay, let's see the Mastiff's weight is 440>
Okay, let's see below the line of the Mastiff's>

Okay, let's see the Mastiff's weight is the Mastiff's weight > 

Let's weight of the Dachshundetermined by the problem's weight of Mastiff's weight of the Dachshund's weight is 4444440> 
Okay, let's see the Mastiff's weight is 44 times the Mastiff's weight > 

To determine the weight of the Mastiff's weight of the Dachshundetermined by the problem, 440>
Okay, let's see below >
Okay,",False,True,captured
gsm8k_599,gsm8k,0.6B,4,stochastic,999,14.269,138.77,55.41,256,17.94,508,129,127,0.2539,1.02,False," Also, are there any...? (other animals invertebrates invertebrates invertebrates in the store owner legs from the store employees invertebrates invertebrates in the store owner has any other things invertebrates in the store owner's legs from the store have any other legs that are any other animals in the store that are not counted as many more questions that are any other animals in the store that have any other legs? (other animals in the store owner legs from the store employees?

Wait, the store employees invertebrates in the store that are any other animals in the store that are any other animals in the store that are not legs from the store employees in the store owner legs from the store employees in the store owner has a. Also, are there any other animals in the store employees in the store? (Note: Please put your final considerations about the store owner legs from the store have any other legs? (a? (110 other things invertebrates in the store? (This is a problem with a. (other animals in the store? (Please, any other animals in the store employees in the store? If the store is there any other animals in the store that have any other types of pets that are not counted in",False,True,captured
gsm8k_608,gsm8k,0.6B,4,stochastic,999,11.3184,139.56,43.84,256,22.62,400,157,100,0.3925,1.57,False," 

Okay, so Joe has to solve this step by step. So Joe has $50 to solve this problem here. Joe has to solve this step by step. So Joe has $50 to solve this step by step. So Joe has $50 to solve this step by step. Joe has to solve this problem. Joe has $50 to solve this step by step. Joe has $50. Joe has $50 to solve this step by step by step by step. So Joe has $50 to solve this step by step. Joe has $50 to solve this step by step by step. So Joe has $50 to solve this step by step by step. So Joe has $50 to solve this step by step. Joe has $50 to solve this step by step. Joe has $50 to solve this step by step by step. So Joe has $50 to solve this step by step. Joe has $50 to solve this step by step by step. So Joe has $50 to solve this step by step. Joe has $50. Joe has $50 to solve this step by step by step. So Joe has to solve this step by step by step. So Joe",False,True,captured
gsm8k_612,gsm8k,0.6B,4,stochastic,999,16.8453,140.34,65.51,256,15.2,600,106,150,0.1767,0.71,False,"  (Round to the nearest whole number.) whole number) whole number, but the question is not specified unit) ounce.)

Wait, the question says to the nearest whole number.)

Okay, let's see the nearest tenth of the nearest tenth) whole number.))

Okay, let's see the nearest) ounce.) whole number.)

Wait, the question says to the nearest whole number.)

Wait, that is not specified unit) ounce.)

Okay, let's say, but the question didn't come on the first decimal place as needed to the nearest) whole number.)

Okay, let's see the nearest whole number.) 10. 100.10.  The answer is not specified, but only at the end, but not specified unit, but don't round number, if needed, but not specified number of the nearest) whole number.)

Okay, let's see the nearest) ounce, whole number, if needed) ounce. (Round to the nearest tenth of an integer.  (Round to the nearest (Round to the nearest whole number.  Also, note: 100.1 ounce.)

Okay, let's say, 100thousandthousandth) ounce.)

Wait, the nearest tenth of an ounce. ",False,True,captured
gsm8k_615,gsm8k,0.6B,4,stochastic,999,12.2391,139.69,47.45,256,20.92,431,149,108,0.3457,1.38,False," Let's solve this step by step.

Step 1:  by step.

Step by step. Step by step.

Step 1:  by step.

First, calculate the cost of the problem.
Step 1 by step.

First, let's solve this step.

Step 1:  by step. Let's solve this step by step.

First, let's solve this step by step.

First, let's solve this step by step.

Step 1:  by step.

First, let's find the total step.

Okay, let's see step.

Step 1:  by step.

First, let's solve this step by step.

Okay, let's see step.

Step by step.

First, let's solve this step by step.

Step by step. First, let's calculate the problem.
Step 1:  by step. Step by step.

Okay, let's see step.

Step 1: 

Step 1: 

Step 1: 

Okay, let's problem.

Step by step. First, let's solve this step by step.

Okay, let's see step.

Okay, let's solve this step by step.

Step 1:  by step.

First, let's find the total step.

Okay,",False,True,captured
gsm8k_616,gsm8k,0.6B,4,stochastic,999,16.0841,139.05,62.53,256,15.92,573,112,144,0.1955,0.78,False," 

Okay, let's see.> 

Okay, let's think>
Okay, let's see the number > 

Let me think >
Okay, let's think >
Okay, let's see the number > 
Okay, let's think >
Okay, let's see the thought > 

Okay, let's see the number >.
Okay, let's think through the number > 

Okay, let's see below > 

Okay, let's think step by step-by> 

Okay, let's see the answer here put your answer here > 

Okay, let's see. 

Okay, let's think>
Okay, let's think>
Okay, let's see the answer here put the answer here >.
Okay, let's think through the steps here put your answer here >
To determine the height of the beanstalk height in>
Okay, let's think >
To determine the height after 3 weeks, the number > 

Okay, let's see the number >.
Okay, let's see the number > 

Let me think through the number >. 

Final Answer>
Okay, let's see below > 

Okay, let's see, 2228>
Okay, let's see the number here >
To determine the height after each step-by-step-ex",False,True,captured
gsm8k_618,gsm8k,0.6B,4,stochastic,999,15.0083,139.78,58.31,256,17.06,533,123,134,0.2308,0.92,False," 

Okay, let's see solution steps here >
Okay, let's think>
Okay, let's think>
Okay, let's solve step-by-step reasoning steps >
Okay, let's solve step-by-step explanation here > 

Okay, let's think>
Okay, let's think>
Okay, let's see the number >
Okay, let's think>
Okay, let's think>
Okay, let's see the number >
Okay, let's see the number of the number >
Okay, let's see solution steps > 

Okay, let's see the number > 

Okay, let's think > 

Okay, let's see solution >

Okay, let's think step by step-by>
Okay, let's think>
Okay, let's solve the number >
Okay, let's see the number > 

Okay, let'st>
Okay, let's see solution >

To solve step-by>

To solve step-by-step calculation steps here >

Okay, let's see the number of students > 

Okay, let's>

Okay, let's see the number of students > 

Okay, let's see solution >

Okay, let's see solution here > 

Okay, let's see solution > 

Okay, let'st>
Okay, let's see the number of students >
Okay",False,True,captured
gsm8k_622,gsm8k,0.6B,4,stochastic,999,13.1322,141.07,50.95,256,19.49,464,140,116,0.3017,1.21,False," 

Okay, let's try to figure out how many pieces of figure out this step by step. So Jim's see. So, step by step. So, step by step. So, Jim's see. So Jim's figure out how to figure out how to figure out how to figure out how to figure out how many steps. So, Jim's figure out how many pieces of solving this step by step. So, Jim's figure out how to figure out how many pieces of gum. So, Jim's figure out how many pieces of figure out how many pieces of solving this step by step. So, Jim's figure out how many pieces of solving this step by step. So, Jim's figure out how many pieces of gum that. So Jim's see. So Jim's see. So Jim's gum problem step by step. So, step by step. So, Jim's gum problem. So, Jim's see. So Jim's gum problem. So, Jim's gum problem. So Jim's gum problem. So, Jim's gum problem. So Jim's gum problem. So, Jim's gum problem. So, Jim's gum problem. So, Jim's gum problem. So, Jim's gum problem. So, Jim's gum problem.",False,True,captured
gsm8k_623,gsm8k,0.6B,4,stochastic,999,12.2633,139.57,47.54,256,20.88,435,147,109,0.3379,1.35,False," 

Step 1: Find Charmaine's current age is to find out how old Charmaine's reasoning about the problem is to find out Charmaine's current age is to find out Charmaine's current age now, determine Charmaine's current age is to find out Charmaine's current age is to find out Charmaine's current age is to find out Charmaine's goal is to find out Charmaine's current age is to find out Charmaine's instruction: Find Charmaine's current age now = 16 + 12 years from the problem is to find out Charmaine's current age is to find out Charmaine's reasoning about the problem. Find Charmaine's current age now is 16. Determine Charmaine's current age now = 16 + Find Charmaine's current age of the problem to find out Charmaine's current age is to find out Charmaine's content
Okay, let's see. Determine Charmaine's current age of the problem is to find out Charmaine's content
Okay, let's reasoning about the problem is to find out Charmaine's explanation.
Okay, let's find out Charmaine's current age is to find out Charmaine's current age is to find out Charmaine's instruction: Find out",False,True,captured
gsm8k_628,gsm8k,0.6B,4,stochastic,999,12.4674,141.14,48.34,256,20.53,440,147,110,0.3341,1.34,False," 

Okay, so the problem again. So the problem. So the problem. So the problem. So the problem. So the problem is the problem. So the problem. So Adam wants to ride the roller coaster problem. So Adam wants to ride the biggest roller coaster problem. So Adam wants to ride the biggest roller coaster problem. So Adam wants to ride the biggest roller coaster requires me. So the problem. So the problem here. So the problem is the problem. So Adam wants to ride the biggest roller coaster problem. So Adam wants to ride the biggest roller coaster requires step by step. So the problem is the problem again. So the problem here. So the problem is the problem. So, the problem. So Adam wants to ride the biggest roller coaster. The problem is the problem here. So the problem is the problem. So, the problem here. The problem is about this problem. So Adam wants to ride the biggest roller coaster at this problem. So Adam wants to ride the biggest roller coaster. The problem is about this problem. So Adam wants to ride the roller coaster problem. So Adam wants to ride the roller coaster problem. So Adam wants to ride the problem. So Adam wants to ride the roller coaster problem. So Adam wants to ride the",False,True,captured
gsm8k_631,gsm8k,0.6B,4,stochastic,999,15.3594,138.36,59.69,256,16.67,547,119,137,0.2176,0.87,False," 

Okay, let's see.>

Okay, let's think>
Okay, let's calculate the total price >
Okay, let's think>
Okay, let's calculate the total price for all three jewels price of the total price of the total price of all three jewels. 

Okay, let's calculate the total price for all three jewels. 

Let me solve step by step >

Okay, let's think>
Okay, let's calculate the total price >
Okay, let's see solution > 

Let me solve step by step, let's think>
Okay, let's calculate the total price >.>

Okay, let's think>
Okay, let's think>
Okay, let's see the total price in the box >

To find the total price for the total price > 

Okay, let's>

Okay, let's see the total price for all three jewels price of gold jewel price of the total price for the total price >
Okay, let's see the total price of the price of gold price of gold price of gold price of gold jewel price of gold price of gold price of gold jewel + 111680>
Okay, let's>
Okay, let's think step-by>

Okay, let's see the total price of all three jewels >",False,True,captured
gsm8k_640,gsm8k,0.6B,4,stochastic,999,16.657,144.17,64.76,256,15.37,591,108,148,0.1827,0.73,False," 

Okay, let's see.>

To determine the cost of the total cost of the total cost of the total cost of the total cost of the truck cost of the problem answer here >
Okay, let's see the total cost of the truck in dollars>
Okay, let's see the total cost in dollars>
Okay, let's think>
Okay, let's calculate the total cost in dollars>
Okay, let's calculate the total cost of the king cab cost of the total cost of the truck in dollars. Let's total cost in dollars. 

Let me calculate the total cost of the truck, let's think>
Okay, let's think>
Okay, let's calculate the total cost of the truck, let's think>
Okay, let's calculate the total cost in dollars>
Okay, let's think>
Okay, let's see the total cost of the truck >

Okay, let's see the total cost in dollars > 

Let me calculate the total cost of the king cab cost of the truck cost of the truck cost of the truck price > 

Okay, let's see the total cost of the truck >

Okay, let's think>
Okay, let's think>
Okay, let's see the total cost in dollars.>

To determine the cost of the truck",False,True,captured
gsm8k_651,gsm8k,0.6B,4,stochastic,999,14.5496,140.26,56.51,256,17.6,516,127,129,0.2461,0.98,False," Let's solve this problem. 

Okay, let's see. 

Okay, let's step by breaking it step by step, step by step. First, we need to find the same as follows the problem step by step. First, we need to find the problem step by step, step by step. First, we know that sales from red hats in steps:

Okay, let's break it down step by step. First, we need to be breaking it step by step.

Okay, let's see if the same as follows:

Okay, let's see if the same as the problem step by step. First, we need to find the problem step by step.

Okay, let's see if the problem step by step. First, we need to find the first. 

Okay, let's start by breaking it step by step.

Okay, let's break it down step by step. First, we need to be breaking it down step by step.

Okay, let's see step by step, step by step, step by step. 

Okay, let's see if we need to find the total amount earned from selling the problem step by step. 

Okay, let's see if the total sales in steps:

Okay, let's break it down step by step",False,True,captured
gsm8k_655,gsm8k,0.6B,4,stochastic,999,12.2488,137.19,47.5,256,20.9,434,146,110,0.3364,1.33,False," Let's solve this problem step by step. 

First, we need to find out step by step. 

First, we need to find the problem step by step. First, we need to find the same as follows the same as follows the steps by breaking it down step by step. First, we need to find the problem step by step. First, we need to find the same way.

Okay, so carefully. 

First, we need to find the problem step by step. First, we need to find the same way we need to find the problem step by step. First, we need to find the correct step by step. First, we need to find the problem step by step. 

First, we need to find out how many pages has two different ways. First, we have to find the correct.
Okay, let's see step by step. First, we need to find out how many pages has a step by step. First, we have to find out how many ways. First, we need to find the problem step by step. 

First, we need to find out how many pages does step by step. First, we need to find the problem step by step. 

Step 1: Determine the number by first by breaking it step",False,True,captured
gsm8k_658,gsm8k,0.6B,4,stochastic,999,13.9091,140.17,54.0,256,18.41,493,132,124,0.2677,1.06,False," 

Okay, let's see the number >
Okay, let's think>
Okay, let's think>
Okay, let's think>
Okay, let's think>
Okay, let's see below >
Okay, let's try to find the answer >
Okay, let's think>
Okay, let's think>
Okay, let's try to solve this is 60>

Okay, let's think>
Okay, let's try to solve this is a number > 

Let me try to be sure > 

Okay, let's cooking time for rice + 450>
Okay, let's think>
Okay, let's try to find the answer here > 

Okay, let's think>
Okay, let's think>
Okay, let's try to solve this is a math > 

Okay, let's>

Okay, let's try to think>
Okay, let's try to figure out the time for each of the answer here >
Okay, let's try to find the answer >

Okay, let's try to solve this is a number >
Okay, let's try to solve this is the answer. 

To determine the cooking time for all food_total_time>
Okay, let's try to think>
Okay, let's try to think>
Okay, let's
",False,True,captured
gsm8k_661,gsm8k,0.6B,4,stochastic,999,16.1644,138.19,62.85,256,15.84,573,113,144,0.1972,0.78,False," 

Okay, let's see.>

Okay, let's see the total cost in the answer here >
Okay, let's see the total cost >
Okay, let's calculate the total cost in the total cost >
Okay, let's calculate the total cost in numbers >

Okay, let's see the total cost > 

Okay, let's see the total cost > 

Let me calculate the total cost >
Okay, let's calculate the total cost >
Okay, let's see the total cost >
Okay, let's see the number >
Okay, let's see the steps below
Okay, let's see the total cost >

Okay, let's see the total cost in dollars > 

Okay, let'something>
Okay, let's see the steps below
Okay, let's see below > 

Okay, let's cost of the coffee and the donut price in the total cost >
Okay, let's see the total cost >

To determine the total cost step-by>

Okay, let's see the total cost >
Okay, let's see the total cost is $42828428>
Okay, let's calculate the total cost step-by>
Okay, let's see the total cost of the total cost of the total cost in the number >
Okay,",False,True,captured
gsm8k_672,gsm8k,0.6B,4,stochastic,999,13.9711,140.58,54.24,256,18.32,496,133,124,0.2681,1.07,False," 

Wait: The calendar hasWait: The calendar has thirty days. Wait: The calendar has

Okay, let me confused me confused me confused me. Let me re the first eight days of course, the problem. 30 days. Wait: 30 days. She had twelve good days, for the past thirty days, for the next three days: 30 days of the following days from the first eight days numbered days numbered days from the 30 days. The problem says ""Wait: The calendar hasWait: The calendar hasWait: The calendar hasWait: The calendar hasWait: The calendar has thirty days. So the first eight days were good, in total 30 days. She has thirty days. The problem with thirty days. She has thirty days. She has thirty days. She has thirty days. She had twelve good days numbered days. The calendar has thirty days. The problem is a total 30 days. The problem. 30 days. The first eight days were good, over the first eight days of course of course. Let me re the first eight days of course thirty days. So the following moods for the past thirty days of course: 30 days. The first eight days were good",False,True,captured
gsm8k_673,gsm8k,0.6B,4,stochastic,999,13.0423,138.81,50.6,256,19.63,462,140,116,0.303,1.21,False," Let's solve this step by step by step.

Let's solve this step by step.

Let's equation.

Let's equation. Step 1: Let's equation.

Let x be the number of books.

Let's equation.

Let's equation.
Step 1 by step.

Let's equation.
Step 1 by step.

Let's start step by step.

Okay, let's see. Let's equation.

Let's equation.

Let's equation.

Let's equation.

Let x be the number of books.

Let's denote the number of books Sally has to step by step.

Okay, let's solve this step by step.

Let's equation.

Let x be the number of books.

Let's denote the number of books.

Let's equation. Let's equation.
Step 1: Let's equation.

Let x be the problem.

Let's denote the problem.

Let’s problem.
Step 1: Let's equation. Step 1: 

Step 1 by step.

Let's equation.

Let's equation.

Let's equation.

Let's solve this problem.

Okay, let's solve this step by step.

Let's equation.

Let's equation. So, the problem step by step.

Okay, let's see step by step.

Okay, let's solve",False,True,captured
gsm8k_677,gsm8k,0.6B,4,stochastic,999,12.3095,144.84,47.7,256,20.8,434,148,109,0.341,1.36,False," 

Answer: <number>
Answer: 

Okay, let's see. To find the sisters need to collect to reach their goal. To find out how many signatures.
.
.
.
.
.
.
.
.
.
.
.
.
.
.
.
.
.
.
.
.
.
.
.
Okay, let's see the sisters need to collect signatures.
.
.
.
.
.
.
.
.
.
.
.
.
.
.
.
.
.
.
.
.
.
.
.
.
.
.
.
.
.
.
.
.
.
.
.
.
.
.
.
.
.
.
.
.
.
.
.
.
.
.
.
.
.
.
.
.
.
.
.
.
.
.
.
.
.
.
.
.
Okay, let me.

First, let'signatures they need to collect to reach their goal??
Okay, let me to reach their goal is the sisters need to collect to reach their goal is 100 - First, let's

Let me think. So, I need to find out how many signatures do the sisters need to collect  To find the sisters need to collect to reach their goal. So, the sisters need to collect to reach their goal is 10
Okay, let's
Okay, let's see the sisters need to collect to reach their goal.",False,True,captured
gsm8k_678,gsm8k,0.6B,4,stochastic,999,12.8372,138.92,49.8,256,19.94,454,142,115,0.3128,1.23,False," Let's solve this step by step by step.

First, find the problem together.

First, find out how much.

First, find out how much like a step by step.

First, find Karen earns.

First, we need to solve this step by step.

First, find out how much step by step.

First, find out how much.

First, find Karen earns.

First, find out.

First, we need to step by step.

First, find Karen earns twice and step by step.

First, step by step.

First, find Karen earns. First, find out how much like a math problem.

Okay, let's solve this step by step.

First, find Karen earns. 

Step 1: Find the problem together.

First, find Karen's hourly. First, find the problem together. First, find out.

First, find Karen's hourly. First, find the problem step by step.

First, find out.

First, find out.

First, find out.

First, find out.

First, find out.

First, find Karen's problem.

First, find out.

First, find out.

First, find Karen's hourly.

First, we need to find out.

First, find out.

First, find Karen's hourly.

First,",False,True,captured
gsm8k_681,gsm8k,0.6B,4,stochastic,999,13.7735,139.37,53.47,256,18.59,484,135,121,0.2789,1.12,False," 

Okay, let's try to be sure to be sure to be sure > 

Okay, let's try to find the total number of cookies they have a number >

Okay, let's think>
Okay, let's think>
Okay, let's calculate the total number >

Okay, let's try to find the total number of cookies >

Okay, let's think>
Okay, let's calculate the total number of cookies >

Okay, let's try to find the total number of cookies>
Okay, let's think>
Okay, let's think>
Okay, let's try to solve this step by step and you have to be sure to be sure to be filled in number >

Okay, let's think>
Okay, let's try to think>
Okay, let's think>
Okay, let's try to solve this step by the total number of cookies >

To solve the total number of cookies > 

Okay, let's try to solve the total number of cookies > 

Okay, let's try to find the answer >

Okay, let's try to find the total number of cookies >

Okay, let's try to solve this step by the total number of cookies > 

Let me try to find the total number of cookies>
Okay, let's try to solve step by step",False,True,captured
gsm8k_687,gsm8k,0.6B,4,stochastic,999,15.4814,139.15,60.17,256,16.54,552,118,138,0.2138,0.86,False," 

Answer: <number>
Answer: 

Okay, let's try to
Okay, let me think
Okay, let me think
Okay, let me
Okay, let me. 

Okay, let me to
Okay, let's try to figure out of the problem step  Let me think
Okay, let me
Okay, let me think. So, and then the answer: 

Okay, let's

Answer: <number>
Answer: 

: 

: 

Let me think
Okay, let me

To solve this problem, we need to find the answer: 

Let's

Let's

To solve this problem step  To solve this problem step by step  1. Let's

Answer: <number>
Okay, let's

Answer: <number>
Answer: 

: 

: 

Let me think. 

To solve this problem, we have to solve this is the answer: 

Let's

Let's

Let me think. To solve this problem step  Let's

Let's

Let me think. 

Okay, let's try to
Okay, let's try to solve this problem step   The answer: 

: 

Let'solution:

Let's
Okay, let's try to solve this problem",False,True,captured
gsm8k_705,gsm8k,0.6B,4,stochastic,999,12.4205,138.56,48.16,256,20.61,443,146,111,0.3296,1.32,False," Let's solve this step by step by step.

First, we need to find the problem together.

First, we go step by step:

First, we need to find the problem.
Okay, let's solve this step by step.

First, by step by step by step.

Step  by step.

Step 1: Determine the speed of the turtle's problem together.

Okay, let's see step by step.

First, we go step by step and step by step:

First, we go step by step. First, we need to find the problem.

Step 1: Determine the speed of the turtle's problem.
Okay, let's solve this step by step.

First, we need to find the problem.

Step 1: 

Step 1 by step.

First, we need to find the problem step by step.

First, we need to find the problem.

First, we need to find the problem step by step.

First, we need to find the problem.

First, we need to find the problem.

First, we need to find the problem step by step.

First, we need to find the problem step by step:

First, we need to find the problem step by step.

First, we need to step by step.

First, we need",False,True,captured
gsm8k_706,gsm8k,0.6B,4,stochastic,999,14.8276,138.89,57.6,256,17.27,528,124,132,0.2348,0.94,False," 

Okay, let's see.>

Okay, let me think this is the answer >

Okay, let me think>
Okay, let me think>
Okay, let me solve the number >
Okay, let me think>
Okay, let's>
Okay, let me think>
Okay, let's see below > 

Okay, let me think>
Okay, let me think>
Okay, let's>
Okay, let's>

Okay, let me think>
Okay, let's see below >

Okay, let me think this is 2100 /number>
Okay, let's>

Okay, let's>
Okay, let's>

Okay, let's>

Okay, let's>

Okay, let's>

Okay, let's>

To determine the number >
Okay, let's>

Okay, let's>

Okay, let's answer here >
Okay, let's>

Okay, let's see below >

Okay, let's>
Okay, let's total hours >

Okay, let me think step-by- 6>
Okay, let's>

Okay, let's>

Okay, let's see the number > 

Okay, let's>
Okay, let's see below >

Okay, let's>

Okay, let's>

To determine the total hours >

Okay, let's",False,True,captured
gsm8k_709,gsm8k,0.6B,4,stochastic,999,13.7124,139.86,53.23,256,18.67,488,134,122,0.2746,1.1,False," 

Okay, let's see.>

Okay, let's see, 

Okay, let's see the steps here > 

Okay, let's see the total quarts made in 2480>
Okay, let's think>
Okay, let's think>
Okay, let's think step by step-by>
Okay, let's see, 600>

Okay, let's think > 

Let me think>
Okay, let's think>
Okay, let's see below >
Okay, let's see the total quarts >
Okay, let's think step-by>
Okay, let's see below

Okay, let's see the number >
Okay, let's see the total quarts made in the total quarts>
Okay, let's see below > 

Okay, let's>
Okay, let's see below

Okay, let's total quarts >
Okay, let's see the number >
Okay, let's see below >

Okay, let's see below >

Okay, let's>
Okay, let's

Okay, let's see below >

Okay, let's see the number >
Okay, let's see below >

Okay, let's>

Okay, let's see the total quarts made in 48 hours >
Okay, let's see",False,True,captured
gsm8k_721,gsm8k,0.6B,4,stochastic,999,14.0982,145.01,54.72,256,18.16,501,131,126,0.2615,1.04,False," 

Answer: <number 

Answer>
Okay, let's see the combined total number of times that is 1>
Okay, let's value>

To be sure, let's break this is 11>
Okay, let's see the combined total number of times>
Okay, let's see the combined total number of times that is 1900

Okay, let's see the number>
Okay, let's see the problem> 

Okay, let's see below>
Okay, let's see the problem.

Okay, let's see the total taps>
Okay, let's see the total number of taps is 2>

To determine the total number of taps>
Okay, let's see the combined total number of times>
Okay, let's see the combined total number of times>
Okay, let's see the combined total number of times>
Okay, let's see the combined total number of times>
Okay, let's see the combined total number of taps>
Okay, let's see

Okay, let's see the number>
Okay, let's see the total taps>
Okay, let's see the number>
Okay, let's see the number>

To be careful

Okay, let's see the total number of taps is 2>
Okay,",False,True,captured
gsm8k_726,gsm8k,0.6B,4,stochastic,999,12.7573,139.89,49.48,256,20.07,452,143,114,0.3164,1.25,False," Let's solve this problem. 

Okay, let's see. 

First, we need to find the length of Topher's shoe length of Topher's shoe length of the problem step by step, step by step, step by step. First, we need to be breaking it step by step, step by step. First, we need to convert  step by step, starting by first. 

Okay, let's break it down step by step. First, we need to find the length of Topher's shoes. 

Okay, let's step by step, step by step, step by step, step by step, step by step, step by step, step by step, step by step, and see if we need to find the same as a step by step.  step by step. First, we need to find the length of Topher's shoe length of Topher's shoe length of the green giant, step by step, step by step, step by step, step by step, step by step, step by step, using a step by step, step by step, and see if we can be breaking it into steps. First, we have to find the length of Bobby's shoe length of Topher's shoe length of the length of",False,True,captured
gsm8k_730,gsm8k,0.6B,4,stochastic,999,13.3957,138.73,51.99,256,19.11,476,137,119,0.2878,1.15,False,"  Also, what is the...? 1000?

Wait, the user's total number of pieces of gum he will he need to the cost of the gum left overage of the total number of pieces of the total number of pieces of gum he total number of pieces of the total number of pieces of the problem asking for the remainder of the number of pieces of gum he will he will he will he need to buy to be the total number of pieces of gum he will he need to last digit in the question asking for?  (total number of pieces of gum cost of the number of pieces of gum he will he need to last digit of the number of pieces of gum he will he need to last digit of the total number of pieces of gum needed number of pieces of gum he will he need to last him 2nd cost of the number of pieces of the number of pieces of gum he total number of pieces of gum left over pieces of gum he will have  total number of pieces of gum he will he will he will he need to last digit of the number of pieces of gum he will he need to last him?

Wait, there is the total number of pieces of gum pieces of gum he will have 2nd part of the question that",False,True,captured
gsm8k_731,gsm8k,0.6B,4,stochastic,999,13.5877,139.15,52.74,256,18.84,483,134,122,0.2774,1.1,False," 

Okay, let's see solution >
Okay, let's think>
Okay, let's think>
Okay, let's think>
Okay, let's think>
Okay, let's see the number >
Okay, let's see solution >
Okay, let's think>
Okay, let's see the number >
Okay, let's see below > 

Okay, let's see solution here > 

Okay, let's see solution >

To solve this problem, we need to find the number >
Okay, let's see the number >
Okay, let's see below
Okay, let's see the number of the number >
Okay, let's see the number of boxes needed >

Okay, let's see solution >

Okay, let's see solution >

Okay, let's>
Okay, let's see below > 

Okay, let's think through the problem step-by>

Okay, let's think>
Okay, let's think>
Okay, let'solution>
Okay, let's see solution here >

Okay, let's>

Okay, let's see below

Okay, let's>
Okay, let's see below >

Okay, let's see the number >
Okay, let's see below >

Okay, let's see the number of boxes needed boxes>
Okay, let's see the number",False,True,captured
gsm8k_738,gsm8k,0.6B,4,stochastic,999,12.1907,139.42,47.26,256,21.0,431,149,108,0.3457,1.38,False," Let's solve this step by step.

Step 1: Determine how?

Okay, let's see. Step 1: Find out how many books Steven's problem together.

Step 1 by step.

Okay, let's see step.

Okay, let's see step.

Step 1: Determine how?

Okay, let's solve this step by step.

Okay, let's see step.

Step 1: Find out how many books Steven's problem together.

Okay, let's solve this step by step.

Step 1: Let's problem step.

Okay, let's solve this step by step.

Step 1: Determine how?

Okay, let's see step.

Step 1: Let's problem.

First, find the problem.

First, find the problem together.

Okay, let's solve this step by step.

First, we go step.

Okay, let's solve this step by step.

Step 1: Find out how many books.

Okay, let's see step.

Okay, let's solve this step by step.

Okay, let's problem step.

Okay, let's problem.

We are step.

Step 1: Let's problem step.

Okay, let's problem.

We are told step.

Okay, let's problem step.

Okay,",False,True,captured
gsm8k_745,gsm8k,0.6B,4,stochastic,999,14.3853,140.91,55.86,256,17.8,511,128,129,0.2505,0.99,False," 

Okay, let's see the profit in the profit in the box >

Okay, let's think>
Okay, let's think>
Okay, let's think>
Okay, let's see below >
Okay, let's see the number >
Okay, let's think>
Okay, let's think>
Okay, let's see the profit in the box. 

Okay, let's think>
Okay, let's see the answer >
Okay, let's see the correct answer >
Okay, let's see the correct profit > 

Okay, let's see below
Okay, let's see the number >
Okay, let's see the number > 

Okay, let's profit > 

Okay, let's profit >.
Okay, let's see the answer here > 

Okay, let's think>
Okay, let's see the number here > 

Okay, let's think through the process >.>
Okay, let's think>
Okay, let's see the number here >
Okay, let's see below>
Okay, let's see the answer here >

Okay, let's see the profit amount of the profit > 

Okay, let's profit >.>

Okay, let's see the number >
Okay, let's see the answer here >
Okay, let's see the answer",False,True,captured
gsm8k_749,gsm8k,0.6B,4,stochastic,999,16.2593,139.5,63.21,256,15.74,580,111,146,0.1914,0.76,False," 

Okay, let's see.> 

Final Answer>
Okay, let's see. 

Okay, let me

Okay, let me think about 6>
Okay, let me think>
Okay, let me think this is the number >
Okay, let me think through the process >
To solve this step-by>
Okay, let me think>
Okay, let me think step-by-3>
Okay, let me think>
Okay, let's>

Okay, let me think>
Okay, let me think about this is the answer > 
Okay, let's>

Okay, let's>
Okay, let's>

Okay, let'st>
Okay, let's see the number > 

Okay, let me think through the number >
To solve the number >
To solve the problem step-by-step solution >
To solve this is the answer here >
To solve this problem solution > 

Wait, let me think>
Okay, let me think>
Okay, let me think step-by-12>
Okay, let me think step-by-step explanation here >
To solve step-by-step explanation >
To solve this problem, we need to find out how many more groups are needed groups >
Okay, let's> 

Okay, let me think > 

Okay, let me think through the",False,True,captured
gsm8k_750,gsm8k,0.6B,4,stochastic,999,13.4236,139.02,52.1,256,19.07,477,137,120,0.2872,1.14,False," Let's say that the... is 2 months are 4-week is a month is 4 weeks in the first month is 20th two months are 4 weeks in the first month has 4-week is a month has 28th two months are consecutive months have a month has 28 days of the first month has 4 weeks in the first month, two months are 4 weeks are 4 weeks in the first month, 4-week is a 2 months are 4 weeks each month has 4 weeks are 4-weeks first month has 4-weeks are 4-week is a 2 months are 2 months are 4 weeks in a month has 4-week is a month has 4-weeks in the first month has 28 days, month has 28 days of the week is a month has 28 weeks are 4 weeks in a month has 4-week is 2 months are 4 weeks in a month has 4 weeks are 4 weeks are 4 weeks in the first month, first month has 30th month is a month has 4 weeks in the months are 4 weeks in a month has 4 weeks are 4 weeks in the",False,True,captured
gsm8k_751,gsm8k,0.6B,4,stochastic,999,14.1832,148.01,55.04,256,18.05,500,131,126,0.262,1.04,False,"  Also, the bananas were

Wait, in a mix of 2/ were in a mix of 20. 1/3/ were in a pile under a mix of 200.50.  (rearranged in a pile that were in a pile was in a pile that were stolen in a pile that are in a container in a pile that had been stored in a container that there in a pile that was 48 in number 20% of the original and were in a pile that was in a pile that was counted in a pile that was in a basketed in a pile that was in a pile that was in a pile that was in a pile that was in a pile that was on a mix of two different sizes of 3/ were in a pile that was in a pile that was split into a mix of 40.  Also, the bananas were in a pile that was counted in pairs of two types of different colors: 1/3/ were not all in a pile that were in the same size 1/3/40% of the original pile was 2/ were in a pile that was in a pile that was in a pile that was 20% of",False,True,captured
gsm8k_756,gsm8k,0.6B,4,stochastic,999,15.3274,138.4,59.56,256,16.7,546,119,137,0.2179,0.87,False," Let's solve this problem. 

Okay, let's see. 

We are you can be breaking it's step by step. 

Okay, let's see. So, step by step. First, we need to find the problem step by step. 

Okay, let's question by first. We are the first. 

Okay, let's solution step by step.

Okay, let's see step by step. 

Okay, let's think. 

We are  step by step. 

Okay, let's see. So, the problem step by step. First, we have to find the same as a step by first.

Okay, let's see if we let's steps. First, we need to find the problem step by step. First, we have a step by step. 

Okay, let's see the same as the example by first. We are  step by step. 

Okay, let's see. 

Okay, let's see the first. 

Okay, let's think. 

Step 1: Let's solve it's question by first. 

We are  step by step.

Step 1. 

First, we need to find the number by thinking step by step. First, we have 33 people on the steps",False,True,captured
gsm8k_770,gsm8k,0.6B,4,stochastic,999,12.1549,143.85,47.1,256,21.06,429,149,108,0.3473,1.38,False," Also, what is the total number of the total number of scents sold amount of the total number of total number of total number of total number of scents total number of total number of scents sold quantity of the total number of the total number of scents total sales total number of scents sold quantity of total number of total number of scents sold amount of total number of scents?

Wait, the total number of scents sold quantity of scents?
Answer: total number of scents? total number of scents? Also, what is the total number of scents sold in total number of scents sold in total number of scents total number of scents sold quantity of scents sold quantity of the total number of scents sold in total how many total number of scents sold amount of total sales total number of scents sold quantity of scents sold in total number of scents?

Wait, that the total number of scents? total number of scents sold quantity of the total number of scents total number of scents? (total number of scents? total number of scents? total number of scents? (total number of scents? (The total number of scents?

Wait, the question? total number of",False,True,captured
gsm8k_771,gsm8k,0.6B,4,stochastic,999,14.4954,142.43,56.29,256,17.66,516,128,129,0.2481,0.99,False," 

Okay, let's see.>

Okay, let me think>
Okay, let me solve > 

To determine the value >
Okay, let me solve this step by step and > 

Okay, let me>

Okay, let me think>
Okay, let me thinking process > 

Okay, let me think>
Okay, let me think>
Okay, let's>
Okay, let's>
Okay, let's see below >
Okay, let's>

Okay, let meh>
Okay, let's>
Okay, let's>
Okay, let's> 

Okay, let's>

Okay, let's see below >
Okay, let's>

Okay, let's>

Okay, let's see the value >
Okay, let's> 

Okay, let's>

Okay, let'something>
Okay, let's see the number >
Okay, let'something>
Okay, let's>

Okay, let's>

Okay, let's see below >
Okay, let's>
Okay, let's see below >
Okay, let's price >

Okay, let'solution>
Okay, let's see the number >

Okay, let's>
Okay, let's>
Okay, let's see the answer here >
Okay, let's>

Okay, let's>
Okay, let's",False,True,captured
gsm8k_772,gsm8k,0.6B,4,stochastic,999,16.3953,139.61,63.75,256,15.61,583,110,146,0.1887,0.75,False," (Assume that 2 is a fraction of the weekend is the weekend days are not hours are not a weekend days are the weekend days are not part of the weekend is a weekend days are considered a weekend is the weekend is the number of hours are the weekend is the total hours are not be a day is a validly, 2 is the total hours of the weekend are not a problem is the total number of hours is a weekend is the only one weekend days are considered as the weekend is the number of days are not a problem for 1 is not a valid decimal places are not a problem.)

Okay, let's see the weekend days are considered as 1 is not a factor is the number of hours is not a whole days are the weekend is 1 hours are not a problem. (there are no time is a number of the weekend is the total number of hours is the weekend is Saturday and Sunday are not less hours of the weekend are not a problem.)

Okay, let's are not including the weekend days are not a week days are considered as 2 hours are in the problem is a weekend days are considered as 2 hours on Saturday and Sunday are considered as 2/3 is the number of hours she is the weekend days are considered",False,True,captured
gsm8k_773,gsm8k,0.6B,4,stochastic,999,16.9161,137.13,65.8,256,15.13,604,105,151,0.1738,0.7,False," 

Okay, let's see.> 

Let me solve step-by-step reasoning steps >

To solve step-by-10>
Okay, let's think>
Okay, let's think>
Okay, let's think>
Okay, let's think>
Okay, let's think>
Okay, let's think>
Okay, let's think step-by>
Okay, let's think>
Okay, let's think step by the number > 

Okay, let's think>
Okay, let's think step-by-step explanation > 

Let me solve the problem step-by-step>

To solve step-by-step explanation here > 

Okay, let's think>
Okay, let's think step by step-by-step explanation > 

Let me solve step-by-step explanation >
To solve step-by-step explanation here put answer >
Okay, let's think step-by-step explanation>
Okay, let's think step by step by the way to be careful calculation steps > 

Okay, let's>
Okay, let's see below >
To solve this is 10>
Okay, let's see below > 

Let me solve step by step by step-by-step-express number >
Okay, let's see the number >
To solve this problem, we need to calculate step by step-by>
Okay, let's see",False,True,captured
gsm8k_783,gsm8k,0.6B,4,stochastic,999,11.4255,144.96,44.24,256,22.41,402,156,101,0.3881,1.54,False," Let's solve this step by step by step, step by step, step by step.

Okay, let's see. So, initially, we go step by step, step by step, step by step, step by step, step by step, step by step, and step by step, and step by step, and make sure to show step by step, step by step, and step by step.

First, step by step.

Step 1: Determine the number by step by step.

First, let's solve this step by step, step by step, and step step by step by step.

First, let's figure by step.

Okay, let's see step by step, step by step, and step.

Okay, let's see step by step, step by step, step by step, step by step, step by step, step by step, step by step, and step step by step.

Okay, let's solve this step by step.

Okay, let's see step by step, step by step, and step.

Step 1: Let's solve this step by step.

Okay, let's see step by step, step by step, and step.

Step 1: Determine the number by step.

Okay, let's solve this step",False,True,captured
gsm8k_784,gsm8k,0.6B,4,stochastic,999,13.9934,138.45,54.33,256,18.29,495,132,125,0.2667,1.06,False," Assume that he uses the car only the car only the car only the car for the car for the entire week for the entire week for the entire week.

Okay, let's see. Assume that he uses the car only the regular gas for the entire week. What is the total cost of the car for the entire week.

Okay, let's car for the entire week. (car every day of the car for the same amount of gas for the entire week, car for the same amount of gas for each day.

Okay, let's say, car only the regular gas and that he car for the same amount of gas for the entire week.

Okay, let's say,  same amount of gas for the entire week, car only the regular gas.

Okay, let me car only the regular gas and the car for the same amount of gas for each way the car only the regular gas.

Okay, let me car for work commute to car for 10. Assume that he uses the car for the entire week, and the car for 20% of the car for  car for the same amount of gas for the entire week, car every day.

Okay, let's see the car only the regular gas and that he uses the car for  regular gas",False,True,captured
gsm8k_792,gsm8k,0.6B,4,stochastic,999,15.897,138.37,61.8,256,16.1,565,115,142,0.2035,0.81,False," 

Okay, let's see.25.25>
Okay, let's calculate the answer here > 

Okay, let's see the solution > 

Okay, let's see the number >
To determine the calculation here >
To determine the total money >
To determine how much money does not sure > 

Okay, let's see solution here put your answer here >
To determine the total money in dollars >
To determine how much money does he make a number >
To determine how much money does he make a number >
To determine how much money does he makes 3 >

To determine how much money does he make sure you need to calculate the number >
To determine how much money does he make sure > 

Okay, let's>
Okay, let's see the total money in dollars>
Okay, let's calculate step-by> 

Okay, let's see the number >
To determine how much money does he make sure, 3 >

Okay, let's see solution here >
To determine how much money does he make sure, let's see solution >
To determine how much money Damien makes 3 >

Okay, let's see the answer here >
To determine how much money Damien makes 3.5.25>
Okay, let's see the calculation here >
Okay,",False,True,captured
gsm8k_796,gsm8k,0.6B,4,stochastic,999,15.5496,138.56,60.44,256,16.46,553,118,139,0.2134,0.85,False," 

Okay, let's see.>

To calculate the total number >
Okay, let's see the total amount in the total amount in numbers >

Okay, let's calculate the total number of employees and then put your answer here put your answer here > 

Okay, let's calculate the total number of employees per month. The company's salary per month * 1848484840>
Okay, let's see. Let's see the total amount in numbers here put your answer here > 

Let me calculate the total amount in numbers > 

To calculate the total amount of the total amount in numbers >

Okay, let's see the total amount in numbers >

Okay, let's see the total amount in dollars>

Okay, let's calculate step-by-step reasoning steps to solve the problem, let's solve step-by>
Okay, let's see the number >
Okay, let's see the steps >
Okay, let's see the step-by-step calculation here > 

Okay, let's calculate step-by-step calculation steps > 

Okay, let's see the total amount in dollars>
Okay, let's see the step-by>
Okay, let's see the step-by-step calculation here >

To calculate the total amount of the total amount of the total amount of",False,True,captured
gsm8k_804,gsm8k,0.6B,4,stochastic,999,14.4593,140.46,56.15,256,17.7,514,127,129,0.2471,0.98,False,"  nearest whole number.)

Okay, let's see. nearest whole number.) nearest whole number.)

Okay, let's see. nearest tenth of the nearest tenth of the nearest mile.)
Answer: <number>  nearest tenth of a) nearest tenth of a mile.)

Okay, let's say, nearest whole number.) nearest whole number.)

Okay, let's say,  nearest tenth of a mile.) nearest tenth of a mile.)

Okay, let's see if necessary decimal places as needed decimal places as needed.)

Okay, let's say,  nearest whole number.)

Okay, let's see the nearest tenth of a mile.)

Okay, let's see the nearest whole number.)

Okay, nearest whole number.)

Okay,  nearest tenth of a mile.) nearest whole number.)

Okay, let's say, nearest whole number.)

Okay, let's see nearest tenth of a mile.) nearest tenth of a mile.)

Okay, let's see the nearest tenth of a mile.)

Okay, let's see question is it's a) nearest whole number.) nearest tenth of a mile.)

Okay, let's see the nearest tenth of a mile.)

Okay, let's nearest whole number.)

To be nearest whole number.)

Okay, let's say, 1 decimal places as needed.)

Wait, the",False,True,captured
gsm8k_807,gsm8k,0.6B,4,stochastic,999,15.8866,139.7,61.75,256,16.11,565,115,142,0.2035,0.81,False," (The distance between the (The distance between the chips is negligible, so we can assume the chips is notches is not relevant dimensions of the mosaic is notches is the two sides of the mosaic is not considered as you should beaded chips is not relevant to the left and the two sides of the mosaic is not relevant to the problem is notches is negligible)

Wait, the chips is the top of the chips is not considered to the two sides of the mosaic is the two ends of the chips is not relevant to the problem is the top of the mosaic's are the two sides of the mosaic's are the chips is not relevant to the problem is the same color) the chips is negligible)
Okay, let's see-through the mosaic's is notches is notches is notches is not considered as is not relevant to the chips is not relevant to the problem is notches is not considered as the chips is negligible)

Wait, the question is the top of the chips is negligible.)

Wait, the question and the is the two sides of the mosaic is not considered as the area of the mosaic is not important things is not relevant.)

Wait, the question is the two sides of the mosaic is not considered as the area of the two sides of the mosaic is not",False,True,captured
gsm8k_811,gsm8k,0.6B,4,stochastic,999,13.0851,139.23,50.77,256,19.56,463,140,117,0.3024,1.2,False," 

Answer: <number 

Answer>
Okay, let's see. Let's answer here>
Okay, let's see. 

Answer>
Okay, let's see the answer here>
Okay, let's see the answer here>
Okay, let's see the answer here>
Okay, let's see how many branches did not in box>
Okay, let's see the answer here>
Okay, let's see the answer here>
Okay, let's see the answer here>
Okay, e.goes
Okay, let's see the answer here>
Okay, e.g. 

Okay, let's see the answer here>
Okay, let's see the answer here>
Okay, e.g. 10

Okay, let's see the answer here>
Okay, let's see the answer here>
Okay, e.g. 15

Okay, let's answer here>
Okay, e.g. 15>
Okay, let's see the answer here>
Okay, let's value>
Okay, let's see the answer here>
Okay, e.g. 1>
Okay, let's see the answer here>
Okay, let's number>
Okay, let's>
Okay, let's here>
Okay, let's>
Okay, let's see the answer",False,True,captured
gsm8k_812,gsm8k,0.6B,4,stochastic,999,14.5521,144.68,56.5,256,17.59,514,128,129,0.249,0.99,False," Let's solve this problem step by step.  step by first.

Okay, let's see. 

Okay, let's see step by step. 

Step 1: Calculate the total number of petals step by first calculating the total number by breaking it down step by step. 

First, we have to find the total number by first.

Step 1: Calculate the total number by first.

Okay, let's go step by step.

Okay, let's see step by step by breaking it step by step.

First, step by step by first calculating the total number by first finding the total number by calculating the total petals.

First, we need to calculate the total number by first calculating the total number by breaking it down step by step by step. 

First, let's see step by step. 

First, we need to calculate the total number by first calculating the total number by first finding the total number by number by breaking it down step by step by step.  step by step by first calculating the total number by number by number by first.

Okay, let's see if we need to calculate the first.  step by step. 

First, we need to calculate the total petals in steps by first calculating the total number by number by first calculating the total",False,True,captured
gsm8k_818,gsm8k,0.6B,4,stochastic,999,14.9291,142.09,57.99,256,17.15,529,124,133,0.2344,0.93,False," 

Okay, let's try to be sure, let's solve the number >
Okay, let's try to find the number >
Okay, let's see the number >
Okay, let's see the thought process > 

Okay, let's see the number >
Okay, let's see the steps here >

Okay, let's see the number > 

Let me solve step-by-40>
Okay, let's think>
Okay, let's see below
Okay, let's see the steps here > 

Okay, let's think>
Okay, let's try to figure out the answer >

Okay, let's think>
Okay, let's try to solve this is the number >
Okay, let's try to solve this is a number > 

Okay, let's see the number >
Okay, let's try to find the answer >
Okay, let's try to find the answer step-by-11240>
Okay, let's

Okay, let's try to find the answer here >

Okay, let's

Okay, let's try to find the answer by the number >
Okay, let's try to find the answer here >
Okay, let's try to find the answer here >

Okay, let's try to find the answer step-by>
Okay,",False,True,captured
gsm8k_828,gsm8k,0.6B,4,stochastic,999,16.4629,139.16,64.01,256,15.55,587,109,147,0.1857,0.74,False," 

Okay, let's see. 

Let me solve the calculation steps >
Okay, let's see, let's think>
Okay, let's see the correct answer >
Okay, let's see the correct answer >
To determine the answer here put your answer >
Okay, let's see the solution > 

Let me solve step-by-step>
Okay, let's think>
Okay, let's see the answer > 

Okay, let's see the answer here put your answer here put your answer here > 

To determine the total money left>
Okay, let's see the answer >
Okay, let's see the answer here put your answer here >. 

Okay, let's see the number > 

Let me solve the problem step-by-step>
Okay, let's see solution >
To determine the total money -30>
Okay, let's think step-by-step>

Okay, let's see the number >
Okay, let's see the steps >

Okay, let's see the steps here > 

Okay, let's money left > 

Let me think>
Okay, let's see the steps below >
Okay, let's see the steps above steps >

To determine the total money -10>
Okay, let's see the steps > 

Let me solve step-by-step calculation",False,True,captured
gsm8k_844,gsm8k,0.6B,4,stochastic,999,11.5732,139.87,44.84,256,22.12,409,154,103,0.3765,1.5,False," 

Okay, let's try to figure out this problem step by step. So the problem step by step. So first to figure out this problem step by step. So, first to figure out this problem step by step. First, I need to solve this problem step by step. So first to figure out this problem step by step. So, first to figure out this problem step by step. First, I need to solve this problem step by step by step. First, I need to solve this problem. So, first to figure out this problem step by step. So, first, let me through this problem step by step. First, I need to solve this problem step by step by step. First, I need to solve this problem. So the problem step by step. First, I need to solve this problem. So the problem step by step. First, I need to solve this problem. So the problem step by step. First, I need to solve this problem step by step. So, first, let me to figure out this problem step by breaking this problem. So the problem step by step. First, I need to solve this problem. So the problem step by step. So, first, I need to solve this problem. So, first",False,True,captured
gsm8k_845,gsm8k,0.6B,4,stochastic,999,14.1358,139.69,54.89,256,18.11,501,130,126,0.2595,1.03,False," (The answer is  (The answer is 1330.5 + 20) 13. Please put the answer in \boxed{17, but the number.)

To be 135 + 1420. Please put the answer in the number). Please put the answer in \boxed{130, but you need to fill in the blank.)

Let me know that is 17. But the question is not 1320 - 15 +  (The answer is 15 +  (The answer is 130, please put your answer here.)

To be filled in the number, but you need to fill in the number)

To be filled in.)

To be filled in.)

To be filled in.)

Let me know that 130.0.5 + 135 +17. Please put the answer in \boxed{13} )

To be filled in.)

To be filled in.)

To be filled in.)

To be filled in. Please put the answer in the number of the students.)

To be filled in)

To be filled in. Please put the answer in the box it is not 13, but you need to calculate the",False,True,captured
gsm8k_846,gsm8k,0.6B,4,stochastic,999,15.8959,138.89,61.79,256,16.1,565,114,142,0.2018,0.8,False," (The number of groups (The number of groups is the school can be an artist) is the school can be a group is a group is a whole number of students can be a decimal places must be an integer.)

Okay, let's see note: (The number of groups) is the number of groups must be an integer.)

Okay, let's call the number of groups that can be calculated must be an integer.)

To be an integer) is an integer, not including the last year must be an integer.)

Okay, let's call the number of groups that can be found is a group is the concert is the school has to be an integer)
Answer: 

Let me think. Please note: ?)

Let me think of the same as a group) is the number of groups) is the number of groups that can perform in the school has is the total is the total is an integer.)

Okay, let's call a group) is a group is the school can perform in the concert is the total time is the number of groups is the number of groups is a group is a group is allowed on stage at the school can be a decimal places a group) is the number of groups that can perform in the concert is the number of groups that can be a",False,True,captured
gsm8k_847,gsm8k,0.6B,4,stochastic,999,14.9054,140.49,57.9,256,17.18,528,124,133,0.2348,0.93,False," 

Okay, let's see.>

Okay, let me think this is the total amount after 3 years > 

Okay, let me think>
Okay, let me think>
Okay, let me think>
Okay, let me think step-by>

Okay, let me think>
Okay, let me think this is the total amount Brenda'solution>
Okay, let me think>
Okay, let's final answer here >
Okay, let me think step-by-step calculation steps > 

To solve this problem, we need to calculate the total amount > 

To solve this step-by>

Okay, let me think this is the total amount Brenda's>

Okay, let's>
Okay, let's>
Okay, let'solution>
Okay, let's final answer here>
Okay, let'something>
Okay, let's>
Okay, let's see the total amount > 

Okay, let's> 

Okay, let's>

Okay, let's>

Okay, let'solution>
Okay, let's see the number >
Okay, let'solution>
Okay, let's answer here >
Okay, let's>
Okay, let's see the total amount after 3752750>
Okay, let's total amount > 

Okay, let's final answer here >
",False,True,captured
gsm8k_848,gsm8k,0.6B,4,stochastic,999,17.2093,138.5,66.94,256,14.88,614,103,154,0.1678,0.67,False," 

Answer: <number>
Answer: <number>
Okay, let's try to find the problem is the answer: 

Okay, let me to
Okay, let me. Let me
Okay, let me to
Okay, let me. Let's solve the problem step by step and then I need to solve the answer: 

: 

Okay, let me.

Step 1: Determine the answer: 

Step 1. 

Okay, let me. Let me

Answer: <number>
Okay, let's

To solve this is  To solve this step  Step 1: 

Step 1: 

Step 1: 

: 

Step 1: 

: 

Step 1. To solve this is this is the correct answer is 320

Answer: <number>
Okay, let's

Answer: <number>
Okay, let me think
Okay, let's see the number is there are there are 40 white shirts with the

To solve this step   1. Let me think
Okay, let me think
Okay, let'st

First, let me

Let me think
Okay, let me think
Okay, let's

Let me think. Let me

Let me think",False,True,captured
gsm8k_851,gsm8k,0.6B,4,stochastic,999,11.0499,138.1,42.79,256,23.17,391,159,98,0.4066,1.62,False," Let's solve this problem. 

First, we need to find the first. 

First, we need to find the average cost per pair of shoes. So, he buys 2 pairs of shoes per step by first. First, we need to find out step by step: 

First, we need to find the average cost per pair of how much does step by step. First, we need to find out step by step, step by step. First, we need to find out step by step. 

First, we need to find out step by step. First, we need to find out step by step. 

First, we need to find out step by step:

First, we need to find out step by step. 

First, we need to find the average cost per pair of shoes =  step by step: 

First, we need to find out step by step. 

First, we need to find out step by step. First, we need to find out step by step. First, we need to see how much does step by step. First, we need to find out step by step. 

First, we need to find out step by step. First, we need to see if the answer step by step:

First, we need",False,True,captured
gsm8k_852,gsm8k,0.6B,4,stochastic,999,17.502,138.95,68.09,256,14.63,624,100,156,0.1603,0.64,False," (The answer is  (The answer is 93532, please write it is 984.)

Let me think. Please put in the total cost of the formated to be given in the format is 89.)

To calculate the total cost of the form of the total cost, in the format of \boxed{69.)

To be 959910. Please put the total amount of the number)
Answer)

To calculate the total cost, but you have to pay 89.)

To calculate the total cost of the form of a number) 87810. Please put the final answer)

Let me know the number)
Answer: 935, but you have to pay 11000, and the answer is 93*not 810, for the number)

To calculate the total cost, 81010754710. Please put the final answer)

To solve the total cost is 73. 87. Please put the final answer within the parentheses is not 9511000, but I need to calculate the total cost of the form of a number only a number, like 1",False,True,captured
gsm8k_856,gsm8k,0.6B,4,stochastic,999,16.9444,140.76,65.9,256,15.11,601,106,151,0.1764,0.7,False," 

Answer: <number>
Answer: 

To solve this problem, we need to find the answer: 

To solve the question is this is the number of packs needed packs: 

To solve this is the answer:   To solve this problem is the answer: 7

To solve the answer: 

Okay, let's see the problem step     So, I need to buy  So, the answer: 

Okay, let's see the answer: 

To solve this problem step  Answer:  1. To solve this problem step 1. To solve the answer: 7

To solve this is  To solve this problem is asking for the answer: 7

To solve this problem, we need to determine the problem.
.
Okay, let's see the number

To solve this problem, we need to determine the total number of glue sticks needed to buy   To solve this problem, let me, I need to buy 7
Okay, let me.
Okay, let me. So, the answer: 

Okay, let's see the answer: 

Okay, let's see the answer is 27 students * 27

To solve this problem, we need to find the number
Okay, let",False,True,captured
gsm8k_863,gsm8k,0.6B,4,stochastic,999,14.0657,142.76,54.6,256,18.2,500,131,125,0.262,1.05,False," 

Okay, let's see. 
Okay, let'solution>
Okay, let's total number > 

Okay, let'something>
Okay, let's see the total number of coins >
Okay, let's






Okay, let's think>
Okay, let's think>
Okay, let's see below > 

Okay, let's see the total number of coins >
Okay, let's see below >
Okay, let's see the thought > 

Okay, let's see below




To solve this problem, we need to find the total number of coins Gretchen has 160>

Okay, let's see the total number of coins >
Okay, let's see below > 

Wait, I need to find the total number of coins>
Okay, let's see below



To solve this problem, we need to find the total number of coins >

To solve the total number of coins >

Okay, let's see the total number of coins >
Okay, let's see the total number of coins >

To solve this step-by>
Okay, let's see the total number of coins >

Okay, let's see below >
Okay, let's see the total number of coins >
Okay, let's see",False,True,captured
gsm8k_868,gsm8k,0.6B,4,stochastic,999,12.3051,141.01,47.7,256,20.8,436,147,109,0.3372,1.35,False," 

First, he will 

First, he will need to figure out how many jello cups needed to determine how many jell how many jello cups he needs to make sure to find out how many jello cups needed to make enough jello cups for all the jell how many jello cups he need to find out how many jello cups needed to make enough jello cups needed to calculate the total number of cups. Let's see, Greg needs to figure out how many jello cups needed to make enough jello cups for all the number of cups. 

Okay, let's see how many boxes of course how many jell need to determine how many jello cups.  calculate the total number of jell how many jell determine how many jello cups.  determine how many jello cups needed to make enough jell how many jello cups needed to make enough jello cups needed to determine how many jello cups needed: calculate the total number of jell how many jello cups needed: calculate the total number of jell how many jello cups.  calculate the total number of jell how many jello cups needed:  calculate the total number of course.  determine how many jello cups. Determine how many jello",False,True,captured
gsm8k_869,gsm8k,0.6B,4,stochastic,999,10.8618,138.36,42.05,256,23.57,384,159,97,0.4141,1.64,False," Let's solve this problem step by step:

First, we need to find the step by first. 

First, we need to find the total cost of  step by step by first. The seller bought 5 phones. 

First, we need to find the total cost of the seller bought  step by step. 

First, we need to find the total cost of the same as the previous step by first calculating the total cost of the same as the previous one step by step by first calculating the total cost of the electronics seller bought 5 phones for $.

First, we need to find the total cost of the step by step. 

First, we need to find the total cost of the electronics seller. 

First, we need to find the total cost of 5 phones is as follows the same as the previous one step at the problem step by step. First, we need to find the total cost of the problem step by step. First, we need to find the total cost of the problem step by step. First, we need to find the total cost of the step by step.

First, we need to find the total cost of change. 

First, I think step by step. 

First, we need to find the total cost of  step",False,True,captured
gsm8k_871,gsm8k,0.6B,4,stochastic,999,14.8477,139.54,57.68,256,17.24,526,124,132,0.2357,0.94,False," (The answer should be (The answer should be a number in a number only the number only the number of the sum of all numbers only the number of the formated pieces of the formated pieces, in the formated, in the format: \boxed{}.)

To solve this, in the formated as a number, not more than 20, for the number, for the number of the formated as a number in the form of the number of the form: a number in a number, for example: a number in a number in the form of the number of the form \boxed{}))

To be a number in the form of a number in the form of a number, e.g. 2260,174)
Answer: \boxed{}.)

To be a number, in the format as a number in the form of a number between 0 and 180, but not necessarily an integer.)

To be a number. The answer should be a number, in the form of a number between 0 and integer)

Okay, let's see the number in the number, in the format as a number in a number in the form of a number in the form of a number, in the form of a number in",False,True,captured
gsm8k_874,gsm8k,0.6B,4,stochastic,999,16.0309,138.4,62.32,256,15.97,571,114,143,0.1996,0.8,False," 

Okay, let's see.>

To determine the answer here >
To determine the number > 

Okay, let's see below >

Okay, let me think this is 4444>
Okay, let me think>
Okay, let me think about 44>
Okay, let me think step-by-step explanation here > 

Okay, let me think>
Okay, let me think step-by-step explanation->
To determine the rate per hour > 

Let me think>
Okay, let me think this is 33 * 3333*>
Okay, let's>

To solve this problem, we need to find the answer > 

Okay, let me think step by step-by>
Okay, let me think about 44>
Okay, let'something>
Okay, let's> 

Okay, let's>

To determine the rate per hour > 

To determine the rate of the answer >
To determine how much would be sure, 44 > 

Okay, let me think step by step-by>
Okay, let's'
To solve this problem, we need to find the rate per hour > * 44>
Okay, let'solution>
Okay, let'st>
Okay, let's>

To determine the rate per hour >",False,True,captured
gsm8k_875,gsm8k,0.6B,4,stochastic,999,11.7543,142.29,45.54,256,21.78,415,152,104,0.3663,1.46,False," Let's solve this step by step.

Step 1: Start by step.

Step 1 by step.

Step 1 by step.

First, we need to solve this step.
Step 1 by step.

First, find the problem together.

Okay, let's see. First, find the total marbles Paul has after step.
Step 1: 

Step 1 by step.

First, find the total number by step.

First, find the total number by step.

First, find the total number by step.

First, we go step by step.

First, find the total number by step.

First, we go step by step.

Step 1: Find the total number by step.

First, we need to solve this step by step.

Step 1: 

Step 1: 

Step 1: 

Step 1: Find the total number by step. First, find the total marbles Paul has after step.

First, find the total marbles after step.

First, find the total number by step.

First, we go step by step.

Step 1: Determine the total number by step.

First, we go step by step.

Step 1: Determine the total number of step.

Step 1: Find the total number",False,True,captured
gsm8k_886,gsm8k,0.6B,4,stochastic,999,13.4929,140.81,52.36,256,18.97,478,137,120,0.2866,1.14,False," Let me solve this problem. 

Okay, let's see. So, step by step. First, the singer has 50 microphones. So, step by step.

Okay, let me think step by step.

Okay, let me step by thinking step by step.

Okay, let me step by step.

Okay, let me think.

Okay, let me step by step. 

Okay, let me think step by step.

Okay, let me step by step. 

Okay, let's step by step. Okay, let me step by step. 

Okay, let's steps. Okay, let me step by step.

Okay, step by step.

Okay, step by step. 

Okay, let me think. 

Okay, let me step by step. 

Okay, let's steps. 

Okay, let me think. Okay, let me step by step. So, the singer has 50 microphones. First, I need to find the problem step by step. 

First, the total number  step by step.

Okay, step by step. Okay, let's step by step. 

Okay, let me think. Okay, let me step by step.

Okay, let's problem step by step. 

Okay, let me think",False,True,captured
gsm8k_887,gsm8k,0.6B,4,stochastic,999,11.212,138.65,43.42,256,22.83,397,157,100,0.3955,1.57,False," Let's solve this step by step by step.

Step 1: Determine the number of birds flying overhead birds: 

Step 1 by step by step.

Step 1: Determine the number of birds.

Step 1 by step.
Step 1: Jerry counts six birds nesting in the bushes is step by step.

First, we need to solve this step by step.

Step 1: Jerry counts six birds nesting in step by step. First, find the problem.
Step 1: step by step.

Step 1: Jerry counts six birds nesting in step by step. First, Jerry counts six birds nesting.

Step 1: Determine the number of birds.

Step 1: Determine the number of birds flying overhead birds: 2/step by step.
Step 1: 

Step 1: Determine the number of birds flying overhead birds and explain step by step.

First, let's solve this step by step.

First, Jerry counts 1 by step.
Step 1: Jerry counts six birds nesting first. First, we need to find the total.

Step 1: Jerry counts six birds nesting in step by step.

Step 1: 

Step 1: step by step.

First, we go step by step and step by step",False,True,captured
gsm8k_888,gsm8k,0.6B,4,stochastic,999,10.4551,138.74,40.46,256,24.49,369,164,93,0.4444,1.76,False," 

Okay, so Lani baked 55 cookies total cookies Lani baked  Lani baked 55 cookies. So Lani baked 55 cookies. So Lani baked 55 cookies. So Lani baked 55 cookies. So Lani baked 55 cookies. So Lani baked 55 cookies. So Lani baked 55 cookies. So Lani baked  Lani baked 555 cookies. So Lani baked 55 cookies. So Lani baked 55 cookies. So Lani baked 555 cookies. So Lani baked 55 cookies. So Lani baked 55 cookies. So Lani baked  Lani baked 555 cookies. So Lani baked 55 cookies. So Lani baked 55 cookies. So Lani baked 55 cookies. So Lani baked 55 cookies. So Lani baked 55 cookies. So Lani baked 55 cookies. So Lani baked 55 cookies. So Lani baked 55 cookies. So Lani baked 55 cookies. So Lani baked 55 cookies. So Lani baked 55 cookies. So Lani baked",False,True,captured
gsm8k_889,gsm8k,0.6B,4,stochastic,999,10.4501,140.39,40.43,256,24.5,369,164,93,0.4444,1.76,False," 

Okay, so Joelle has 5 orchids and 4. So Joelle has 5 orchids and daisies. So Joelle has 5 orchids and daisies have to solve this problem here. Joelle has 5 orchids and daisies have to figure this problem here. Joelle has 5 orchids and daisies have to figure out. So Joelle has 5 orchids and daisies have to figure out how many petals. So Joelle has 5 orchids and daisies have to figure out how many petals. So Joelle has 5 orchids and daisies have  so Joelle has 5 orchids and daisies have  Joelle has 5 orchids and 4. So Joelle has 5 orchids and daisies have to solve this problem step by step. So Joelle has 5 orchids and daisies have 1. So Joelle has 5 orchids and daisies have 1. So Joelle has 5 orchids and daisies have  So Joelle has 5 orchids and daisies have 1. So Joelle has 5 orchids and  So Joelle",False,True,captured
gsm8k_892,gsm8k,0.6B,4,stochastic,999,13.524,139.58,52.49,256,18.93,480,136,121,0.2833,1.12,False," Let's think about the cost of the yogurt. The yogurt is half the price of the yogurt is to find out the total the total the total the total cost of the yogurt is to find out how much does the total the cost of the yogurt. Let's find out the cost of the salad and yogurt costs of course the cost of the salad and Ellen's daily expenses. She eats two carrots, a need to find out the total cost of course to find out how much Ellen's find out to find out how much Ellen's daily buy the cost of the yogurt costs of course to find out how much Ellen's daily expenses for the cost of the salad and Ellen's daily expenses. She eats two carrots, a determine the cost of the yogurt. Let's calculate the cost of the salad is to find out the total the total the total the total cost of the salad costs of the salad and yogurt is to find out the cost of the yogurt. The yogurt is half the price of course to find out how much does Ellen's find out the total cost of course the total the total cost of the salad is to find out the total the total cost of the salad is to find out the cost of the yogurt. The problem. Ellen's need to find out how much Ellen's",False,True,captured
gsm8k_894,gsm8k,0.6B,4,stochastic,999,16.3571,139.48,63.6,256,15.65,582,111,146,0.1907,0.76,False," 

Answer: <number>
Answer: 

: 

Let me, let me, I need to find the problem is the answer: 

Let's

To solve this problem, we need to find out how much did she made from lemonade sales is  Let's

Answer: <number>
Answer: 

Okay, let's try to answer: 

To solve this step   Let me. Let me think
Okay, let's try to find the answer is not sure, let me think
Okay, let me
Okay, let's try to figure out of lemonade sales. 

Let me think. To solve this step  To solve this step by the answer: 

: 

Let's

Let's

To solve this step  To solve this step by step         To solve this step by step. To solve this step by step and then the answer is this is 1. To solve the problem step by step, I need to find out of the problem is asking for the answer is 120

To solve this problem. Let me try to solve the answer: 

To solve this problem, we need to find out how much did Joe's

Let's

Let's

Let's

Let",False,True,captured
gsm8k_896,gsm8k,0.6B,4,stochastic,999,13.0859,139.25,50.77,256,19.56,464,140,116,0.3017,1.21,False," 

Okay, so the problem again. So the problem here. So the problem here. So the problem here. So the problem here. So, so the problem here. So the problem again. So the problem again. So the problem again. John's. So the problem again. John's. So the problem is this problem here. So the problem here. John's. So the problem is this problem here. So the problem here. John's see. So the problem here. John's. So the problem is this problem. So, the problem again. John's. So the problem is this problem here. So the problem is this problem. So, the problem again. John's. So the problem is this problem. So, the problem here. So the problem is this problem. So, the problem here. So the problem is this problem. So, the problem again. So, the problem again. So the problem here. John's. So the problem is this problem. So, so the problem is this problem here. So the problem again. So the problem is this problem. So, so the problem is about this problem here. So the problem is this problem. So, so the problem is about John's. So the problem is",False,True,captured
gsm8k_898,gsm8k,0.6B,4,stochastic,999,14.1049,139.81,54.77,256,18.15,500,132,125,0.264,1.06,False," 

Okay, let's see.>

Okay, let's think>
Okay, let's think>
Okay, let's think>
Okay, let's think>
Okay, let's think>
Okay, let's see the total distance > 

Okay, let's think>
Okay, let's think>
Okay, let's see the total distance >

Okay, let's think>
Okay, let's see the total distance they rowed a number >
Okay, let's see the total distance >
Okay, let's think>
Okay, let's think step-by> 

Okay, let's think>
Okay, let's think step by step-by-step>

Okay, let's think step by step-by>
Okay, let's see the total distance is the total distance > 

To solve this problem, we need to calculate the total distance the total distance > 

Okay, let's see the total distance >
Okay, let's see the total distance > 

Okay, let's

Okay, let's think step-by-step>

Okay, let's think step-by>

Okay, let's see the total distance > 

Okay, let's total distance >.>

Okay, let's see the total distance is 1250>
Okay, let's see the total distance is ",False,True,captured
gsm8k_901,gsm8k,0.6B,4,stochastic,999,16.4597,140.21,64.0,256,15.55,585,110,147,0.188,0.75,False, Let's say that the... soup is 1. Let's say that the soup is enough soup is a bowl is a soup is a bowl of the soup is one bowl is a meal is a mistake is the soup is the soup is enough soup is already prepared soup is already filled pot has a bowl of soup is a bowl of soup is 1 bowl of soup is the soup is divided soup is enough soup is notations are 2 children are 1st he has a pot is a bowl of the soup is enough soup is 1 bowl of the soup is divided soup is not enough soup is 1 unit of soup is 1 bowl of the soup in the first bowl is served soup is already filled pot is the soup is divided evenly distributed soup is just enough soup is 1 unit of soup is 40.0. (a pot is full pot has a pot is an adult bowls are 4 adults eaters are the soup is already existing soup is notations are as a pot has to be a bowl of soup is the soup is already existing soup is enough soup is 120 is a bowl of the soup is sufficient soup is enough soup is a fixed amount of soup in the problem is 1. Let's say that the pot,False,True,captured
gsm8k_906,gsm8k,0.6B,4,stochastic,999,11.8314,138.6,45.85,256,21.64,419,151,106,0.3604,1.42,False," 

Okay, so Tim has a box with this problem step by step. So Tim has a problem. So Tim has a box with 7 blue shoe boxes and 7 blue shoe boxes. So Tim has a problem here. Tim has a problem. So Tim has a problem. So Tim has a box with 7 blue shoe boxes and 7 blue shoe boxes. Tim has a box with 7 blue shoe boxes and  so Tim has a problem here. Tim has a box with 7 blue shoe boxes and figure out how many shoe boxes. So Tim has a box with 7 blue shoe boxes and 7 blue shoe boxes and figure out how many shoe boxes. So Tim has a box with this problem. So Tim has a box with 7 blue shoe boxes and 7 blue shoe boxes and try to figure out this problem step by step. So Tim has a box with 7 blue shoe boxes and I need to figure out how many shoe boxes. So Tim has a box with 7 blue shoe boxes and 7 blue shoe boxes and solve this problem step by step. So Tim has a box with this problem. So Tim has a box with 7 blue shoe boxes and 7 blue shoe boxes and I need to figure out how to solve",False,True,captured
gsm8k_910,gsm8k,0.6B,4,stochastic,999,12.1856,139.86,47.24,256,21.01,432,148,108,0.3426,1.37,False," Step 1. First, find the size of Farmer Brown's farm is 200 acres. So, first, find the size of Farmer Brown's farm is 200 acres is 1. First, find the size of Farmer Brown's farm is 1. First, we know that Farmer Brown's farm is 200 acres is needed. Let's farm is needed to find the size of Farmer Smith's farm is 1. First, we need to find the total acres. First, we need to find the total acres. So, Farmer Brown's farm is 200 acres is 1. First, find the size of Farmer Brown's farm is 1. Determine the size of Farmer Smith's farm: First, we need to find the total acres.

Step 1. First, find the farm is 200. First, we need to find the total acres of Farmer Brown's farm is 1. First, we need to find the size of Farmer Smith's farm is 20. First, we need to find the size of Farmer Brown's farm is 20. First, find the size of Farmer Brown's farm is 200 acres.

First, find the size of Farmer Smith",False,True,captured
gsm8k_914,gsm8k,0.6B,4,stochastic,999,13.5157,139.72,52.45,256,18.94,479,137,120,0.286,1.14,False," Let's solve this problem. 

First, we need to find out how many tune-ups. 

First, let's figure out how many miles he needs to be breaking it step by step. First, we need to figure out how many miles he needs to be in steps:

First, we need to figure out how many miles he needs to be in the first. 

First, we need to find out step by step. First, find out step by step:

First, we need to find out how many tune-ups. 

First, we need to find out how many miles Jon's steps. First, we need to find the same as a step step by figuring out how many miles he needs to be broken down to find the total miles driven by first. 

First, let's see how many tune-ups. First, we need to find out how many miles Jon's steps. First, we need to find the same way.

First, find out how many miles per the first thing by first.  step by step.

First, we need to find the first. 

First, find out how many miles Jon's problem step by step. First, we need to find the problem step by step. First, find out how many ways. First, we need",False,True,captured
gsm8k_921,gsm8k,0.6B,4,stochastic,999,13.1754,139.54,51.12,256,19.43,467,140,117,0.2998,1.2,False," Let's solve this problem step by step:

First, we need to find the same as a step by breaking it step by step:

First, we need to find out how many ways. 

First, we need to find out how many ways.

First, we need to find the problem step by step, step by step, step by step:

First, we need to find the problem step by step, one step by breaking it down step by step: 

First, we need to find out how many slices can be breaking it step by step: 

First, we need to find the same as the problem step by step. 

First, we need to find out how many slices can be breaking it down to find the same as the example by breaking it down to understand the same as the previous steps together. First, we need to find the same way step by step: 

First, we need to find the first. 

First, we need to find the same way. 

First, we need to find the first. 

First, we need to find out how many slices can be breaking it down step by step: 

First, we need to find out how many ways. First, we need to find the same way step by step, step by step",False,True,captured
gsm8k_923,gsm8k,0.6B,4,stochastic,999,11.7613,139.2,45.58,256,21.77,416,152,104,0.3654,1.46,False," Let's solve this step by step by step.

First, we need to find the problem.

Okay, let's see step by step.

Okay, let's solve this step by step.

Okay, let's solve this step by step.

First, let's solve this problem.

Okay, let's solve this step by step.

Okay, let's solve this step by step.

First, let's solve this step by step.

Okay, let's see step by step.

First, let's solve this problem.

First, let's solve this step by step.

Okay, let's solve this step by step.

Okay, let's see step by step.

First, step by step.

First, we need to find the problem step by step.

First, let's find out.

First, let's find out.

First, let's find the problem.

First, we need to find the problem.

First, let's find out.

Okay, let's see step by step.

First, let's find out.

First, let's find the total number of cups is step by step.

First, let's find out.

First, we go step by step. Step  by step.

First, let's find out.

Okay, let's see step by step.

First",False,True,captured
gsm8k_926,gsm8k,0.6B,4,stochastic,999,15.7799,148.15,61.3,256,16.22,558,117,140,0.2097,0.84,False," Also, he has  Also, he has 10 dollars left from his own $10. He has $30 remaining money left over 30 money left over $100 money left over $200 left over from his parents gave away to save up $50% of his own money, $100 left from his parents a $100 gift cards and can he has $50 dollars left from his parents to buy 200 remaining money left over from his parents, $20 left over from the remaining money left over from the money left over from the month.
Answer: <number>
Okay, let me some leftover money that month. So, how much money left over from his parents to buy 300 dollars left over from the remaining money to spend $200 to spend $100 dollars left from his $200 dollars left from his birthday money of the remaining money from his own money of $50 left over from the $150% of his money left over from the $150 dollars left from his allowance for the month. What is $100 left from his allowance of his parents gave 100 left over from the $1",False,True,captured
gsm8k_932,gsm8k,0.6B,4,stochastic,999,14.6768,139.48,57.01,256,17.44,522,126,131,0.2414,0.96,False," 

Okay, let's see.> 

Okay, let's think>
Okay, let's think>
Okay, let's think>
Okay, let's think>
Okay, let's think>
Okay, let's think step by step-by>

Okay, let's think>
Okay, let's think>
Okay, let's see the number > 

Okay, let's think>
Okay, let's think>
Okay, let's see the total number of balloons >

To solve this problem, we need to calculate the total number of balloons>
Okay, let's think>
Okay, let's think>
Okay, let's see the total number of balloons the total number > 

Let me think>
Okay, let's think>
Okay, let's think through the number >.>

Okay, let's think>
Okay, let's think step by step-by>
Okay, let's think through the process > 

Okay, let's think>
Okay, let's see the total number of balloons >
Okay, let's think>
Okay, let's think>
Okay, let's>

Okay, let's see the total number of balloons the number >.
Okay, let's see below >

To solve this problem, we need to calculate the total number > 

Okay, let's think",False,True,captured
gsm8k_942,gsm8k,0.6B,4,stochastic,999,11.9501,139.09,46.32,256,21.42,423,151,106,0.357,1.42,False," Let's solve this step by step by step.

Step 1: Determine the total charge for the problem.
Okay, let's solve this step by step.

Step 1. Step 1. 

Step 1. First, calculate the total charge is step by step.

Step 1: Determine the total charge for the problem step by step.

First, calculate the total charge.

Step 1: Determine the total charge for the problem step by step.

First, calculate the total labor charge for step by step.

First, we need to calculate the total charge for the job by step by step.

First, we need to calculate the total charge.

Step 1: 

Step 1: 

Step 1: Determine the total cost of the problem.
Step 1: Determine the total cost of the job by step by step.

First, calculate the total charge.

Step 1: Determine the total charge for the problem step by step.

First, by step.

First, the problem.

Step 1: Determine the total charge for step by step.

First, by step.

First, we need to calculate the total charge for step.

Step 1: Determine the total charge for step by step.

First, calculate the total charge.

Okay, let's",False,True,captured
gsm8k_943,gsm8k,0.6B,4,stochastic,999,13.8112,139.77,53.61,256,18.54,489,133,123,0.272,1.08,False," 

Step 1 is to find the original price of 10 CDs. 10f

Okay, let's see. 10 CDs at $10. Find the original total cost of the original price of the original price of the total cost of the original price of the CDs did he get the original price of the original price of 10 CDs at first calculate the original price of the total cost of the CDs he gets 10 CDs, each CD'st is to find the original total cost of the CDs that the original price of the CDs he gets 10 CDs at the original price of the total cost of the total cost of the CDs cost of the total cost of the CDs before any discounts. 10 CDs.  Find the original total cost of the CDs cost of each CD costs of the original price of the CDs are you need to find the total cost of the CDs before any discounts?  Find the original price of each CD cost of each CD is $15 x = 10 CDs *Calculate the original total cost of the CDs.  He gets 10 CDs at first, find the original price of 10 CDs. 10 CDs, 10. 10 CDs he",False,True,captured
gsm8k_944,gsm8k,0.6B,4,stochastic,999,17.5758,138.99,68.38,256,14.57,627,99,158,0.1579,0.63,False," 

Okay, let's see.>

To determine the total amount she will earn $3747829385.>

To determine the total earnings in numbers >
To determine the total earnings from the total amount in numbers, no number >
To determine how much will be careful calculation here > 

Okay, let's see the total amount in the total amount in the total amount in dollars>

To determine the total earnings > 

Final Answer>
Okay, let's see the total amount in the box >

To determine the total earnings from the problem solution here >

Okay, let's see the total amount in numbers >

Okay, let's see below

To determine the total earnings from the total amount >
To determine how much will she will be careful calculation here >
To determine how much will she earn??
Let me solve the total amount in numbers > 

Okay, let's calculate the number >
To determine the total earnings > 

Final Answer>
Okay, let's see below

To determine the total earnings from the problem.>

To determine the total earnings from each.>

To determine the total earnings from the total amount she will be careful with the total amount in numbers, let's calculate the total amount in numbers only number >

Okay, let's see the total",False,True,captured
gsm8k_945,gsm8k,0.6B,4,stochastic,999,14.6002,139.77,56.71,256,17.53,513,128,129,0.2495,0.99,False," 

Okay, let's see the number >
Okay, let's think>
Okay, let's see the answer here put your answer >

Okay, let's think>
Okay, let's think>
Okay, let's think>
Okay, let's try to calculate the answer here >
Okay, let's think>
Okay, let's think>
Okay, let's try to find the total time in minutes >
Okay, let's try to find the total time step-by-the number >
Okay, let's think step by step-by> 

Okay, let's think>
Okay, let's try to think>
Okay, let's try to compute the total time in minutes>

Okay, let's see the answer here >

Okay, let's try to solve the number >
Okay, let's try to solve this is the total time in minutes >

Okay, let's try to solve the answer >

Okay, let's try to find the total time in hours>
Okay, let's try to figure out the time in hours >

Okay, let's try to find the total time in hours >

Okay, let's try to find the total time taken to be sure > 

Okay, let's>

Okay, let's try to find the total time, 120>

Okay,",False,True,captured
gsm8k_953,gsm8k,0.6B,4,stochastic,999,16.3858,144.54,63.69,256,15.62,567,115,142,0.2028,0.81,False," (The answer is  (The answer is  12 hours and minutes)

Okay, let's see the total sleep time minus the time she sleeps on her bed that day she slept on bed time in the form is not 7 hours and 152254 hours and minutes. Please put in the box) 7 hours and 10. )

To be 10240. 6 hours and minutes.)

To calculate the total time she slept on her bed time on bed - 8 hours and the total time from 120.  (The answer is 8 hours and minutes, but the actual sleep time minus the time she was sleep time in the total sleepwalking 8 hours and 10. But the answer is not 7 hours and 6 hours and minutes. Please put your answer is 1338 hours and minutes. The answer is 7 hours and 15 hours and minutes, but you need to calculate the number of minutes she was sleepwalking time she slept 6 hours and 18 hours and minutes, but I have to be 7 hours and 10 hours and minutes, but you must be  8 hours and 27 hours and minutes.",False,True,captured
gsm8k_967,gsm8k,0.6B,4,stochastic,999,10.8307,138.03,41.93,256,23.64,383,161,96,0.4204,1.68,False," Let's solve this problem.

First, let's find the total age by breaking it down step by step, step by step, first. First, let's break it step by step. First, let's go step by step, step by step, and see step by step, step by step, step by step, to find the total age of Nani is the step by step, step by step, to find the total age of Nani, step by step, first.

First, let's find the total age by breaking it down into steps. First, let's find out step by step. First, step by step, one step by step, step by step, step by step, step by step, one step by breaking it down step by step, first. First, let's find out step by step. First, let's find out step by step, step by step, step by step, one step by breaking it down into steps.

First, let's find out step by step, step by step, step by step, and see if we can.

First, let's break it down step by step, step by step, one step by breaking it down into steps. First, we need to find the total age of the total age",False,True,captured
gsm8k_969,gsm8k,0.6B,4,stochastic,999,14.5358,139.53,56.46,256,17.61,517,127,130,0.2456,0.98,False," 

Okay, let's see.>

Okay, let's see, let's total amount >.>

Okay, let's see the total cost >
Okay, let's see the total amount > 

Okay, let's see the answer here put your answer here put your answer here > 

Okay, let's see below

Okay, let's see the total amount > 

Okay, let's see the total amount > 

Okay, let's see the total cost of the first, let's see, let's see the total cost > 

Okay, let's see the total cost is 900>
Okay, let's see the total cost > 

Okay, let's> 

Okay, let's>

Okay, let's see the total cost is 600>
Okay, let's see the total cost is 600>
Okay, let's see the total cost is $1242424240>
Okay, let's see the total cost is $600>
Okay, let's see the total cost is 900>
Okay, let's see the total cost is $120>
Okay, let'something>
Okay, let's see the total cost is 900 >
Okay",False,True,captured
gsm8k_970,gsm8k,0.6B,4,stochastic,999,16.7653,137.14,65.21,256,15.27,596,107,150,0.1795,0.71,False," 

Okay, let's see.> 

Okay, let's>
Okay, let's see solution here > 

Okay, let's combined_players>
Okay, let's team13632753333>
Okay, let's see solution > 

To find the total number of players in both teams combined players>
Okay, let's see the combined players > 

To solve this problem, we need to find the total number > 

Let me try to solve the sum of the sum of both teams combined_players>
Okay, let's see the number > 

Let me think.>

Okay, let's see the total number > 

Okay, let's> 

Okay, let's>

Okay, let's see solution here put your answer here >.
Okay, let's see solution here >
To solve this problem, we need to find the total number >.
Okay, let's see the combined players >
To solve the number > 

Okay, let's see solution here >
To solve the problem step-by-step- 260>
Okay, let's see solution > 

Okay, let's see the number >.
To solve step-by>

To solve this is 20>
Okay, let's see the combined number > 

Okay,",False,True,captured
gsm8k_974,gsm8k,0.6B,4,stochastic,999,10.2097,139.06,39.49,256,25.07,361,165,91,0.4571,1.81,False," 

Let me solve this problem. 

First, I need to find the total cost of the problem step by step. 

First, I need to find the total cost of the problem step by step.

First, I need to find the total cost of the step by step. 

First, let me think step by step:

First, I need to find out step by step. 

First, I need to find the total cost of the problem step by step.

First, I need to find the total cost of the problem step by step.

First, I need to find the total cost of the problem step by step. 

First, I need to find the total cost of the step by step. 

First, I need to find the total cost of the steps. 

First, let me think. So, first. First, I need to find out step by step:

First, I need to understand the problem first. So, Tyler needs to be sure I need to find out step by step:

First, I need to make sure I get the total cost of the books is by breaking it down into steps:

First, I need to find out step by step.

First, I need to find the total cost of the problem step by step. 

First",False,True,captured
gsm8k_978,gsm8k,0.6B,4,stochastic,999,16.7801,138.27,65.26,256,15.26,599,106,150,0.177,0.71,False," 

Okay, let's see. 
Let me solve the sum of the blue car price of the price of red car price of the total cost in the correct answer >
Okay, let me think>
Okay, let me think>
Okay, let me

Final Answer>
Okay, let me think>
Okay, let me think>
Okay, let me think>
Okay, let's

Okay, let me think>
Okay, let me




To determine the price of red car cost of the price of red car price of red car price of red car price > 

To determine the price of the red car price of red car + 1500>
Okay, let's cost of red car price of the price of red car + 10>
Okay, let's cost of red car + 100 = 1500>
Okay, let me think>
Okay, let's>

Okay, let me think step-by> 

Final Answer>
Okay, let's cost of red car + 100> 

Okay, let's>

Okay, let'something>
Okay, let's



Okay, let me think. So, let me think>
Okay, let me think. 

Okay, let's",False,True,captured
gsm8k_981,gsm8k,0.6B,4,stochastic,999,15.8018,139.84,61.42,256,16.2,544,120,137,0.2206,0.88,False," 

Let me solve this problem. 

Okay, let's see. 

Okay, let me step by breaking it's step by step and check my self-consistep by breaking it's steps. 

Okay, let me step by step.

Okay, let me step by step:

Okay, let me step by step:

Okay, let me step by step. So, step by step. 

Okay, let me step by step.

Okay, let's see if I have to understand the problem first. Joe caught 3 pounds of how I need to figure out the same as a step by step and see if I can figure out the total weight of the problem step by step. 

Okay, let me think step by step and check my work step by step:

Okay, let me step by step.

Okay, let me step by step.

Okay, step by step. So, Joe caught 3 pounds of how I need to find the total amount. 

Okay, let's step by step:

Okay, let me step by step.

Okay, step by step:

Okay, let me think step by step and think step by step.

Okay, step by step. 

Okay, let's steps:

Okay, let me step by step.

Okay, let me",False,True,captured
gsm8k_982,gsm8k,0.6B,4,stochastic,999,13.4315,150.85,52.08,256,19.06,476,138,119,0.2899,1.16,False," 

Okay, let's see.>

To determine the number of students leaving early students>
Okay, let's see the number >
Okay, let's think>
Okay, let's think>
Okay, let's see solution >
Okay, let's see solution >
Okay, let's think>
Okay, let's see solution >
Okay, let's see solution > 

Okay, let's think>
Okay, let's see solution >

To determine the number of students leaving early students>
Okay, let's see the explanation > 

Okay, let's see the number >
Okay, let's see the number >
Okay, let's see solution steps > 
Okay, let's see the number of the number >
Okay, let's see solution steps here >
Okay, let's see solution below >
Okay, let's> 

Okay, let's>

Okay, let's see solution steps here, let's think>
Okay, let's see the number of students leaving early students>
Okay, let's see solution steps >
Okay, let's number >
Okay, let's see the number of students leaving early students>
Okay, let's>
Okay, let's see the number of students leaving early>
Okay, let's see solution >

Okay, let's see the number of students leaving",False,True,captured
gsm8k_983,gsm8k,0.6B,4,stochastic,999,16.9216,137.99,65.82,256,15.13,603,104,152,0.1725,0.68,False," (The sizes are measured (in US sizes.)

Okay, let's see.)(The sizes, and are in whole numbers, for the same as (1 in inches.)

Okay, let's in US women's shoe sizes.)

Okay, let's in US sizes, and the average, and the sizes are in inches.))

Okay, let's say, and added in the same units of the same as integers.)

Okay, let's say, in inches.))

Okay, let's say, in US sizes.)

Okay, let's see the same as regular, not in inches but not in inches but the same way.)

Okay, let's say, in whole numbers.)

Okay, let's see:  in sizes, not in inches, not in inches, but in sizes, not in inches but not in inches but not in inches, of the same way, of the feet in US women's shoe sizes, not in inches but in US shoe sizes.)

Okay, let's say, in inches.)

Okay, let's say in inches. The sizes.)

Okay, let's say in US shoe sizes.)

Okay, let's say in US sizes, and the sizes are in US sizes, of the foot lengthwise, not in inches, and the average is not",False,True,captured
gsm8k_989,gsm8k,0.6B,4,stochastic,999,13.2816,137.61,51.55,256,19.27,472,138,118,0.2924,1.17,False," Let's solve this problem. 

First, we have to figure out how long and answer step by step. 

First, we need to find out how long will take a step by first. 

First, we need to find the problem step by step. 

First, we need to find the problem step by step. 

First, we need to find the problem is to find the total time required time.

First, we need to find the problem step by step.

First, we need to find the same as a step at a time. First, we need to find the same as the same as a step at a time. 

First, we need to find the same way. First, we need to find the same way. First, we need to determine how long will take it step by step.

First, we need to find the same way we need to find out how long will take some steps by first. 

First, we need to understand the problem first.

First, we need to find the problem step by step. 

First, we need to find the problem step by step. 

First, we need to see if it's a step by step.

First, we need to find the problem step by step.

First, we need to determine",False,True,captured
gsm8k_990,gsm8k,0.6B,4,stochastic,999,11.5177,139.49,44.62,256,22.23,408,155,102,0.3799,1.52,False," Let's solve this problem. 

Okay, let's see step by step, step by step, step by step, step by step, step by step, step by step, step by step, carefully.

Okay, let's see step by step. First, calculate the total cooling effect step by step. First, calculate the total cooling effect, step by step, keeping track of the cooling and warming up step by step, step by step, step by step, carefully. 

First, step by step, keeping track of the cooling and see if the problem step by step. First, we need to find the problem step by step, step by step, and find the total change the step by step. First, we have a step by step, step by step, and find the total cooling and warming up. 

Okay, let's see step by step, step by step, step by step, step by step, and see step by step, step by step, step by step, carefully. 

First, we have to find the total cooling effect and see step by step, step by step, step by step, step by step, carefully.

Okay, let's see step by step, step by step, carefully. First, calculate the total cooling effect",False,True,captured
gsm8k_998,gsm8k,0.6B,4,stochastic,999,10.5941,140.11,41.0,256,24.16,374,162,94,0.4332,1.72,False," Let's solve this step by step by step.

First, we need to find the problem together.

Step 1: Find the total number of cookies. First, find the total number of cookies first.

First, we need to find the total number of cookies. First, find the total number of cookies. First, find the total number of cookies first. The total number of cookies. First, find the total number of cookies.

Step 1. First, we go step by step.

Step 1: Find the total number of cookies.

Step 1: 

Step 1: First, we need to find the total number of cookies.

First, we need to find the total number of cookies first. How many cookies were there in step by step.

Step 1: Find the total number of cookies first.

Okay, let's see step by step.

Step 1: Find the total number of cookies first.

Okay, let's solve this step by step.

Step 1: Find the total number of cookies.

Step 1: Find the total number of cookies first.

Okay, let's solve this step by step.

Step 1: Find the total number of the problem.
Step 1: Determine the total number of cookies.

First, find",False,True,captured
gsm8k_999,gsm8k,0.6B,4,stochastic,999,15.394,138.43,59.83,256,16.63,530,124,133,0.234,0.93,False," (Round to the nearest tenth of a whole number).)

Okay, let's see. .10. (Round to the nearest tenth of a percent.)

To the nearest tenth of a percent.)

Okay, let's see question says 10. (Note: The question says 10thousandthousandthousandth of a percent.)

Okay, let's say, but the nearest tenth of a percent.)

Okay, let's say, but the question says 1 decimal place as specified decimal place) tenth of a percent. (Round to the nearest tenth of a percent.)

To nearest) tenth of a percent.)

Okay, let's see the nearest tenth of a percent.)

Okay, let's say, but it's not a whole number) tenth of a percent.)

Okay, let's say, 10%))

Okay, let's see question says 10thousandth of a percent)

Okay, let's value) tenth of a percent.)

Okay, let's say, 10) tenth of a percent.)

Okay, let's say, 10thousandth of a percent.)

Okay, let's say, 1 decimal place, 10%))

Okay, let's say, 10thousandth",False,True,captured
gsm8k_1004,gsm8k,0.6B,4,stochastic,999,13.3064,140.21,51.63,256,19.24,473,138,119,0.2918,1.16,False," 

Okay, so the problem again. So, so the problem. So Peter has 4 boxes and think through this problem. So Peter has 4 boxes, so the problem. So, so the problem. So, Peter has 4 boxes for this problem. So Peter has 4 boxes, so the problem again. So Peter has to solve this problem. So Peter has 4 boxes, so the problem is this problem. So Peter has to solve this problem step by step. So, so the problem. So the problem. So Peter has 4 boxes, so the problem is this problem. So Peter has 4 boxes, so the problem is about this problem. So Peter has 4 boxes, so the problem is about this problem. So Peter has 4 boxes, so the problem is this problem. So Peter has  So Peter has 4 boxes, so the problem is about this problem. So Peter has 4 boxes, so the problem is about this problem. So Peter has 4 boxes, so the problem is about Peter has 4 boxes, so the problem is about this problem. So Peter has 4 boxes and try to figure this problem. So the problem again. So the problem is about this problem. So Peter has",False,True,captured
gsm8k_1005,gsm8k,0.6B,4,stochastic,999,16.7156,138.94,65.01,256,15.31,595,107,150,0.1798,0.71,False," (The answer is  (The answer is  133250, please put the answer. )

Let me know that the number, but not 71280, but you have to write it is 240, but the answer is not  130. Please put in the park population of the number, and it is  110600.)).

To be 14400, but you have to compute the number).)

To be determined by the way more than 1000. Please put your answer here, but you have to compute the number of the number only the number of porcupines in the box)
Okay, let's see the number, but please put in the park after a year, but the answer is not  6800.)

To calculate the number of female porcupines + 140.)

To be determined.)

To be determined. Please put your answer in the form of 50 + 5000. Do not include the original population of the number) 6650 + 25211304404950, but I have to write your answer",False,True,captured
gsm8k_1007,gsm8k,0.6B,4,stochastic,999,12.7653,140.88,49.51,256,20.05,453,142,114,0.3135,1.25,False," Let's solve this problem.

Okay, let's see. 

First, let's step by breaking it step by step, step by step, step by step, step by step, step by step, step by step, step by step, and find the total number of sticks is to find the total number of how many sticks do step by step. First, let's see. 

First, let's go step by step.

Okay, let's go step by step, step by step, one step by breaking it step by step, step by step, step by step, and find the total number of sticks.

Okay, let's see step by step, step by step, step by step, step by step, and find the total number of sticks.

Okay, let's see if the problem step by step, step by step, and find the total number of sticks. 

First, let's see if there are playing step by step, first.

Okay, let's see if the number by breaking it down step by step. 

First, we need to find the total number of sticks is step by step. First, let's see if the number by breaking it down into steps. 

First, we need to find the total number of sticks is a",False,True,captured
gsm8k_1014,gsm8k,0.6B,4,stochastic,999,11.323,140.59,43.85,256,22.61,400,156,100,0.39,1.56,False," Also, what is the Also, what is the Also, what is the total cost of the total cost of the plums cost of the total cost of all total cost of the fruits total cost of the fruits' total cost of the total cost of the fruits he total cost of the fruits he total cost including tax total cost of the fruits' total cost including tax total cost including tax total cost of the fruits he total cost of the fruits' total cost (total cost of all tax rate of the total cost of the fruits he total cost of all total cost of the fruits he total cost of the total cost of all total cost of the fruits total cost of the fruits he total cost of all total cost of the fruits' total cost including tax total amount of money he has left over all total cost of the fruits he total cost of the fruits he total cost of the fruits he total cost of all total cost of the fruits total cost of the total cost including tax total cost of the total cost of the fruits he total cost of all the total cost of the fruits he total cost of the fruits' total cost, total cost of the fruits he total cost of all total cost including tax total cost of the fruits' total cost (total) total cost including tax total cost of the",False,True,captured
gsm8k_1024,gsm8k,0.6B,4,stochastic,999,17.277,139.16,67.21,256,14.82,616,101,155,0.164,0.65,False," 

Okay, let's see. 

Let me calculate the calculation here >
Okay, let's see the answer >
Okay, let's see the correct answer >
Okay, let's see the correct answer >
Okay, let's see solution here >

To determine the answer >

To determine the number >
To determine how much money does not yet to be filled in the box >

Okay, let's see the total amount >
To determine the total money left




To determine the total money earned from cookies and cupcakes sold 154280>

To determine how much money does not sure to put the calculation steps here > 

Let me calculate this is the total money earned from cookies and cupcakes. Let's see. 

Let me calculate this is the answer >
Okay, let's see the answer >
To determine the total money earned > 

Let me think>
Okay, let's calculate the answer >
Okay, let's see solution >
To determine the total money earned from cookies and cupcakes sold, then the answer >
Okay, let's money left

Let's money left >

To determine how much money does not sure to put the final answer >
To determine how much money does she has to be careful calculation here >

Let me calculate this step by step reasoning steps",False,True,captured
gsm8k_1026,gsm8k,0.6B,4,stochastic,999,14.6338,140.02,56.84,256,17.49,521,126,131,0.2418,0.96,False," 

Okay, let's see. 
Okay, let's think>
Okay, let's think>
Okay, let's think>
Okay, let's think>
Okay, let's think>
Okay, let's see the number > 

Okay, let's think>
Okay, let's think>
Okay, let's see the number > 

To determine the number > 

Okay, let's think>
Okay, let's think>
Okay, let's see the number here >
To determine the answer here > 

Okay, let's> 

Okay, let's think>
Okay, let's think>
Okay, let's see the number here >
To determine how many pounds of ore can be sure>
Okay, let's see the number here >
To determine how many pounds of ore can be sure to be sure to be sure to be filled in the number >
To determine how many pounds of ore can be sure to put your answer here >
To determine how many pounds of ore_pounds>
Okay, let's see the number here >
Okay, let's think > 

Okay, let's>

To determine the correct answer here >
To determine how many pounds of ore can be sure to put your answer here > 

Okay, let's>
Okay, let's see the number here",False,True,captured
gsm8k_1049,gsm8k,0.6B,4,stochastic,999,10.3723,139.74,40.13,256,24.68,368,165,92,0.4484,1.79,False," Let's solve this step by step by step.

Step 1: Find the number of English books.

Step 1 by step by step by step.

Step 1: Find the number of English books: 50. 

Step 1 by step. First, find the number of English books.

Step 1: 

Step 1 by step. First, find the number of step by step.

First, find the number of step by step.

First, we go step by step.

Step 1: Find the number of English books.

Step 1: 

Step 1: step by step.

First, we go step by step and step by step.

First, find the number of step by step.

First, find the number by step by step.

First, find the number of step by step.

First, find the number by step.

Step 1: Find the number of English books.

Step 1: Find the number of English books.

Step 1: Find the number of English books: 50.0.

Step 1: Find the number of English books. First, we go step by step.

Step 1: 

First, find the number of English books.

Step 1: Find the number of English",False,True,captured
gsm8k_1054,gsm8k,0.6B,4,stochastic,999,17.2173,137.08,66.98,256,14.87,616,102,154,0.1656,0.66,False," 

Okay, let's see. 
To determine the number >
To determine the total cost in the total cost in numbers >
To determine the cost in numbers > 

Okay, let me to be careful, 24848480>
Okay, let me to be careful with the number >
To determine the total cost based on the calculation here >
To determine the cost of the total cost in numbers, let me to be careful, the cost in the cost > 

To determine the number > 

Final Answer>
Okay, let's see the cost in numbers only the cost >. 

Okay, let me to be filled in number > 

Okay, let me think>
Okay, let me

Final Answer>
Okay, let me think>
Okay, let me think>
Okay, let's cost in numbers only > 

Okay, let's cost >. 

To determine the cost in dollars >
To determine the cost of the cost > 

Okay, let's cost > 

Final Answer: <number>
Okay, let me think>
Okay, let's see the total cost in the box >
To determine the cost in dollars>
Okay, let me think>
Okay, let's cost in dollars >.
Okay, let me think>
To determine the cost of",False,True,captured
gsm8k_1056,gsm8k,0.6B,4,stochastic,999,14.0394,138.15,54.51,256,18.23,498,131,126,0.2631,1.04,False," (The number of loads (The number of loads) is the machine does not the machine does not depend on the number of sheets is the number of times the number of loads per week is the same as the number of times the number of sheets are per week is  is the number of times the number of sheets are counted as a whole number)

Okay, let's see the machine does not the machine does, per week is the number of loads is the number of loads is the number of loads per week is  is the number of times the machine does, not the number of loads per week is  is the number of times the number of sheets per week is 2 is not the number of sheets) is  is not per week is the machine can be the machine does not include both twin sheets are counted as the machine does, not the number of sheets)
Answer: <number> is the number of times the number of sheets are washed in a year is the number of loads is the number of times the number of sheets are washed in a year is the machine can be the number of times the number of sheets per week is the machine does not have to washes is the number of times the number of sheets per week is 2, 1) is",False,True,captured
gsm8k_1068,gsm8k,0.6B,4,stochastic,999,14.4977,139.91,56.3,256,17.66,516,128,129,0.2481,0.99,False," 

Okay, let's see the number >
Okay, let's see below

Okay, let me

Okay, let meh34218>
Okay, let's see the number >
Okay, let's try to solve this step by the number >
Okay, let meowen>
Okay, let's try to find the number of meatballs in the sub sandwiches that remained meatballs>
Okay, let me >
Okay, let me >
Okay, let me think>
Okay, let's see the number >
To solve the number > 

Okay, let's try to be sure to be sure you need to compute the total number of meatballs in the sub sandwiches that remained > 

Okay, let's see the number >
Okay, let's try to solve this is the number > 

Okay, let's see the explanation >
Okay, let's try to find the answer here >

Okay, let's try to find the answer here >

Okay, let's see the number of meatballs in the sub sandwiches that remained meatballs>
Okay, let's try to solve this step by step, 18>
Okay, let's try to find the answer here >

Okay, let's>
Okay, let's>

Okay, let's try to solve this step",False,True,captured
gsm8k_1069,gsm8k,0.6B,4,stochastic,999,11.4587,143.03,44.38,256,22.34,406,155,102,0.3818,1.52,False," Let's solve this problem. 

First, we have to find the total number of tons of fertiliser that reached by breaking it step by step. First, let's first. 

First, we have to find the total number of tons of fertiliser. 

First, we need to find the total number by breaking it down to find the problem step by step.

First, we need to calculate the total number of tons of fertiliser that reached by the step by step. First, step by step. First, we need to find the total number by breaking it down into steps by breaking it down step by step.

First, we need to calculate the total number of tons of fertiliser that step by step. First, we need to find the total number of tons of fertiliser that is as follows:

First, we need to find the total number of tons of fertiliser.
Okay, let's see step by step. First, let's see step by step.

First, we need to find the total number by breaking it down into steps by breaking it down into steps by breaking it down into steps.

First, we need to find the total number of the total number by breaking it down into steps. 

First, we need to understand the problem step by step",False,True,captured
gsm8k_1070,gsm8k,0.6B,4,stochastic,999,13.9914,139.37,54.32,256,18.3,497,132,125,0.2656,1.06,False,"  (Note: 1 dozen is  is  is  is 1 dozen is 12, is 12.  is 12 = 12)

Okay, let's see.  is 1 dozen is 12. 36 dozen is 1 dozen is 12, which is 12, is 12.)

Okay, let's make  is 12.00000.  is 12.  is 12.)

Okay, let's you are  is 12.)

Okay, let's mea croissants = 1 dozen)

Okay, let's just means 1 dozen is 12 is 12.)

Okay, let's see,  is 12.)

Okay, let's clarify: 120. is 12.)

Okay, let's say  is 12.)

Okay, let's say  is 12.)

Okay, let's see,  is 12.)

Okay, let's clarify the question is  is 12.)

Okay, let's see,  is 12 items is 12.)

Okay, let's see,  is 12.)

Okay",False,True,captured
gsm8k_1071,gsm8k,0.6B,4,stochastic,999,15.8536,138.5,61.63,256,16.15,566,114,142,0.2014,0.8,False," 

Okay, let's see.>

Okay, let's see.>

Okay, let's calculate the total cost in the total cost in the box >

Okay, let's see below >
Okay, let's think>
Okay, let's calculate the total cost in numbers >

Okay, let's think>
Okay, let's see the total cost in numbers >

To determine the total cost of the theater_cost>
Okay, let's think>
Okay, let's see below >
Okay, let's see the cost of the total cost in the total cost in dollars >

Okay, let's see the total cost in the total cost of the total cost in numbers >

Okay, let's cost > 

Okay, let's see below >

Okay, let's see the total cost of the cost in dollars >
Okay, let's see below

Okay, let's see the total cost of the party cost in the total cost is the total cost in the cost of the party cost of the cost in the total cost is the total cost of the cost in dollars >
Okay, let's see the total cost of the party cost in dollars>
Okay, let's see below > 

Let me think>
Okay, let's see the cost of the party cost in the total cost of the cost",False,True,captured
gsm8k_1072,gsm8k,0.6B,4,stochastic,999,10.8946,138.64,42.18,256,23.5,386,160,97,0.4145,1.65,False," Let's solve this step by step by step.

First, we go step by step.

Step 1: Find out how much money Maggie spent a step by step.

Step 1. 

Step 1. First, we need to find out how much money step by step:

First, let's solve this problem together. 

Step 1: Find out how much money.

Step 1: 

Step 1. First, we need to step by step:

First, let's solve this step by step.

Step 1: Find out how much money step by step.

Step 1: Find out how much money Maggie spent a step by step.

First, we go step by step and step by step.

First, we need to solve this step by step.

First, let's find out how much money Maggie spent a step.

Step 1: Find out how much money.

First, let's find out how much money Maggie had $ step by step.

First, we go step by step.

Okay, let's see step by step.

First, we go step by step.

Okay, let's see step by step.

First, we need to find out how much money step by step.

First, we go step by step.

Okay, let",False,True,captured
gsm8k_1075,gsm8k,0.6B,4,stochastic,999,16.0885,137.52,62.55,256,15.91,572,113,143,0.1976,0.79,False," 

Okay, let's try to figure out the number >
Okay, let me think>
Okay, let me think>
Okay, let me think>
Okay, let me think>
Okay, let me think>
Okay, let me think>
Okay, let me think through the number > 

Okay, let me think>
Okay, let me think>
Okay, let's>

Okay, let me think>
Okay, let's try to figure out of the number > 

Wait, the problem says she has to be careful thinking process > 

Wait, the problem is the number > 

Wait, the problem > 

Okay, let's>
Okay, let me think>
Okay, let me think step by step-by>
Okay, let me think through the process >
Okay, let me think through the problem step-by>
Okay, let's>

Okay, let me think step by step-by>
Okay, let's>

Okay, let's number >
Okay, let's>

Okay, let's

Okay, let's try to figure out the total number >.
Okay, let me think through the problem step-by>
Okay, let me think through the process >

To solve the problem step-by>
Okay, let's try to think step by step-by>
Okay, let's",False,True,captured
gsm8k_1082,gsm8k,0.6B,4,stochastic,999,12.7077,139.39,49.29,256,20.15,450,142,114,0.3156,1.25,False,"  How much distance did he cover in total?

Wait, the store?

Wait, the store?

Wait, the store?

Wait, the question is he cover in total?

Okay, let's see. How much distance did he cover in total?

Okay, let me to walk in total?

Wait, the question?

Wait, there?

Wait, the question?  cover in total?

Okay, in total?

Wait, there?

Wait, the question is he cover in total?

Okay, in total?

Okay, let's see, in total?  How much distance did he cover in total?

Okay, let me?  cover in total?

Wait, that he cover in total?

Wait, the store?

Wait, the question: How much distance did he cover in total?

Wait, the question?

Wait, the question?

Wait, the store?

Wait, the question: How much distance did he cover in total?

Let me think he cover in total?

Wait, in total?  How much distance did he cover in total?

Okay, in total?  How much distance did he cover in total?  How much distance did he cover in total?

First, find?  How much distance did he cover in total?

Okay, in total walk in total",False,True,captured
gsm8k_1089,gsm8k,0.6B,4,stochastic,999,10.2617,139.36,39.7,256,24.95,363,165,92,0.4545,1.79,False," 

Okay, so Nathan has a problem. So Nathan has a bouncy ball that problem. So Nathan has this problem. So Nathan has this problem. So Nathan has this problem. So Nathan has this problem. So Nathan has this problem. So Nathan has this problem. So Nathan has this problem. So Nathan has this problem. So Nathan has this problem. So Nathan has a bouncy ball that problem. So Nathan has this problem. So Nathan has this problem. So Nathan has this problem. So Nathan has this problem. So Nathan has this problem. So Nathan has this problem. So Nathan has a bouncy ball that problem. So Nathan has this problem. So Nathan has a bouncy ball that problem. So Nathan has a bouncy ball that problem. So Nathan has this problem. So Nathan has a bouncy ball problem. So Nathan has this problem. So Nathan has a bouncy ball that problem. So Nathan has this problem. So Nathan has this problem. So Nathan has a bouncy ball that problem. So Nathan has a bouncy ball that problem. So Nathan has this problem. So Nathan has this problem. So Nathan has this problem. So Nathan has a bouncy ball that problem. So Nathan has a bouncy ball that problem.",False,True,captured
gsm8k_1091,gsm8k,0.6B,4,stochastic,999,13.3497,140.22,51.8,256,19.18,473,138,119,0.2918,1.16,False," What is the total amount?

Wait, the orchard earned by which the orchard earned by which the orchard earned?

Wait, the orchard earned?

Wait, the orchard earned?

Wait, the question is asking for the day?

Wait, the question is the orchard earned?

Wait, the question is the orchard earned?

Let me the orchard earned?

Wait, the orchard earned?

Okay, in dollars earned?

Okay, let's see. What is the total amount earned?

Let me think. So, the orchard earned?

Wait, the question is the orchard earned?

To be?

Wait, the question is a customer paid by which the orchard earned?

Okay, let's see? What is the total amount?

Okay, let me?

Wait, the question?

Okay, let me the orchard earned by the orchard earned by which the orchard earned by which the orchard earned by which the orchard earned?

Let me think. What is the total amount?

Wait, the question is not including the cost of the apples sold?

Wait, the question is the orchard earned?

Okay, let me? (in dollars?

Okay, let me and how much did the orchard earn?

Wait, the question is",False,True,captured
gsm8k_1102,gsm8k,0.6B,4,stochastic,999,15.1015,143.99,58.66,256,16.95,538,121,135,0.2249,0.9,False," To solve this problem, To solve step by step, you need to calculate the total amount of course of course of action must first calculate the total amount of course of action is it is it is important steps are there are you need to calculate the total amount of the charge the following steps are you need to calculate the total the steps are there any steps you need to know that is it is it is important to first, you need to calculate the initial balance is it necessary steps are needed to calculate the steps are there any mathematical operations must first calculate the total the steps are as you need to calculate the initial balance is it necessary steps are:

First, calculate the initial balance is it necessary to solve for each step must first calculate the total amount of charges are you need to follow these steps are you supposed that is, you need to find the total amount of charges are added the steps are needed to compute the total the steps are: 

Step 1: Calculate the steps are needed to find the total amount of the steps are: 

Step 1: 

First, let's break it is it necessary to calculate the steps are there are two steps are you need to compute the total amount of course of action is it necessary to find the total amount of charges are added the charges",False,True,captured
gsm8k_1107,gsm8k,0.6B,4,stochastic,999,11.6145,137.14,45.01,256,22.04,412,154,103,0.3738,1.5,False, Let's say that  is 40% of the school has been a school population is the school population is the school population is 40% of the school has a school population is the school has a population is the school has been a school with the school has a school population is 40% of the school has a school population of the school has 40% of the school has a total number of girls are 100% of the school population is 100.40% of the school population is 100% represents the school has a population of 100% of the school population is 100% of the school population is 40% of the school population is made up of 240% of the school population is the school has a school population of 40% of the school has a population is 240 boys are 40% of the school has 100% represents the school has been the school has 40% of the school population is made up of 240 boys are 100% represents the total school population is P is the total number of girls is 100% of the school population,False,True,captured
gsm8k_1108,gsm8k,0.6B,4,stochastic,999,16.6963,138.94,64.93,256,15.33,591,109,148,0.1844,0.74,False," 

Okay, let's see.>

To determine the total amount after calculation steps here put the final answer >
To determine the total cost of the total cost of the total amount > 

To determine the total cost of the problem solution here put the answer >
To determine the total cost step-by>
Okay, let's see.>

To determine the total cost of pots_price>
Okay, let's see the correct answer >
To determine how much did not sure to be careful calculation steps here > 

To determine the total cost after calculation > 

Okay, let's>

To determine how much did not have to do the total cost of the problem. 

Let me think.>
Okay, let's see below




Final Answer>
Okay, let's see below >
To determine how much did she spent at the gardening shop.

To determine how much did she spend? 

Let me solve this step by step and then your answer here put your answer here >
To determine the total cost of the answer here >
To determine how much did she spend? 

Okay, let's see below > 

Let me calculate the total amount >. Let's solve the problem step by step-by> 

Okay, let's see the total amount > 

To determine how much did she",False,True,captured
gsm8k_1110,gsm8k,0.6B,4,stochastic,999,12.2405,139.69,47.45,256,20.91,432,147,109,0.3403,1.35,False," Let's solve this problem step by step, step by step, starting by breaking it step by step, step by step, and make sure to include all the way. 

First, we need to figure step by step, step by step, and answer step by step. First, find out how many ways. 

First, we need to find the same as a step by step, step by step, using the given information.

First, let's calculate the total miles per the problem step by step. First, let's see if the problem step by step, step by step, step by step, step by step, to understand the problem first. 

First, we need to find the same as the problem step by step. 

First, let's find out step by step, step by step, carefully. First, we need to find the same as the example by first by first. Soled step by step, and see how it's steps together. 

Okay, let's solve it step by step, step by step, step by step, step by step, carefully.

First, let's solve it step by step, step by step, step by step, step by step, step by step, step by step, carefully. First, find the",False,True,captured
gsm8k_1115,gsm8k,0.6B,4,stochastic,999,9.5142,141.25,36.76,256,26.91,334,173,84,0.518,2.06,False," Let's solve this step by step by step.

Okay, let's see. Step 1: Determine the total amount of money step by step.

Okay, let's solve this step by step.

Okay, let's solve this step by step.

Okay, let's solve this step by step.

Okay, let's see step by step.

Okay, let's solve this step by step.

Okay, let's see step by step.

Okay, let's see step by step.

Okay, let's see step by step.

Okay, let's see step by step.

Okay, let's see step by step.

Okay, let's see. 

Step 1: Determine the total amount of money step by step. Step 1: Determine the total amount of the problem together.

Okay, let's see step by step.

Okay, let's solve this step by step.

Okay, let's see step by step.

Okay, let's see step by step.

Okay, let's see step by step.

Okay, let's see step by step.

Okay, let's see step by step.

Okay, let's see. 

Okay, let's see step by step.

Okay, let's see. 

Okay, let's see step by step.

Okay,",False,True,captured
gsm8k_1122,gsm8k,0.6B,4,stochastic,999,13.6666,141.7,53.04,256,18.73,484,135,121,0.2789,1.12,False," (The fifth worker is part of the 5 workers available workers available workers available to the 5 workers.)

Okay, let me the 5 workers available workers available to the 5 workers available workers.)

Okay, let's say the 5 workers.)
Answer: the 5 workers available to the 5 workers available workers.)

Okay, let's say the 5 workers, the 5 workers available.)

Okay, let's the 5 workers.)

Okay, let's say the 5 workers.)

Okay, let's say the 5 workers.)

Okay, let me five workers.)

Okay, let's say the 5 workers.)

Okay, let's see the 5 workers.)

Okay, let's say the 5 workers.)

Okay, let's see the 5 workers.)

Let me check.)

Okay, let's see the 5 workers.)

Okay, let's say the 5 workers that 5 workers available workers.)

Okay, let's say the group of 5 workers.)

Okay, let's say the 5 workers.)

Okay, let's say the 5 workers.)

Okay, let me the 5 workers available workers.)

Okay, let's try to get the 5 workers.)

Let me check the 5 workers.)

Let me check the question",False,True,captured
gsm8k_1128,gsm8k,0.6B,4,stochastic,999,12.8112,137.52,49.7,256,19.98,455,143,114,0.3143,1.25,False," Let's solve this problem. 

Step 1: Let's solve this step by step. First, step by step. We are you need to figure by setting up an age problem step by step. First, step by step. 

Step 1: Let's solve it step by step. 

Okay, let's see. 

Step 1: Let's solve this step by step. First, we need to find the problem step by step. 

First, we have two years ago, Liam was two years ago, Liam was  step by step. First, we need to find the same as a step by first by using the equations. Let’s problem step by step. 

First, we have to find out step by step. 

First, we need to find the same as the same as the problem step by step. 

First, we need to find the problem step by step, step by step. 

First, we have two years ago, Liam was a step by step, step by step. First, we need to find the problem step by step. 

Okay, let's see the problem step by step. First, step by step, step by step, step by step, step by step, step by step, step by step",False,True,captured
gsm8k_1129,gsm8k,0.6B,4,stochastic,999,12.8265,139.4,49.75,256,19.96,455,142,115,0.3121,1.23,False," Please put your final answer within \boxed{}.

Let me think about the box.

Let me think carefully within \boxed{}.

Let me in \boxed{}.

Okay, let's see the box.

Let me think.

Okay, let me in \boxed{}.

Okay, let me in \boxed{}.

Let me in \boxed{}.

Let me think.

Okay, let me in \boxed{}.

To the box.

Okay, let me in \boxed{}.

To the box.

Let me try to put your final answer within \boxed{}.

Step 1: Let's number in \boxed{}.

Okay, in \boxed{}.

Let me think. into \boxed{}.

Let me think. into the box.
Okay, let's see the box.

Okay, let's box.

Let me think about the number in \boxed{}.

Okay, let me in \boxed{}.

Okay, let's see below within \boxed{}.

Okay, let's box.

Okay, let me know in \boxed{}.

Let me think.
Okay, let's try to be in \boxed{}.

To the box.

Okay, let me in \boxed{}.

Let me think.

Okay, in \boxed{}.

Let me think. Please put",False,True,captured
gsm8k_1132,gsm8k,0.6B,4,stochastic,999,11.1781,137.93,43.29,256,22.9,396,157,100,0.3965,1.57,False," Let's solve this step by step by step.

Step 1: Find the total amount by step by step. First, we go step by step:

Step 1: Find the total step by step:

Step 1: Find the total amount of money they all step by step.

First, we go step by step.

Step 1: Find the total amount by step. First, we need to solve this problem.

Step 1: Find the total amount of step by step:

First, we need to step by step:

Step 1: Find the total amount of money they all step by step:

Step 1: Find the total amount of money they all have together?

Okay, let's see step by step:

Step 1: Find out.

Step 1: Find the total step by step:

First, step by step.

First, find out.

Step 1: Find the total step by step.

Step 1: Find out.

Step 1: 

Step 1: Find the total amount of money they all step by step.

First, find out how?

Okay, let's see step by step.

First, step by step:

Step 1: Find the total amount of money they all have together?

Okay, let's",False,True,captured
gsm8k_1135,gsm8k,0.6B,4,stochastic,999,15.7214,137.97,61.11,256,16.28,559,117,140,0.2093,0.84,False," 

Okay, let's see.> 

Let me think this is 30>
Okay, let's see below >
Okay, let's see the total number of blue birds >

To solve this problem, we need to calculate the total number of blue birds >
To find the total number of the total number >
To solve step-by-step explanation here put your answer here > 

Okay, let's think>
Okay, let's see the sum of all steps > 

Let me solve step by step >

Let me think>
Okay, let's see the total number of blue birds >
To find the total number of the total number of blue birds > 

Okay, let's see the total number of blue birds >

Let me think this is a number > 

Okay, let's see the problem.>

Okay, let's think>
Okay, let's see the step-by-step>
Okay, let's see the answer >
To solve step-by>
Okay, let's see the step-by>

Okay, let's see. 

Okay, let's see the total number of blue birds>
Okay, let's see below






To find the total number of blue birds>
Okay, let's see, 3180>
Okay, let's",False,True,captured
gsm8k_1141,gsm8k,0.6B,4,stochastic,999,13.2602,138.42,51.46,256,19.31,471,139,118,0.2951,1.18,False," Also, what is the...? (The question? 10? 

Wait, the problem asking for the total number of the total number of eggs that the total number of eggs per day rate of the total number of eggs per day average number of eggs that is the total number of eggs Chester's total number of eggs consumed eggs per day on average number of eggs in the total number of eggs Chester's value of the total number of eggs heaviest weight of the number of eggs he will beaveragric of the eggs per day average number of eggs per day of the number of eggs he will have to beaver's average number of eggs he total number of eggs in the problem asking for?

Wait, the total number of eggs consumed eggs per day average?

Wait, the question seems like a) total number of eggs he total number of eggs eaten eggs per day average?

Wait, the question says in the problem's average number of eggs per day when the eggs per day rate of the number of eggs that the total number of eggs per day average number of eggs per day when he total number of eggs he will be the total number of eggs he consumes of the number of eggs Chester's total number of eggs heaviest number of eggs per day that number of eggs he",False,True,captured
gsm8k_1143,gsm8k,0.6B,4,stochastic,999,8.8867,139.08,34.3,256,28.81,313,177,79,0.5655,2.24,False, A.  3 A.  30 B.   B.  6 C.  30 B.   B.   B.  40 B.  30 B.  4 B.  4 B.  60 B.  30 B.  30 B.   B.  4 C.  30 B.  4 C.  30 B.   B.  6 C.  30 B.   B.  60 B.   B.  4 C.  30 B.   B.  30 B.  30 B.  30 B.  60 B.   B.  40 B.  40 B.   B.  30 B.  30 B.   B.  30 B.   B.  6 C.  30 B.  60 B.   B.  4 C.  4 B.  60 B.   B,False,True,captured
gsm8k_1147,gsm8k,0.6B,4,stochastic,999,13.9158,141.04,54.02,256,18.4,493,132,124,0.2677,1.06,False,"  (The number of days (The number of days) must be an artist needs to be an integer, which is an integer) must be an integer.)

ToComplete the problem by which is the number of days required is an artist must be an integer.)

To complete must be an integer, must be an integer, so that she works as a whole number must be an integer.)

To complete the project must be an integer, so that she works must be an integer.)

ToComplete the question) should be an integer.)

To complete must be an integer.)

Answer must be an integer.)

ToComplete the problem.)

To complete days must be an integer.)

ToComplete is not necessarily must be an integer.)

To complete the project is an integer, which she works must be an integer.)

To complete the project is the project must be completed must be an integer.)

To complete the project is not to complete each day she works must be an integer)
Answer must be an integer.)

To complete the project is the project must be completed must be an integer.)

To complete the project is the project must be completed in the project will be an integer.)

ToComplete the question is not being an artist needs to complete must be an integer.)

ToComplete the problem is only, in the project will",False,True,captured
gsm8k_1148,gsm8k,0.6B,4,stochastic,999,11.7128,137.84,45.39,256,21.86,415,152,105,0.3663,1.45,False," Let's solve this step by step.

Step 1: Determine the total number of eggs. 

Step 1: Determine the total number of step.

Step 1: Three dozen eggs is  by step.

First, determine the total number of eggs.

Step 1: Determine the total number of eggs.

First, determine how?

Okay, let's see step.
Okay, let's solve this step by step.

Step 1: Determine the total number of eggs.

First, determine how many step.
Okay, let's solve this step by step.

First, determine how many eggs. 

Step 1: Determine the total number of eggs.

Step 1: Determine the total number of eggs.

First, we need to find out how many step.
Okay, let's solve this step by step.

First, we go step.

First, determine how many eggs.

Step 1: 

Step 1: Determine the problem.

First, we go step by step.

First, we go step by step.

Step 1: Determine the problem.

First, we need to find the problem.

First, determine the problem.

First, determine how?

Okay, let's solve this step by step.

Step 1: Determine the total number of eggs.

Step",False,True,captured
gsm8k_1150,gsm8k,0.6B,4,stochastic,999,10.4026,138.87,40.25,256,24.61,366,165,92,0.4508,1.79,False," Let's solve this step by step.

Step 1: Start with  by step.

Step 1 by step.

Step 1 by step.
Step 1: Start with 30 roses. First, Patricia starts.

Step 1 by step.
Step 1: Start with 30 roses. 

Step by step. 

First, Patricia starts with  by step.
Step 1: Start with 30 by step.
Patricia started.

Patricia starts.

Patricia starts. First, Patricia starts with 30 by step.
Patricia starts with 30- by step.
Step 1: Start with 30 roses. Step by step.
Step 1: 

Step 1: Start with 30 roses. First, Patricia starts with  by step.
Patricia starts with 30- by-step.

Step 1: 

Step 1: 

Step 1: 

Step 1: 

Step 1: 

Step 1: 

Step 1: 

Step 1: 

Step 1: 

Step 1: 

Step 1: 

Step 1: 

Step 1: 

Step 1: 

Step 1: 

Step 1: 

Step",False,True,captured
gsm8k_1154,gsm8k,0.6B,4,stochastic,999,13.8524,138.19,53.78,256,18.48,492,134,123,0.2724,1.09,False," Let's solve this problem. 

Okay, let's see. 

First, we need to find the problem step by by breaking it down step by step:

Okay, let's see if he eats 4 carrots each step by breaking it down step by step, step by step.

First, we need to calculate the problem step by step. First, we need to calculate the total carrots per step by breaking it down step by step by step:

Okay, let's see if he eats 4 carrots per step by breaking it down into steps:

Okay, let's see step by by breaking it down step by step.

First, step by step. 

Okay, let's see. 

First, we need to find out how many carrots per step by by breaking it down into steps:

Okay, let's see how many carrots per step.

Okay, let's see how many carrots per step.

Okay, let's see step by by breaking it down into steps.

Step 1: Find the total carrots per step by breaking it down into steps by breaking it down step by by breaking it down step by by breaking it down into steps. 

Okay, let's see how many carrots per step.

Okay, let's see step by step. First, we need to",False,True,captured
gsm8k_1157,gsm8k,0.6B,4,stochastic,999,13.5692,138.44,52.67,256,18.87,478,136,121,0.2845,1.12,False," 

Okay, let's see the answer >
Okay, let's see below

Okay, let's think>
Okay, let's think>
Okay, let's think>
Okay, let's see below >
Okay, let's see below >
Okay, let's see the answer >

Okay, let's think>
Okay, let's think>
Okay, let's see below

Okay, let's try to find the number >
Okay, let's think>
Okay, let's see below
Okay, let's think>
Okay, let's cane length in feet > 

Okay, let's cane length in feet >

Okay, let's see below

Okay, let's cane length in feet >

Let me think through the problem step-by-step-replace answer here >

Okay, let's think>
Okay, let's see below > 

Okay, let's cane length in feet >

Okay, let's see below >

To determine the answer >
Okay, let's see below >

Okay, let's cane length > 

Okay, let's cane length in feet >

Let me solve the answer >

Okay, let's see the answer here >
Okay, let's see below > 

Okay, let's cane length in feet >

Okay, let's see the answer here >
To determine the",False,True,captured
gsm8k_1163,gsm8k,0.6B,4,stochastic,999,15.9694,136.8,62.09,256,16.03,566,114,143,0.2014,0.8,False," 

Okay, let's see.> 

Final Answer>
Okay, let's see. 

Okay, let's>
Okay, let's think>
Okay, let's think>
Okay, let's think>
Okay, let's see the number >
To determine the answer here >
To determine the number > 

Okay, let's see the number > 
Okay, let's think>
Okay, let's think>
Okay, let's see the number > 

Okay, let's think>
Okay, let's think step-by>
Okay, let's think>
Okay, let's see the number of the number >
To determine the number >.
Okay, let's see the number of face masks >. 

Okay, let's>

To determine the number >
To determine how many face masks does not sure, let's think step-by> 

Final Answer>
Okay, let's see the answer here >
To determine how many face masks does not sure >

Okay, let's see the number > 

Okay, let's see the answer here >
To determine how many face masks>
Okay, let's see the number >
To determine how many face masks per day >
To determine how many face masks>
Okay, let's see the number here >
Okay, let's answer > 

",False,True,captured
gsm8k_1167,gsm8k,0.6B,4,stochastic,999,15.8351,139.09,61.55,256,16.17,565,114,142,0.2018,0.8,False," 

Okay, let's see.>

To solve this problem, we need to calculate the answer >
Okay, let's think>
Okay, let's think>
Okay, let's think>
Okay, let's think>
Okay, let's think step by step-by>

Okay, let's think>
Okay, let's think step-by-step explanation > 

Okay, let's think>
Okay, let's think>
Okay, let's see the answer > 

To solve step-by- 

Okay, let's see below >
Okay, let's think step-by-step-express the number > 

Final Answer>
Okay, let's see the answer >
Okay, let's think step-by>
Okay, let's think step by step-by>
Okay, let's see below >
To solve step-by- 160>
Okay, let's see the answer here put your answer >
To solve this problem, we need to calculate the value >
To solve step-by-step explanation > 

To solve the problem step-by-step>
Okay, let's see below >
To solve this problem, we need to calculate the value of 122220>

To solve this problem, 160>
Okay, let's see the number >
Okay, let's see the",False,True,captured
gsm8k_1172,gsm8k,0.6B,4,stochastic,999,15.4698,139.57,60.12,256,16.55,553,118,139,0.2134,0.85,False," 

Okay, let's see. 
Okay, let's think>
Okay, let's think>
Okay, let's think>
Okay, let's think>
Okay, let's see the total number of clouds counted on the number >
Okay, let's think>
Okay, let's think>
Okay, let's think>
Okay, let's see the number > 

Okay, let's think>
Okay, let's think>
Okay, let's see the total number of clouds counted >
Okay, let's see the total number of clouds counted across all numbers >

Okay, let's see the total >

Okay, let's see the number > 

Okay, let's count the total >

Okay, let's see the number >
Okay, let's see the total number of clouds counted on Monday: 3 + 30>
Okay, let's think step-by- 175757>
Okay, let's see the number >
Okay, let's see the total number of clouds counted on the number >
Okay, let's see the number >. 

Okay, let's see the number > 

Okay, let's see the number of the number >
Okay, let's final answer here >
Okay, let's see the total number of clouds >
Okay",False,True,captured
gsm8k_1176,gsm8k,0.6B,4,stochastic,999,13.3189,145.24,51.66,256,19.22,471,139,118,0.2951,1.18,False," 

Okay, let's try to be sure, the number > 

Okay, let's try to figure out of the number >
Okay, let's think>
Okay, let's think>
Okay, let's think>
Okay, let's try to find the answer > 

Okay, let's try to find the number of days >

Okay, let's think>
Okay, let's think>
Okay, let's try to solve the problem step by step-by-1>
Okay, let's think>
Okay, let's try to write the answer >
Okay, let's try to find the answer step-by>
Okay, let's try to find the answer step-by-1>
Okay, let's think through the problem step-by>
Okay, let's try to find the answer step-by-the number >
Okay, let's try to find the answer step-by-the-end>
Okay, let's try again>
Okay, let's try to solve the problem step by step-by-the number >
Okay, let's try again

Okay, let's try to find the answer here > 2 >

Okay, let's try to find the answer here >.
Okay, let's try again > 

Okay, let's answer>
Okay, let's try to figure out the problem",False,True,captured
gsm8k_1179,gsm8k,0.6B,4,stochastic,999,14.3277,137.25,55.65,256,17.87,512,128,128,0.25,1.0,False," (Assume that 0 is not all other teeth are broken teeth are broken teeth are broken and  is not a tooth is not a valid decimal places are broken teeth are removed teeth are broken teeth are broken teeth are broken, the dentist does not count as a percentage of the teeth are broken, and the dentist does not all other teeth are damaged teeth are broken.)

Okay, let's see is not all of the teeth are broken,  is not considered as a percentage is not all the dentist doesn't count as a tooth is not a tooth is not a valid answer is not a valid teeth are broken and 1% is not an tooth is not a valid answer.)

Okay, let's see the dentist doesn't count as a tooth is not a valid teeth are missing teeth are missing teeth are broken.)

Okay, let's see the problem as a tooth is not all of James has no teeth are broken and  is not a valid answer.)

Okay, let's assume that 0000000000000000000000000000000000000000000000000000000000",False,True,captured
gsm8k_1184,gsm8k,0.6B,4,stochastic,999,16.1103,139.6,62.63,256,15.89,575,111,145,0.193,0.77,False," 

To calculate the total cost of the 18518518*>
To find the cost of coal_cost>
To calculate the total cost of the total cost of the calculation steps here put your answer > 

To calculate the total cost of the problem solution > 

To calculate the total cost of the cost of one hundred thousand dollars.

To determine the number > 

To determine the number of bags >
To determine the total cost of the total cost in numbers only the cost of the cost of the cost of order cost > 

Final Answer: <

Okay, let's see.>

To calculate the total cost of the total cost in dollars>
To determine the number of bags needed to be careful calculation steps here >

To calculate the total cost of the cost of the coal_order_cost>
To calculate the total cost of coal_order_cost>
To determine the total cost in the total cost in the cost > 

Final Answer>
To calculate the total cost of the cost of one hundred thousand dollars.
To determine the total cost in the answer here put your answer here put the total cost in the number >
To solve step-by>
To determine the total cost in numbers >

To calculate the total cost of the cost of the total cost in numbers, let's calculate the answer",False,True,captured
gsm8k_1188,gsm8k,0.6B,4,stochastic,999,11.923,137.85,46.22,256,21.47,423,151,106,0.357,1.42,False," Let's solve this problem.  step by breaking it's step by step, step by step, step by step, step by step, using the problem step by step, step by step, using the problem is a step by step, step by step, using the problem says that is a step by step. 

Okay, let's see.  step by step, step by step, keeping track by breaking it down step by step, step by step, step by step, step by step, step by step, step by step, step by step, using the problem is a two ways.  First, let's see if the problem step by step, step by step, keeping track of the age problem step by step, and see if we know that is  step by step, step by step, keeping track of Digimon had its 20th step by step, step by step, one step by breaking it down step by step by step, step by step, using the problem is asking for the age of Jim's age problem step by step, step by step, step by step, breaking it down step by step, step by step, one step by breaking it down step by step, step by step, step by step, step by step",False,True,captured
gsm8k_1191,gsm8k,0.6B,4,stochastic,999,15.3117,138.79,59.5,256,16.72,545,120,137,0.2202,0.88,False," 

Okay, let's see.>

To determine the total cost of the total cost in dollars>
Okay, let's see solution >
Okay, let's see the cost of the problem answer here >
Okay, let's see the total cost in the cost of the hair length of the total cost > 

Okay, let's see the total cost in dollars>
Okay, let's see the steps > 

Okay, let's see the calculation here write the cost of color cost > 

To determine the total cost of the problem solution > 

Okay, let'something>
Okay, let's see, let's see the answer here put your answer here >

Okay, let's see. 

Okay, let's see the steps > 

Okay, let's see, the problem solution > 

Okay, let's> 

Okay, let's>

To determine the total cost of the total cost >
Okay, let's see the step-by>

Okay, let's see. 

Okay, let's see, let's calculate the total cost in the total cost >
Okay, let's see, the problem solution > 

Okay, let's see, the problem solution here >
Okay, let's see the steps here > 

Let me solve the total cost in the box >
Okay,",False,True,captured
gsm8k_1193,gsm8k,0.6B,4,stochastic,999,12.5678,138.82,48.74,256,20.37,444,146,111,0.3288,1.32,False," Let's solve this problem.  step by first by first by first calculating the total amount by first by first calculating the amount step by step.  First, we need to calculate the total amount of the problem step by step. First, we need to calculate the total earnings step by step.  First, we need to calculate the amount for Jason's earnings step by step. First, we need to calculate the amount earned for each step by step.

First, I need to calculate the total earnings step by step. First, we need to calculate the total earnings by first finding the total amount of how much money earned by first by first finding the total earnings step by step.  step by step.

First, we need to calculate the total earnings by first calculating the total earnings step by step.  First, let's see if we can.

First, we need to calculate the amount of how much money earned. 

First, let's calculate how much money did this step by step. First, step by step, step by step. First, we need to find out step by step.  step by step. First, let's calculate the problem step by step. First, we need to calculate the total earnings by first calculating the amount earned by first calculating the total",False,True,captured
gsm8k_1194,gsm8k,0.6B,4,stochastic,999,17.8372,139.76,69.4,256,14.35,637,97,160,0.1523,0.61,False," 

Okay, let's see. 
Okay, let's see, let'sh2480>
Okay, let's see the number >
To solve this step-by-124800>
Okay, let's see the number >
To solve this problem number >
To solve this problem, we need to calculate the number of gallons of blood that ten sharks have to be sure to be sure to be sure to be filled in number >
To solve this step-by-step calculation here put final answer >
To solve this problem solution > 
Okay, let's see the number >
To solve the number >
To determine the total number of gallons of blood in the sea have to be sure to put your answer here >
To solve the number >
To solve the number >
To solve this is the number >
To solve this problem solution here put your answer here >
To solve this problem, let's see below
Okay, let's see the steps below > 

Okay, let's see the number >
To solve this step-by-step calculation here >
To solve this step-by-step calculation here put the number >
To solve this problem, we need to calculate the total number >
To solve this step-by-step calculation here >
To solve this problem number >
To solve this problem, let",False,True,captured
gsm8k_1198,gsm8k,0.6B,4,stochastic,999,13.3963,139.94,51.99,256,19.11,477,137,120,0.2872,1.14,False," 

Okay, let's see the total number of trees >
Okay, let's think>
Okay, let's think>
Okay, let's think>
Okay, let's think>
Okay, let's see the total number of trees >
Okay, let's think>
Okay, let's see the step-by-step reasoning steps >

To solve this problem, we need to calculate the total number of trees >
Okay, let's think>
Okay, let's think>
Okay, let's see the detailed steps > 

To solve this is the total number of trees >
Okay, let's think>
Okay, let's see the steps here >

Okay, let's see the steps here > 

Okay, let's number >

Okay, let's see the thought > 

To solve the total number of trees >
Okay, let's see the thought > 

To solve this is the total number of trees>
Okay, let's see the thought>
Okay, let's see the thought > 

Okay, let's number >
Okay, let's see the detailed steps here >
Okay, let's see the thinking process >

Okay, let's see the step-by-step calculation here >.
Let me think>
Okay, let's see the thinking>
Okay, let's see the thinking > 

Okay",False,True,captured
gsm8k_1204,gsm8k,0.6B,4,stochastic,999,14.5236,139.43,56.41,256,17.63,517,126,130,0.2437,0.97,False," 

Okay, let's see.>

Okay, let's see, let's number > 

Okay, let's think>
Okay, let's see below > 

Okay, let's see below >
Okay, let's see the number >
Okay, let's think>
Okay, let's see the number >
Okay, let's think>
Okay, let's think>
Okay, let's see the number >
Okay, let's see below >

Okay, let's>
Okay, let's think>
Okay, let's think>
Okay, let's see below

Okay, let's see the number of the number > 
Okay, let's see the number of shells>
Okay, let's think step-by>
Okay, let's see below > 
Okay, let's see the number of shells found by the way to be sure > 

Okay, let'sh20>
Okay, let's see below >

Okay, let's>

Okay, let's see the number of shells Gogetters shells>
Okay, let's see the number of shells found by 10>
Okay, let's see the number of shells Goget the number of shells found by the way to solve this is not enough information is 100>
Okay, let's see the",False,True,captured
gsm8k_1210,gsm8k,0.6B,4,stochastic,999,12.6022,138.65,48.88,256,20.31,448,144,112,0.3214,1.29,False," 

Okay, let's see.>

Okay, let's see, let's

Okay, let's see the number >
Okay, let's see the number >
Okay, let's see solution >
Okay, let's think>
Okay, let's think>
Okay, let's see solution here >
Okay, let's see the number > 

Okay, let's see the number > 

Okay, let's> 

Okay, let's think > 

Okay, let's

Okay, let's see the number of the number >
Okay, let's see solution > 

Okay, let's>

Okay, let's see the number of balloons thrown balloons thrown balloons thrown > 

Okay, let's>

Okay, let's see the number of balloons thrown > 

Okay, let's>

Okay, let's see the number of balloons thrown > 

Okay, let's>
Okay, let's see the number of balloons thrown >
Okay, let's see the number of balloons thrown > 

Okay, let's>
Okay, let's>

Okay, let's see solution here >
Okay, let's see the number of balloons thrown > 

Okay, let's>
Okay, let's>

Okay, let's see the number of balloons thrown balloons thrown > 

Okay, let's",False,True,captured
gsm8k_1212,gsm8k,0.6B,4,stochastic,999,13.5754,139.45,52.69,256,18.86,484,136,121,0.281,1.12,False," 

Okay, let's see.>

Okay, let's see.>

Okay, let's see below >

Okay, let's think>
Okay, let's see the combined capacity of both schools is the answer here put your answer here >
Okay, let's think>
Okay, let's think>
Okay, let's see the combined capacity of both schools > 

Okay, let's see the combined capacity of both schools > 

Let me solve step-by- 

Okay, let's see below >
Okay, let's see below >

Okay, let's see below
Okay, let's try to solve this step by 3600>
Okay, let's try to compute the combined capacity of the combined capacity of both schools is the combined capacity of both schools > 

Okay, let's see the combined capacity of both schools > 

Okay, let's see below

Okay, let's see the reasoning steps here >
Okay, let's see below
Okay, let's try to find the combined capacity of both schools'360>
Okay, let's try to solve this is the combined capacity of both schools'900>
Okay, let's combined capacity of both schools > 

Okay, let's see the solution > 

Okay, let's see",False,True,captured
gsm8k_1213,gsm8k,0.6B,4,stochastic,999,12.1728,138.42,47.19,256,21.03,432,149,108,0.3449,1.38,False," Let's solve this problem. 

First, we have to find out step by step.

First, we need to find out how much will be breaking it step by step. 

First, we need to find out how much will be:

Okay, let's see if the same as follows these steps:

First, we need to find out how much does step by step. 

First, we need to find the problem step by step. 

First, we need to find the problem step by step.

First, we have to find out how much like a step by step. 

First, we need to find the problem step by step.

First, we need to find the same as follows:

First, we need to find the problem step by step. 

First, we have to find out how much like a mathem step by step. 

First, let's step by step. 

First, we need to find the problem step by step.

First, we need to find the problem step by step.

First, we need to find the same as before we have to find out how much like a mathem step by step, step by step. 

First, we need to find the problem step by step. 

First, we need to find out how much",False,True,captured
gsm8k_1214,gsm8k,0.6B,4,stochastic,999,11.6274,141.63,45.04,256,22.02,412,154,103,0.3738,1.5,False," Let's solve this step by step by step:

First, calculate the total number of diapers.

First, find out.

First, find the problem.

First, calculate the total number of diapers needed.
Step 1: Determine the total number of diapers needed to step by step:

First, find the total number of diapers needed per step by step:

First, calculate the total number of diapers needed to answer.
Step 1.  by step by step. First, we need to find the problem.

First, find the total number by step.

First, find the total number by step.

First, calculate the total number of diaper changes per day.

First, find the total number by step.  by step.

First, calculate the total number by step.  First, find the total number of diapers.

First, find the total number by step.

First, we go step by step.

First, we need to go step by step. First, find the total number of diapers needed.

First, find the total number of diapers needed.
Step 1: Determine the total number of diapers.

First, we need to find the total number of diapers.

First, find the total number by step. First, find the total number of diapers needed.
Step 1:",False,True,captured
gsm8k_1215,gsm8k,0.6B,4,stochastic,999,17.4521,145.56,67.87,256,14.67,621,100,156,0.161,0.64,False,"  (The volume = length × width × height.)

First, calculate the total length × × × ×.  s^3)

Okay, let's see. 6 x times the length × × ×, length x^3, s^3.)

Okay, let's say, length × × ×, where s^3, length × × ×, and the length x times the length × ×, length x width x^3.)

First, calculate the total volume = length × width × height times the length x times the length × × × × × × × )

Okay, let's say, s^3, where s^3, and the volume of length x times the length × width x length × width × height.)

Okay, let's length × × ×, side length cubed. 6 x times the length times the length x width times height times the length × × × = length x width x height.)

Okay, let's say,  side length cubed length x width x height.)

Okay, let's say, s^3, side length cubed.)

First, calculate the total length x by length x width x height times the length times the length × × ×. 123, side length cubed.)

Okay",False,True,captured
gsm8k_1224,gsm8k,0.6B,4,stochastic,999,13.2392,138.72,51.37,256,19.34,471,137,119,0.2909,1.15,False," Let me solve this problem. 

Okay, let's see. So, step by step. First, let me think step by step. First, let me think step by step. First, let me think step by step. First, let me think step by step. 

First, we need to find the problem. 

Okay, let me think step by step. 

Okay, let me step by breaking it down step by step. First, let me step by step. First, let me think step by step. First, let me think. So, step by breaking it down step by step. 

First, we have to find the amount of rain on Monday's steps. So, the amount of rain on Monday is expected to rain on my answer.
Okay, let's answer step by step.

Okay, let me step by step. First, step by first. So, the problem says that is  step by step. First, let me think. So, the problem says that is by breaking it's problem. 

Okay, let me think step by step. First, let me think. So, step by step. First, step by breaking it down step by step. First, let me think. So, the problem says that is a",False,True,captured
gsm8k_1234,gsm8k,0.6B,4,stochastic,999,12.1184,139.94,46.97,256,21.12,430,149,108,0.3465,1.38,False," Let's solve this step by step by step.

Step 1: Determine the total number by step by step.

Step 1. So, Regina wrote 9 is step by step.
Okay, let's solve this step by step.

Step 1: Determine the total number of step by step.

First, we need to find the problem.

Step 1: Determine the total number of novels Regina wrote  by step.

Step 1. Let's call the problem.
Okay, let's solve this step by step.

Step 1: 

Step 1. 

Step 1: 

Step 1: Understand the problem: 

Step 1: Determine the total number of novels Regina wrote 1. 

Step 1: 

First, we need to find the problem.

Okay, let's solve this step by step.

Step 1: Let's problem.

Step 1: 

Step 1: 

First, we need to find the total number by step.

Step 1. So, the problem.
Okay, let's see step by step.

Step  by step.

Step 1: Determine the total number of novels Regina wrote step by step.
Okay, let's solve this step by step.

Step 1: Determine the total",False,True,captured
gsm8k_1238,gsm8k,0.6B,4,stochastic,999,12.1367,139.51,47.05,256,21.09,431,149,108,0.3457,1.38,False," Let's solve this problem. 

First, we need to find the problem step by step.  step by first. 

First, we need to find the problem step by step. 

First, step by step by first. First, we need to find the total cost per week first.  step by step.  step by step.  First, let's step by step. First, let's find out step by first finding the weekly first. First, we need to find the weekly first.  step by step. 

First, we need to find the total cost per week first.  The pasta costs $1. 

First, we need to find the total cost per week first.  step by step.

First, we need to find the total cost per week first.  The pasta costs $1. 

First, we need to find the first. 

First, we need to find the problem step by step.

First, we need to find the weekly first.  So first. First, we need to find the weekly first.  The pasta costs $1. 

First, we need to find the weekly first.  So, step by step, step by step:

First, we need to find the total cost per week first.",False,True,captured
gsm8k_1240,gsm8k,0.6B,4,stochastic,999,10.8517,140.97,42.0,256,23.59,383,160,96,0.4178,1.67,False," 

Okay, let's try to figure out how many bookcases. So, Elly figure out how many bookcases. So first to figure out how many bookcases. So, Elly's see. So Elly's see. So Elly's figure out how many bookcases. So Elly's see. So, I need to figure out how to figure out how to figure out how many bookcases. First, I need to figure out how many bookcases. So, I need to figure out how to figure out how many bookcases. So, I need to figure out how to figure out how many bookcases. So, Elly's bookcases. So, Elly's bookcases. So, Elly's bookcases. So, step by first to figure out how many bookcases. So, Elly's bookcases. So, Elly's bookcases. So, Elly's bookcases. So, Elly's bookcases. So, Elly's bookcases. So, step by first understanding the problem step by step. First, I need to figure out how to figure out how many bookcases. So, Elly's bookcases. So, Elly's bookcases. So, Elly's book",False,True,captured
gsm8k_1241,gsm8k,0.6B,4,stochastic,999,15.528,137.29,60.36,256,16.49,553,118,139,0.2134,0.85,False," 

Okay, let's see.>

Okay, let's think>
Okay, let's think>
Okay, let's think>
Okay, let's think>
Okay, let's think>
Okay, let's see solution >

To determine the answer here >
Okay, let's think>
Okay, let's think>
Okay, let's see the profit > 

Okay, let's think>
Okay, let's see the profit > 

To determine the profit > 

Final Answer>
Okay, let's see the answer >

Okay, let's see the number >

Okay, let's see the answer here put your answer >

Okay, let's see the profit > 

Okay, let's profit >.>

Okay, let's think step-by-0.>

Okay, let's think > 

To determine the profit step-by> 

Okay, let's think step by step-by>

Okay, let's see the answer here >

To determine the profit by step explanation > 

To determine the profit step by step calculation here > 

Okay, let's think > 

Final Answer: <

Okay, let's see the answer here >
Okay, let's see the profit in the profit > 

Okay, let's profit >.
Okay, let's see solution here >

Okay,",False,True,captured
gsm8k_1245,gsm8k,0.6B,4,stochastic,999,13.9083,139.5,54.0,256,18.41,496,133,124,0.2681,1.07,False," 

Okay, let's see.>

To solve this problem, we need to find the number of blueberry cubes>
Okay, let's see below > 

Okay, let's see below >

To solve this problem, we need to find the number of blueberry cubes>

Okay, let's see below

Okay, let's see below

Let'st>
Okay, let's see below >

Okay, let's see below > 

Okay, let's see below > 

Okay, let's see below >

Let me think>
Okay, let's see below >
To solve step-by> 

Okay, let's see below >
Okay, let's see below >

Let me try to find the number of blueberry_c>
Okay, let's see.>

Okay, let's see below >

Okay, let's see. Let me think>
Okay, let's see below >
Okay, let's see. 

Let me try to figure out the answer >
Okay, let's think>
Okay, let's see. 

Okay, let's see below >
To solve the problem step-by>

To solve step-by-step explanation >
To solve the problem step-by-step explanation >
Okay, let's see below > 

Okay, let's see.>

To solve this problem,",False,True,captured
gsm8k_1246,gsm8k,0.6B,4,stochastic,999,11.6411,139.22,45.11,256,21.99,413,153,104,0.3705,1.47,False," Also, compute the average points per game score per game score per game score per game for each year. 

Okay, let me of the number of points per game score per game for each year.

Wait, the question says ""points per game per game score per game for each year. (mean of the points she has scored per game over the number of points per game for each year. points per game for each year.

Wait, the number of points per game for each year.

Wait, the number of points per game for each year.

Wait, the problem. Also, compute the average points per game for each year. (mean) points per game for the number of points per game for the number of points she has scored per game score per game for each year.

Okay, per game score for each year. Also, compute the average points per game for the number of points she has scored per game over the points per game for the number of points she has scored per game over the number of points per game for each year.

To compute the average points per game for the number of points per game for each year.

Wait, the question: (mean of her score per game for the number of points she scored per game for the number of points she has",False,True,captured
gsm8k_1251,gsm8k,0.6B,4,stochastic,999,17.6121,141.58,68.51,256,14.54,628,98,158,0.1561,0.62,False,"  (The cube has 6 sides. 6)
Okay, let's see.  and is the answer is a total.)

Let me think. So the problem is it takes John 5 minutes total.)

Okay, let me, but the first side is the problem is 6 sides.)
Okay, let me re: front, back, left, 2nd)
Okay, let me know, 6 sides. 6 sides.)

Okay, let me re: front, back, left to solve it takes 6 sides total.)

Let me think.

Wait, but the problem says ""the cube has 6 sides, and you have to solve the problem in total.)
Okay, let me check the first side  and you have to solve in total.)

Let me check)

Okay, let me check that need to be careful with 6 sides.)
Okay, let me know that need to be solved)

Let me check the question is a total.)

Let me rephrase the question is 6 sides)

Let me check that.)

Let me try to solve for the problem is 6 sides total.)

Let me try to solve it in total.)

Let me check the first side is 5, each side)
Okay, let's total.)

Let me check)

",False,True,captured
gsm8k_1252,gsm8k,0.6B,4,stochastic,999,12.6738,139.02,49.16,256,20.2,449,144,113,0.3207,1.27,False," 

Okay, let's see if I can. 

Okay, let me think step by step. 

Okay, let me step by first. 

Okay, let me step by step. 

Okay, let me think step by step. 

Okay, let me think step by step by step:

Okay, let me think step by step. 

Okay, let me think. 

Okay, let me think step by step. 

Okay, let me think step by step:

Okay, let me think step by step. 

Okay, let me think step by step. 

Okay, let's step by step:

Okay, let me think. 

Okay, let me think. So, first. So, the problem says that step by step:

Okay, let me think step by step. 

Okay, let me think step by step:

Okay, let me think step by step. 

Okay, let me think step by step. 

Okay, let me think step by step. 

Okay, let me think step by step by step. So, the problem says that there are

Okay, let's step by step:

Okay, let's step by step:

Okay, let me think. 

Okay, let me think. So, step by step. 

",False,True,captured
gsm8k_1259,gsm8k,0.6B,4,stochastic,999,12.4812,141.43,48.39,256,20.51,444,145,111,0.3266,1.31,False," (June has 30 days in June has 30 in June has 30 days.)

Wait, the bakery is  in June has 30 days in June is 30 days in June is 30 days in June is 30 days.)

Okay, let's see note: June has is 30 days.)

Wait, that June has is 30 days.)

First, find the bakery is 30 days per year is 30 days.)

First, determine the bakery is 30 days.)

First, we are 30 days each year is 30 days.)

Wait, the bakery is open in June is 30 days)

First, we are 30 days.)

Wait, that June is 30 days)

First, we need to be 30 days.)

First, find the number of days in June is 30 days in June is 30 days in June is  in June is 30 in June is 30 in June is 30 days in June is 30 in June is 30 in June is 30 in June is 30 days)
Answer: <months in June is 30 in June is 3",False,True,captured
gsm8k_1261,gsm8k,0.6B,4,stochastic,999,11.949,138.69,46.32,256,21.42,423,150,107,0.3546,1.4,False," Let's solve this problem. 

First, let's see step by step.

First, we need to find the total cost per week by first. 

First, let's see step by step.

First, we need to find the problem step by step. 

First, we need to find the problem step by step. 

First, we need to find the problem step by step. 

First, we need to find the problem step by step. 

First, we need to find the problem step by step by first. 

First, we need to find the step by step. 

First, we need to find out step by step.

First, we need to find the problem step by step. 

First, let's see step by step.

First, we need to find the problem step by step. 

First, we need to find out step by step.

First, we need to find the problem step by step. 

First, let's see. 

First, let's see step by step.

First, let's see step by step.

First, we need to find the problem step by step by first calculating the cost per week first. 

Okay, let's see if the step by first. 

First, we need to find the problem step",False,True,captured
gsm8k_1273,gsm8k,0.6B,4,stochastic,999,9.8659,140.22,38.14,256,25.95,349,169,88,0.4842,1.92,False," 

Okay, so Mazie has 52 marbles total marbles. So Mazie has to solve this step by step. So Mazie has to solve this step by step. So Mazie has 521 marbles. So Mazie has  So Mazie has to solve this step by step. So Mazie has 521 marbles. So Mazie has 521 marbles. So Mazie has to solve this step by step. So Mazie has 52 marbles total marbles. So Mazie has 521 marbles. So Mazie has 52 marbles total. So Mazie has 521 marbles. So Mazie has 521 marbles. So Mazie has 52 marbles total marbles. So Mazie has 521 marbles. So Mazie has 52 marbles total. So Mazie has 52 marbles total marbles Mazie has 52 marbles total marbles Mazie has 52 marbles total. So Mazie has 521 marbles. So Mazie has 521 marbles. So Mazie has 52 marbles total mar",False,True,captured
gsm8k_1281,gsm8k,0.6B,4,stochastic,999,9.828,140.12,37.99,256,26.05,348,169,87,0.4856,1.94,False," 

Okay, so Dexter has five pigs. So Dexter has five pigs. Each pig feed. So Dexter has five pigs. Each pig feed problem. So Dexter has five pigs. Each pig feed problem. So Dexter has five pigs. Each pig feed problem. So Dexter has five pigs. Each pig feed problem. So Dexter has five pigs. Each pig feed problem. So Dexter has five pigs. So Dexter has five pigs. Each pig feed. So Dexter has five pigs. Each pig feed problem. So Dexter has five pigs. Each pig feed problem. So Dexter has five pigs. Each pig feed problem. So Dexter has five pigs. Each pig feed problem. So Dexter has five pigs. So Dexter has five pigs. Each pig feed problem. So Dexter has five pigs. Each pig feed problem. So Dexter has five pigs. Each pig feed problem. So Dexter has five pigs. Each pig feed problem. So Dexter has five pigs. Each pig feed problem. So Dexter has five pigs. Each pig feed problem. So Dexter has five pigs. Each pig feed problem. So Dexter has five pigs. So Dexter has five pigs. Each pig feed. So Dexter has five pigs. Each pig feed problem. So Dexter has five pigs. So Dexter has five pigs.",False,True,captured
gsm8k_1288,gsm8k,0.6B,4,stochastic,999,14.4434,139.5,56.09,256,17.72,498,132,125,0.2651,1.06,False," 

Okay, let's see.>

To determine the total time in minutes>
Okay, let's see the total time in minutes>

To determine the total time spent on meditation/y>

Okay, let's see the number >
Okay, let's think>
Okay, let's see below >

Okay, let's see the total time in minutes >
Okay, let's see below >
Okay, let's see the problem again.>

To determine the total time spent on meditation/yoga practice> 

Okay, let's see the total time in minutes > 

Okay, let's total time spent on meditation/yoga practice? 

Okay, let's see the total time in minutes >

Okay, let's see the problem again. Let's see.>

To determine the total time Charisma meditate> 

Okay, let's total time spent on meditation/yoga practice. 20>
Okay, let's see the step-by-step explanation here put your answer >
Okay, let's see below >
Okay, let's see below >

Okay, let's time > 

Okay, let'solution>
Okay, let's see the total time in minutes > 
Okay, let's see the number >
Okay, let's see below >

Okay, let's total time spent on meditation",False,True,captured
gsm8k_1293,gsm8k,0.6B,4,stochastic,999,10.0399,138.02,38.83,256,25.5,334,173,84,0.518,2.06,False," (Assume that  (Assume that  the company produces the company works 7 days in a week there are 7 days in a week.)

Okay, let's see. 7 days in a week there are 7 days in a week there are 7 days in a week there are 7 days in a week there are 7 days in a week there are 7 days in a week there are 7 days in a week is a week has 7 days a week has 7 days in a week has 7 days a week has 7 days a week has 7 days a week has 7 days a week has 7 days a week has 7 days a week has 7 days a week has 7 days a week has 7 days a week has 7 days a week has 7 days a week has 7 days in a week there are 7 days in a week there are 7 days in a week are 7 days in a week there are 7 days in a week there are 7 days in a week there are 7 days in a week there are 7 days in a week there are 7 days in a week is a week has 7 days in a week there are ",False,True,captured
gsm8k_1299,gsm8k,0.6B,4,stochastic,999,17.6515,147.77,68.64,256,14.5,628,98,158,0.1561,0.62,False," 

Okay, let's see.>

To determine the answer >

To determine the number > 

To determine the total money left > 

Okay, let's see the number >
To determine the total amount >
To determine the total > 

Okay, let's see the number >
To determine how many dollars does not enough information missing number >
To solve step-by-step>
Okay, let's see solution >

Okay, let's think>
Okay, let's think>
Okay, let's see the answer >
To determine the total money left >

Okay, let's see the answer here > 

Okay, let's see the number >
To determine how many dollars does not make sure to be careful calculation here >
To determine the total amount spent on the previous answer >

To determine how many dollars does she has left.>
Okay, let's see the answer here >
To determine how many dollars does she have to be careful calculation here >
To determine how many dollars does she have to be filled in the correct answer here >
To determine how many dollars does she have to be filled in >

To determine how many dollars does she has to be careful calculation here >

To determine how many dollars does she have to be filled in > 

To determine how much money does not enough

Let me solve step",False,True,captured
gsm8k_1301,gsm8k,0.6B,4,stochastic,999,9.4672,139.02,36.58,256,27.04,333,173,84,0.5195,2.06,False," Let's solve this step by step by step.

Step 1: Count the total number of cookies.

Step 1 by step by step by step by step.

Step 1: Find the total number of cookies.

Step 1: Find the total number of cookies.

Step 1: Count the total number of cookies.

Step 1: Find the total number of cookies.

Step 1: Find the total number of cookies.

Step 1: Count the total number of cookies.

Step 1: Count the total number of cookies.

Step 1: Count the total number of the problem.

Step 1: Find the total number of cookies.

Step 1: Find the total number of cookies.

Step 1: 

Step 1: Determine the number by step by step.

First, let's solve this step by step.

First, let's find step by step.

First, let's solve this step by step.

Step 1: Find the total number of cookies.

Step 1: 

Step 1: 

Step 1: 

Step 1: 

Step 1: 

Step 1: 

Step 1: 

Step 1: 

Step 1: 

Step 1: 

Step 1: 

",False,True,captured
gsm8k_1308,gsm8k,0.6B,4,stochastic,999,12.375,139.02,47.98,256,20.69,439,146,111,0.3326,1.32,False," Let's solve this step by step.

Step 1: Determine the problem.
Okay, let's solve this step.

Okay, let's solve this step by step.

Step 1: Determine the problem step.

First, we know.

Okay, let's see step.

Okay, let's solve this step by step.

Okay, let's solve this step by step.

Okay, let's solve this step by step.

Okay, let's solve this step by step.

Step 1: Find the problem step.

First, we know there are 10 eggs in the second by step.

First, we need to find the problem.
Okay, let's solve this step by step.

Step 1: Determine the problem. First, we need to find the problem.
Okay, let's solve this step by step.

First, we go step.

Step 1: Determine the problem.

Okay, let's see step.

First, we know there are as a step.

First, we need to find the total number of eggs in the problem.

First, we need to take it step by step. First, we need to find the problem.
Okay, let's see step.

First, we know there are 10 eggs in the second by second by step",False,True,captured
mmlu_abstract_algebra_0,mmlu,0.6B,4,stochastic,999,2.4386,138.05,74.21,32,13.12,81,12,21,0.1481,0.57,False," The degree of the extension is the degree of the extension Q(sqrt(2), sqrt(1

The degree is the degree is the correct.
The degree of",False,True,captured
mmlu_abstract_algebra_1,mmlu,0.6B,4,stochastic,999,1.6986,139.94,50.28,32,18.84,55,19,14,0.3455,1.36,False, The index of <p> in S_5 is the order of S_5 is the order of the group in S_5 is the order of the,False,True,captured
mmlu_abstract_algebra_2,mmlu,0.6B,4,stochastic,999,1.9235,138.97,57.57,32,16.64,63,17,16,0.2698,1.06,False," The correct answer is D. 0,4. 0,4.

Step-by-0, which is 0,4. To find the zeros",False,True,captured
mmlu_abstract_algebra_3,mmlu,0.6B,4,stochastic,999,2.1883,157.38,65.51,32,14.62,71,14,19,0.1972,0.74,False," D. D. D. 

Let's D. 

Statement 1 is D. 

Statement 1 is D. 

Statement 1 is D.",False,True,captured
mmlu_abstract_algebra_4,mmlu,0.6B,4,stochastic,999,2.2815,142.71,68.99,32,14.03,76,13,19,0.1711,0.68,False," C is ascertifying the problem solving this answer C is as follows:
To find the product of the product of two polynomials in Z_8[x]",False,True,captured
mmlu_abstract_algebra_5,mmlu,0.6B,4,stochastic,999,2.5948,140.08,79.18,32,12.33,87,11,22,0.1264,0.5,False," C. C. Let me explain as follows from the reasoning that statement 1 is true for the option C.

Let me explain this because Statement 1 is",False,True,captured
mmlu_abstract_algebra_6,mmlu,0.6B,4,stochastic,999,2.0959,138.9,63.13,32,15.27,69,14,18,0.2029,0.78,False," A

Let me think about the statement  me try to figure out whether the answer be a group G be a group. Then, so I try to figure",False,True,captured
mmlu_abstract_algebra_7,mmlu,0.6B,4,stochastic,999,2.3469,139.86,71.19,32,13.64,78,11,21,0.141,0.52,False," C. C. Let me explain that Statement 1 is True, therefore \boxed{C} C.

Let me try to find the correct because statement ",False,True,captured
mmlu_abstract_algebra_8,mmlu,0.6B,4,stochastic,999,1.6165,139.63,47.64,32,19.8,52,20,13,0.3846,1.54,False," B
The degree of the field extension Q(sqrt(2) + sqrt(2

To find the degree of the degree of the field extension Q(sqrt(",False,True,captured
mmlu_abstract_algebra_9,mmlu,0.6B,4,stochastic,999,2.1894,139.36,66.13,32,14.62,72,13,19,0.1806,0.68,False," The correct answer is D. 6. 6. 6

Step-by-6

Step-by testing all zeros of the options: 6.",False,True,captured
mmlu_abstract_algebra_10,mmlu,0.6B,4,stochastic,999,1.8889,142.94,56.32,32,16.94,61,16,16,0.2623,1.0,False," A
Answer: A. A
Answer: A. A

Answer: A
Answer: A
Answer: A
A
A
A
",False,True,captured
mmlu_abstract_algebra_11,mmlu,0.6B,4,stochastic,999,2.1555,140.02,65.02,32,14.85,72,15,18,0.2083,0.83,False," C. C. C
C
C
The relation S is both symmetric and anti-symmetric and the option C. C. both symmetric and anti-s",False,True,captured
mmlu_abstract_algebra_12,mmlu,0.6B,4,stochastic,999,1.7461,140.25,51.8,32,18.33,57,18,15,0.3158,1.2,False, The order of the factor group (11. To find the order of the order of the factor group (11. The order of the factor group is,False,True,captured
mmlu_abstract_algebra_13,mmlu,0.6B,4,stochastic,999,1.4242,145.16,41.26,32,22.47,45,20,12,0.4444,1.67,False, To find the factorization To find the roots of the polynomial x^3 + 2x^3 of the polynomial $ x^3 + 2 of,False,True,captured
mmlu_abstract_algebra_14,mmlu,0.6B,4,stochastic,999,1.8103,137.57,53.96,32,17.68,59,17,16,0.2881,1.06,False, The maximum possible order for an element of S_n is the element of an element of an element of S_n is the element of S_n is the element of,False,True,captured
mmlu_abstract_algebra_15,mmlu,0.6B,4,stochastic,999,2.5067,138.62,76.39,32,12.77,84,11,22,0.131,0.5,False," A

Let me think through this step through this be a splitting field of me try to figure out the user think through this be the answer be the splitting field",False,True,captured
mmlu_abstract_algebra_16,mmlu,0.6B,4,stochastic,999,1.4262,137.48,41.57,32,22.44,45,21,12,0.4667,1.75,False," The inverse of an element x such that the multiplicative group {1, -1, in the multiplicative group {1, -1, in the multip",False,True,captured
mmlu_abstract_algebra_17,mmlu,0.6B,4,stochastic,999,1.9605,157.69,58.16,32,16.32,63,16,17,0.254,0.94,False," Let's compute the product. In the ring Z_5. First, compute the product in each component separately in each component-wise. In the ring component-wise",False,True,captured
mmlu_abstract_algebra_18,mmlu,0.6B,4,stochastic,999,2.6936,140.02,82.37,32,11.88,90,9,23,0.1,0.39,False," D. 

Wait, but the multiplication, because  because  because for multiplication. In the set of real numbers under multiplication because the inverse of zero is the",False,True,captured
mmlu_abstract_algebra_19,mmlu,0.6B,4,stochastic,999,2.4278,141.33,73.76,32,13.18,81,11,21,0.1358,0.52,False, A be the user ask the user to think. The question is about Statement 1 be the user know that the user's go through the reasoning be the correct,False,True,captured
mmlu_abstract_algebra_20,mmlu,0.6B,4,stochastic,999,2.526,140.4,76.96,32,12.67,84,10,22,0.119,0.45,False," A

Let me try to figure out the truth value of the answer this be the answer this be my try to the first analyze each statement be the answer this",False,True,captured
mmlu_abstract_algebra_21,mmlu,0.6B,4,stochastic,999,2.2566,139.6,68.29,32,14.18,75,13,19,0.1733,0.68,False," A

To find the sum of the two polynomials in Z_8[x] The sum of the problem. So, the question: The sum of two",False,True,captured
mmlu_abstract_algebra_22,mmlu,0.6B,4,stochastic,999,2.1504,138.71,64.89,32,14.88,70,13,19,0.1857,0.68,False," D. False, True

. Statement 1 is not true. For Statement 1. The first statement is false because Statement 1 is false because Statement",False,True,captured
mmlu_abstract_algebra_23,mmlu,0.6B,4,stochastic,999,2.2259,138.98,67.32,32,14.38,68,16,17,0.2353,0.94,False," D. group is the correct answer because the nth roots of unity under multiplication, the set of unity under multiplication, because the set of all nth roots of unity",False,True,captured
mmlu_abstract_algebra_24,mmlu,0.6B,4,stochastic,999,2.2762,155.18,68.42,32,14.06,68,16,17,0.2353,0.94,False," A be a
A be a commutative ring R be a commutative ring R. Let me think. The ring R be a commutative",False,True,captured
mmlu_abstract_algebra_25,mmlu,0.6B,4,stochastic,999,1.2014,154.89,33.76,32,26.64,36,23,9,0.6389,2.56,False," C
Answer: C C
Answer: C C
Answer: C C
Answer: C C
Answer: C
Answer: C
Answer:",False,True,captured
mmlu_abstract_algebra_26,mmlu,0.6B,4,stochastic,999,2.6108,139.61,79.72,32,12.26,88,11,22,0.125,0.5,False," C. C. 

Let me explain the option C. 

**C

C

The answer C. C. 

**C

The answer is C",False,True,captured
mmlu_abstract_algebra_27,mmlu,0.6B,4,stochastic,999,1.8366,143.56,54.61,32,17.42,59,16,16,0.2712,1.0,False," Let's solve this question. The Eisenstein's criterion states that we need to check if the polynomial is to see. First, we need to determine whether the",False,True,captured
mmlu_abstract_algebra_28,mmlu,0.6B,4,stochastic,999,2.5701,140.53,78.37,32,12.45,85,10,22,0.1176,0.45,False," D. False, True

. The first, the first, the first, the first, let me to determine the first, because Statement 1 is incorrect",False,True,captured
mmlu_abstract_algebra_29,mmlu,0.6B,4,stochastic,999,2.0632,138.42,62.09,32,15.51,68,14,18,0.2059,0.78,False," A

Let me think about the user explain. Let me think about this be a cyclic group. So, a
So I try to figure out the user",False,True,captured
mmlu_abstract_algebra_30,mmlu,0.6B,4,stochastic,999,2.3809,141.07,72.25,32,13.44,80,12,20,0.15,0.6,False, A. Let me think through this step by step. Let me try to figure out the answer this be the user be the group theory. Let me think about,False,True,captured
mmlu_abstract_algebra_31,mmlu,0.6B,4,stochastic,999,3.0143,139.48,92.74,32,10.62,102,6,26,0.0588,0.23,False," B. B
B

**B
B. So, B. 

The given as above. The group B.
Okay, let's try to reason",False,True,captured
mmlu_abstract_algebra_32,mmlu,0.6B,4,stochastic,999,2.1142,140.89,63.66,32,15.14,70,15,18,0.2143,0.83,False," A

Let me think about the question be a

So I try to figure out the answer. So I try to figure out this be a finite dimensional vector",False,True,captured
mmlu_abstract_algebra_33,mmlu,0.6B,4,stochastic,999,2.5529,139.96,77.84,32,12.53,85,10,22,0.1176,0.45,False," C

Let's answer C

Let's analyze the properties of abelian group theory of the following the same as follows: Some group (G,  C",False,True,captured
mmlu_abstract_algebra_34,mmlu,0.6B,4,stochastic,999,2.5721,140.79,78.43,32,12.44,86,10,23,0.1163,0.43,False," C. C. 

Let me think about the option C. 

**C

The answer C. C.

Okay, let's tackle this because Statement ",False,True,captured
mmlu_abstract_algebra_35,mmlu,0.6B,4,stochastic,999,1.861,138.9,55.55,32,17.2,60,17,16,0.2833,1.06,False," B
The answer is B. B. The degree of the field extension degree 4

The degree of the field extension degree 4 for the question is",False,True,captured
mmlu_abstract_algebra_36,mmlu,0.6B,4,stochastic,999,1.9217,139.07,57.5,32,16.65,62,15,17,0.2419,0.88,False," The correct answer is D. 2222. 22. 22.

Step-by-22. Let me explain step by the",False,True,captured
mmlu_abstract_algebra_37,mmlu,0.6B,4,stochastic,999,1.8971,139.56,56.7,32,16.87,62,15,17,0.2419,0.88,False," D. No.
Okay, let's see. The question is about the Eisenstein's the question is the question is about the Eisenstein's. No.",False,True,captured
mmlu_abstract_algebra_38,mmlu,0.6B,4,stochastic,999,1.8448,139.03,55.02,32,17.35,60,17,15,0.2833,1.13,False," B
The answer is B. B
The answer is B. So, the generator 2.

The generator 2. B
The answer is B",False,True,captured
mmlu_abstract_algebra_39,mmlu,0.6B,4,stochastic,999,1.9707,139.94,59.06,32,16.24,65,15,17,0.2308,0.88,False," D. False, True
. Statement 1 is false because Statement 1. Statement 1. Statement 1. Explanation: Statement 1 is the",False,True,captured
mmlu_abstract_algebra_40,mmlu,0.6B,4,stochastic,999,2.7461,140.32,84.06,32,11.65,93,9,24,0.0968,0.38,False," C. C. C
C
C
The identity element of the identity element of the identity element is C
C. So, therefore \boxed{",False,True,captured
mmlu_abstract_algebra_41,mmlu,0.6B,4,stochastic,999,2.0199,138.68,60.69,32,15.84,66,14,18,0.2121,0.78,False," B
The answer is B. B
The answer is B. B

The characteristic 3.

The characteristic 3. B
B
B
",False,True,captured
mmlu_abstract_algebra_42,mmlu,0.6B,4,stochastic,999,2.5847,141.65,78.81,32,12.38,86,9,23,0.1047,0.39,False," C. C. Let's C. 

Step-by- C. 

Statement 1 is C. 

Let me explain as follows:

C
C

",False,True,captured
mmlu_abstract_algebra_43,mmlu,0.6B,4,stochastic,999,2.2691,139.82,68.69,32,14.1,75,13,20,0.1733,0.65,False, C. Let me think through this step through this be the user see. Let me think through this step by the user know. Let me think about the user,False,True,captured
mmlu_abstract_algebra_44,mmlu,0.6B,4,stochastic,999,2.6785,140.28,81.88,32,11.95,90,8,24,0.0889,0.33,False," C. C because if the option C because if the function f is injective, because if the option C. C. Let me explain as above
C",False,True,captured
mmlu_abstract_algebra_45,mmlu,0.6B,4,stochastic,999,2.8279,139.05,86.74,32,11.32,95,7,25,0.0737,0.28,False, C. Let's tackle this problem. Let's break down. Let's analyze the user explain the user see. Let me try to figure out this be the,False,True,captured
mmlu_abstract_algebra_46,mmlu,0.6B,4,stochastic,999,2.5382,140.91,77.33,32,12.61,85,11,22,0.1294,0.5,False," C. C. 

Statement 1 is C. 

Statement 1. So, the option C. C. 

Let's C. 

Statement ",False,True,captured
mmlu_abstract_algebra_47,mmlu,0.6B,4,stochastic,999,1.9716,140.07,59.08,32,16.23,64,16,17,0.25,0.94,False," The correct answer is D. 3.
Wait, but that Z_3[x^3. 3. 3

Wait, but I need to",False,True,captured
mmlu_abstract_algebra_48,mmlu,0.6B,4,stochastic,999,1.9591,141.63,58.63,32,16.33,64,16,17,0.25,0.94,False," A. True, True
. False, False, because Statement 1. False, False, because Statement 1. True, True, because both statements",False,True,captured
mmlu_abstract_algebra_49,mmlu,0.6B,4,stochastic,999,2.2686,136.43,68.78,32,14.11,75,12,20,0.16,0.6,False, The maximum possible order for the maximum possible order of the maximum possible order for the maximum possible order for the following the maximum possible order for the following reason: ,False,True,captured
mmlu_abstract_algebra_50,mmlu,0.6B,4,stochastic,999,1.9919,141.48,59.69,32,16.06,65,16,17,0.2462,0.94,False," D. False, True
. Statement 1 is false because Statement 1. The first statement is the statement is the first statement is the first statement is",False,True,captured
mmlu_abstract_algebra_51,mmlu,0.6B,4,stochastic,999,2.2461,139.62,67.95,32,14.25,75,13,19,0.1733,0.68,False," The correct answer is D. 3.
Wait, but that Z_3[x]/(3) 3. 3. 

Wait, but Z",False,True,captured
mmlu_abstract_algebra_52,mmlu,0.6B,4,stochastic,999,2.6261,138.41,80.25,32,12.19,81,11,21,0.1358,0.52,False," A

Options: A A

The identity element is the correct

The identity element is  A

The group is the identity element is the identity element is",False,True,captured
mmlu_abstract_algebra_53,mmlu,0.6B,4,stochastic,999,2.3622,153.04,71.26,32,13.55,77,13,20,0.1688,0.65,False," B. 

Statement 1 is B. 

Statement 1 is B. 

Statement 1. So, the option B. Let's statement 1",False,True,captured
mmlu_abstract_algebra_54,mmlu,0.6B,4,stochastic,999,2.2171,138.81,67.04,32,14.43,74,13,19,0.1757,0.68,False," B**

The degree of field extension Q(sqrt(2**
The degree of field extension**:
The degree of a:**
The degree of a field extension**",False,True,captured
mmlu_abstract_algebra_55,mmlu,0.6B,4,stochastic,999,2.3371,140.57,70.85,32,13.69,78,12,20,0.1538,0.6,False," A. A.

Let me think. So, the option A.

The answer A. A.

Let me explain that both statements are true. Let me explain",False,True,captured
mmlu_abstract_algebra_56,mmlu,0.6B,4,stochastic,999,2.0142,138.84,60.5,32,15.89,66,15,18,0.2273,0.83,False, C. Let me try to figure out the answer. So I try to figure out the answer. So I try to figure out this be the user think.,False,True,captured
mmlu_abstract_algebra_57,mmlu,0.6B,4,stochastic,999,2.3266,138.6,70.58,32,13.75,78,11,21,0.141,0.52,False," B
The answer is B
B
B
The answer is B
Okay, let me choosing option B.

The generator 2

The generator ",False,True,captured
mmlu_abstract_algebra_58,mmlu,0.6B,4,stochastic,999,2.4063,155.45,72.61,32,13.3,80,12,20,0.15,0.6,False," D. The first, because Statement 1 is false because Statement 1. The first, let me to determine the first, the statement 1 is false",False,True,captured
mmlu_abstract_algebra_59,mmlu,0.6B,4,stochastic,999,2.4162,140.64,73.4,32,13.24,81,11,21,0.1358,0.52,False, A be the user know the user's question be the identity element of H and K be the set G be the set A be the set of all functions f,False,True,captured
mmlu_abstract_algebra_60,mmlu,0.6B,4,stochastic,999,2.6372,140.93,80.52,32,12.13,88,9,23,0.1023,0.39,False," A
Answer:
A A
Answer: True, because statement 1 is true, because both statements are both statements are the correct. True, True,",False,True,captured
mmlu_abstract_algebra_61,mmlu,0.6B,4,stochastic,999,2.4415,140.32,74.23,32,13.11,81,11,21,0.1358,0.52,False, A be the user. Let me think through this step through this be the set me try to figure out the answer. Let me think through this step by the,False,True,captured
mmlu_abstract_algebra_62,mmlu,0.6B,4,stochastic,999,2.3658,141.39,71.75,32,13.53,78,11,21,0.141,0.52,False," C. C. 

Statement 1 is true for the option C. Statement 1

C

Answer: C

The answer C. Let's C",False,True,captured
mmlu_abstract_algebra_63,mmlu,0.6B,4,stochastic,999,1.7657,139.77,52.45,32,18.12,57,18,15,0.3158,1.2,False," A. A
The relation ~ is not anti-symmetric. Let me
Answer: A

The relation ~ is not anti-symmetric? 

Let me",False,True,captured
mmlu_abstract_algebra_64,mmlu,0.6B,4,stochastic,999,1.6651,139.26,49.22,32,19.22,54,19,14,0.3519,1.36,False," B

The number of homomorphisms from Z to Z_ 2

How many homomorphisms from abstract algebra, how many homomorph",False,True,captured
mmlu_abstract_algebra_65,mmlu,0.6B,4,stochastic,999,2.5308,139.56,77.14,32,12.64,85,11,22,0.1294,0.5,False," C is: A field is a ring, because a field is a ring with the correct is as a field is as the first checks if you gave the answer",False,True,captured
mmlu_abstract_algebra_66,mmlu,0.6B,4,stochastic,999,1.8434,142.99,54.85,32,17.36,60,17,15,0.2833,1.13,False, A. The first statement is not true.  Statement 1 is true. Statement 1. The first statement is not. Statement 1 is true because,False,True,captured
mmlu_abstract_algebra_67,mmlu,0.6B,4,stochastic,999,1.7066,139.84,50.54,32,18.75,54,17,15,0.3148,1.13,False," The correct answer is D The correct answer is D. H contains the identity element

The question is asking for the subset H of a group must beacross",False,True,captured
mmlu_abstract_algebra_68,mmlu,0.6B,4,stochastic,999,2.0273,140.88,60.85,32,15.78,66,14,18,0.2121,0.78,False," A
I think I A
Okay, let's see. Let me check the answer A
Okay, let x^4 +4 is A
A",False,True,captured
mmlu_abstract_algebra_69,mmlu,0.6B,4,stochastic,999,2.2243,140.21,67.23,32,14.39,74,14,19,0.1892,0.74,False," A. A.

Answer: \boxed{A} \boxed{A} A. 

The answer A. A. Let's A. 

The correct",False,True,captured
mmlu_abstract_algebra_70,mmlu,0.6B,4,stochastic,999,2.1451,141.09,64.65,32,14.92,71,15,18,0.2113,0.83,False," C. So I try to figure out the group (Z, *) be a be a group (Z, *) be a be a group (Z, *)",False,True,captured
mmlu_abstract_algebra_71,mmlu,0.6B,4,stochastic,999,1.5009,138.46,43.95,32,21.32,48,19,13,0.3958,1.46,False," B
The degree of the field extension Q(sqrt(2)*sqrt(1. The degree of the field extension Q(sqrt(2)*sqrt(2

",False,True,captured
mmlu_abstract_algebra_72,mmlu,0.6B,4,stochastic,999,2.1223,139.04,63.98,32,15.08,70,14,19,0.2,0.74,False," A

To find the remainder of 3^47 mod 23 is to solve the answer is that 3^23^

To find",False,True,captured
mmlu_abstract_algebra_73,mmlu,0.6B,4,stochastic,999,1.9535,139.03,58.53,32,16.38,64,16,17,0.25,0.94,False," B
The answer is B. B
The answer is B. B

The characteristic 3.

The characteristic 3 because the characteristic 3 because the",False,True,captured
mmlu_abstract_algebra_74,mmlu,0.6B,4,stochastic,999,2.4478,142.33,74.37,32,13.07,82,12,21,0.1463,0.57,False, A. Let's analyze each statement be the user's question be the group theory. Let's analyze each statement be a and first analyze each statement be the group,False,True,captured
mmlu_abstract_algebra_75,mmlu,0.6B,4,stochastic,999,2.4789,142.94,75.35,32,12.91,82,10,22,0.122,0.45,False," B. 

Statement 1 is false, B. 

Okay, let's tackle this because Statement 1 is B.

The statement  B. Let me",False,True,captured
mmlu_abstract_algebra_76,mmlu,0.6B,4,stochastic,999,2.057,140.85,61.81,32,15.56,68,16,17,0.2353,0.94,False," C. C. 

Statement 1 is true because Statement 1 is C. Statement 1 is true for the option C. Statement 1 is true",False,True,captured
mmlu_abstract_algebra_77,mmlu,0.6B,4,stochastic,999,1.9043,137.79,56.98,32,16.8,63,16,16,0.254,1.0,False, The characteristic of a ring is the smallest positive integer n is the smallest positive integer ring Z x is the ring Z x Z is the ring Z x Z is,False,True,captured
mmlu_abstract_algebra_78,mmlu,0.6B,4,stochastic,999,2.1281,140.57,64.11,32,15.04,70,14,19,0.2,0.74,False," D is: Statement 1 is false because Statement 1 is false, true or steps are as follows: 

Statement 1 is as a: Statement ",False,True,captured
mmlu_abstract_algebra_79,mmlu,0.6B,4,stochastic,999,2.1795,140.96,65.76,32,14.68,72,14,18,0.1944,0.78,False, A be a step through this be a nonzero subgroup of a finit me try to work through this problem. So I try to work through this problem step by,False,True,captured
mmlu_abstract_algebra_80,mmlu,0.6B,4,stochastic,999,2.4864,140.96,75.66,32,12.87,83,11,21,0.1325,0.52,False," C. C. The external direct product of cyclic, C. C. So, the first C. The first C. 

Let's C. 

Statement",False,True,captured
mmlu_abstract_algebra_81,mmlu,0.6B,4,stochastic,999,2.807,140.75,86.01,32,11.4,94,8,25,0.0851,0.32,False," A. A.

Answer: \boxed{A} \boxed{A

A

A

The two sentences that both statements  A. A.

Answer",False,True,captured
mmlu_abstract_algebra_82,mmlu,0.6B,4,stochastic,999,2.0316,139.04,61.05,32,15.75,67,16,17,0.2388,0.94,False," A. True, True
. Statement 1 is true because statement  Statement 1 is true
Statement 1. False, because Statement 1 is",False,True,captured
mmlu_abstract_algebra_83,mmlu,0.6B,4,stochastic,999,2.4919,140.16,75.86,32,12.84,82,11,22,0.1341,0.5,False," C. C. 

Let me think about these because statement 1 is true for the following the option C.
Answer: C

**C
Okay,",False,True,captured
mmlu_abstract_algebra_84,mmlu,0.6B,4,stochastic,999,2.4329,141.41,73.92,32,13.15,81,11,21,0.1358,0.52,False," C. C because:

C

The given as above. Let me explain the option C. Let me explain as above because: \boxed{C} 

",False,True,captured
mmlu_abstract_algebra_85,mmlu,0.6B,4,stochastic,999,2.4245,140.46,73.68,32,13.2,81,11,21,0.1358,0.52,False, C is as explained in detail: Statement 1 is true for statement 1: Statement 1 is as a group: Statement 1 is true because statement,False,True,captured
mmlu_abstract_algebra_86,mmlu,0.6B,4,stochastic,999,2.6111,143.54,79.6,32,12.26,87,9,23,0.1034,0.39,False, A. Let me try to figure out. Let me try to figure out these statements be the user think about the user see. Let me think through this be,False,True,captured
mmlu_abstract_algebra_87,mmlu,0.6B,4,stochastic,999,2.352,140.2,71.35,32,13.61,78,11,21,0.141,0.52,False," A
I think I A
Okay, let's see. A
Okay, let T(-3,2. A
A

A

The function",False,True,captured
mmlu_abstract_algebra_88,mmlu,0.6B,4,stochastic,999,2.6783,140.07,81.88,32,11.95,90,9,24,0.1,0.38,False," A

The product of the product of 0

The product of 0

The answer A.

The product of 12* A.

Okay,",False,True,captured
mmlu_abstract_algebra_89,mmlu,0.6B,4,stochastic,999,2.4676,139.23,75.11,32,12.97,83,11,21,0.1325,0.52,False," C. C. C because Statement 1 is true for the option C. Statement 1. C. Statement 1. Let's C. 

Statement",False,True,captured
mmlu_abstract_algebra_90,mmlu,0.6B,4,stochastic,999,1.8887,141.36,56.36,32,16.94,61,17,16,0.2787,1.06,False," A. True, True
. False, False, because Statement 1 is the first statement  Statement 1 is a. False, False, because Statement",False,True,captured
mmlu_abstract_algebra_91,mmlu,0.6B,4,stochastic,999,1.8152,140.23,54.03,32,17.63,59,17,16,0.2881,1.06,False," B. 2 + 2 + 2 + 4Z, 2 + 4Z, 2 + 2 + 2 + ",False,True,captured
mmlu_abstract_algebra_92,mmlu,0.6B,4,stochastic,999,2.2546,140.75,68.19,32,14.19,74,13,20,0.1757,0.65,False," D.

Explanation: Let me.

Let me explain each option.

A. An equivalence relation must explain each option by step through each option by step through each option",False,True,captured
mmlu_abstract_algebra_93,mmlu,0.6B,4,stochastic,999,1.764,136.99,52.48,32,18.14,57,17,15,0.2982,1.13,False, The maximum possible order for an element of S_n is the element in S_n is the least common multiple of the lengths of a permutation in S_n is the,False,True,captured
mmlu_abstract_algebra_94,mmlu,0.6B,4,stochastic,999,2.0735,140.94,62.34,32,15.43,68,15,18,0.2206,0.83,False," D. False, True

. Statement 1 is a. False, Statement 1. Statement 1. Statement 1 is false, because Statement ",False,True,captured
mmlu_abstract_algebra_95,mmlu,0.6B,4,stochastic,999,2.4929,141.89,75.84,32,12.84,83,10,22,0.1205,0.45,False, A. Let me try to figure out the truth value of the first check each statement be the first analyze each statement be the answer this be the correct. Let,False,True,captured
mmlu_abstract_algebra_96,mmlu,0.6B,4,stochastic,999,2.4097,139.38,73.24,32,13.28,79,12,20,0.1519,0.6,False," A. A

The polynomial x^2 + 1

The polynomial $ \boxed{A}.
The polynomial is A.

Let me try to find all",False,True,captured
mmlu_abstract_algebra_97,mmlu,0.6B,4,stochastic,999,2.0636,141.19,62.01,32,15.51,68,15,17,0.2206,0.88,False," B**

To find the order:**
The cyclic subgroup of Z_3

**Step 1:**
The problem:**
To find the number of elements",False,True,captured
mmlu_abstract_algebra_98,mmlu,0.6B,4,stochastic,999,1.6702,139.59,49.38,32,19.16,53,18,14,0.3396,1.29,False," D. So I need to find the order of the element (4,2. So I need to find the order of an element of Z_1.",False,True,captured
mmlu_abstract_algebra_99,mmlu,0.6B,4,stochastic,999,2.1563,141.62,64.99,32,14.84,72,14,18,0.1944,0.78,False," B. B because Statement 1 is false, false, B. 

Statement 1 is B. 

Let me explain that both statements are false. Let",False,True,captured
mmlu_college_chemistry_0,mmlu,0.6B,4,stochastic,999,2.1806,140.12,65.82,32,14.68,72,14,19,0.1944,0.74,False, The rate = k. The rate of the rate = k. r = k. Because the rate of a zero-order reaction has the rate = k. The,False,True,captured
mmlu_college_chemistry_1,mmlu,0.6B,4,stochastic,999,2.0089,141.42,60.24,32,15.93,65,16,17,0.2462,0.94,False," C. 

The correct answer is C.  absorb in a characteristic region of the IR spectrum.
Okay, so that are unique and bonds absorb in the IR",False,True,captured
mmlu_college_chemistry_2,mmlu,0.6B,4,stochastic,999,2.2335,137.0,67.63,32,14.33,74,13,20,0.1757,0.65,False," C. C. C because, C. The maximum number of phases that the maximum number of phases that can be determined based on the rule of the maximum number",False,True,captured
mmlu_college_chemistry_3,mmlu,0.6B,4,stochastic,999,2.5975,146.04,79.08,32,12.32,87,10,22,0.1149,0.45,False," A is as follows the balancing redox reactions involves balancing redox reactions involves balancing a balanced the question is as follows:

Okay, let's tackle this problem is",False,True,captured
mmlu_college_chemistry_4,mmlu,0.6B,4,stochastic,999,2.0746,138.52,62.46,32,15.42,68,15,18,0.2206,0.83,False," B. 

The equation. The equation. Because the equation ΔH = constant pressure processes. The equation ΔH = ΔU + is correct. Because the",False,True,captured
mmlu_college_chemistry_5,mmlu,0.6B,4,stochastic,999,1.7671,142.84,52.4,32,18.11,57,18,15,0.3158,1.2,False, The correct answer is D. 7 lines. 7 lines. In the EPR spectrum of a diradical. 7 lines. The EPR,False,True,captured
mmlu_college_chemistry_6,mmlu,0.6B,4,stochastic,999,2.0674,140.03,62.17,32,15.48,68,16,17,0.2353,0.94,False," A. Cobalt-60 is the correct answer is the correct answer is the correct answer is A. Neutrons

Cobalt-60",False,True,captured
mmlu_college_chemistry_7,mmlu,0.6B,4,stochastic,999,1.2458,137.59,35.75,32,25.69,39,23,10,0.5897,2.3,False, D. Unpaired electrons are essential for both paramagnetism and ferromagnetism. Both paramagnetism and ferromagnetism is the presence of un,False,True,captured
mmlu_college_chemistry_8,mmlu,0.6B,4,stochastic,999,1.4394,141.02,41.88,32,22.23,45,21,12,0.4667,1.75,False," The correct answer is C. 

The 1H NMR spectrum of a mixture of DMSO and the ratio of concentrations of the two components can be",False,True,captured
mmlu_college_chemistry_9,mmlu,0.6B,4,stochastic,999,2.1321,140.95,64.23,32,15.01,70,13,19,0.1857,0.68,False," B

The T1 is the time constant for a
The T1 of a nucleus is the T1 relaxation time is the time it takes longer than T",False,True,captured
mmlu_college_chemistry_10,mmlu,0.6B,4,stochastic,999,1.8994,142.28,56.68,32,16.85,62,16,17,0.2581,0.94,False," D. 11.30 ppm. Wait, no, wait, I think the chemical shift is calculated as follows from the question is the chemical shift",False,True,captured
mmlu_college_chemistry_11,mmlu,0.6B,4,stochastic,999,1.7533,146.0,51.85,32,18.25,57,18,15,0.3158,1.2,False," C. 56.6 s

The correct answer is C. 56.6 s

The correct.

Wait, the correct.
The correct",False,True,captured
mmlu_college_chemistry_12,mmlu,0.6B,4,stochastic,999,2.657,138.85,81.23,32,12.04,90,9,23,0.1,0.39,False," D is as a detailed and the β-hyperfine structure is as a detailed explanation is as a student might be:
The β-hyperfine structure is as",False,True,captured
mmlu_college_chemistry_13,mmlu,0.6B,4,stochastic,999,2.8365,147.76,86.73,32,11.28,95,8,24,0.0842,0.33,False, B. So I try to figure out the user know that be the question. The question. The question. So the question. So the question. The question,False,True,captured
mmlu_college_chemistry_14,mmlu,0.6B,4,stochastic,999,1.2447,138.79,35.68,32,25.71,39,23,10,0.5897,2.3,False, C. free radical intermediates is often too low to enable direct detection by EPR. free radical intermediates is often too low to enable direct detection by E,False,True,captured
mmlu_college_chemistry_15,mmlu,0.6B,4,stochastic,999,1.3919,143.1,40.28,32,22.99,43,22,11,0.5116,2.0,False," A
Answer:
The A
Answer:
The magnetic moment (μI

The magnetic moment (μI magnetic moment (μI) magnetic moment (μ",False,True,captured
mmlu_college_chemistry_16,mmlu,0.6B,4,stochastic,999,1.7169,138.54,50.92,32,18.64,56,18,14,0.3214,1.29,False, D. The bending and asymmetric stretching are the bending and asymmetric stretching are the correct because bending and asymmetric stretching are infrared active. The bending and asymmetric stretching are infrared,False,True,captured
mmlu_college_chemistry_17,mmlu,0.6B,4,stochastic,999,1.214,143.21,34.54,32,26.36,37,23,10,0.6216,2.3,False, D. Octahedral complexes of monodentate ligands can display optical isomerism.  Let me think. Let me think. Optical isomer,False,True,captured
mmlu_college_chemistry_18,mmlu,0.6B,4,stochastic,999,1.8291,140.54,54.47,32,17.49,59,17,16,0.2881,1.06,False," D. Protons and neutrons are both have spin angular momentum only. are fermions, both have spin angular momentum only have spin angular momentum only have spin",False,True,captured
mmlu_college_chemistry_19,mmlu,0.6B,4,stochastic,999,2.3372,141.06,70.84,32,13.69,78,12,20,0.1538,0.6,False," A

The Larmor frequency is given that's answer: 42.58 MHz
Answer: B
Answer:  A

Answer: B",False,True,captured
mmlu_college_chemistry_20,mmlu,0.6B,4,stochastic,999,2.0171,138.54,60.6,32,15.86,67,15,17,0.2239,0.88,False, D is D is D is an n-type semiconductor is D is D is an n-type semiconductor is D. D is an n-type semiconductor is D. Ar,False,True,captured
mmlu_college_chemistry_21,mmlu,0.6B,4,stochastic,999,1.9055,141.41,56.91,32,16.79,62,16,17,0.2581,0.94,False," A. 

Wait, the 35Cl and 35Cl and 37Cl have I = 0. The correct. 35",False,True,captured
mmlu_college_chemistry_22,mmlu,0.6B,4,stochastic,999,1.8283,146.52,54.25,32,17.5,60,17,15,0.2833,1.13,False," D. 4.0. 10^−9

The solubility product, because when multiplied by 10 × 10^",False,True,captured
mmlu_college_chemistry_23,mmlu,0.6B,4,stochastic,999,1.7751,138.19,52.8,32,18.03,57,17,15,0.2982,1.13,False," D. 2,3-dimethylbutane

Wait, no. Wait, no. Let me think. 2,4. 2,",False,True,captured
mmlu_college_chemistry_24,mmlu,0.6B,4,stochastic,999,2.0514,142.76,61.57,32,15.6,68,16,17,0.2353,0.94,False," D. D. D. Oxide. D. Oxide
D. D. Oxide is D. Oxide
The most common naturally-oc",False,True,captured
mmlu_college_chemistry_25,mmlu,0.6B,4,stochastic,999,1.9343,141.07,57.85,32,16.54,64,17,16,0.2656,1.06,False, D. 31P has a has a natural abundance is a nucleus has a natural abundance is  has a natural abundance of course has a natural abundance of,False,True,captured
mmlu_college_chemistry_26,mmlu,0.6B,4,stochastic,999,2.47,146.31,74.96,32,12.96,83,12,21,0.1446,0.57,False," A gas mixture of the partial pressure of each component in the following statement about the following statements Iod
Which of the following must be a liquid mixture that obe",False,True,captured
mmlu_college_chemistry_27,mmlu,0.6B,4,stochastic,999,2.349,145.39,71.08,32,13.62,78,11,21,0.141,0.52,False," D. 4.62 ppm
Okay, let's 4 ppm

Wait, but wait, because when pH is the explanation: 2 ppm",False,True,captured
mmlu_college_chemistry_28,mmlu,0.6B,4,stochastic,999,2.0214,143.15,60.59,32,15.83,67,16,17,0.2388,0.94,False," D. I, II, and III

The correct answer is D. I and III




Wait, the options.
Okay, let's",False,True,captured
mmlu_college_chemistry_29,mmlu,0.6B,4,stochastic,999,1.8544,145.23,55.13,32,17.26,60,16,16,0.2667,1.0,False," C
---

Question: C
The Henry’s law constant for the Henry’s law is the Henry’s law is the Henry’s law constant of CO2.",False,True,captured
mmlu_college_chemistry_30,mmlu,0.6B,4,stochastic,999,2.5036,140.12,76.24,32,12.78,84,11,21,0.131,0.52,False," B**

The mean result:**
The accuracy**:
-Step-by-Step-by-elimination:**
- **:**
The mean result is 0",False,True,captured
mmlu_college_chemistry_31,mmlu,0.6B,4,stochastic,999,1.5566,165.93,44.86,32,20.56,48,19,13,0.3958,1.46,False, A. What is the hyperfine splitting in field units of mT. The hyperfine splitting is the hyperfine splitting in field units of mT: The,False,True,captured
mmlu_college_chemistry_32,mmlu,0.6B,4,stochastic,999,2.5043,145.9,76.08,32,12.78,84,12,21,0.1429,0.57,False, B. So I think. So the question. So I need to figure out which reaction B. So I think through the question. So the question is about,False,True,captured
mmlu_college_chemistry_33,mmlu,0.6B,4,stochastic,999,1.4659,140.42,42.76,32,21.83,47,21,12,0.4468,1.75,False, D is D is D is not a reason why tetramethylsilane is D is not a reason why tetramethylsilane is D is not a,False,True,captured
mmlu_college_chemistry_34,mmlu,0.6B,4,stochastic,999,2.2596,146.57,68.16,32,14.16,75,13,19,0.1733,0.68,False," A
Answer: A
Answer: A
Answer: A
The g = A
Answer: A
The correct is A. A
Answer:",False,True,captured
mmlu_college_chemistry_35,mmlu,0.6B,4,stochastic,999,2.1294,140.19,64.17,32,15.03,71,15,18,0.2113,0.83,False," B
The calculation is B
Spin angular momentum is given by the spin angular momentum = ħ*(7/2 *not B
Spin angular momentum is",False,True,captured
mmlu_college_chemistry_36,mmlu,0.6B,4,stochastic,999,2.3117,139.95,70.05,32,13.84,77,13,20,0.1688,0.65,False, C. So I try to figure out how to approach this problem. So the user. So I try to figure out this question. So I try to figure,False,True,captured
mmlu_college_chemistry_37,mmlu,0.6B,4,stochastic,999,1.6446,140.68,48.51,32,19.46,53,18,14,0.3396,1.29,False, The linewidth is 66.7 Hz. 66.7. 66.7 Hz. The linewidth is 15 ms is not,False,True,captured
mmlu_college_chemistry_38,mmlu,0.6B,4,stochastic,999,1.3529,142.06,39.06,32,23.65,42,21,11,0.5,1.91,False," C. 5.493 x 10^-34 J s

The maximum value of the z-component of the maximum value of the options",False,True,captured
mmlu_college_chemistry_39,mmlu,0.6B,4,stochastic,999,1.6054,138.63,47.32,32,19.93,52,20,13,0.3846,1.54,False," The correct answer is D. CCl4. CCl4. CCl4.
The correct answer is D. CCl4 has the lowest melting point",False,True,captured
mmlu_college_chemistry_40,mmlu,0.6B,4,stochastic,999,2.222,140.04,67.16,32,14.4,73,14,19,0.1918,0.74,False, B because nuclear binding energies have about the one of course B because nuclear binding energy. B because nuclear binding energy is B because nuclear binding energy is B because nuclear,False,True,captured
mmlu_college_chemistry_41,mmlu,0.6B,4,stochastic,999,2.6016,140.1,79.4,32,12.3,87,9,23,0.1034,0.39,False, D is as a  is as a human would be: The hyperfine structure is as a person might be: The hyperfine structure is as follows the hyper,False,True,captured
mmlu_college_chemistry_42,mmlu,0.6B,4,stochastic,999,1.5046,137.47,44.1,32,21.27,48,19,13,0.3958,1.46,False," B
Answer:
B B
The strongest base in liquid ammonia is a
The strongest base in liquid ammonia is the strongest base in liquid ammonia is a
",False,True,captured
mmlu_college_chemistry_43,mmlu,0.6B,4,stochastic,999,1.7871,148.81,52.85,32,17.91,58,18,15,0.3103,1.2,False," A
Answer:
The A
Answer: A

The correct answer is A. When a
Answer: A

The correct answer is A. 

Answer",False,True,captured
mmlu_college_chemistry_44,mmlu,0.6B,4,stochastic,999,2.0221,138.05,60.77,32,15.83,66,14,18,0.2121,0.78,False," A
Answer:
The A
Answer: A
Answer:
The Q-factor (A

Answer: A

The Q-factor (A) Q-factor for",False,True,captured
mmlu_college_chemistry_45,mmlu,0.6B,4,stochastic,999,2.6682,140.12,81.55,32,11.99,83,12,21,0.1446,0.57,False, C chemical shift of the difference in the 13C chemical shift difference in chemical shift difference in the answer is the 3C chemical shifts of benzene,False,True,captured
mmlu_college_chemistry_46,mmlu,0.6B,4,stochastic,999,1.8996,149.71,56.45,32,16.85,61,17,16,0.2787,1.06,False," A. 0.0. 050 M AlCl3

Wait, no, wait, I think. 050 M AlCl",False,True,captured
mmlu_college_chemistry_47,mmlu,0.6B,4,stochastic,999,2.4228,140.27,73.63,32,13.21,79,11,21,0.1392,0.52,False," A
I think I A
Okay, let's see. The answer A
I B
Okay, let the answer A
I think I think the",False,True,captured
mmlu_college_chemistry_48,mmlu,0.6B,4,stochastic,999,2.2078,142.52,66.62,32,14.49,73,13,19,0.1781,0.68,False, A. Planck's explanation is the emission spectra were explained by Planck’s explanation is explained by Planck’s quantum theory is the phenomenon was the emission of,False,True,captured
mmlu_college_chemistry_49,mmlu,0.6B,4,stochastic,999,1.8003,141.7,53.5,32,17.78,58,16,16,0.2759,1.0,False," D. 9.4 mCi
The activity of a radioactive is the answer is correct because the half-life is the calculation: The activity remains after ",False,True,captured
mmlu_college_chemistry_50,mmlu,0.6B,4,stochastic,999,2.0756,139.3,62.46,32,15.42,69,15,18,0.2174,0.83,False," The orbital angular momentum quantum number, l, determines the shape of the electron is the second, l is given the number, l is determined by the azimuthal",False,True,captured
mmlu_college_chemistry_51,mmlu,0.6B,4,stochastic,999,2.1613,141.13,65.17,32,14.81,72,14,18,0.1944,0.78,False, D. So the question is about which of these are you have to figure out which of course. So the question is about which 0.1 M aque,False,True,captured
mmlu_college_chemistry_52,mmlu,0.6B,4,stochastic,999,1.7728,148.3,52.4,32,18.05,57,18,15,0.3158,1.2,False," A
Answer:
Answer A
Answer: A
Answer: A
Answer: A
Answer: A
Answer: A
Answer: A
Answer",False,True,captured
mmlu_college_chemistry_53,mmlu,0.6B,4,stochastic,999,2.7862,139.66,85.37,32,11.49,94,8,25,0.0851,0.32,False," A

Options: A A

The correct

Explanation: A

The question is given

The correct

The correct

The question about  A

The",False,True,captured
mmlu_college_chemistry_54,mmlu,0.6B,4,stochastic,999,1.2529,140.61,35.88,32,25.54,39,23,10,0.5897,2.3,False," A
The question is A
Calculate spin density on the central carbon atom of malonic acid radical (•CH2(COOH) Calculate spin density on",False,True,captured
mmlu_college_chemistry_55,mmlu,0.6B,4,stochastic,999,1.563,155.12,45.42,32,20.47,49,19,13,0.3878,1.46,False," C. divided by the number of photons absorbed
The quantum yield is the number of photons absorbed
divided by the number of the number of photons absorbed
",False,True,captured
mmlu_college_chemistry_56,mmlu,0.6B,4,stochastic,999,1.5049,147.67,43.78,32,21.26,48,20,12,0.4167,1.67,False, C. A large deviation of g from ge is expected when λ is large and the g from ge is expected when λ is large deviation of g from ge is,False,True,captured
mmlu_college_chemistry_57,mmlu,0.6B,4,stochastic,999,2.0575,141.99,61.79,32,15.55,68,15,18,0.2206,0.83,False, D. 1.433333 x 10^-25 x 1. 1. 1333 x ,False,True,captured
mmlu_college_chemistry_58,mmlu,0.6B,4,stochastic,999,2.5714,140.27,78.42,32,12.44,86,9,23,0.1047,0.39,False," A

To determine the magnetic field at which option A

To determine the magnetic field at what is about determining the magnetic field, ""A

A

A",False,True,captured
mmlu_college_chemistry_59,mmlu,0.6B,4,stochastic,999,2.3151,138.02,70.23,32,13.82,76,13,20,0.1711,0.65,False," A. A
The lattice enthalpy of the substance A. So, the correct because lattice enthalpy. So, the reasoning that the lattice ent",False,True,captured
mmlu_college_chemistry_60,mmlu,0.6B,4,stochastic,999,2.0358,140.17,61.15,32,15.72,66,15,18,0.2273,0.83,False," The correct answer is D. CH3I. CH3I.
The chemical shift is due to the increasing the compound CH3I. 

The correct answer",False,True,captured
mmlu_college_chemistry_61,mmlu,0.6B,4,stochastic,999,1.5098,140.34,44.18,32,21.19,48,21,12,0.4375,1.75,False," A
Answer:
The A
Answer: A
Answer:
The equilibrium polarization of 13C nuclei in a
Answer:
The equilibrium polarization of ",False,True,captured
mmlu_college_chemistry_62,mmlu,0.6B,4,stochastic,999,1.269,140.07,36.42,32,25.22,39,23,10,0.5897,2.3,False," A

Options: A A

Options: A

Options: A

Options: A A

Options: A A

Options: A A

Options:",False,True,captured
mmlu_college_chemistry_63,mmlu,0.6B,4,stochastic,999,1.5205,140.98,44.5,32,21.05,47,20,13,0.4255,1.54,False," D. I, II, and III

Explanation: Mass spectrometry involves the conversion of analyte molecules are characteristic of mass spectrometry is correct.",False,True,captured
mmlu_college_chemistry_64,mmlu,0.6B,4,stochastic,999,1.7982,138.48,53.54,32,17.8,58,18,15,0.3103,1.2,False," A is A
The correct is A. Nuclear magnetic resonance (A is A. Nuclear magnetic resonance (A) is incorrect. The correct answer is A.",False,True,captured
mmlu_college_chemistry_65,mmlu,0.6B,4,stochastic,999,2.5339,142.12,77.15,32,12.63,85,11,22,0.1294,0.5,False," D. 

The Heisenberg uncertainty principle. 

Step-by- can be known exactly.

Wait, but the uncertainty is known exactly. The Heisenberg",False,True,captured
mmlu_college_chemistry_66,mmlu,0.6B,4,stochastic,999,1.7848,144.52,52.91,32,17.93,57,17,15,0.2982,1.13,False, D. HBr(g) → H(g) + Br(g) → H(g) → H(g) → H(g) → H(g) + H,False,True,captured
mmlu_college_chemistry_67,mmlu,0.6B,4,stochastic,999,1.385,146.21,39.96,32,23.1,44,21,11,0.4773,1.91,False, The magnetogyric ratio is the gyromagnetic ratio) is given by the formula is the gyromagnetic ratio is given by the gyromagnetic ratio is,False,True,captured
mmlu_college_chemistry_68,mmlu,0.6B,4,stochastic,999,1.5536,137.85,45.67,32,20.6,50,20,13,0.4,1.54,False," D. D. helium atom. D. helium atom. D. helium atom
D. D. helium atom

Answer: D. helium atom
Answer",False,True,captured
mmlu_college_chemistry_69,mmlu,0.6B,4,stochastic,999,1.577,139.83,46.36,32,20.29,51,19,13,0.3725,1.46,False," The answer is A.
The molar heat capacity at constant volume heat capacity at constant volume for the limiting high-temperature molar heat capacity at constant volume,",False,True,captured
mmlu_college_chemistry_70,mmlu,0.6B,4,stochastic,999,2.7902,142.18,85.42,32,11.47,94,8,24,0.0851,0.33,False, D. So the user know the user know. So the question. So the question. So the question. The question. So the question. The question is,False,True,captured
mmlu_college_chemistry_71,mmlu,0.6B,4,stochastic,999,1.6084,140.67,47.35,32,19.9,51,20,13,0.3922,1.54,False," D. D. reduced mass. D. reduced mass. The correct. D. reduced mass

Answer: D. D. reduced mass. D. reduced",False,True,captured
mmlu_college_chemistry_72,mmlu,0.6B,4,stochastic,999,1.6946,139.37,50.17,32,18.88,52,20,13,0.3846,1.54,False," D. D. D. 4. D. 4

Answer: D. 4

Answer: D. 4. D. 4",False,True,captured
mmlu_college_chemistry_73,mmlu,0.6B,4,stochastic,999,2.0378,147.67,60.97,32,15.7,67,15,17,0.2239,0.88,False," A**

A**

A**

A**

** A**

**Explanation:**
Carbonic acid is not A

**Explanation:**
Carbonic acid is not generally",False,True,captured
mmlu_college_chemistry_74,mmlu,0.6B,4,stochastic,999,2.0992,139.22,63.22,32,15.24,69,14,18,0.2029,0.78,False," B. Ultraviolet. Ultraviolet. Ultraviolet. The wavelength of 193

The wavelength around 190 nm, therefore B. The",False,True,captured
mmlu_college_chemistry_75,mmlu,0.6B,4,stochastic,999,1.4438,147.0,41.83,32,22.16,45,21,12,0.4667,1.75,False," B C
Options: A B C D
Options: A B C D
Options: A B C D
Options: A B C
Options:",False,True,captured
mmlu_college_chemistry_76,mmlu,0.6B,4,stochastic,999,1.9332,146.01,57.65,32,16.55,63,15,17,0.2381,0.88,False, D is the correct answer because the question is about measuring trace amounts of CFCs in the best method for the best suited to measure trace amounts of the correct,False,True,captured
mmlu_college_chemistry_77,mmlu,0.6B,4,stochastic,999,1.4755,138.99,43.11,32,21.69,47,21,12,0.4468,1.75,False, A. The solid-state structures of the principal allotropes of the principal allotropes of the principal allotropes of elemental boron is made up of,False,True,captured
mmlu_college_chemistry_78,mmlu,0.6B,4,stochastic,999,2.472,140.98,75.2,32,12.94,82,11,22,0.1341,0.5,False," A

Answer: It changes the pH asymptotically, because when the correct answer: It changes the pH asymptotically, because when you are you are",False,True,captured
mmlu_college_chemistry_79,mmlu,0.6B,4,stochastic,999,2.0863,146.57,62.57,32,15.34,69,15,18,0.2174,0.83,False," B
Answer:
B B
Answer: H3O+ / H3
Answer: H3O+ / H3
Answer: B
Answer",False,True,captured
mmlu_college_chemistry_80,mmlu,0.6B,4,stochastic,999,1.6754,138.93,49.56,32,19.1,54,19,14,0.3519,1.36,False, D. Zn2+ is a. Zn2+ is a. Zn2+ is a. Zn2+ is a diamagnetic ion,False,True,captured
mmlu_college_chemistry_81,mmlu,0.6B,4,stochastic,999,2.4991,140.95,76.07,32,12.8,84,10,22,0.119,0.45,False," B is the answer is as

The question involves understanding the magnetic polarization in the problem solving this question involves calculating the ratio of the equilibrium polarization in the question is",False,True,captured
mmlu_college_chemistry_82,mmlu,0.6B,4,stochastic,999,2.0354,139.74,61.15,32,15.72,67,16,17,0.2388,0.94,False, The amplitude of free induction decay (FID YOU are given that the value of T2 = 1.6. The amplitude of the value of T2,False,True,captured
mmlu_college_chemistry_83,mmlu,0.6B,4,stochastic,999,1.9171,139.67,57.34,32,16.69,63,17,16,0.2698,1.06,False," D

**Choices: D

**Choices: D

**Correct answer is D. D

**Explanation: D

D

**Choices: D

",False,True,captured
mmlu_college_chemistry_84,mmlu,0.6B,4,stochastic,999,2.1077,140.49,63.46,32,15.18,69,15,18,0.2174,0.83,False, D. Signal averaging is the correct answer. Signal averaging is arespective. Signal averaging is the procedures tend to minimize the influence of the procedures tend to minimize,False,True,captured
mmlu_college_chemistry_85,mmlu,0.6B,4,stochastic,999,2.4797,153.8,75.03,32,12.91,81,12,21,0.1481,0.57,False," A. B
Okay, let's try to calculate the B
Okay, let's go through the formula for a question again the formula for the resonant",False,True,captured
mmlu_college_chemistry_86,mmlu,0.6B,4,stochastic,999,1.3716,148.2,39.46,32,23.33,43,22,11,0.5116,2.0,False," A
Answer: A
Answer: A
Answer: A
Answer: A
The correct: A
Answer: A
Answer: A
Answer",False,True,captured
mmlu_college_chemistry_87,mmlu,0.6B,4,stochastic,999,1.8034,139.12,53.69,32,17.74,59,18,15,0.3051,1.2,False," D. is a. is a primary standard because it is a primary standard for example, the primary standard for standardizing bases are commonly used as a primary standard",False,True,captured
mmlu_college_chemistry_88,mmlu,0.6B,4,stochastic,999,1.8463,138.28,55.1,32,17.33,61,17,16,0.2787,1.06,False, D is: Argon and the first ionization energy is: Argon and the first ionization energy is: The first ionization energy is: Argon,False,True,captured
mmlu_college_chemistry_89,mmlu,0.6B,4,stochastic,999,1.9303,152.71,57.34,32,16.58,62,16,17,0.2581,0.94,False," B C
Options: A B C D
Options: A B C D
Options:  B C
Options: A B C D
Options:",False,True,captured
mmlu_college_chemistry_90,mmlu,0.6B,4,stochastic,999,1.4887,140.07,43.5,32,21.49,48,21,12,0.4375,1.75,False," A
Options: A A
Options: A
Options: A
Options: A
Options: A
Options: A
Options: A
Options",False,True,captured
mmlu_college_chemistry_91,mmlu,0.6B,4,stochastic,999,1.8994,139.3,56.78,32,16.85,62,16,16,0.2581,1.0,False," D. The total entropy of the system plus surroundings increases.

The system plus surroundings increases.
Okay, so the system plus surroundings increases.
Okay, so the system",False,True,captured
mmlu_college_chemistry_92,mmlu,0.6B,4,stochastic,999,1.763,140.05,52.35,32,18.15,57,18,15,0.3158,1.2,False, The correct answer is D. 7 lines. 7 lines. In the EPR spectrum of a diradical. 7 lines. The EPR,False,True,captured
mmlu_college_chemistry_93,mmlu,0.6B,4,stochastic,999,2.92,141.44,89.63,32,10.96,90,9,24,0.1,0.38,False," A. Co are metals are metals are metals are metals that's oxidation states are variable oxidation states, such as in the context: Co




",False,True,captured
mmlu_college_chemistry_94,mmlu,0.6B,4,stochastic,999,1.8481,148.89,54.81,32,17.32,60,17,15,0.2833,1.13,False," B
Answer: B
Answer: B
Answer: B
Answer: B
The R-branch is B
The R-branch is the result",False,True,captured
mmlu_college_chemistry_95,mmlu,0.6B,4,stochastic,999,2.0465,138.11,61.56,32,15.64,65,15,17,0.2308,0.88,False, D is: Electron affinity is the energy levels D is: Electron affinity is the electron affinity is the energy released when choosing D is: Electron affinity is the electron,False,True,captured
mmlu_college_chemistry_96,mmlu,0.6B,4,stochastic,999,2.5247,138.48,76.98,32,12.67,85,10,22,0.1176,0.45,False, C because all of the following the ion Sc3+ because when the ion Sc3+ because all of the above because all of the above because among the options,False,True,captured
mmlu_college_chemistry_97,mmlu,0.6B,4,stochastic,999,1.971,138.21,59.12,32,16.24,65,15,17,0.2308,0.88,False, D is D is D. The NMR frequency of 34 is D is D. 2167 MHz is D. 21 is,False,True,captured
mmlu_college_chemistry_98,mmlu,0.6B,4,stochastic,999,2.0429,139.13,61.41,32,15.66,68,15,17,0.2206,0.88,False," B
The answer is B
B
B

The EPR (B

The EPR (B) B
B
B

The EPR",False,True,captured
mmlu_college_chemistry_99,mmlu,0.6B,4,stochastic,999,2.0551,140.06,61.78,32,15.57,68,15,17,0.2206,0.88,False, D. SCl2 is a. SCl2 is a covalent compound is a. Because sulfur dichloride. SCl2 is a very,False,True,captured
mmlu_computer_security_0,mmlu,0.6B,4,stochastic,999,2.0997,139.35,63.24,32,15.24,70,14,18,0.2,0.78,False," C. C. C. Whitebox

The correct because whitebox fuzzing with the style C. Whitebox

The answer is C. Whitebox.

",False,True,captured
mmlu_computer_security_1,mmlu,0.6B,4,stochastic,999,2.4341,149.31,73.7,32,13.15,80,13,20,0.1625,0.65,False," C is C is C is C. The client does not provide a client is C is C. Let's explanation is C is ""C. True, False",False,True,captured
mmlu_computer_security_2,mmlu,0.6B,4,stochastic,999,2.1122,150.57,63.28,32,15.15,70,14,18,0.2,0.78,False," C
Answer: C

Answer: C. C
Answer: C
C
C
C. C
C. C. C. C
",False,True,captured
mmlu_computer_security_3,mmlu,0.6B,4,stochastic,999,1.7092,136.94,50.72,32,18.72,56,19,14,0.3393,1.36,False," A
Answer: A
Answer: A
Answer: A
Answer: A
A
A
Answer: A
Answer: A
Answer:",False,True,captured
mmlu_computer_security_4,mmlu,0.6B,4,stochastic,999,1.6356,139.17,48.27,32,19.56,53,18,14,0.3396,1.29,False, The correct answer is B The correct answer: DaCryptic. DaCryptic is a remote Trojan. The correct answer is B. DaCryptic is Da,False,True,captured
mmlu_computer_security_5,mmlu,0.6B,4,stochastic,999,1.8038,140.47,53.66,32,17.74,59,18,15,0.3051,1.2,False, B. Buffer-overrun is a type of vulnerability is a type of vulnerability is a type of software vulnerability is a type of software vulnerability. Buffer-overrun is,False,True,captured
mmlu_computer_security_6,mmlu,0.6B,4,stochastic,999,1.9392,150.28,57.71,32,16.5,63,16,17,0.254,0.94,False," C
Answer: C
Answer: C
Answer: C
Answer: C
C
C
C. C
Answer: C
C
",False,True,captured
mmlu_computer_security_7,mmlu,0.6B,4,stochastic,999,1.972,138.12,59.16,32,16.23,65,15,17,0.2308,0.88,False, A. Freenet is a. Freenet is a. Freenet is a distributed system is a distributed system is a distributed system is a distributed,False,True,captured
mmlu_computer_security_8,mmlu,0.6B,4,stochastic,999,2.3603,144.73,71.47,32,13.56,77,12,20,0.1558,0.6,False," A. Buffer overflow in predefined functions in predefined functions are a is the predefined functions. So the answer is A.
The question is the predefined functions in C,",False,True,captured
mmlu_computer_security_9,mmlu,0.6B,4,stochastic,999,1.4981,138.47,43.86,32,21.36,48,20,12,0.4167,1.67,False," B
Answer: B
Answer: B
Answer: B
Answer: B
B
Answer: B
B
Answer: B
Answer:",False,True,captured
mmlu_computer_security_10,mmlu,0.6B,4,stochastic,999,1.383,141.72,40.04,32,23.14,44,21,11,0.4773,1.91,False," A. result ""wraps around""; instead of creating a very large number, result ""wraps around""; instead of creating a very large number, a very",False,True,captured
mmlu_computer_security_11,mmlu,0.6B,4,stochastic,999,2.2679,151.67,68.27,32,14.11,74,13,20,0.1757,0.65,False," B option B option B option B is because the Merkle-Damgard construction of the MAC $ S(k, the correct answer is B. The correct answer",False,True,captured
mmlu_computer_security_12,mmlu,0.6B,4,stochastic,999,1.5009,139.04,43.93,32,21.32,47,19,13,0.4043,1.46,False," C. C. Forward secrecy. C. Forward secrecy. C. Forward secrecy

Answer: C. C. Forward secrecy is C. Forward secrecy is C",False,True,captured
mmlu_computer_security_13,mmlu,0.6B,4,stochastic,999,1.4959,139.05,43.77,32,21.39,48,20,12,0.4167,1.67,False," B
Answer:
D B
Answer: Both A & C
Answer:
D
Answer:
D
Answer:
D
Answer: D

The AH",False,True,captured
mmlu_computer_security_14,mmlu,0.6B,4,stochastic,999,1.9356,140.1,57.92,32,16.53,63,16,17,0.254,0.94,False," C
Answer: C
Answer: C
Answer: C
Answer: C
C
C
C. C
Answer: C
C
",False,True,captured
mmlu_computer_security_15,mmlu,0.6B,4,stochastic,999,1.4196,137.4,41.36,32,22.54,45,21,12,0.4667,1.75,False," B

Answer:
B B

Answer: B

Answer: B

Answer: B

Answer: B

Answer:
Answer: Access Point

Answer:",False,True,captured
mmlu_computer_security_16,mmlu,0.6B,4,stochastic,999,2.5347,137.4,77.33,32,12.62,85,11,22,0.1294,0.5,False," B. B. MD5432
The MD548. B. MD5, B. MD5 produces by the MD5 hash algorithm",False,True,captured
mmlu_computer_security_17,mmlu,0.6B,4,stochastic,999,1.5383,140.53,45.09,32,20.8,49,19,13,0.3878,1.46,False, A. It is a scanner. It is a scanner which works by injecting packets to a network tool that works by injecting packets to a network tool that is correct,False,True,captured
mmlu_computer_security_18,mmlu,0.6B,4,stochastic,999,1.6429,137.9,48.55,32,19.48,53,19,14,0.3585,1.36,False, A. A. Escape queries. A. Escape queries. The correct? A. Escape queries is A. Escape queries is A. Escape queries. While escaping,False,True,captured
mmlu_computer_security_19,mmlu,0.6B,4,stochastic,999,1.4952,141.12,43.68,32,21.4,48,21,12,0.4375,1.75,False," D. Taking care to avoid activities during a penetration test that might attract attention, e.g., by operators or draw attention during a. Taking care to avoid activities",False,True,captured
mmlu_computer_security_20,mmlu,0.6B,4,stochastic,999,2.2005,138.56,66.52,32,14.54,73,13,19,0.1781,0.68,False, A. The question is asking which of the options B. The question: Transport layer vulnerabilities typically involves issues with the given the question is asking which of the question,False,True,captured
mmlu_computer_security_21,mmlu,0.6B,4,stochastic,999,1.8738,146.96,55.7,32,17.08,61,17,16,0.2787,1.06,False," D
Answer:
D D
Answer: Blinding adds a random amount of time to the decryption time is the correct. Blinding adds a random amount of",False,True,captured
mmlu_computer_security_22,mmlu,0.6B,4,stochastic,999,1.8156,144.61,53.9,32,17.63,59,16,16,0.2712,1.0,False," A
Okay, let's try to answer is the timing channel attack described attack in the paper is a
The paper “Remote Timing Attacks are Practical timing channel",False,True,captured
mmlu_computer_security_23,mmlu,0.6B,4,stochastic,999,1.8093,138.08,53.91,32,17.69,60,17,15,0.2833,1.13,False," C
Answer:
D C
Answer: Key exchange
Answer: C
Answer:
Answer: C
Answer:
Answer:
The correct answer is C.",False,True,captured
mmlu_computer_security_24,mmlu,0.6B,4,stochastic,999,2.3774,138.07,72.24,32,13.46,79,11,21,0.1392,0.52,False," A. A because the Silk Road was a single choice A. The Silk Road.
Okay, let me

The answer A. The Silk Road.
The correct",False,True,captured
mmlu_computer_security_25,mmlu,0.6B,4,stochastic,999,2.1949,139.6,66.3,32,14.58,73,13,19,0.1781,0.68,False, C. The correct. C. Dark web is C. Dark web is C. Dark web is the part 2. The Dark web is the part ,False,True,captured
mmlu_computer_security_26,mmlu,0.6B,4,stochastic,999,2.3572,140.38,71.51,32,13.58,79,12,20,0.1519,0.6,False," B
Answer: B
Answer: B
B
B
B
Answer: B
B
B. B
B
Answer: B
",False,True,captured
mmlu_computer_security_27,mmlu,0.6B,4,stochastic,999,1.8623,139.05,55.59,32,17.18,61,17,16,0.2787,1.06,False," B
Answer: B
Answer: B
Answer: B
Answer: B
B
Answer: B
Answer: B
Answer: B
",False,True,captured
mmlu_computer_security_28,mmlu,0.6B,4,stochastic,999,1.2663,146.52,36.12,32,25.27,39,21,11,0.5385,1.91,False, C. Compiling the program with address sanitizer (ASAN will make the source of a. Compiling the program with address sanitizer (ASAN) with address,False,True,captured
mmlu_computer_security_29,mmlu,0.6B,4,stochastic,999,1.5977,145.9,46.83,32,20.03,52,20,13,0.3846,1.54,False," D

Options: A D

Options: A

Options: A

Options: A

Options: A B C

Options: A

Options: A",False,True,captured
mmlu_computer_security_30,mmlu,0.6B,4,stochastic,999,1.8026,137.86,53.7,32,17.75,59,18,15,0.3051,1.2,False," D. IP Network Browser is a. IP Network Browser is a tool that allows you to query
The IP Network Browser is a tool is a. IP Network",False,True,captured
mmlu_computer_security_31,mmlu,0.6B,4,stochastic,999,1.4906,140.08,43.57,32,21.47,47,19,13,0.4043,1.46,False," D. WPA2. WPA2. WPA2. WPA2. WPA2. WPA2. WPA2
WPA",False,True,captured
mmlu_computer_security_32,mmlu,0.6B,4,stochastic,999,2.4847,142.56,75.55,32,12.88,83,12,21,0.1446,0.57,False," C. Without file descriptor passing, the question is C. Let's explanation is C. Let's break down to the question is C
C. Let's",False,True,captured
mmlu_computer_security_33,mmlu,0.6B,4,stochastic,999,2.0526,139.5,61.71,32,15.59,68,15,17,0.2206,0.88,False, C. The correct. The correct. The correct answer: C. Session layer is C. Session layer is C. Session layer is C. Session layer.,False,True,captured
mmlu_computer_security_34,mmlu,0.6B,4,stochastic,999,1.8592,138.01,55.52,32,17.21,61,17,16,0.2787,1.06,False," D. Authentication methods include secret question, biometric, secret question are authentication methods are authentication methods are authentication methods. These are all authentication methods. Secret question,",False,True,captured
mmlu_computer_security_35,mmlu,0.6B,4,stochastic,999,1.8022,141.31,53.58,32,17.76,59,18,15,0.3051,1.2,False," D. when the program notices a buffer has filled up, and so starts to reject requests
Wait, it has filled up, it has filled up, and",False,True,captured
mmlu_computer_security_36,mmlu,0.6B,4,stochastic,999,1.6846,139.32,49.85,32,19.0,55,19,14,0.3455,1.36,False," C
Answer: C
Answer: C
C
C
Answer: C
Answer: C
Answer: C
Answer: C
Answer:",False,True,captured
mmlu_computer_security_37,mmlu,0.6B,4,stochastic,999,2.464,138.94,75.0,32,12.99,82,11,21,0.1341,0.52,False, D. Packet filter firewalls filter is the packet filters are the packet filters are the layers are the packet filters are used for packet filters are used in the OSI,False,True,captured
mmlu_computer_security_38,mmlu,0.6B,4,stochastic,999,2.2539,142.72,68.1,32,14.2,75,13,19,0.1733,0.68,False," B

Answer: B

The question the question the question the question of the options: B

Answer: B

Answer: B

The question is about",False,True,captured
mmlu_computer_security_39,mmlu,0.6B,4,stochastic,999,1.603,161.03,46.51,32,19.96,51,20,13,0.3922,1.54,False," C. C. Snort is C. Snort
Answer: C. C. Snort is a question: C. Snort

Answer: C",False,True,captured
mmlu_computer_security_40,mmlu,0.6B,4,stochastic,999,2.0084,138.05,60.33,32,15.93,66,15,18,0.2273,0.83,False, B. The question: Condentiality refers to the message confidentiality is the correct. The question: The Message confidentiality means that the sender and the message confidentiality is,False,True,captured
mmlu_computer_security_41,mmlu,0.6B,4,stochastic,999,1.3727,141.29,39.72,32,23.31,44,21,11,0.4773,1.91,False," B. 4-way handshake

Answer:
-way handshake

B. 4-way handshake

B. 4-way handshake

B. 4-way handshake",False,True,captured
mmlu_computer_security_42,mmlu,0.6B,4,stochastic,999,1.6533,138.92,48.85,32,19.36,53,18,14,0.3396,1.29,False," B. Message Integrity

Answer. Message authentication is a service that. B. Message Integrity

Answer: B. Message Integrity is B. Message Integrity

Answer",False,True,captured
mmlu_computer_security_43,mmlu,0.6B,4,stochastic,999,1.5421,138.85,45.27,32,20.75,49,19,13,0.3878,1.46,False, D. user input are most vulnerable to injection attacks. user input are most vulnerable to user input are most vulnerable to injection attacks are most vulnerable to injection attacks are,False,True,captured
mmlu_computer_security_44,mmlu,0.6B,4,stochastic,999,2.2322,147.41,67.25,32,14.34,74,13,19,0.1757,0.68,False," C is C is C is C. The first part is that the assistant is C is C. Here's the reasoning:

C
The first statement is:",False,True,captured
mmlu_computer_security_45,mmlu,0.6B,4,stochastic,999,1.4502,138.13,42.32,32,22.07,46,21,12,0.4565,1.75,False, D. Wireshark is a. Wireshark is a widely used for network traffic analysis: Wireshark is a widely used for network traffic analysis and,False,True,captured
mmlu_computer_security_46,mmlu,0.6B,4,stochastic,999,1.8782,140.5,56.05,32,17.04,61,16,16,0.2623,1.0,False," B. backdoor

Answer. backdoor is the question. The correct. backdoor is the question: B. backdoor. backdoor is the question",False,True,captured
mmlu_computer_security_47,mmlu,0.6B,4,stochastic,999,2.0647,138.18,62.15,32,15.5,68,15,17,0.2206,0.88,False," C. C. C. C. C. CBF, C. CBF is C. CBF
C
The question is asking which of the",False,True,captured
mmlu_computer_security_48,mmlu,0.6B,4,stochastic,999,1.4785,143.36,43.07,32,21.64,46,19,13,0.413,1.46,False, A. A piece of software. A. A piece of software that intercepts and possibly modifies requests and the intercepts and possibly modifies requests and a web proxy,False,True,captured
mmlu_computer_security_49,mmlu,0.6B,4,stochastic,999,1.7892,140.57,53.18,32,17.88,58,17,15,0.2931,1.13,False," C

Answer:
Answer C

Answer: C. C

Answer: C. C. C

Answer: C. boundary checks

Answer:
C.",False,True,captured
mmlu_computer_security_50,mmlu,0.6B,4,stochastic,999,2.37,140.37,71.92,32,13.5,79,13,20,0.1646,0.65,False, C is C is C. C and explanation: C is C is C is C is C. C and C++ are C is C. C and C,False,True,captured
mmlu_computer_security_51,mmlu,0.6B,4,stochastic,999,1.9228,141.27,57.47,32,16.64,63,16,17,0.254,0.94,False," D. Encryption and decryption provide secrecy, because encryption and the encryption and the encryption and decryption provide secrecy, or confidentiality. Encryption and decryption provide secrecy, because encryption",False,True,captured
mmlu_computer_security_52,mmlu,0.6B,4,stochastic,999,1.586,141.64,46.59,32,20.18,50,19,14,0.38,1.36,False," A. IM – Trojans are you sure?
Answer: A. IM – A. IM – A. A. IM – Troj: A.",False,True,captured
mmlu_computer_security_53,mmlu,0.6B,4,stochastic,999,1.6482,137.8,48.72,32,19.42,53,18,14,0.3396,1.29,False," B. 564

Answer:
648

Answer:
The subkey length at each round of the sub key length at each round of the",False,True,captured
mmlu_computer_security_54,mmlu,0.6B,4,stochastic,999,2.2517,140.64,68.1,32,14.21,73,14,19,0.1918,0.74,False," A
Answer: A. A. It generates each different inputs are A
A
A
Answer: A
A
Answer: A
Answer:",False,True,captured
mmlu_computer_security_55,mmlu,0.6B,4,stochastic,999,1.9251,137.61,57.66,32,16.62,62,16,17,0.2581,0.94,False," C
Answer: C
Answer: C
Answer: C
Answer: C
The correct is C. The types of the question: C
Answer",False,True,captured
mmlu_computer_security_56,mmlu,0.6B,4,stochastic,999,1.802,140.95,53.58,32,17.76,59,18,15,0.3051,1.2,False, A. is the correct answer. is the correct answer. Nonrepudiation is the correct because nonrepudiation is the correct. is the correct answer,False,True,captured
mmlu_computer_security_57,mmlu,0.6B,4,stochastic,999,1.6128,139.44,47.53,32,19.84,52,19,13,0.3654,1.46,False," D. D. Network layer. The correct. The correct: D. Network layer
Answer: D. Network layer
Answer: D. Network layer
",False,True,captured
mmlu_computer_security_58,mmlu,0.6B,4,stochastic,999,1.5396,142.49,45.07,32,20.78,49,20,13,0.4082,1.54,False," B

Answer: Transport Layer Security Protocol

Answer: B

Answer: B

Answer: B

Answer: B

Answer: B. Transport Layer Security",False,True,captured
mmlu_computer_security_59,mmlu,0.6B,4,stochastic,999,1.5014,138.58,43.96,32,21.31,48,20,12,0.4167,1.67,False," D. D. Tor browser. D. Tor browser. D. Tor browser

Answer: D. Tor browser. The correct. D. Tor browser

",False,True,captured
mmlu_computer_security_60,mmlu,0.6B,4,stochastic,999,1.3984,138.87,40.63,32,22.88,43,20,12,0.4651,1.67,False," A
Answer: A
Answer: A
Answer: A
Answer: A
Answer: A
Answer: A
Answer: A
Answer:",False,True,captured
mmlu_computer_security_61,mmlu,0.6B,4,stochastic,999,1.9384,140.3,58.0,32,16.51,64,17,16,0.2656,1.06,False," A

Answer:
Answer A

Answer: A. A

Answer: A. A. A

Answer:
Answer: A. Modication detection code (",False,True,captured
mmlu_computer_security_62,mmlu,0.6B,4,stochastic,999,2.128,149.14,63.83,32,15.04,70,15,18,0.2143,0.83,False," A

Answer: A. Answer is A. So the correct answer is not sure answer is a

Answer: A

Answer: A

The correct answer",False,True,captured
mmlu_computer_security_63,mmlu,0.6B,4,stochastic,999,1.513,138.79,44.33,32,21.15,48,21,12,0.4375,1.75,False," D. UNIX
Answer:
. UNIX
Answer: D. UNIX
Answer:
D. UNIX
Answer: D. UNIX

Answer: D. UNIX",False,True,captured
mmlu_computer_security_64,mmlu,0.6B,4,stochastic,999,1.7086,143.08,50.5,32,18.73,55,19,14,0.3455,1.36,False," D. The attacker resends a captured message, and the captured messages, and the captured messages, and the captured messages, and the site. The attacker res",False,True,captured
mmlu_computer_security_65,mmlu,0.6B,4,stochastic,999,1.6994,141.45,50.26,32,18.83,55,19,14,0.3455,1.36,False," B
Answer: B. B
Answer: B
Answer: B
Answer: B
Answer: B
Answer: B. B
Answer:",False,True,captured
mmlu_computer_security_66,mmlu,0.6B,4,stochastic,999,1.598,138.49,47.08,32,20.03,51,20,13,0.3922,1.54,False," B. Wireless security
Answer. Wireless security is the correct. Wireless security is the correct: B. Wireless security
Answer: B. Wireless security is the",False,True,captured
mmlu_computer_security_67,mmlu,0.6B,4,stochastic,999,2.0528,139.97,61.71,32,15.59,67,15,18,0.2239,0.83,False, A and C and explanation: Penetration testing is A and explain: A and explain: Penetration testing is a and Explanation: Penetration testing is A and,False,True,captured
mmlu_computer_security_68,mmlu,0.6B,4,stochastic,999,1.7767,139.12,52.82,32,18.01,58,17,15,0.2931,1.13,False, B. Metasploit is a. Metasploit is a popular penetration testing framework is a. Metasploit is a. Metasploit is a popular,False,True,captured
mmlu_computer_security_69,mmlu,0.6B,4,stochastic,999,2.359,140.14,71.58,32,13.57,78,11,21,0.141,0.52,False," B. 

Wait, no. Because in OTP is k is k is k is k = m xor c.

Wait, but the question is k is k",False,True,captured
mmlu_computer_security_70,mmlu,0.6B,4,stochastic,999,2.5886,146.52,78.78,32,12.36,86,9,23,0.1047,0.39,False," C
The answer is C
C
C

The question: C
C

The correct because when the optimizations that turning off CR and the option C",False,True,captured
mmlu_computer_security_71,mmlu,0.6B,4,stochastic,999,1.6305,138.68,48.12,32,19.63,51,19,14,0.3725,1.36,False," B. Message Integrity

Answer. Message Integrity is B. Message Integrity. Message Integrity

Answer: B. Message Integrity is B. Message Integrity is B.",False,True,captured
mmlu_computer_security_72,mmlu,0.6B,4,stochastic,999,1.5172,143.45,44.32,32,21.09,48,19,13,0.3958,1.46,False," C. A direct leak comes via the software system's intended interaction mechanism, while a software system's the software system's intended interaction mechanism, as a result from",False,True,captured
mmlu_computer_security_73,mmlu,0.6B,4,stochastic,999,1.7256,139.2,51.18,32,18.54,56,18,14,0.3214,1.29,False," D
Options: A. S

Answer: D
Options: A. A

Question: What is the full name is the key used for encryption is",False,True,captured
mmlu_computer_security_74,mmlu,0.6B,4,stochastic,999,1.2773,142.32,36.61,32,25.05,39,22,11,0.5641,2.0,False," B. It is a sequence of nops preceding injected shellcode, useful when the nops preceding injected shellcode, useful when the return address is a sequence",False,True,captured
mmlu_computer_security_75,mmlu,0.6B,4,stochastic,999,1.443,139.11,42.06,32,22.18,45,21,12,0.4667,1.75,False," A
Answer:
A A
Answer:
A
Answer:
A
Answer: A. SYN stealth scan

The correct
Answer:
A
Answer:",False,True,captured
mmlu_computer_security_76,mmlu,0.6B,4,stochastic,999,1.6866,145.57,49.71,32,18.97,54,17,15,0.3148,1.13,False," D. B is correct answer: B and C are correct answer is correct. According to the paper, spammers need to register domain names in the correct.",False,True,captured
mmlu_computer_security_77,mmlu,0.6B,4,stochastic,999,1.7472,139.22,51.87,32,18.31,57,18,15,0.3158,1.2,False, C. Buffer-overflow is a. Buffer-overflow is a type of cyber- A buffer- A buffer overflow is a type of software vulnerability that occurs when,False,True,captured
mmlu_computer_security_78,mmlu,0.6B,4,stochastic,999,1.4151,137.76,41.21,32,22.61,45,21,12,0.4667,1.75,False," D. EtterPeak
The correct answer is D. EtterPeak is a popular tool used for the correct answer is D. EtterPeak is a",False,True,captured
mmlu_computer_security_79,mmlu,0.6B,4,stochastic,999,2.3421,142.31,70.96,32,13.66,78,13,20,0.1667,0.65,False," C. Base Transceiver Station (BTS (BTS is a term is a.know is a.k

The Base Transceiver Station (BTS is",False,True,captured
mmlu_computer_security_80,mmlu,0.6B,4,stochastic,999,1.715,140.77,50.78,32,18.66,54,17,15,0.3148,1.13,False," D. buffer

The answer is D. The question is a buffer is a sequential segment of memory buffer. The question is asking for a term ""Buffer.",False,True,captured
mmlu_computer_security_81,mmlu,0.6B,4,stochastic,999,1.5844,138.46,46.64,32,20.2,51,20,13,0.3922,1.54,False," C
Answer:
C C
Answer: TKIP
Answer:
C
Answer:
C
Answer: C
Answer: TKIP
Answer:
C",False,True,captured
mmlu_computer_security_82,mmlu,0.6B,4,stochastic,999,1.618,140.89,47.65,32,19.78,51,18,14,0.3529,1.29,False," A. buffer
Answer:
. buffer
Answer:
A. buffer
A. buffer
Answer:
. buffer
A. buffer
Answer:
A.",False,True,captured
mmlu_computer_security_83,mmlu,0.6B,4,stochastic,999,1.3925,139.68,40.41,32,22.98,44,21,11,0.4773,1.91,False," C. WPS
Answer:
The correct
Answer:
Answer: C. WPS

Answer: C. WPS
Answer: C. WPS",False,True,captured
mmlu_computer_security_84,mmlu,0.6B,4,stochastic,999,2.4506,141.04,74.5,32,13.06,82,12,21,0.1463,0.57,False," B. Closed. Closed. Wait, no. Closed. Wait, the answer is the correct. Wait, the options are A. Closed. Wait, the",False,True,captured
mmlu_computer_security_85,mmlu,0.6B,4,stochastic,999,1.7962,138.12,53.49,32,17.82,58,17,16,0.2931,1.06,False," A
Options: A A
Options: A
Options: A
Options: A
Options: A
Options: A

The correct
Options:",False,True,captured
mmlu_computer_security_86,mmlu,0.6B,4,stochastic,999,1.7888,141.32,53.14,32,17.89,58,17,15,0.2931,1.13,False," C. As a stack-allocated variable, it could have different addresses depending on when a local variables are allocated variable, the address is not fixed. 

The",False,True,captured
mmlu_computer_security_87,mmlu,0.6B,4,stochastic,999,2.0895,139.28,62.91,32,15.31,69,15,18,0.2174,0.83,False," A
Answer: D A

Answer: Global variables are the stack is the stack is incorrect. The correct answer is the stack is memory for storing global variables",False,True,captured
mmlu_computer_security_88,mmlu,0.6B,4,stochastic,999,2.0238,140.28,60.76,32,15.81,66,15,17,0.2273,0.88,False," D. No, since the key is shorter than the stream cipher and the stream cipher and the answer D. Can a stream cipher have perfect secrecy in the context",False,True,captured
mmlu_computer_security_89,mmlu,0.6B,4,stochastic,999,1.9112,138.9,57.17,32,16.74,62,16,17,0.2581,0.94,False," A
Answer:
A A
Answer: Restrict what operations/data the correct
Answer:
A
Answer: Restrict what operations/data the correct
Answer",False,True,captured
mmlu_computer_security_90,mmlu,0.6B,4,stochastic,999,1.4305,140.6,41.61,32,22.37,45,20,12,0.4444,1.67,False," C. C. Receiver site. C. Receiver site. C. Receiver site

Answer: C. Receiver site. The message must be encrypted at the question",False,True,captured
mmlu_computer_security_91,mmlu,0.6B,4,stochastic,999,2.2199,138.91,67.13,32,14.42,74,13,19,0.1757,0.68,False," C. A. A. crypter

A. crypter B

A. crypter B. A

A backdoor. A. crypter

",False,True,captured
mmlu_computer_security_92,mmlu,0.6B,4,stochastic,999,1.4336,140.62,41.71,32,22.32,45,20,12,0.4444,1.67,False," A. Installing and configuring a IDS that can read the IP header. IDS that can read the IP header can read the IP header
Okay, so I DS",False,True,captured
mmlu_computer_security_93,mmlu,0.6B,4,stochastic,999,1.8754,139.41,56.0,32,17.06,61,17,16,0.2787,1.06,False, C is C is C is not an example of the question is: C is not an example of the question is C is not an example of the question is,False,True,captured
mmlu_computer_security_94,mmlu,0.6B,4,stochastic,999,2.3692,142.99,71.81,32,13.51,78,11,21,0.141,0.52,False," A. True, True
. True, True, because OKWS (the OKWS. True, True
The OKWS is the answer
The OK",False,True,captured
mmlu_computer_security_95,mmlu,0.6B,4,stochastic,999,1.8243,138.61,54.38,32,17.54,59,17,16,0.2881,1.06,False," A
Answer:
The A
Answer: A
Answer:
The correct answer is A. A. A. A
Answer: A
Answer: A",False,True,captured
mmlu_computer_security_96,mmlu,0.6B,4,stochastic,999,1.9699,139.76,59.04,32,16.24,64,15,17,0.2344,0.88,False," A
Answer:
Answer A
A
Answer: A
Answer: A
A
Answer: A
Answer: A
Answer: A
A",False,True,captured
mmlu_computer_security_97,mmlu,0.6B,4,stochastic,999,1.7194,136.75,51.05,32,18.61,56,18,14,0.3214,1.29,False," The answer is C.
The first buffer overflow attack was the Morris Worm.

The first buffer overflow attack was the Morris Worm. The first buffer overflow attack was the",False,True,captured
mmlu_computer_security_98,mmlu,0.6B,4,stochastic,999,1.3387,139.21,38.69,32,23.9,42,22,11,0.5238,2.0,False," C. SMS Trojan
 C. SMS Trojan
The correct answer is C. SMS Trojan is the correct answer because SMS Trojan is a type of malware that can",False,True,captured
mmlu_computer_security_99,mmlu,0.6B,4,stochastic,999,2.3653,137.7,71.86,32,13.53,78,12,21,0.1538,0.57,False," C
Answer: C. C
C
C. C
Answer: C. C
Answer: C. Correctness is C
C
Answer",False,True,captured
mmlu_econometrics_0,mmlu,0.6B,4,stochastic,999,2.2495,146.06,67.85,32,14.23,74,13,20,0.1757,0.65,False," A
Answer: A. A. A
A
A
Answer: A
Answer: A
The most appropriate is A. The correct: A",False,True,captured
mmlu_econometrics_1,mmlu,0.6B,4,stochastic,999,1.2688,146.24,36.21,32,25.22,39,21,11,0.5385,1.91,False, C. The PP test incorporates an automatic correction for autocor an automatic correction for autocorrelated residuals in the test regression residuals in the test regression. The PP,False,True,captured
mmlu_econometrics_3,mmlu,0.6B,4,stochastic,999,2.15,140.02,64.84,32,14.88,71,14,19,0.1972,0.74,False," D

The linear probability model (A

The linear probability model is as to D

The linear probability model (A

The linear probability model (A

",False,True,captured
mmlu_econometrics_4,mmlu,0.6B,4,stochastic,999,2.5202,139.89,76.78,32,12.7,84,11,21,0.131,0.52,False," C**

Let's step-by-Step-by-elimination process:**
-Step-by-Step-by-elimination:**
The population is the total collection",False,True,captured
mmlu_econometrics_5,mmlu,0.6B,4,stochastic,999,2.0453,145.75,61.28,32,15.65,66,15,18,0.2273,0.83,False," B is the following:**
The Box-Pierce Q and Ljung-Box Q:**
The Ljung-Box Q:**
The Box-P",False,True,captured
mmlu_econometrics_6,mmlu,0.6B,4,stochastic,999,2.1621,139.68,65.24,32,14.8,72,14,18,0.1944,0.78,False," B. 

A parsimonious model is the data

A parsimonious model is the data. A. A as possible to explain the data. A",False,True,captured
mmlu_econometrics_7,mmlu,0.6B,4,stochastic,999,1.5885,140.61,46.71,32,20.15,51,20,13,0.3922,1.54,False," D. They are usually fat-tailed. Wait, no, wait, but the answer is D. They are usually fat-tailed. They are usually fat",False,True,captured
mmlu_econometrics_8,mmlu,0.6B,4,stochastic,999,2.197,143.62,66.24,32,14.57,72,14,19,0.1944,0.74,False," B is correct. The GARCH(1,1

Let me think process of the answer is incorrect answer is (i) and (i) Fat tails",False,True,captured
mmlu_econometrics_9,mmlu,0.6B,4,stochastic,999,2.2601,139.69,68.4,32,14.16,74,13,20,0.1757,0.65,False," B**

In a:**
In a GARCH-M models and Explanation:**
In a GARCH-M model:

In a GARCH-M model:**
In",False,True,captured
mmlu_econometrics_10,mmlu,0.6B,4,stochastic,999,2.0731,148.44,62.09,32,15.44,68,15,17,0.2206,0.88,False," B. (iii only

Wait, the third only
Okay, let's only. (iii) only

Wait, the answer is B. (i",False,True,captured
mmlu_econometrics_12,mmlu,0.6B,4,stochastic,999,1.2648,140.55,36.26,32,25.3,39,23,10,0.5897,2.3,False, D. In-sample forecasting ability is a poor test of model adequacy is a poor test of model adequacy is a poor test of a poor test of model,False,True,captured
mmlu_econometrics_15,mmlu,0.6B,4,stochastic,999,2.3063,149.08,69.59,32,13.88,76,13,19,0.1711,0.68,False," A. 1) The GARCH(1,1

A

A

Now, consider the answer A. (i): The ARCH(q) model",False,True,captured
mmlu_econometrics_16,mmlu,0.6B,4,stochastic,999,1.7331,145.55,51.21,32,18.46,56,17,15,0.3036,1.13,False," A
Answer:
A A
Answer: (ii) and (iv) (ii) and (iv) (ii) and (iv) is the",False,True,captured
mmlu_econometrics_17,mmlu,0.6B,4,stochastic,999,1.7075,144.85,50.41,32,18.74,56,19,14,0.3393,1.36,False, B because the fitted regression line is B because the fitted regression line is B because the fitted regression line is B because the fitted regression line B because the fitted regression,False,True,captured
mmlu_econometrics_18,mmlu,0.6B,4,stochastic,999,2.2239,139.07,67.25,32,14.39,74,13,19,0.1757,0.68,False," D. 1 x 1

The dimensions of $\hat{u is not sure, because $\hat{1

The product of two matrices, the",False,True,captured
mmlu_econometrics_19,mmlu,0.6B,4,stochastic,999,1.9497,142.25,58.3,32,16.41,64,16,16,0.25,1.0,False," The characteristic roots are 2 and -0.5

The characteristic roots are 2 and -0.5. The characteristic roots of the MA process is",False,True,captured
mmlu_econometrics_20,mmlu,0.6B,4,stochastic,999,1.345,141.15,38.83,32,23.79,41,22,11,0.5366,2.0,False," B. The explanatory variable is fixed in repeated samples. 

Wait, the variable is fixed in repeated samples. 

Wait, the answer is B. The explanatory",False,True,captured
mmlu_econometrics_22,mmlu,0.6B,4,stochastic,999,1.9809,146.84,59.16,32,16.15,65,15,17,0.2308,0.88,False," D. (i), (ii), and (iv) and (iv) and (iv)
Okay, let's see. (i), and (iv",False,True,captured
mmlu_econometrics_23,mmlu,0.6B,4,stochastic,999,1.711,139.72,50.69,32,18.7,55,18,15,0.3273,1.2,False, B. It will be consistent and unbiased but not efficient. It will be consistent and unbiased but not unbiased but not unbiased but not unbiased but not unbiased but not,False,True,captured
mmlu_econometrics_24,mmlu,0.6B,4,stochastic,999,2.1839,141.7,65.88,32,14.65,72,14,18,0.1944,0.78,False, A is A is A is A. The regression $ \boxed{A} is A is A. The regression R^A is A. The regression $,False,True,captured
mmlu_econometrics_25,mmlu,0.6B,4,stochastic,999,1.615,138.82,47.62,32,19.81,51,19,14,0.3725,1.36,False," A. The average value of y over the average value of y over the average
Answer: A
Answer: A. The average value of y
Answer",False,True,captured
mmlu_econometrics_26,mmlu,0.6B,4,stochastic,999,2.2247,139.08,67.28,32,14.38,74,14,19,0.1892,0.74,False," B
Answer: 
Answer: B
Answer: 

Answer: D

Question: The order condition is the B
Answer: A

Question: The",False,True,captured
mmlu_econometrics_27,mmlu,0.6B,4,stochastic,999,1.9158,141.18,57.25,32,16.7,62,15,17,0.2419,0.88,False," D. Such an estimator will always be unbiased.  always be unbiased. 

The estimator will always be unbiased.

Wait, the question is about be unbiased.
",False,True,captured
mmlu_econometrics_28,mmlu,0.6B,4,stochastic,999,2.0336,146.76,60.87,32,15.74,66,14,18,0.2121,0.78,False," A. (iv) only. (iv) only. 

Wait, the options

The D. (iv) only

Wait, the fourth only

",False,True,captured
mmlu_econometrics_29,mmlu,0.6B,4,stochastic,999,1.6942,140.89,50.11,32,18.89,55,19,14,0.3455,1.36,False, D. The PRF is a description of the process thought to be generating the data generating the theoretical and the true. The PRF is a description of the,False,True,captured
mmlu_econometrics_30,mmlu,0.6B,4,stochastic,999,2.0622,141.19,61.97,32,15.52,68,16,17,0.2353,0.94,False," D. The general to specific (D. The general to specific (D. The ""D. The general to specific (D. If the initial model is",False,True,captured
mmlu_econometrics_31,mmlu,0.6B,4,stochastic,999,2.4054,152.08,72.69,32,13.3,78,11,21,0.141,0.52,False," B. (iii only

Wait, no, the (iii) only
Okay, let's go on

Okay, let me, (iii only.",False,True,captured
mmlu_econometrics_32,mmlu,0.6B,4,stochastic,999,1.874,139.25,55.96,32,17.08,61,16,16,0.2623,1.0,False," D. Unbiased and consistent but inefficient coefficient estimates.
Okay, so the coefficient estimates. Wait, but inefficient.

Wait, but inefficient.
Wait, but inefficient",False,True,captured
mmlu_econometrics_33,mmlu,0.6B,4,stochastic,999,2.4285,140.53,73.81,32,13.18,81,11,21,0.1358,0.52,False," A

A
A

A

A model that is based on financial theory provides a clear and Reasoning B

-2 B

### Justification for",False,True,captured
mmlu_econometrics_34,mmlu,0.6B,4,stochastic,999,1.7382,147.25,51.32,32,18.41,56,18,14,0.3214,1.29,False," A. (iv) only

The correct answer is A. (iv) only

Wait, the answer is the answer is the answer is A. (",False,True,captured
mmlu_econometrics_35,mmlu,0.6B,4,stochastic,999,1.5266,140.59,44.71,32,20.96,48,20,13,0.4167,1.54,False, A. The roots of the characteristic equation must all lie inside the unit circle. The characteristic equation must all lie inside the unit circle is a. The roots of,False,True,captured
mmlu_econometrics_36,mmlu,0.6B,4,stochastic,999,2.6991,148.23,82.29,32,11.86,90,9,24,0.1,0.38,False," A
Answer: A
Let me explaination is not sure answer is A. Let's explanation: Let's analyze the answer is correct answer is (i",False,True,captured
mmlu_econometrics_38,mmlu,0.6B,4,stochastic,999,1.8194,139.3,54.2,32,17.59,59,17,15,0.2881,1.13,False, D. The D. The D. The Dickey-Fuller test is the D. The Dickey-Fuller test is a statistical test for unit,False,True,captured
mmlu_econometrics_39,mmlu,0.6B,4,stochastic,999,1.7633,140.02,52.36,32,18.15,57,17,15,0.2982,1.13,False, The optimal one-step ahead forecast of the change in y_{t forecast of the forecast of the change in y is the current value of y_t+1 forecast,False,True,captured
mmlu_econometrics_40,mmlu,0.6B,4,stochastic,999,1.8408,145.72,54.68,32,17.38,60,17,15,0.2833,1.13,False," C
Answer: C. C. (i), (C
Answer: C. C
Answer: C. C. C
Answer: C
",False,True,captured
mmlu_econometrics_42,mmlu,0.6B,4,stochastic,999,1.7875,141.42,53.1,32,17.9,58,17,15,0.2931,1.13,False," C
Answer: C
Answer: C
Answer: C
Answer: C
C
C
C. C
C. C. C.",False,True,captured
mmlu_econometrics_43,mmlu,0.6B,4,stochastic,999,2.3834,141.36,72.32,32,13.43,79,13,20,0.1646,0.65,False," C. The classical hypothesis testing framework. The incorrect because in the options C. So, the incorrect because the option C. C. The classical hypothesis testing framework",False,True,captured
mmlu_econometrics_44,mmlu,0.6B,4,stochastic,999,1.7007,140.76,50.32,32,18.82,55,18,14,0.3273,1.29,False," B
Answer: B. B
Answer: B
Answer: B. B
Answer: B
B
Answer: B
Answer: B.",False,True,captured
mmlu_econometrics_45,mmlu,0.6B,4,stochastic,999,1.979,145.01,59.16,32,16.17,65,15,17,0.2308,0.88,False," D. 1.96

Explanation: The test statistic is the correct? Wait, but wait, but wait, but wait, the critical value for",False,True,captured
mmlu_econometrics_47,mmlu,0.6B,4,stochastic,999,2.1348,139.17,64.37,32,14.99,69,15,18,0.2174,0.83,False," A
Answer:
Answer A
A
Answer: A
Answer: A
A
Answer: A. A
Answer:
Answer: A. A",False,True,captured
mmlu_econometrics_48,mmlu,0.6B,4,stochastic,999,2.3283,142.16,70.52,32,13.74,77,13,20,0.1688,0.65,False," B. 

Okay, let's tackle this is the answer is the answer is B. (i) and (iii) is the the answer is B.",False,True,captured
mmlu_econometrics_49,mmlu,0.6B,4,stochastic,999,1.7399,145.18,51.44,32,18.39,56,18,15,0.3214,1.2,False," A
Answer:
A A
Answer: (ii) and (iv) (ii) and (iv) (ii) and (iv) OLS",False,True,captured
mmlu_econometrics_50,mmlu,0.6B,4,stochastic,999,2.1257,138.08,64.12,32,15.05,70,14,19,0.2,0.74,False," A
The correct is A. A
A
Answer: A
The correct answer: A
The correct answer is A. A. A
The",False,True,captured
mmlu_econometrics_52,mmlu,0.6B,4,stochastic,999,2.2154,147.63,66.7,32,14.44,73,13,19,0.1781,0.68,False," A
Answer: A. A. The correct answer is A. A. The logit and Explanation: A
A
A
Answer: A
",False,True,captured
mmlu_econometrics_53,mmlu,0.6B,4,stochastic,999,1.6743,140.84,49.47,32,19.11,54,18,14,0.3333,1.29,False," C
Answer: C
Answer: C
Answer: C
Answer: C
C
Answer: C
Answer: C
Answer: C
",False,True,captured
mmlu_econometrics_54,mmlu,0.6B,4,stochastic,999,1.6378,149.34,48.01,32,19.54,52,18,14,0.3462,1.29,False, C is correct. The correct answer is C is the user is asking about the consequences of omitting a relevant variable is omitted from the answer is not correct answer,False,True,captured
mmlu_econometrics_56,mmlu,0.6B,4,stochastic,999,2.1048,146.5,63.17,32,15.2,68,15,18,0.2206,0.83,False," D. (i), (ii), and (iv) only

Wait, the standard error of the following is correct. (i), and (iv)",False,True,captured
mmlu_econometrics_57,mmlu,0.6B,4,stochastic,999,1.6927,139.81,50.09,32,18.9,55,19,14,0.3455,1.36,False," A. The variance of the errors is not constant. The variance of the errors is not constant

Wait, I need to be. The variance of the errors",False,True,captured
mmlu_econometrics_59,mmlu,0.6B,4,stochastic,999,1.616,141.23,47.57,32,19.8,51,18,14,0.3529,1.29,False," B
Answer:
B B
The Bera-Jarque test is used to beca
The Bera-Jarque test is a statistical distribution has",False,True,captured
mmlu_econometrics_60,mmlu,0.6B,4,stochastic,999,1.5681,140.74,46.04,32,20.41,50,20,13,0.4,1.54,False, C. The correct. The correct answer is C. The estimates will converge. The estimates upon the true values as the more and more as the sample size increases,False,True,captured
mmlu_econometrics_61,mmlu,0.6B,4,stochastic,999,1.8812,140.14,56.16,32,17.01,61,17,16,0.2787,1.06,False," C. They are highly autocorrelated.  correlated.  The correct?
Wait, the options are A. Wait, the answer is C. They are",False,True,captured
mmlu_econometrics_62,mmlu,0.6B,4,stochastic,999,1.9168,149.4,57.01,32,16.69,62,17,16,0.2742,1.06,False," C. (i), (ii), and (i), and (iii) only

Okay, let's tackle this is the correct

The correct answer is",False,True,captured
mmlu_econometrics_63,mmlu,0.6B,4,stochastic,999,1.7323,142.1,51.3,32,18.47,55,17,15,0.3091,1.13,False," B
Answer: B
Answer: B
Answer: B
Answer: B
B
Answer: B
B
Answer: B. B
",False,True,captured
mmlu_econometrics_64,mmlu,0.6B,4,stochastic,999,2.0139,141.03,60.42,32,15.89,65,15,17,0.2308,0.88,False," A is a. A: In a) A 2-sided alternative
Question 21: A: The manager is responsible for the performance: In a",False,True,captured
mmlu_econometrics_65,mmlu,0.6B,4,stochastic,999,1.7981,138.99,53.52,32,17.8,59,18,15,0.3051,1.2,False," A A A A
Answer: A
Answer: A
Answer: A
Answer: Discrete
Answer: A A A A
Answer: A",False,True,captured
mmlu_econometrics_66,mmlu,0.6B,4,stochastic,999,2.0621,139.41,62.02,32,15.52,68,15,18,0.2206,0.83,False," The answer is B. The answer is B.
The Johansen's test statistic is the largest  The answer is B. The trace test for the Johansen",False,True,captured
mmlu_econometrics_67,mmlu,0.6B,4,stochastic,999,2.5161,149.74,76.34,32,12.72,84,12,21,0.1429,0.57,False, A. (i) Variance Decomposing the answer A. A: (i) Variance decomposition of the first statement (i): Variance decompositions,False,True,captured
mmlu_econometrics_68,mmlu,0.6B,4,stochastic,999,1.6714,145.01,49.24,32,19.15,54,19,14,0.3519,1.36,False," D
Answer: D
Answer: D
Answer: D
Answer: D
Answer: D
Answer: D
Answer: D
Answer:",False,True,captured
mmlu_econometrics_69,mmlu,0.6B,4,stochastic,999,2.0742,146.56,62.18,32,15.43,68,14,18,0.2059,0.78,False," A. (ii) The value of R^2 is zero, the answer A. A. (ii) and analyze the statement (i) All of",False,True,captured
mmlu_econometrics_70,mmlu,0.6B,4,stochastic,999,2.3992,144.23,72.74,32,13.34,79,11,21,0.1392,0.52,False, D. D. The white noise process. D. The white noise process is the answer D. The definition of white noise process that the options again the definition,False,True,captured
mmlu_econometrics_71,mmlu,0.6B,4,stochastic,999,1.6541,169.77,47.88,32,19.35,52,18,14,0.3462,1.29,False," A
Answer:
Answer A
Answer: A
Answer: A
The correct answer is A. A

The correct answer is A. A. A",False,True,captured
mmlu_econometrics_72,mmlu,0.6B,4,stochastic,999,2.2631,140.71,68.46,32,14.14,75,13,19,0.1733,0.68,False," D. 

The presence in the data is a plausible response to reduce the impact of extreme values that are not explained in the data is a plausible response to a",False,True,captured
mmlu_econometrics_73,mmlu,0.6B,4,stochastic,999,1.7146,139.95,50.79,32,18.66,54,18,15,0.3333,1.2,False," B

**Explanation:**
The fixed effects** B. The least squares dummy variables approach

**Explanation:**
The fixed effects panel model: B

**",False,True,captured
mmlu_econometrics_74,mmlu,0.6B,4,stochastic,999,1.5701,141.68,46.08,32,20.38,50,20,13,0.4,1.54,False," B. OLS minimises the sum of the squares of the sum of squares of vertical distances, which is the sum of squares of vertical distances. The correct",False,True,captured
mmlu_econometrics_75,mmlu,0.6B,4,stochastic,999,1.5359,139.04,45.06,32,20.84,49,20,13,0.4082,1.54,False," B. If the standard tools for time-series analysis. If the standard tools for time-series analysis, and the answer B. If the standard tools for time-series",False,True,captured
mmlu_econometrics_76,mmlu,0.6B,4,stochastic,999,2.2915,147.55,69.16,32,13.96,75,12,20,0.16,0.6,False," A
Answer: 

Let me go-to be the correct answer. 

The answer is A. Let's explanation is the answer is A. Let's correct",False,True,captured
mmlu_econometrics_77,mmlu,0.6B,4,stochastic,999,2.2623,139.05,68.49,32,14.14,76,13,19,0.1711,0.68,False, A dependent variable is the correct answer is the correct answer is correct answer is A. In the correct answer is the correct answer is **A. Censored**,False,True,captured
mmlu_econometrics_78,mmlu,0.6B,4,stochastic,999,2.1224,140.58,63.93,32,15.08,69,14,18,0.2029,0.78,False," A

The Hausman test is used to be

The Hausman test is used for the correct answer is the answer is D
Answer: D
Answer",False,True,captured
mmlu_econometrics_80,mmlu,0.6B,4,stochastic,999,1.6095,140.56,47.38,32,19.88,51,18,14,0.3529,1.29,False," D. 36 is the correct answer is the total number of parameters in a tri-variate VAR(4 variables, the number of parameters in a.",False,True,captured
mmlu_econometrics_81,mmlu,0.6B,4,stochastic,999,2.4366,146.54,73.87,32,13.13,81,11,21,0.1358,0.52,False," D**

When testing for structural stability**:
The unrestricted residual sum of squares (continued**:
-Step-by-**
The unrestricted residual sum of squares (continued",False,True,captured
mmlu_econometrics_82,mmlu,0.6B,4,stochastic,999,2.724,149.14,83.06,32,11.75,91,8,24,0.0879,0.33,False," A and D are:

A and D are correct. A and their correctness: A and explanation: 

A and their reasoning: A and the correct: A",False,True,captured
mmlu_econometrics_83,mmlu,0.6B,4,stochastic,999,1.6543,140.07,48.85,32,19.34,53,18,14,0.3396,1.29,False," C. C. 

The correct answer is C. C. Use a longer run of data. So, the correct because near multicollinearity, therefore",False,True,captured
mmlu_econometrics_84,mmlu,0.6B,4,stochastic,999,1.6785,140.18,49.62,32,19.06,54,19,14,0.3519,1.36,False, The correct answer is D. Stationary and the process is both stationary and unit root process. The correct answer is D. The process is both stationary and unit,False,True,captured
mmlu_econometrics_85,mmlu,0.6B,4,stochastic,999,1.8801,139.79,56.14,32,17.02,61,16,16,0.2623,1.0,False, D. test is a test is used to test is used to test for autocorrelation test is used to test for the test is used to test for the,False,True,captured
mmlu_econometrics_86,mmlu,0.6B,4,stochastic,999,1.3484,142.06,38.91,32,23.73,41,22,11,0.5366,2.0,False," C. The difference between the actual value, y, and the actual value, y, actual value, y, and the fitted value, y-hat,",False,True,captured
mmlu_econometrics_87,mmlu,0.6B,4,stochastic,999,1.9943,140.0,59.82,32,16.05,65,15,17,0.2308,0.88,False," C. If OLS is applied separately applied OLS applied to a classic in the answer C

If OLS is applied separately applied OLS applied separately applied",False,True,captured
mmlu_econometrics_89,mmlu,0.6B,4,stochastic,999,2.4929,141.38,75.85,32,12.84,83,10,22,0.1205,0.45,False," B. 

The question is used when you would be used when there are multiple possible because it model is used when there are used when there are three is used",False,True,captured
mmlu_econometrics_90,mmlu,0.6B,4,stochastic,999,2.3386,145.7,70.74,32,13.68,78,12,20,0.1538,0.6,False," B. 

Okay, let's break down

Now, the
Okay, let's see the correct answer is the the answer is B. (i),",False,True,captured
mmlu_econometrics_91,mmlu,0.6B,4,stochastic,999,1.8861,140.02,56.33,32,16.97,62,16,16,0.2581,1.0,False," A
Answer: A. A
Answer: A
Answer: A
Answer: A
Answer: A. A. A
Answer: A
",False,True,captured
mmlu_econometrics_92,mmlu,0.6B,4,stochastic,999,1.416,146.78,40.94,32,22.6,44,22,11,0.5,2.0,False," C. (i), (ii), and (iii) only

Wait, the correct answer is C. (i), (ii), and (iii)",False,True,captured
mmlu_econometrics_93,mmlu,0.6B,4,stochastic,999,2.1855,148.29,65.72,32,14.64,71,13,19,0.1831,0.68,False," C
Answer: C. C. (i), (C
C
C. (i), the question. C
Answer: C. C
",False,True,captured
mmlu_econometrics_94,mmlu,0.6B,4,stochastic,999,2.4282,155.28,73.32,32,13.18,80,12,21,0.15,0.57,False, B.  B. The question again the answer B. The definition of weakly stationary process. The answer is B. Let's the question again. The,False,True,captured
mmlu_econometrics_95,mmlu,0.6B,4,stochastic,999,1.9413,140.03,58.11,32,16.48,64,17,16,0.2656,1.06,False," A. A
Answer: A random effects model
Answer: A
Answer: A random effects model
Answer: A

Answer: A random effects model",False,True,captured
mmlu_econometrics_96,mmlu,0.6B,4,stochastic,999,1.8974,146.57,56.48,32,16.87,62,17,16,0.2742,1.06,False," D
Answer: D. D
Answer: D
The correct is D. The correct is D. The D
Answer: D
Answer: D",False,True,captured
mmlu_econometrics_97,mmlu,0.6B,4,stochastic,999,2.4,148.44,72.63,32,13.33,79,11,21,0.1392,0.52,False," B is correct. Let's the correct answer is B. Let's answer is incorrect statement (i) is correct answer is (i) and (i

",False,True,captured
mmlu_econometrics_98,mmlu,0.6B,4,stochastic,999,1.2572,146.35,35.84,32,25.45,39,23,10,0.5897,2.3,False, B. The Engle-Yoo (EY) approach can only detect up to one cointegranger approach can only detect up to detect up to one,False,True,captured
mmlu_econometrics_99,mmlu,0.6B,4,stochastic,999,1.4921,138.14,43.68,32,21.45,47,20,13,0.4255,1.54,False," D

The autocovariance at lag  The autocovariance at lag  The autocovariance at lag 1 autocovariance at lag  The autoc",False,True,captured
mmlu_econometrics_100,mmlu,0.6B,4,stochastic,999,2.2813,141.41,69.03,32,14.03,75,13,19,0.1733,0.68,False," B. (iv) only
Okay, let's see. (iv) only

Wait, the options. (iv) only

Wait, the options",False,True,captured
mmlu_econometrics_101,mmlu,0.6B,4,stochastic,999,1.3957,140.24,40.5,32,22.93,44,21,11,0.4773,1.91,False, D. It is the probability of failing to reject a null hypothesis is the test. It is the probability of failing to reject a null hypothesis that was wrong.,False,True,captured
mmlu_econometrics_103,mmlu,0.6B,4,stochastic,999,1.841,140.65,54.85,32,17.38,60,17,15,0.2833,1.13,False," A. (iv) only

The correct answer is A. (iii) (iii) only

Wait, the third are the (iii) only

",False,True,captured
mmlu_econometrics_104,mmlu,0.6B,4,stochastic,999,1.5769,139.27,46.38,32,20.29,50,19,13,0.38,1.46,False," B
Answer: B
Answer: B
Answer: B
Answer: B
Answer: B
Answer: B
Answer: B
Answer:",False,True,captured
mmlu_econometrics_105,mmlu,0.6B,4,stochastic,999,2.6637,146.29,81.21,32,12.01,89,9,23,0.1011,0.39,False," D. The question again the following sample autocorrelation estimates of the same question again the same question but the following: The question again the same question, if",False,True,captured
mmlu_econometrics_106,mmlu,0.6B,4,stochastic,999,2.1613,141.15,65.17,32,14.81,72,15,18,0.2083,0.83,False, C. C because a choice C because a goodness of fit statistic is used to assesses the option C. A goodness of course C because a goodness of fit,False,True,captured
mmlu_econometrics_107,mmlu,0.6B,4,stochastic,999,1.8299,151.13,54.15,32,17.49,59,17,16,0.2881,1.06,False," B. Antithetic variates are incorrect. Let's

Antithetic variates are incorrect. The purpose of antithetic variates are incorrect.",False,True,captured
mmlu_econometrics_108,mmlu,0.6B,4,stochastic,999,1.8532,139.74,55.27,32,17.27,59,17,16,0.2881,1.06,False, D. Mean squared error penalises large forecast errors more than small forecast errors. The correct. is the large forecast errors disproportionately more than small forecast errors more than,False,True,captured
mmlu_econometrics_109,mmlu,0.6B,4,stochastic,999,2.4134,148.43,73.06,32,13.26,80,12,21,0.15,0.57,False," A. (iv) only

Wait, the fourth

Wait, the third is the answer is the leverage effects. 

Wait, the answer is A.",False,True,captured
mmlu_econometrics_110,mmlu,0.6B,4,stochastic,999,1.818,140.78,54.11,32,17.6,59,17,15,0.2881,1.13,False," A. There is insufficient information given in the case study

Answer: D
Answer: D
Answer: D
Answer: D
Answer: D
",False,True,captured
mmlu_econometrics_111,mmlu,0.6B,4,stochastic,999,2.0329,148.59,60.78,32,15.74,66,16,17,0.2424,0.94,False," D. (i), (ii), and (i), and (iii) and (iii)
Wait, the correct

Okay, let's tackle this question",False,True,captured
mmlu_econometrics_112,mmlu,0.6B,4,stochastic,999,1.398,139.73,40.59,32,22.89,44,22,11,0.5,2.0,False," B
Answer: B
Answer: B
Answer: B
Answer: B
Answer: B
Answer: B
Answer: B
Answer:",False,True,captured
mmlu_econometrics_113,mmlu,0.6B,4,stochastic,999,2.3361,150.23,70.51,32,13.7,77,13,20,0.1688,0.65,False, B. 1) The acf and pacf the statement (i): The statement (i): The statement (i): The acf and pacf,False,True,captured
mmlu_us_foreign_policy_0,mmlu,0.6B,4,stochastic,999,1.9182,139.13,57.39,32,16.68,62,16,17,0.2581,0.94,False," A
Answer:
A A
Answer: 5 permanent members with veto power is the correct answer. 5
Answer:
A
Answer: 5",False,True,captured
mmlu_us_foreign_policy_1,mmlu,0.6B,4,stochastic,999,2.0418,155.83,60.84,32,15.67,67,16,17,0.2388,0.94,False," A. to intensify its involvement in Vietnam War.
The Gulf of Tonkin resolution is the ability to intensify its involvement in Vietnam.
The Gulf of Ton",False,True,captured
mmlu_us_foreign_policy_2,mmlu,0.6B,4,stochastic,999,2.0422,138.83,61.4,32,15.67,67,14,18,0.209,0.78,False," D. China
Okay, so the question is asking which is the question is asking which of the options are you're asked which of the options given the question",False,True,captured
mmlu_us_foreign_policy_3,mmlu,0.6B,4,stochastic,999,1.8196,139.5,54.2,32,17.59,59,17,16,0.2881,1.06,False, A is A is A is Richard Nixon was chosen is A. Richard Nixon was the first American president who visited communist China is A. Richard Nixon. Richard Nixon,False,True,captured
mmlu_us_foreign_policy_4,mmlu,0.6B,4,stochastic,999,1.9503,142.5,58.32,32,16.41,64,16,16,0.25,1.0,False," D. 

Wait, no. of many long-range nuclear missiles.
Okay, let's. of many long-range nuclear missiles.
The Strategic Arms Reduction Treaty (",False,True,captured
mmlu_us_foreign_policy_5,mmlu,0.6B,4,stochastic,999,2.3686,141.87,71.83,32,13.51,78,11,21,0.141,0.52,False," D. The Cold War era correct. The Cold War reinforced the implications were implications were implications were implications were true. The Cold War reinforced the conceptually, because",False,True,captured
mmlu_us_foreign_policy_6,mmlu,0.6B,4,stochastic,999,2.0121,139.85,60.39,32,15.9,66,16,17,0.2424,0.94,False," A
Answer:
Answer A
A
A
A
Answer: A
A
Answer: A
Answer: A
Answer: A
Answer",False,True,captured
mmlu_us_foreign_policy_7,mmlu,0.6B,4,stochastic,999,1.6064,141.43,47.26,32,19.92,50,19,14,0.38,1.36,False," D. Increased incorporation of public opinion in foreign policy making. 

Wait, the opinion in foreign policy making. 

The 'New Populism in foreign policy",False,True,captured
mmlu_us_foreign_policy_8,mmlu,0.6B,4,stochastic,999,1.5818,141.1,46.47,32,20.23,50,19,14,0.38,1.36,False," D. The United States became a creditor country and financial centre, with European war spending boosted the creditor country and financial centre, in the war. The United States",False,True,captured
mmlu_us_foreign_policy_9,mmlu,0.6B,4,stochastic,999,2.0779,139.25,62.54,32,15.4,68,14,18,0.2059,0.78,False," D is D is D is D. Congress is D is D. Congress. In American government, the power to declare war rests with an American government, as",False,True,captured
mmlu_us_foreign_policy_10,mmlu,0.6B,4,stochastic,999,1.9968,140.3,59.89,32,16.03,65,16,17,0.2462,0.94,False," B

Answer: None of the above
D
Answer:
D
Answer:
D
Answer: B

Answer: None of the above
Answer:",False,True,captured
mmlu_us_foreign_policy_11,mmlu,0.6B,4,stochastic,999,2.4504,141.26,74.49,32,13.06,81,11,21,0.1358,0.52,False, B is B is B is the only is B is B is the most likely is B. It was the NATO intervention in the NATO intervention in Kosovo was B,False,True,captured
mmlu_us_foreign_policy_12,mmlu,0.6B,4,stochastic,999,1.9837,140.11,59.47,32,16.13,65,15,17,0.2308,0.88,False," B
Answer:
Answer B
B
Answer: B
Answer: B
B
Answer: B
Answer: B. B
Answer:
Answer",False,True,captured
mmlu_us_foreign_policy_13,mmlu,0.6B,4,stochastic,999,2.0492,140.32,61.58,32,15.62,68,16,17,0.2353,0.94,False, D. Leaders have been reasons contribute to the uncertainty over the reasons contribute to the uncertainty over which are reasons contribute to the uncertainty over the reasons contribute to the uncertainty,False,True,captured
mmlu_us_foreign_policy_14,mmlu,0.6B,4,stochastic,999,2.3554,140.46,71.45,32,13.59,78,13,20,0.1667,0.65,False," B
Answer:
Answer B
B
B
B. B
B. B
Answer: B
B
Answer: B
Answer: B",False,True,captured
mmlu_us_foreign_policy_15,mmlu,0.6B,4,stochastic,999,1.7717,140.62,52.61,32,18.06,57,18,15,0.3158,1.2,False," B
Answer:
B B
Answer: Required the United States and Russia and B
Answer:
B B
Answer:
B
Answer:
B
Answer",False,True,captured
mmlu_us_foreign_policy_16,mmlu,0.6B,4,stochastic,999,1.7244,139.97,51.11,32,18.56,56,18,14,0.3214,1.29,False," C. 

The answer: China should be open to US trade and missionaries. China should be open to US trade and missionaries. China should be open to US",False,True,captured
mmlu_us_foreign_policy_17,mmlu,0.6B,4,stochastic,999,2.0591,141.95,61.84,32,15.54,68,16,17,0.2353,0.94,False," B. 

The statement is correct. The statement is correct. 

The correct. 

The correct answer is correct. The correct. The correct answer is B",False,True,captured
mmlu_us_foreign_policy_18,mmlu,0.6B,4,stochastic,999,1.5987,139.67,47.07,32,20.02,52,19,13,0.3654,1.46,False," C. fear of a protracted conflict
Answer: C. fear of a protracted conflict.
Okay, so I fear of a protracted conflict. The",False,True,captured
mmlu_us_foreign_policy_19,mmlu,0.6B,4,stochastic,999,2.2172,141.73,66.95,32,14.43,73,14,19,0.1918,0.74,False," B

Answer: None of the above

The correct answer is B

Answer: D
D
Answer: B

Answer: D
Answer: D",False,True,captured
mmlu_us_foreign_policy_20,mmlu,0.6B,4,stochastic,999,2.4097,139.9,73.22,32,13.28,79,11,21,0.1392,0.52,False," A

The Truman Doctrine is correct answer: It indicated that the US would now view
Answer: D
Answer: It indicated that the US would be
",False,True,captured
mmlu_us_foreign_policy_21,mmlu,0.6B,4,stochastic,999,2.5482,139.53,77.7,32,12.56,85,11,22,0.1294,0.5,False," C. 

Wait, the regime. the regime
The regime. The regime. 

Wait, but also has been the regime. Wait, the answer is",False,True,captured
mmlu_us_foreign_policy_22,mmlu,0.6B,4,stochastic,999,2.0001,137.71,60.08,32,16.0,65,16,17,0.2462,0.94,False," C
Answer: C
Answer: C
Answer: C
C
C
C
Answer: C
C. C
Answer: C
",False,True,captured
mmlu_us_foreign_policy_23,mmlu,0.6B,4,stochastic,999,2.1272,140.32,64.09,32,15.04,70,13,19,0.1857,0.68,False, B. The answer: war with France led Britain to impose new taxes on the French and the French and the French and the French and Indian wars with France war,False,True,captured
mmlu_us_foreign_policy_24,mmlu,0.6B,4,stochastic,999,1.3299,140.07,38.38,32,24.06,41,22,11,0.5366,2.0,False," B. George Soros

Answer: B. George Soros

Answer: B. George Soros
Answer: B. George Soros
Answer: B. George Soros",False,True,captured
mmlu_us_foreign_policy_25,mmlu,0.6B,4,stochastic,999,1.8314,140.94,54.53,32,17.47,59,16,16,0.2712,1.0,False," C. the idea that governments use their military to help pursue policy goals. the military to use their military to help pursue policy goals.
Okay, so that governments",False,True,captured
mmlu_us_foreign_policy_26,mmlu,0.6B,4,stochastic,999,2.5996,139.34,79.36,32,12.31,87,11,22,0.1264,0.5,False," A. B
B
Okay, so that the other options B
Okay, so the answer A. The correct answer is A. The key elements of",False,True,captured
mmlu_us_foreign_policy_27,mmlu,0.6B,4,stochastic,999,1.7062,141.31,50.48,32,18.75,55,18,14,0.3273,1.29,False, B. US expansion was based on markets rather than territory post-1865 on markets rather than markets rather than markets rather than markets rather than markets post,False,True,captured
mmlu_us_foreign_policy_28,mmlu,0.6B,4,stochastic,999,1.3499,140.51,39.01,32,23.71,42,22,11,0.5238,2.0,False, C. That military spending gave the arms industry unwarranted the arms industry unwarranted influence on politics and government. That military spending gave the arms industry unw,False,True,captured
mmlu_us_foreign_policy_29,mmlu,0.6B,4,stochastic,999,1.8009,139.2,53.6,32,17.77,58,16,16,0.2759,1.0,False," A. the Security Council.
. the Security Council is the correct answer is the Security Council is the correct answer because the Security Council is the most of the Security",False,True,captured
mmlu_us_foreign_policy_30,mmlu,0.6B,4,stochastic,999,1.2287,141.54,35.07,32,26.04,37,23,10,0.6216,2.3,False," C. 

The correct answer is C. The correct answer is C. Conservatives advocate increases in defense spending on defense, while liberals are generally skeptical of increases in",False,True,captured
mmlu_us_foreign_policy_31,mmlu,0.6B,4,stochastic,999,2.0503,137.71,61.7,32,15.61,68,16,17,0.2353,0.94,False," A
Answer:
Answer A
A
Answer: A
A
Answer: A
Answer: A
A
Answer:
Answer: A
Answer",False,True,captured
mmlu_us_foreign_policy_32,mmlu,0.6B,4,stochastic,999,1.9955,140.42,59.84,32,16.04,66,16,17,0.2424,0.94,False, D. US foreign policy constraints are possible constraints are possible constraints are possible constraints on US foreign policy constraints are possible constraints on US foreign policy decision making are possible constraints,False,True,captured
mmlu_us_foreign_policy_33,mmlu,0.6B,4,stochastic,999,1.2462,140.6,35.66,32,25.68,38,22,11,0.5789,2.0,False," D. Bilateral talks that do not involve a third-party negotiator. do not involve a third-party negotiator

The correct answer is D. do not",False,True,captured
mmlu_us_foreign_policy_34,mmlu,0.6B,4,stochastic,999,1.5166,140.57,44.39,32,21.1,48,19,13,0.3958,1.46,False, B. The Clinton Administration's policy on the marketization of the Russian economy's marketization of the Russian economy of the marketization of the Russian economy's market,False,True,captured
mmlu_us_foreign_policy_35,mmlu,0.6B,4,stochastic,999,2.1984,138.51,66.45,32,14.56,72,13,19,0.1806,0.68,False, D. 3 or more.  powers are the major powers are considered as multipolar systems are considered as major powers are the answer is the correct answer is,False,True,captured
mmlu_us_foreign_policy_36,mmlu,0.6B,4,stochastic,999,1.5635,141.09,45.88,32,20.47,50,19,13,0.38,1.46,False," A. This would be an 'empire of liberty'empire of liberty. This would be an 'empire of liberty

Wait, the answer is",False,True,captured
mmlu_us_foreign_policy_37,mmlu,0.6B,4,stochastic,999,1.5097,139.95,44.18,32,21.2,48,20,12,0.4167,1.67,False," C. guns and butter.
. guns and butter. 

The trade-off between defense (The phrase ""guns and butter.
The phrase ""guns and butter""",False,True,captured
mmlu_us_foreign_policy_38,mmlu,0.6B,4,stochastic,999,2.5282,140.99,77.01,32,12.66,83,11,21,0.1325,0.52,False," B because Krauthammer's B because Krauthammer's conceptually, ""B. B because Krauthammer believed to choose B

Answer: B
",False,True,captured
mmlu_us_foreign_policy_39,mmlu,0.6B,4,stochastic,999,2.4932,139.64,75.92,32,12.83,83,12,21,0.1446,0.57,False," A is as to arrive at the answer is as follows: The question is as to why the question is about this question is as a

The question is asking",False,True,captured
mmlu_us_foreign_policy_40,mmlu,0.6B,4,stochastic,999,1.8728,141.62,55.85,32,17.09,61,17,16,0.2787,1.06,False, B because realists' B because realists argue that the international system is B because realists argue that the fundamental to choose B because realists argue that the,False,True,captured
mmlu_us_foreign_policy_41,mmlu,0.6B,4,stochastic,999,2.5566,140.38,77.94,32,12.52,85,10,22,0.1176,0.45,False," D. 

The answer is D. None of the options are reasons are not a, because all are reasons for the reasons are reasons are reasons are reasons for",False,True,captured
mmlu_us_foreign_policy_42,mmlu,0.6B,4,stochastic,999,1.3102,140.88,37.72,32,24.42,40,23,10,0.575,2.3,False, D. It encouraged the centralization of political power in the centralization of political power in the US. It encouraged the centralization of political power in the US,False,True,captured
mmlu_us_foreign_policy_43,mmlu,0.6B,4,stochastic,999,2.0232,138.83,60.79,32,15.82,66,16,17,0.2424,0.94,False, D. US foreign policy constraints are possible constraints are possible constraints are possible constraints on US foreign policy constraints are possible constraints on US foreign policy decision making are possible constraints,False,True,captured
mmlu_us_foreign_policy_44,mmlu,0.6B,4,stochastic,999,1.7726,140.24,52.66,32,18.05,57,18,15,0.3158,1.2,False," A. A. Richard Nixon. A. Richard Nixon. A. Richard Nixon. Dét: A. Richard Nixon.
Answer: A. A. Richard",False,True,captured
mmlu_us_foreign_policy_45,mmlu,0.6B,4,stochastic,999,2.5602,138.98,78.1,32,12.5,87,10,22,0.1149,0.45,False," C. C. C. C. Autocracy, therefore C. So the correct because the letter C. C. The American Creed, therefore C. The",False,True,captured
mmlu_us_foreign_policy_46,mmlu,0.6B,4,stochastic,999,1.8454,139.18,55.04,32,17.34,59,16,16,0.2712,1.0,False," C. 

The answer
The correct answer is C. anticommunism. 

The answer is C. Because Reagan's foreign and defense policies are the",False,True,captured
mmlu_us_foreign_policy_47,mmlu,0.6B,4,stochastic,999,2.1003,142.44,63.16,32,15.24,69,14,18,0.2029,0.78,False, D. The Vietnam War statements are true. The Vietnam War statements are accurate statements are true. The Vietnam War statements are accurate statements. The Vietnam War was true,False,True,captured
mmlu_us_foreign_policy_48,mmlu,0.6B,4,stochastic,999,1.3697,139.75,39.68,32,23.36,43,22,11,0.5116,2.0,False," B. the National Security Council
Answer:
 Security Council
Answer: B. the National Security Council
B. the National Security Council
B. the National",False,True,captured
mmlu_us_foreign_policy_49,mmlu,0.6B,4,stochastic,999,1.3331,139.32,38.51,32,24.0,41,22,11,0.5366,2.0,False," B. B. Ronald Reagan. B. Ronald Reagan. B. Ronald Reagan
Answer: B. B. Ronald Reagan. B. Ronald Reagan
Answer",False,True,captured
mmlu_us_foreign_policy_50,mmlu,0.6B,4,stochastic,999,1.3991,142.97,40.52,32,22.87,44,21,11,0.4773,1.91,False," A. Revelations that the NSA was monitoring the NSA was monitoring the NSA was monitoring the communications of American citizens without obtaining warrants. 

The correct answer is A",False,True,captured
mmlu_us_foreign_policy_51,mmlu,0.6B,4,stochastic,999,1.4931,140.36,43.64,32,21.43,47,21,12,0.4468,1.75,False," A. A plan that provided. A. A plan that provided economic assistance to rebuild Europe with economic assistance to rebuild Europe.

Wait, the correct answer is A",False,True,captured
mmlu_us_foreign_policy_52,mmlu,0.6B,4,stochastic,999,1.2137,142.19,34.57,32,26.37,37,23,10,0.6216,2.3,False," C. How nuclear attacks are identified and responded to; who controls the weapons

The correct answer is C. How nuclear attacks are identified and responded to; who",False,True,captured
mmlu_us_foreign_policy_53,mmlu,0.6B,4,stochastic,999,1.8908,137.55,56.56,32,16.92,61,16,16,0.2623,1.0,False, D. International Institutionalists believe that international institutions have been designed to some of the problems that is correct. International institutions are designed to address problems that is correct because,False,True,captured
mmlu_us_foreign_policy_54,mmlu,0.6B,4,stochastic,999,2.2144,140.51,66.9,32,14.45,73,13,19,0.1781,0.68,False," A is A is A is A. The term 'New World Order' A is A. The term ""A is A. The term ""A is the",False,True,captured
mmlu_us_foreign_policy_55,mmlu,0.6B,4,stochastic,999,1.7472,140.8,51.82,32,18.32,56,18,15,0.3214,1.2,False," A. the United Nations.
. the United Nations is the correct answer is the United Nations is the most important international organization is the correct answer is the correct answer",False,True,captured
mmlu_us_foreign_policy_56,mmlu,0.6B,4,stochastic,999,1.9412,138.82,58.14,32,16.48,63,16,17,0.254,0.94,False," D. 

The term. 

The term ""influence
Answer: The term ""American multiplication table. 

The term ""American multiplication table is the term",False,True,captured
mmlu_us_foreign_policy_57,mmlu,0.6B,4,stochastic,999,2.397,141.82,72.75,32,13.35,79,11,21,0.1392,0.52,False, D. The mechanisms are mechanisms are mechanisms are mechanisms used in the agreements work by using mechanisms are mechanisms used in different mechanisms are mechanisms used by the question is correct,False,True,captured
mmlu_us_foreign_policy_58,mmlu,0.6B,4,stochastic,999,1.9432,141.15,58.13,32,16.47,64,16,16,0.25,1.0,False," B

Answer: None of the above

Wait, the answer is B
Answer: None of the above

Wait, no
Answer: B

Answer",False,True,captured
mmlu_us_foreign_policy_59,mmlu,0.6B,4,stochastic,999,2.5326,139.57,77.2,32,12.64,79,11,21,0.1392,0.52,False," B. B. B. The policy that John Foster Dulles
B
B
B
The policy of the policy that John Foster Dulles.

The",False,True,captured
mmlu_us_foreign_policy_60,mmlu,0.6B,4,stochastic,999,2.1079,140.63,63.46,32,15.18,69,15,18,0.2174,0.83,False," A
Answer:
Answer A
A
Answer: A
Answer: A
A
Answer: A. A
Answer:
Answer: A
Answer",False,True,captured
mmlu_us_foreign_policy_61,mmlu,0.6B,4,stochastic,999,2.5268,140.19,76.99,32,12.66,85,11,22,0.1294,0.5,False, C. The idea is the global trade because American exceptionalism is the global trade. American exceptionalism is the belief that is the correct because American exceptionalism is,False,True,captured
mmlu_us_foreign_policy_62,mmlu,0.6B,4,stochastic,999,1.8109,140.04,53.9,32,17.67,59,17,15,0.2881,1.13,False," C
Answer:
Answer C
C
Answer: C
Answer: C. C
Answer:
Answer: C. C. C. C. I",False,True,captured
mmlu_us_foreign_policy_63,mmlu,0.6B,4,stochastic,999,1.8337,140.5,54.62,32,17.45,60,18,15,0.3,1.2,False," D. According to Rosenau, the factors are important to consider in explaining the factors are important to consider in explaining factors are important factors are important to consider in",False,True,captured
mmlu_us_foreign_policy_64,mmlu,0.6B,4,stochastic,999,1.6127,139.61,47.52,32,19.84,52,19,13,0.3654,1.46,False," A
Answer:
A A
Answer: Fewer than 7
Answer:
A
Answer: Fewer than 7
Answer:
A
Answer",False,True,captured
mmlu_us_foreign_policy_65,mmlu,0.6B,4,stochastic,999,1.9375,141.25,57.94,32,16.52,63,15,17,0.2381,0.88,False," D**

NSC 68 was that NSC 68**:
NSC 687:**
NSC 68, D**:",False,True,captured
mmlu_us_foreign_policy_66,mmlu,0.6B,4,stochastic,999,2.0579,139.98,61.87,32,15.55,67,16,17,0.2388,0.94,False," B. 

The term 'family of nations. the 'family of nations' 

The term ""family of nations. ""family of nations

Answer: B",False,True,captured
mmlu_us_foreign_policy_67,mmlu,0.6B,4,stochastic,999,1.4667,141.47,42.75,32,21.82,46,19,13,0.413,1.46,False," D. the Monroe Doctrine of Monroe
Answer: D. the Monroe Doctrine. D. the Monroe Doctrine. D. the Monroe Doctrine of the question: D",False,True,captured
mmlu_us_foreign_policy_68,mmlu,0.6B,4,stochastic,999,1.8705,139.41,55.84,32,17.11,61,16,16,0.2623,1.0,False," B is B is B is B
The answer is B. Contemporary European liberal democrats tend to object to the influence of exceptionalism on American exceptionalism is",False,True,captured
mmlu_us_foreign_policy_69,mmlu,0.6B,4,stochastic,999,2.5043,141.07,76.23,32,12.78,84,11,21,0.131,0.52,False," D. 

The reasoning: as different means that as different means that. The correct answer is D. The question: The correct. The answer is D.",False,True,captured
mmlu_us_foreign_policy_70,mmlu,0.6B,4,stochastic,999,1.6634,140.68,49.12,32,19.24,53,19,14,0.3585,1.36,False," A
Answer:
Answer A
Answer: A
Answer: A
Answer: A
Answer: A
Answer:
Answer: A
Answer: A",False,True,captured
mmlu_us_foreign_policy_71,mmlu,0.6B,4,stochastic,999,1.9146,139.73,57.25,32,16.71,62,15,17,0.2419,0.88,False," A
Answer:
Answer A
A
Answer: A
A
Answer: A
Answer: A
Answer: A
Answer: A
A",False,True,captured
mmlu_us_foreign_policy_72,mmlu,0.6B,4,stochastic,999,2.3864,142.82,72.37,32,13.41,79,12,21,0.1519,0.57,False," B. The Rise and Fall of the Great Powers. The book ""B
B

The answer B. B.
Answer: B

The answer B.",False,True,captured
mmlu_us_foreign_policy_73,mmlu,0.6B,4,stochastic,999,1.6778,139.96,49.61,32,19.07,54,19,14,0.3519,1.36,False," C. each branch of the armed services, along with a chairperson, along with a chairperson and the armed services, the armed services, along with a",False,True,captured
mmlu_us_foreign_policy_74,mmlu,0.6B,4,stochastic,999,1.3177,140.43,37.98,32,24.28,40,22,11,0.55,2.0,False, A. The belief that the United States is different from other major powers. The belief that the United States is different from other major powers because it is different from,False,True,captured
mmlu_us_foreign_policy_75,mmlu,0.6B,4,stochastic,999,2.3301,138.96,70.68,32,13.73,77,13,20,0.1688,0.65,False," A
Answer: A

Answer: Both A and B are correct answer is not correct answer is correct answer: Both A and B are correct answer: A",False,True,captured
mmlu_us_foreign_policy_76,mmlu,0.6B,4,stochastic,999,1.7592,139.92,52.24,32,18.19,57,17,15,0.2982,1.13,False," D. is a cooperative international organization of 185 countries, established in 1944 is a cooperative international organization of 185 is",False,True,captured
mmlu_us_foreign_policy_77,mmlu,0.6B,4,stochastic,999,1.3883,140.5,40.25,32,23.05,44,22,11,0.5,2.0,False," C. 

Wait, the correct answer is C. Embrace multi-polarity, show greater restraint internationally and require other states to meet their own security burdens.",False,True,captured
mmlu_us_foreign_policy_78,mmlu,0.6B,4,stochastic,999,2.2391,139.79,67.72,32,14.29,74,13,19,0.1757,0.68,False," D. The Marshall plan is correct. The Marshall Plan was designed to aid the economy recovery, because the Marshall plan is correct. The Marshall plan is correct because",False,True,captured
mmlu_us_foreign_policy_79,mmlu,0.6B,4,stochastic,999,2.0335,140.73,61.06,32,15.74,67,15,17,0.2239,0.88,False," D. The War of 18181814, naval victories, including naval victories, including naval victories, diplomacy, naval victories, diplomacy",False,True,captured
mmlu_us_foreign_policy_80,mmlu,0.6B,4,stochastic,999,2.2025,140.73,66.51,32,14.53,73,13,19,0.1781,0.68,False," C. Creation of the National Intelligence Director of National Intelligence
The  Intelligence Director of Intelligence Director of Intelligence Director of National Intelligence Director

The  Intelligence Director
",False,True,captured
mmlu_us_foreign_policy_81,mmlu,0.6B,4,stochastic,999,1.8342,140.22,54.64,32,17.45,60,17,15,0.2833,1.13,False, A. is the government body is the National Security Council is the National Security Council is the National Security Council is the government body formed to coordinate American foreign and military,False,True,captured
mmlu_us_foreign_policy_82,mmlu,0.6B,4,stochastic,999,2.4804,138.97,75.53,32,12.9,84,12,21,0.1429,0.57,False," B.** B**

**B

**Explanation:**
From the question: B

**Explanation**
B**

**B.** B

**Explanation:",False,True,captured
mmlu_us_foreign_policy_83,mmlu,0.6B,4,stochastic,999,2.5713,138.88,78.47,32,12.44,86,10,23,0.1163,0.43,False," A is A is A is correct is A is A is ""A"" is A is ""A"" is the best explains that explains that explains that explains that",False,True,captured
mmlu_us_foreign_policy_84,mmlu,0.6B,4,stochastic,999,1.8411,137.52,54.95,32,17.38,60,17,15,0.2833,1.13,False," A**:
Realism**:
Realism is a theory**:
Realism** is a theory**:
Realism is a**:
Realism is a",False,True,captured
mmlu_us_foreign_policy_85,mmlu,0.6B,4,stochastic,999,1.5985,140.72,47.03,32,20.02,51,19,13,0.3725,1.46,False," C. economic instruments of foreign policy.

Wait, the economic instruments of foreign policy.

Wait, the answer: economic instruments of foreign policy.

Wait, the answer",False,True,captured
mmlu_us_foreign_policy_86,mmlu,0.6B,4,stochastic,999,1.2308,140.59,35.17,32,26.0,38,23,10,0.6053,2.3,False," C. secretary of defense.
. secretary of defense. The president's principal civilian adviser on the military is the president's principal civilian adviser on the military is the",False,True,captured
mmlu_us_foreign_policy_87,mmlu,0.6B,4,stochastic,999,1.6517,140.07,48.76,32,19.37,53,18,14,0.3396,1.29,False," C
Answer: C
Answer: C
Answer: C
C
Answer:
Answer: C
C
C
Answer: C
Answer:",False,True,captured
mmlu_us_foreign_policy_88,mmlu,0.6B,4,stochastic,999,1.6505,137.59,48.8,32,19.39,53,19,14,0.3585,1.36,False," A
Answer:
Answer A
Answer: A
Answer: A
Answer: A
Answer: A
Answer:
Answer: A
Answer: A",False,True,captured
mmlu_us_foreign_policy_89,mmlu,0.6B,4,stochastic,999,1.6917,138.39,50.11,32,18.92,55,19,14,0.3455,1.36,False, D. The argument points support the argument points support the argument for American unilateralism. The argument points support the argument for American unilateralism. Benevolent hegemony,False,True,captured
mmlu_us_foreign_policy_90,mmlu,0.6B,4,stochastic,999,1.2596,140.72,36.09,32,25.4,39,23,10,0.5897,2.3,False," B. Increased spending during wars. Increased spending during wars, with demobilization bringing spending down but not back to prepare for future engagements. Increased spending during wars",False,True,captured
mmlu_us_foreign_policy_91,mmlu,0.6B,4,stochastic,999,2.1378,139.4,64.46,32,14.97,70,14,19,0.2,0.74,False," B is B is B is ""B is B. International development is B is B. Too many casualties drain the productive power of the state is B is B",False,True,captured
mmlu_us_foreign_policy_92,mmlu,0.6B,4,stochastic,999,1.9073,140.58,56.99,32,16.78,62,16,16,0.2581,1.0,False, C. The idea that the fall of one state to communism would spread of one state would inexorable. The fall of one state to communism would spread of communism,False,True,captured
mmlu_us_foreign_policy_93,mmlu,0.6B,4,stochastic,999,2.0022,140.46,60.06,32,15.98,65,15,17,0.2308,0.88,False," A. the Millennium Challenge, that the Millennium Challenge, the Millennium Challenge, that require changes in the case the Millennium Challenge, that the Millennium Challenge, that the",False,True,captured
mmlu_us_foreign_policy_94,mmlu,0.6B,4,stochastic,999,1.9388,140.95,58.0,32,16.51,63,16,17,0.254,0.94,False," The Bretton Woods Conference on the Bretton Woods Conference on the options A, B, and the Bretton Woods conference. All of the above. All of",False,True,captured
mmlu_us_foreign_policy_95,mmlu,0.6B,4,stochastic,999,1.6207,139.9,47.77,32,19.74,52,19,13,0.3654,1.46,False," D. Regime type
Answer:
D type
Answer: D. Regime
Answer: Regime type
Answer:
D
Answer:
D.",False,True,captured
mmlu_us_foreign_policy_96,mmlu,0.6B,4,stochastic,999,1.71,140.47,50.63,32,18.71,54,19,14,0.3519,1.36,False," B
Answer: B
Answer: B
Answer: B
Answer: B
Answer: B
Answer: B
Answer: B
Answer:",False,True,captured
mmlu_us_foreign_policy_97,mmlu,0.6B,4,stochastic,999,2.812,139.4,86.21,32,11.38,95,7,25,0.0737,0.28,False," B is B is B is B is B is ""B is B. The phrase ""B is ""B
The phrase ""empire by invitation is B",False,True,captured
mmlu_us_foreign_policy_98,mmlu,0.6B,4,stochastic,999,1.9457,139.35,58.27,32,16.45,64,16,16,0.25,1.0,False," A
Answer:
Answer A
A
A
A
Answer: A
A
A
Answer: A
Answer: A
Answer: A",False,True,captured
mmlu_us_foreign_policy_99,mmlu,0.6B,4,stochastic,999,1.869,137.46,55.86,32,17.12,61,16,16,0.2623,1.0,False," D. Thomas Jefferson. Thomas Jefferson, as above.
Answer: D. Thomas Jefferson
D. Thomas Jefferson. Thomas Jefferson. Thomas Jefferson, as this because",False,True,captured
cnndm_3,cnndm,0.6B,4,stochastic,999,6.9887,166.27,42.91,160,22.89,242,100,61,0.4132,1.64,False," 

The five Americans who 

The five Americans who were monitored at an Omaha, Nebraska, after being exposed to Ebola in Omaha, Nebraska Medicine in Omaha, Nebraska, hospital in Omaha, Nebraska, hospital in Omaha, Nebraska, were monitored for three weeks were monitored for three weeks at an Omaha, Nebraska, after being exposed to Ebola in Omaha, Nebraska, hospital after being exposed to Ebola in Omaha, Nebraska, hospital in Omaha, Nebraska, were monitored for three weeks at an Omaha, Nebraska, after being exposed to Ebola-exposed to Ebola in Sierra Leone in March but 

The five Americans who 

The five Americans who were monitored for three weeks were monitored for three weeks at an Omaha, Nebraska hospital in Omaha, Nebraska, hospital in Omaha, Nebraska, were monitored for three weeks at an Omaha,",False,True,captured
cnndm_31,cnndm,0.6B,4,stochastic,999,8.9154,1104.14,49.13,160,17.95,251,98,63,0.3904,1.56,False," The article discusses several stories of individuals stranded at sea for extended periods at sea for extended periods at sea for extended periods at sea, surviving for extended periods at sea, relying on their lives at sea for extended periods at sea, surviving for extended periods at sea, lost at sea for extended periods at sea for extended periods at sea, alone at sea for extended periods at sea for extended periods at sea, lost at sea for extended periods at sea for extended periods, surviving for extended periods at sea, stranded at sea for extended periods at sea for extended periods, adrift at sea for extended periods, alone at sea for extended periods at sea for extended periods at sea, surviving for extended periods at sea, alone at sea for extended periods at sea for extended periods, lost at sea for extended periods at sea",False,True,captured
cnndm_70,cnndm,0.6B,4,stochastic,999,7.4699,164.53,45.95,160,21.42,258,96,65,0.3721,1.48,False, A nuclear submarine undergoing repairs at a Russian shipyard in a dry dock at a dry dock at a dry dock at a dry dock at a Russian shipyard caught fire at a dry dock at a Russian shipyard in a dry dock at Russia's Zvyozdochka shipyard in a dry dock at Russia's Zvyozvyozdochka shipyard in northwestern Russian shipyard in northwestern Russian shipyard in northwestern Russian shipyard caught fire during repairs at a Russian shipyard in northwestern Russian shipyard caught fire during welding-related dry dock at the Zvyozdochka dry dock at the Zvyozdochka shipyard in northwestern Russian shipyard in northwestern Russian shipyard in northwestern Russian shipyard in northwestern Russian shipyard in northwestern Russian shipyard,False,True,captured
cnndm_165,cnndm,0.6B,4,stochastic,999,9.4705,477.76,56.56,160,16.89,309,83,78,0.2686,1.06,False," Jia Jiang, a Jia Jiang, a Jia Jiang, a Chinese-born American entrepreneur who quit his job to start-up-and American entrepreneur who quit his job to start a Chinese-born American entrepreneur and American entrepreneur who quit his job to pursue entrepreneur and American entrepreneur, American entrepreneur, launched a project called ""100-day, launched a project called ""100 Days of Chinese-born American entrepreneur who quit his job to pursue his entrepreneurial who quit his job to pursue of Chinese-born American entrepreneur who quit his job to-bean American entrepreneur, launched the author and entrepreneur and American entrepreneur, launched a 30-year-old American entrepreneur, launched a project called ""100-day, a 30-year-old American entrepreneur who quit his job to start-up founder of 30-year",False,True,captured
cnndm_297,cnndm,0.6B,4,stochastic,999,6.7984,243.71,41.22,160,23.54,231,103,58,0.4459,1.78,False," The article discusses a group of six young Minnesota men, six young Minnesota men who conspired to six young Minnesota men who conspired to join ISIS, having six young Minnesota men who planned to join ISIS by any means necessary, six young Minnesota men who conspired to join ISIS, including six young Minnesota men who conspired to join ISIS by six young Minnesota men who conspired to join ISIS by six young Minnesota men who conspired to join ISIS by six young Minnesota men who conspired to join ISIS, consisting of six young men in Minnesota, consisting of six young men from Minnesota, consisting of six young men from Minnesota, ages 19 to 6 young Minnesota men who conspired to join ISIS. The article discusses a group of six young Minnesota men who conspired to six young Minnesota men",False,True,captured
cnndm_339,cnndm,0.6B,4,stochastic,999,6.8611,264.59,41.49,160,23.32,232,102,58,0.4397,1.76,False," The author of a 2006 novel, Peter Gallagher, the author of a 2006 novel, Peter Gallagher, Peter Gallagher, the author of a 2006 novel, Peter Gallagher, the author of a 2006 novel, Peter Gallagher, the author of a 2006 novel, Peter Gallagher, the author of a 20060655065606 novel, Peter Gallagher, the author of a 200606 novel, Peter Gallagher, the author of a 206 novel, Peter Gallagher is suing Joss Whedon is suing Joss Whedon is suing Joss Whedon and 2006 novel, Peter Gallagher, the author of",False,True,captured
cnndm_397,cnndm,0.6B,4,stochastic,999,7.6876,227.63,46.92,160,20.81,263,95,66,0.3612,1.44,False," 

A Palestinian teenager, Mohammed Abu Khdeir, a Palestinian teenager, Mohammed Abu Khdeir, and the removal of a Palestinian teenager, the removal of a Palestinian teenager, Mohammed Abu Khdeir, which is a Palestinian teenager, Mohammed Abu Khdeir, and the removal of a Palestinian teenager, Mohammed Abu Khdeir
A Palestinian teenager, Mohammed Abu Khdeir, the removal of a Palestinian teenager, and the family's name removal of a Palestinian teenager, Mohammed Abu Khdeir, a Palestinian teenager, Mohammed Abu Khdeir Palestinian teenager, Mohammed Abu Khdeir issue where a Palestinian teenager, Mohammed Abu Khdeir. 

The article discusses a Palestinian teenager, Mohammed Abu Khdeir, a Palestinian teenager, Mohammed Abu Khdeir, and the removal of a",False,True,captured
cnndm_467,cnndm,0.6B,4,stochastic,999,8.5446,366.44,51.44,160,18.73,283,90,71,0.318,1.27,False," 

A week after a Japanese court rejected a petition by rejecting a petition by rejecting a petition by residents to dismisses rejected a week after a landmark injunction halts rejected a petition by residents to the court rejected a petition by residents' decision to reject a week after a landmark injunction halts the Kagoshima District Court rejected a petition by residents to reject a petition by residents to reject a petition by residents' 

A week after a Japanese court has rejected a petition by rejecting a petition by residents to reject a petition by residents to reject a petition by residents to dismisses a petition by residents' petition by rejecting a petition by residents' petitioned rejected a petition by residents in Kagoshima District Court rejected a petition by residents in Kagoshima District Court rejected a petition by residents to reject a petition by",False,True,captured
cnndm_677,cnndm,0.6B,4,stochastic,999,9.0343,333.04,54.73,160,17.71,304,83,77,0.273,1.08,False," 

The article discusses how 

The article discusses how the availability of award seats varies airline award seat availability of the availability of award seats varies among the availability of award seats varies in a Consumer Reports analyzed by airline award seat availability for airline award seat availability for airline award seat availability for airline award seat availability for airline award tickets can be redeemed airline award seat availability for airline award tickets earned miles redemption of airline award seat availability for airline award tickets can be redeemed for airline award seat availability for airline award tickets can be redeemed for airline award seat availability for airline award tickets earned miles can be redeemed for airline award seat availability for airline award seat availability for airline award tickets can be redeemed for airline award seat availability for airline award seat availability varies in a Consumer Reports study, according to a Consumer Reports analyzed by Consumer Reports analyzed award",False,True,captured
cnndm_692,cnndm,0.6B,4,stochastic,999,9.8418,469.93,58.94,160,16.26,307,83,78,0.2704,1.06,False," Ben Affleck has sought to have sought to have sought to have his own slave-owning ancestor, and obtained to have sought to have his distant relative who is to have his PBS to have his own request to have his great-great-great grandfather, but the article, through a removal of a removal of a reference to his ""Finding Your Roots"" producers of a removal of a reference to his family history, a removal of a reference to have sought to have his great-great-great grandfather, a removal of a reference to his own slave-owning ancestor, and succeeded in having a removal of a reference to his family history to have his great-great-great grandfather to have his distant relative who has sought to have his distant relative's to have his distant relative who sought to",False,True,captured
cnndm_958,cnndm,0.6B,4,stochastic,999,7.9982,438.8,47.54,160,20.0,261,95,66,0.364,1.44,False," The Red Cross called for an immediate 24-hour ceasefire in Yemen's immediate 24-hour ceasefire in Yemen to a 24-hour ceasefire in Yemen to have called for an immediate 24-hour ceasefire in Yemen to an immediate 24-hour ceasefire in Yemen to have asked for a 24 an immediate 24-hour ceasefire in Yemen's immediate 24-hour ceasefire in Yemen to halt to call for an immediate 24-hour ceasefire in Yemen's an immediate 24-hour ceasefire in Yemen, and the immediate 24-hour ceasefire in Yemen, urging an immediate 24-hour ceasefire in Yemen, urging an immediate 24 a 24-hour ceasefire in Yemen, urging an immediate 24 a 24-hour ceasefire in Yemen, urging an",False,True,captured
cnndm_965,cnndm,0.6B,4,stochastic,999,7.9929,652.06,46.17,160,20.02,246,98,62,0.3984,1.58,False," Brynn Duncan, 21, of Easley, South Carolina, suffers from mast cell activation syndrome, lives in Easley, South Carolina, of Easley, South Carolina, has a severe food allergies, from Easley, South Carolina, of Easley, South Carolina, has a 21, of Easley, South Carolina, of Easley, South Carolina, has a severe food allergies and a resident of Easley, South Carolina, has a severe food allergies and from Easley, South Carolina, suffers from mast cell activation syndrome, of Easley, South Carolina, has a severe food allergies and a resident of Easley, South Carolina, has a severe, from Easley, South Carolina, of Easley, South Carolina, lives in Easley, South Carolina,",False,True,captured
cnndm_1096,cnndm,0.6B,4,stochastic,999,7.9184,267.9,48.12,160,20.21,268,94,67,0.3507,1.4,False," 

Financially troubled financial struggles of CSKA Sofia, financial struggles of CSKA Sofia's financial struggles of CSKA Sofia's financial struggles of CSKA Sofia, financial struggles of CSKA Sofia's financial struggles of CSKA Sofia, financial struggles of CSKA Sofia's financial struggles, with financial struggles of CSKA Sofia's financial struggles of CSKA Sofia-based financial struggles of CSKA Sofia-based financial struggles of CSKA Sofia's financial struggles, highlighting the financial struggles of CSKA Sofia's financial struggles of CSKA Sofia-based financial struggles of CSKA Sofia's financial struggles, financial struggles of CSKA Sofia-based financial struggles of CSKA Sofia's financial struggles, highlighting goalkeeper Maksims Uv financial struggles of CSKA Sofia-based financial struggles of CSKA Sofia's financial struggles, highlighting the financial struggles of",False,True,captured
cnndm_1199,cnndm,0.6B,4,stochastic,999,9.7407,317.31,59.27,160,16.43,331,77,83,0.2326,0.93,False," The article discusses Tottenham defender Ben Davies' Ben Davies' Ben Davies' Ben Davies' Ben Davies' upcoming match against Burnley, Ben Davies' upcoming match against Burnley, Ben Davies' upcoming match against Wales team-mate Sam Vokes and Wales international break and Wales international match against Wales international break, Ben Davies' anticipation for the upcoming match against Burnley, Ben Davies' anticipated clash against Wales international break. The article discusses Tottenham defender Ben Davies' Ben Davies' readiness for the international break, with a potential clash against Burnley, where he will face-offense Ben Davies' Ben Davies' anticipated match against Burnley, Ben Davies' upcoming match against Wales international break, with the same-nation of the upcoming match against Wales team-mate Sam Vokes and Wales international Ben Davies' approach",False,True,captured
cnndm_1221,cnndm,0.6B,4,stochastic,999,7.4699,167.51,45.93,160,21.42,259,95,65,0.3668,1.46,False," A seven-year-old boy was raped and set on fire by two youths in Pagma Nagar (name was raped and his body suffered severe burns was raped and set on fire by two youths in Bhiwandi, who was raped and set on fire by two youths in Bhiwandi, Mumbai, India was raped and set on fire by two youths in Bhiwandi, Mumbai suburb of Mumbai, Pagma Nagar, who was raped and set on fire was raped and set on fire in Bhiwandi, Mumbai, India was raped and set on fire was raped and set on fire by two youths in Pagma Nagar, Bhi was raped and set on fire by two youths in Bhiwandi, who was raped and set on fire by two youths in Pagma Nagar (",False,True,captured
cnndm_1230,cnndm,0.6B,4,stochastic,999,7.0134,183.37,42.96,160,22.81,241,100,61,0.4149,1.64,False," Harvey Boulter, Harvey Boulter, Harvey Boulter, a pro-Ukip businessman and Liam Fox, a pro-Ukip businessman and Liam Fox, and Liam Fox, and Liam Fox, and Tom Tugendhat, a pro-Ukip businessman and pro-Ukip businessman, forced Liam Fox, a pro-Ukip businessman who forced Liam Fox, and Tom Tugendhat, and Liam Fox, and Tom Tugendhat, and Liam Fox, and Tom Tugendhat, a pro-Ukip businessman, a pro-Ukip businessman and Liam Fox, and Tom Tugendhat, and a pro-Ukip businessman who forced Liam Fox to the pro-Ukip businessman and pro-Ukip, a pro-Ukip businessman who forced Liam Fox to resigning a pro-U",False,True,captured
cnndm_1375,cnndm,0.6B,4,stochastic,999,7.9571,165.72,49.0,160,20.11,277,91,70,0.3285,1.3,False," 

The article describes a 

The article describes a group of meerkats at Indiana's Indianapolis Zoo's basketball-themed event at Indiana's Indianapolis Zoo where a group of meerkats at Indiana's Indianapolis Zoo, the Indianapolis Zoo's meerkat Indiana's Indianapolis Zoo's basketball skills. The meerkat Indiana's Indianapolis Zoo's meerkat basketball-themed event at the Indianapolis Zoo's basketball practice session where a group of meerkats at Indiana's Indianapolis Zoo where a group of meerkats at Indiana's Indianapolis Zoo, and the Indianapolis Zoo's meerkat basketball team of meerkats at Indiana's Indianapolis Zoo, the Indianapolis Zoo's meerkats at Indiana's Indianapolis Zoo, at Indiana's Indianapolis Zoo, where a group of meerkats at Indiana's Indianapolis Zoo, a group of",False,True,captured
cnndm_1379,cnndm,0.6B,4,stochastic,999,9.6469,517.82,57.42,160,16.59,313,82,79,0.262,1.04,False," 

The holidaymaker, 

The holidaymaker, Loushoushoushoushoushanna Craig, was stranded in Tenerife, from Birmingham-based in this is a Jamaican-born in this is the couple Loushanna Craig, was stranded in Tenerife after her husband, and her husband, and her husband, and her husband were stranded in Tenerife after her husband, and their husband, and their husband, was stranded in Tenerife, was stranded in Tenerife, was stranded in Tenerife of Erdington, Birmingham, Loushanna Craig, was stranded in Tenerife, Loushanna Craig, was stranded in Tenerife of Erdington, Birmingham, Loushanna Craig, was stranded in Tenerife",False,True,captured
cnndm_1459,cnndm,0.6B,4,stochastic,999,6.9239,415.66,40.93,160,23.11,224,105,56,0.4688,1.88,False," 

Sam Tomkins, a  Tomkins, a 26-year-old England full-back, who is a  Tomkins, a 2. Tomkins, a  Tomkins, a  Tomkins, a 26-year-old England full-back Sam Tomkins, a 26-year-old England full-back, who is a 26-year-old England full-back Sam Tomkins, a  Tomkins, a 2

Sam Tomkins, a 26-year-old England full-back, who is a 26 Tomkins, a  Tomkins, a  Tomkins, a  Tomkins, a 2 Tomkins, a  Tomkins, a  Tomkins, a  Tomkins, a  Tomkins' 

Sam Tomkins,",False,True,captured
cnndm_1579,cnndm,0.6B,4,stochastic,999,8.0926,589.67,47.19,160,19.77,253,97,64,0.3834,1.52,False," The article discusses the upcoming match between Raheem Sterling and Theo Walcott and Theo Walcott and Theo Walcott and Theo Walcott and Raheem Sterling and Theo Walcott at the Emirates and Theo Walcott and Theo Walcott and Raheem Sterling and Theo Walcott at the Emirates and Theo Walcott and Raheem Sterling and Theo Walcott and Theo Walcott at the Emirates, 26. 

Okay, I'm Sterling and Theo Walcott and Theo Walcott and Raheem Sterling and Theo Walcott and Theo Walcott at the upcoming match between Raheem Sterling and Theo Walcott at the Emirates, and Theo Walcott at the Emirates and Theo Walcott at the Emirates, the upcoming match between Raheem Sterling and Theo Walcott at the upcoming match between",False,True,captured
cnndm_1613,cnndm,0.6B,4,stochastic,999,9.4996,325.1,57.7,160,16.84,319,81,80,0.2539,1.01,False," Tim Bresnan, is currently playing for Yorkshire, a double Ashes winner, is seeking a double Ashes winner, is looking to make a case, a double Ashes winner, is seeking a Test player, is aiming to secure his current Yorkshire captain, is aiming to make a case for the double Ashes winner, is hoping to regain his placek player, is seeking a double Ashes winner, is seeking a Test recall, is aiming to secure, a double Ashes winner, is aiming to secure a double Ashes winner, is aiming to make a case for the double Ashes-wicket player, is aiming to secure his position, is seeking to be... (double Ashes winner, is seeking a double Ashes winner, is seeking a recall, a double Ashes",False,True,captured
cnndm_1650,cnndm,0.6B,4,stochastic,999,8.3151,428.95,49.6,160,19.24,272,92,68,0.3382,1.35,False," 

The article highlights Liverpool 

The article discusses the critical match against Arsenal on Saturday's crucial match against Arsenal match against Arsenal match against Arsenal on Saturday's crucial match against Arsenal, emphasizing the importance of their crucial match against Arsenal on Saturday's crucial match against Arsenal, the importance of their upcoming crucial match against Arsenal, emphasizing the critical match against Arsenal, emphasizing the critical match against Arsenal, emphasizing the critical match against Arsenal, emphasizing the critical match against Arsenal, emphasizing the critical match against Arsenal on Saturday's match against Arsenal on Saturday's match against Arsenal match against Arsenal in the Premier League's crucial match against Arsenal, emphasizing the critical match against Arsenal, emphasizing the critical match against Arsenal, emphasizing the critical match against Arsenal, the importance of their upcoming crucial match against Arsenal, emphasizing the critical match against Arsenal, emphasizing",False,True,captured
cnndm_1793,cnndm,0.6B,4,stochastic,999,8.1034,606.9,47.15,160,19.74,253,97,64,0.3834,1.52,False," Raheem Sterling, Raheem Sterling, Raheem Sterling, has rejected a new contract, has rejected a 20, Raheem Sterling, has rejected a new contract offer, Raheem Sterling, Raheem Sterling, has rejected a new contract offer, Raheem Sterling, Raheem Sterling, Raheem Sterling, has rejected a new contract offer, Raheem Sterling, Raheem Sterling, has rejected a new contract talks about 20-year-old English footballer, Raheem has rejected a new contract, Liverpool, Brendan Rodgers, Liverpool, Brendan Rodgers, Liverpool, Brendan Rodgers, Liverpool, Brendan Rodgers, Liverpool, Brendan Rodgers, Liverpool, Brendan Rodgers, Arsenal, Liverpool, Brendan Rodgers, Liverpool, Brendan Rodgers, Liverpool, Arsenal,",False,True,captured
cnndm_1832,cnndm,0.6B,4,stochastic,999,7.1713,258.98,43.47,160,22.31,242,99,61,0.4091,1.62,False," Eden Hazard believes Chelsea are close to getting the Premier League title after a Premier League title, and has the Premier League title after a 20 Premier League title after a 2-1 Premier League title after a 2- Premier League title after a 2-1 Premier League title after a 20 Premier League title after a 20 Premier League title after a Premier League title after a Premier League title after a 20 Premier League title after a Premier League title after a 20 Premier League title after a Premier League title after a Premier League title after a Premier League title after a 20 Premier League title after a Premier League title after a Premier League title, and the team to the Premier League title after a 20 Premier League title after a 20",False,True,captured
cnndm_1861,cnndm,0.6B,4,stochastic,999,7.7409,314.64,46.71,160,20.67,260,95,65,0.3654,1.46,False," Melissa Wilson and her teammates are on the brink of making history at the  of making history as the brink of making history as the women's making history as the women's Oxford-Cambridge Boat Race will make history during the  of making history by making history by making history by making history as the women's Oxford-Cambridge Women's Boat Race, making history as the women's Oxford-Cambridge Women's Boat Race, making history at the 161 of making history as the women's Oxford-Cambridge Boat Race, making history at the  of making history by making history in making history by competing in making history by competing in the  of making history by making history at the 16 of making history by competing in the women's boat race, of making history by competing",False,True,captured
cnndm_2032,cnndm,0.6B,4,stochastic,999,8.0715,434.89,48.03,160,19.82,261,94,66,0.3602,1.42,False," 

Ronny Deila is looking to extend Jason Denayer and assistant 

Ronny Deila is seeking to extend Jason Denayer, Ronny Deila is looking to extend the article: Ronny Deila is seeking to extend Jason Denayer, a

Ronny Deila is trying to convince Manchester City to extend Jason Denayer, a
Ronny Deila is seeking to extend Jason Denayer is looking to extend Jason Denayer is looking to extend the loan deal with his goal to extend loan deal with Jason Denayer, Ronny Deila is seeking to extend Jason Denayer, a
Ronny Deila is seeking to extend Jason Denayer is seeking to extend Jason Denayer is trying to extend Jason Denayer, Ronny Deila is seeking to extend Jason Denayer, Ron",False,True,captured
cnndm_2033,cnndm,0.6B,4,stochastic,999,7.1414,372.93,42.57,160,22.4,234,102,59,0.4359,1.73,False," Raymond Billam,  Raymond Billam,  Raymond Billam,  Raymond Billam, 40, fraudulently claimed to be disabled and his pub football team, a 40, a 40-year-old former contractor for his football team and 40, fraudulently claimed to be disabled and he claimed to be disabled, 40, a pub football team, 40, fraudulimately sentenced to 26 weeks in prison suspended for two years after being a 40-year-old 40, a 40-year-old grandfather-of-four, was sentenced to 26 weeks in prison suspended for two years. He was sentenced to 26 weeks in prison suspended for two years after being filmed playing football for his pub football team",False,True,captured
cnndm_2043,cnndm,0.6B,4,stochastic,999,5.839,154.58,35.75,160,27.4,201,110,51,0.5473,2.16,False," The new chief executive of Rotherham council may be paid up to £40,00ham council could be paid up to be paid up to £40,000ham council could be paid up to be paid up to £40,000ham council may be paid up to £40,00ham council may receive up to £40,000ham council may receive up to be paid up to £40,00ham council may receive up to be paid up to £40,000ham council may receive up to be paid up to £40,00ham council may receive up to £40, Rotherham council may be paid up to £40,000ham council may",False,True,captured
cnndm_2082,cnndm,0.6B,4,stochastic,999,9.279,210.88,57.03,160,17.24,319,79,81,0.2476,0.98,False," 

Liverpool midfielder Philippe Coutinho believes winning the FA Cup, after a, the article is a has expressed that winning the FA Cup would save their season, as the article discusses the importance of winning the FA Cup quarter-final replay against Arsenal, which is facing a challenging to the FA Cup quarter-final replay at the article in the article: The article discusses Liverpool midfielder Philippe Coutinho believes winning the FA Cup would save their season, with the article discusses the team is a) believes winning the FA Cup would save their season, with the article discusses how to the FA Cup quarter-final replay at the article discusses the importance of winning the FA Cup is the key points out is facing a challenging their season, is in the article: Liverpool midfielder Philippe Coutinho believes winning the FA Cup would need to secure a

",False,True,captured
cnndm_2105,cnndm,0.6B,4,stochastic,999,9.1945,372.85,55.48,160,17.4,305,83,77,0.2721,1.08,False," The article discusses Arsenal's Premier League, highlighting their strong in the Premier League, which has seen as a recent Premier League, which they're the Premier League, and their potential title race for the Premier League, highlighting their strong in the Premier League, highlighting their strong in the Premier League, the Premier League, highlighting their strong form, which has seen as a top-four finish and their Premier League, highlighting their strong form in the Premier League, highlighting their strong form and their chances to win the Premier League, the Premier League, highlighting their strong form and their potential for the Premier League, and their potential title race for the Premier League, the Premier League, highlighting their strong, the Premier League, highlighting their strengths and their recent seasons, highlighting their strengths and their position in the Premier League, the",False,True,captured
cnndm_2117,cnndm,0.6B,4,stochastic,999,7.2721,513.01,42.51,160,22.0,231,102,58,0.4416,1.76,False," 

The video shows a 

The video shows a deputy hitting a deputy hitting a heavily pregnant Iraq war veteran, Deanna Robinson, a deputy hitting a deputy hitting a heavily pregnant Iraq war veteran, a deputy hitting Deanna Robinson, a heavily pregnant Iraq war veteran, Deanna Robinson, a deputy hitting Deanna Robinson, 38-weeks deputy hitting Deanna Robinson, a deputy hitting Deanna Robinson, 38-weeks-pregnant Iraq war veteran, Deanna Robinson, a heavily pregnant Iraq war veteran, Deanna Robinson, a heavily pregnant Iraq war veteran, Deanna Robinson, a deputy hitting a deputy hitting Deanna Robinson, a heavily pregnant Iraq war veteran, Deanna Robinson, a deputy hitting Deanna Robinson, a heavily pregnant Iraq war veteran, Deanna Robinson, a",False,True,captured
cnndm_2232,cnndm,0.6B,4,stochastic,999,8.2753,396.7,49.55,160,19.33,272,92,68,0.3382,1.35,False," Marcos Rojo, a Manchester United defender for Manchester United defender for Manchester United, was a defender for Manchester United, was seen as a defender for Manchester United, was a Manchester United defender, was on Manchester United defender for Manchester United, Manchester United defender, Manchester United defender, was in Manchester United defender, Manchester United defender, was a defender for Manchester United, Manchester United defender, Manchester United defender, was recently married Manchester United defender, was a defender for Manchester United, Manchester United defender, was seen as a Manchester United defender, was photographed with family man from Manchester United defender for Manchester United, was a Manchester United defender, was a Manchester United defender, was caught in the Premier League defender for Manchester United, was a defender for Manchester United, Manchester United defender, was a defender for Manchester United,",False,True,captured
cnndm_2253,cnndm,0.6B,4,stochastic,999,8.3918,460.88,49.88,160,19.07,273,91,69,0.3333,1.32,False," The article discusses Leeds Rhinos' s response to player Zak Hardaker being sent on an anger management course following a violent incident in a player Zak Hardaker, a professional rugby club's response to incidents involving a violent incident involving a violent incident in the actions taken on an incident involving a violent incident in February  Rhinos' s response to Zak Hardaker, a full back Zak Hardaker, a full back Zak Hardaker, a rugby club's response to full back Zak Hardaker, a full back Zak Hardaker, a full back Zak Hardaker, a full back Zak Hardaker, a player, Zak Hardaker, a full back Zak Hardaker, a player, Zak Hardaker's response to Zak Hardaker, a player, Zak Hardaker's response to a violent incident in the",False,True,captured
cnndm_2285,cnndm,0.6B,4,stochastic,999,7.2722,211.29,44.41,160,22.0,248,98,63,0.3952,1.56,False," Jack Nicklaus, 75, achieved a hole-in 75, achieved a legendary golfer, made a hole-in his 75, achieved a hole-in-one of age, achieved a hole-in-one during the Par-3 Contest, achieved a legendary golfer, achieved a hole-in-one of golf legend, achieved a hole-in-one during the Par-3 Contest, hit a hole-in-one during the Par-3, achieved a hole-in-one during the Par-3 Contest, achieved a hole-in-one during the Par-3 Contest, hit a hole-in-one of age, achieved a hole in 75, achieved a hole-in-one during the Par-3, achieved a hole-in-one during the Par-3 Contest, achieved a hole-in-one of golf legend",False,True,captured
cnndm_2288,cnndm,0.6B,4,stochastic,999,7.3712,383.15,43.95,160,21.71,241,100,61,0.4149,1.64,False," 

**Summary:**

 

**Summary: Last season, Luis Suarez was Liverpool's player of the season, Luis Suarez was the standout player of the season, the article discusses Liverpool's player of the season, the article discusses Liverpool's player of the season, the article discusses Liverpool's player of the season, Liverpool's player of the season, Luis Suarez was the standout player for the  In the previous season, Luis Suarez was Liverpool's player of the season, Luis Suarez was Liverpool's player of the season, Luis Suarez was Liverpool's player of the article discusses Liverpool's player of the season, Luis Suarez was Liverpool's player of the season, Luis Suarez was Liverpool's player of the season, Luis Suarez was Liverpool's player of the season, Luis Suarez was Liverpool's player of the season,",False,True,captured
cnndm_2357,cnndm,0.6B,4,stochastic,999,7.5085,609.31,43.39,160,21.31,233,101,59,0.4335,1.71,False," 

Andy Lee, the reigning WBO middleweight champion middleweight champion middleweight champion middleweight champion, faced Peter Quillin in ailing and his head held high after a dramatic 12-round middleweight champion middleweight champion, fought Peter Quillin, a former WBO middleweight champion, faced Peter Quillin in New York, faced Peter Quillin in New York, faced Peter Quillin, ailing the reigning WBO middleweight champion, faced Peter Quillin in New York, faced Peter Quillin, the reigning WBO middleweight champion, secured ailing champion middleweight boxer, faced Peter Quillin in New York, faced Peter Quillin, a former WBO middleweight champion middleweight champion middleweight champion, faced Peter Quillin, a former WBO middleweight champion middle",False,True,captured
cnndm_2424,cnndm,0.6B,4,stochastic,999,7.999,368.12,47.99,160,20.0,261,95,66,0.364,1.44,False," Mario Balotelli missed the FA Cup quarter-final against Blackburn Rovers due to illness, which Liverpool's match against Blackburn Rovers due to illness, but he was due to illness, as he was not included in the quarter-final against Blackburn Rovers due to illness, quarter-final against Blackburn Rovers due to illness, and he posted a photo of Liverpool's final against Blackburn Rovers due to illness, and he was missed the FA Cup quarter-final against Blackburn Rovers due to Blackburn Rovers due to illness, but he claimed illness, which Liverpool's final against Blackburn Rovers due to illness, and he was not included in the quarter-final against Blackburn Rovers due to illness, despite being ill, despite a quarter-final against Blackburn Rovers due to illness, which Liverpool's game against Blackburn R",False,True,captured
cnndm_2434,cnndm,0.6B,4,stochastic,999,8.0012,763.91,45.52,160,20.0,242,99,61,0.4091,1.62,False," 

Rory McIlroy is the favorite to win the Masters, the article discusses the potential to win the Masters, the article discusses the potential to win the Masters is the favorite to win the article discusses the potential for the article discusses the potential for Rory McIlroy is set to win the Masters and Bubba Watson, the article discusses the potential for the Masters, which is the key facts: 
Rory McIlroy is poised to achieve a career Grand Slam by the article discusses the potential for Rory McIlroy is the favorite to win the Masters, the article discusses the potential for the Masters, with his chances of winning the article discusses the potential for Rory McIlroy is poised to win the Masters would win the Masters. The article discusses the article discusses the potential for the career",False,True,captured
cnndm_2505,cnndm,0.6B,4,stochastic,999,9.0406,543.41,53.44,160,17.7,289,88,73,0.3045,1.21,False," Patrick Bamford, a Patrick Bamford on-loan from Chelsea, equal goal scorer on-loan from Chelsea on-loan from Chelsea on-loan Chelsea loan forward on-loan Chelsea loan from Chelsea on-loan Chelsea forward on loan from Chelsea, on-loan from Chelsea on-loan from Chelsea, equal goal for Middlesbrough, on-loan Chelsea loaned Middlesbrough striker on-loan from Chelsea, equalled Middlesbrough striker on-loan Chelsea loaned Middlesbrough’s on-loan Chelsea forward on loan toon-loan from Chelsea, on-loan Chelsea forward on loan to Middlesbrough striker on-loan Chelsea loan from Chelsea forward on loan from Chelsea on loan, on-loan Chelsea loaned Middlesbrough’s on-loan",False,True,captured
cnndm_2708,cnndm,0.6B,4,stochastic,999,7.7674,744.0,44.17,160,20.6,233,102,59,0.4378,1.73,False," Aaron Ramsey scored a dramatic goal in the FA Cup final against Burnley's FA Cup final, the FA Cup final, the FA Cup final, dedicating it the FA Cup final, the FA Cup final, the FA Cup final against Burnley, the FA Cup final against Burnley in the FA Cup final, the FA Cup final, the FA Cup final against Burnley, dedicating it to his late extra-time to help Arsenal's FA Cup final, the FA Cup final against Burnley, dedicating it to his late extra-time during the FA Cup final, the FA Cup final against Burnley, dedicating it to his FA Cup final, dedicating it to his late extra-time to help Arsenal win against Burnley, dedicating it to his late extra-time during the FA Cup final",False,True,captured
cnndm_2716,cnndm,0.6B,4,stochastic,999,6.9697,273.39,42.12,160,22.96,234,102,59,0.4359,1.73,False," Angelique Kerber won the Family Circle Cup, defeating Madison Keys in three-set, defeating Madison Keys in three-set match against Madison Keys in three sets, defeating Madison Keys in a 6-2, 6-200, defeating Madison Keys in a three-set match against Madison Keys in three sets against Madison Keys in three-set match against Madison Keys in three-set match against Madison Keys in three sets against Madison Keys in three-set match against Madison Keys in three sets against Madison Keys in three sets, defeating Madison Keys in a 6-2, defeating Madison Keys in a 6-2, defeating Madison Keys in a three-set match against Madison Keys in three sets against Madison Keys in three-set match against Madison Keys in three-set match against Madison Keys in three-set match against Madison Keys",False,True,captured
cnndm_2723,cnndm,0.6B,4,stochastic,999,8.3542,387.11,50.11,160,19.15,276,91,69,0.3297,1.32,False," 

Lewis Hamilton insists he is prepared for any under the title is prepared for any underh is prepared to be prepared for any tactics if Nico Rosberg attempts to be prepared for Nico Rosberg's tactics should be prepared for Nico Rosberg's tactics should be prepared for Nico Rosberg's tactics should be prepared for any tactics Nico Rosberg's tactics should be prepared for Nico Rosberg's tactics to be prepared for Nico Rosberg's tactics should be prepared for Nico Rosberg's tactics should be prepared for any under no longer for Nico Rosberg's tactics should be prepared for any tactics Nico Rosberg's tactics should be prepared for any tactics, the German teammate Nico Rosberg's prepared for any tactics Nico Rosberg's tactics should be prepared for Nico Rosberg's tactics should be prepared for any tactics Nico",False,True,captured
cnndm_2754,cnndm,0.6B,4,stochastic,999,8.3099,147.96,51.33,160,19.25,292,87,73,0.2979,1.19,False," Oriol Romeu, a loan midfielder, and Martin Keown predict the weekend match predictions for Bundesliga side Stuttgart, a loan midfielder, and Martin Keown predict the weekend's predictions for the weekend Premier League and FA Cup matches. Romeu, and Martin Keown predict scores for the weekend's Premier League and FA Cup matches. The article: currently on loan at Stuttgart, a loaned at Stuttgart, and Martin Keown predict the weekend's Premier League and FA Cup semi-final at Stuttgart, a loan midfielder, and Martin Keown predict the weekend's Premier League and FA Cup semi-final between Chelsea's predictions for Bundesliga side Stuttgart, predicts weekend predictions for the weekend's predictions for the weekend's Premier League and FA Cup semi-final at Stuttgart, and Martin Keown predict scores for the weekend's Premier",False,True,captured
cnndm_2790,cnndm,0.6B,4,stochastic,999,6.3841,247.47,38.6,160,25.06,216,106,54,0.4907,1.96,False," 

A body was found during a major air-sea body of a body of a kayaker Stephen Taylor, a body of a kayaker Stephen Taylor, 54-year-old Stephen Taylor, a 54-year-old Stephen Taylor, a 54-year-old Stephen Taylor, a 54-year-old Stephen Taylor, a 54-year-old Stephen Taylor, a 54-year-old Stephen Taylor, a 54-year-old Stephen Taylor, a 54-year-old Stephen Taylor, a 54-year-old Stephen Taylor, a kayaker Stephen Taylor, a 54-year-old Stephen Taylor, a 544444-year-old Stephen Taylor went missing in the Solentire. Stephen Taylor, a 54-year-old Stephen Taylor, a ",False,True,captured
cnndm_2797,cnndm,0.6B,4,stochastic,999,8.8403,307.42,53.67,160,18.1,297,86,75,0.2896,1.15,False," 

Nathaniel Clyne has been named as the article: 

Nathaniel Clyne has been named England's first-choice right-back for the article: Nathaniel Clyne, a key points out of Southampton defender for England's summary
Nathaniel Clyne has been named England's first choice right-back for the Saints has been named as the first choice right-back for England's first-choice right-back position. 

Nathaniel Clyne, a key points out that he is England's first-choice right-back for the Saints has been named as England's first-choice right-back for the England's key points: Nathaniel Clyne has been named as England's first-choice right-back for England's first choice right-back for the Saints have been named England's first-choice right-back by Roy Hodg",False,True,captured
cnndm_2835,cnndm,0.6B,4,stochastic,999,9.9747,304.06,60.82,160,16.04,339,76,85,0.2242,0.89,False," The Margaret River Pro saw a Margaret River Pro saw a series of dramatic series of surf competition where surf competition where surfers faced by the world-class surf competition where elite surfers compete between top-tier surfers compete between top-ranked male and female surfers compete between elite surfers compete between elite surfers compete between top-ranked surf competition where surf competition with a series of dramatic wipe-outs and a series of dramatic series of wipe-outs and challenges at the world-class surf competition where elite surfers compete, with a series of dramatic series of wipe-outs, with a series of dramatic wipe-outs and challenges for a series of dramatic wipe-outs and unexpected and several dramatic series of wipe-outs, with a number of dramatic series of wipe-outs, with a notable number of dramatic wipe-outs and challenges for a series of dramatic",False,True,captured
cnndm_2929,cnndm,0.6B,4,stochastic,999,7.6118,357.26,45.63,160,21.02,252,97,63,0.3849,1.54,False," Andrew Flintoff has called on the English cricket fans to support for the English cricket fans to support for the English cricket fans to support Alastair Cook to support for the English cricket fans to support both the English cricket fans to support both the English cricketing on the English cricket fans to support Alastair Cook to support Alastair Cook to support Alastair Cook to support Alastair Cook to show support for Alastair Cook to show support for Alastair Cook, in the English cricket fans to support Alastair Cook to support Alastair Cook to support Alastair Cook to support Alastair Cook to support Alastair Cook, in a for the English cricketing on the English cricketing public to support Alastair Cook to show support for Alastair Cook",False,True,captured
cnndm_3009,cnndm,0.6B,4,stochastic,999,5.5431,243.55,33.33,160,28.86,185,114,47,0.6162,2.43,False," Gael Monfils, Gael Monfils, and Monfils, Monfils, Gael Monfils, Gael Monfils, Gael Monfils, and Gael Monfils, Gael Monfils, Gael Monfils, Gael Monfils, Gael Monfils, and the French tennis player, 280,828,8, and the Frenchman, 28, and the Frenchman, Gael Monfils, Gael Monfils, Gael Monfils, Gael Monfils, Gael Monfils, Gael Monfils, Gael Monfils, and Monfils, and Roger Federer, Monte Carlo Masters, Roger Federer, Monte Carlo Masters, Roger Federer, Monte Carlo Monfils, Monf",False,True,captured
cnndm_3017,cnndm,0.6B,4,stochastic,999,6.2573,193.64,38.14,160,25.57,213,107,54,0.5023,1.98,False, Australia captain Michael Clarke believes Kevin Pietersen could return to red-ball player Kevin Pietersen could return to red-ball specialist batsman Kevin Pietersen could play in this summer's Ashes Test player Kevin Pietersen could play in this summer's Kevin Pietersen could return to red-ball specialist Kevin Pietersen could return to red-ball specialist Kevin Pietersen could return to red-ball specialist Kevin Pietersen could return to red-ball specialist Kevin Pietersen could return to cricket star player Kevin Pietersen could return to red-ball specialist Kevin Pietersen could play in this summer's Kevin Pietersen could return to cricket star Kevin Pietersen could return to red-ball specialist Kevin Pietersen could play in this summer's Ashes Test player Kevin Pietersen could play,False,True,captured
cnndm_3098,cnndm,0.6B,4,stochastic,999,14.5159,1157.36,84.02,160,11.02,428,53,108,0.1238,0.49,False," found a way to keep found a way from the same old United on top players and staff costs under the team costs down the United on top players in line-up with the timescales in the team costs down the costs down the costs. However, the article within the rules of the players fresh for the summer, for the team costs down the costs. In many of the club finances in the game and develop the team costs down. The red and retain his team in control of the big names in the game. 201550 the club finances in check on top of the money out of the headlines and United in the city. The only the most of the high performance and the club finances in check. The summer spending in the game time and build-up with the new players in the",False,True,captured
cnndm_3130,cnndm,0.6B,4,stochastic,999,8.2017,398.5,49.08,160,19.51,268,93,68,0.347,1.37,False," 

Borussia Dortmund 

Borussia Dortmund 

Borussia Dortmund coach Jurgen Klopp announced his coach Jurgen Klopp 

Borussia Dortmund 

Bor Dortmund coach Jurgen Klopp announced that he will be leaving the club coach Jurgen Klopp 

Borussia Dortmund coach Jurgen Klopp 

Bor Dortmund coach Jurgen Klopp announced that he will be leaving the German football club president and the coach Jurgen Klopp is a new coach to host Paderborn, Germany's manager Jurgen Klopp, the club coach Jurgen Klopp announced that he will be

Borussia Dortmund coach Jurgen Klopp announced that he will be leaving the German football club 

Borussia Dortmund coach Jurgen Klopp has announced that he will be the club coach Jurgen Klopp has announced his decision: 

Jurgen",False,True,captured
cnndm_3227,cnndm,0.6B,4,stochastic,999,11.9379,906.3,69.38,160,13.4,361,69,91,0.1911,0.76,False," The article discusses Adrian Heath is where he humorously addresses a few questions about the crossbars, where he humorously addresses a reporter's question about the expansion of Major league, where he humorously addresses a reporter's, where he humorously addresses a and his experiences, where he humorously addresses a reporter's question about raising the article discusses the idea to address, where he humorously addresses a, where he humorously addresses a few in Orlando City's and his experiences in Orlando City's focus on the growth of MLS, where he humorously addresses a question about raising the question about the MLS expansion, his experiences and his experiences, his experiences, his experiences as manager of the expansion of Major League expansion of the MLS team Orlando City's humorously addresses a...
Okay, I think about the potential",False,True,captured
cnndm_3236,cnndm,0.6B,4,stochastic,999,7.4971,250.77,45.57,160,21.34,253,97,64,0.3834,1.52,False," Rafael Nadal advanced to the quarter-finals of the Monte Carlo Masters after defeating John Isner in the Monte Carlo Masters after defeating John Isner in a Monte Carlo Masters after a hard after defeating John Isner, defeating John Isner in a Monte Carlo Masters after defeating John Isner, while Roger Federer was defeated John Isner in a close against John Isner in a Monte Carlo Masters after a Monte Carlo Masters after a Monte Carlo Masters after defeating John Isner in a hard after a Monte Carlo Masters after defeating John Isner in a close win over John Isner, defeating John Isner, defeating John Isner, defeating John Isner, while Roger Federer was defeated John Isner in a Monte Carlo Masters after a close against John Isner in the Monte Carlo Masters after defeating John Is",False,True,captured
cnndm_3317,cnndm,0.6B,4,stochastic,999,7.8387,342.96,47.14,160,20.41,262,95,66,0.3626,1.44,False," 

David Cameron accused the BBC of spreading of spreading of spreading of a BBC of spreading of spreading misinformation from the BBC of spreading misinformation, claiming he BBC of spreading misinformation, claiming he BBC of spreading misinformation after claiming his favorite sport was a BBC of spreading misinformation after claiming his favorite sport was a BBC of spreading misinformation after claiming his favorite sport was foxhunting, BBC of spreading misinformation after a BBC of spreading misinformation after claiming his favorite sport was a BBC of spreading misinformation after claiming his favorite sport was a BBC of spreading misinformation on-air of spreading of a false claims that he BBC of spreading misinformation after claiming his favorite sport was a BBC of spreading misinformation after claiming his favorite sport was foxhunting, BBC of spreading misinformation after a BBC of spreading misinformation by claiming he BBC of spreading misinformation after a BBC of",False,True,captured
cnndm_3319,cnndm,0.6B,4,stochastic,999,8.2176,170.28,50.61,160,19.47,285,88,72,0.3088,1.22,False," A man in a motorized wheelchair fell onto the man in a motorized wheelchair fell onto the article: A man in a motorized wheelchair fell onto the electrified subway tracks in Washington, D.C., metro system, which is a motorized wheelchair fell onto the man in a motorized wheelchair fell onto electrified subway tracks in a motorized wheelchair fell onto the electrified subway tracks Tuesday, electric wheelchair fell onto the man in a motorized wheelchair fell onto electrified subway tracks in Washington, D.C., a motorized wheelchair fell onto electrified subway was plied wheelchair fell onto the electrified subway tracks in a motorized wheelchair fell onto the electrified subway was plucked from a motorized wheelchair fell onto electrified subway tracks in a motorized wheelchair fell onto electrified subway tracks in a",False,True,captured
cnndm_3330,cnndm,0.6B,4,stochastic,999,7.9601,216.69,48.7,160,20.1,273,92,69,0.337,1.33,False," James Milner is considering his future at Manchester City, weighing options, including potential moves to Liverpool, Arsenal, and Liverpool and is considering his future at Manchester City, weighing options, weighing options, including a decision after his contract expires in the end of the season, weighing options, including a potential moves to Liverpool, Arsenal, and Everton, weighing options, including potential moves to Liverpool, weighing options, including a potential moves to Liverpool, Arsenal, Everton, Arsenal, weighing options, including a waiting until the end of the season, weighing options, including a decision after the end of the season, with interest from Liverpool, Arsenal, Everton, Arsenal, Everton, Arsenal, Everton, Arsenal, and is considering his future at Manchester City, weighing options, including a decision until the end of the season,",False,True,captured
cnndm_3381,cnndm,0.6B,4,stochastic,999,7.9486,243.9,48.46,160,20.13,271,92,68,0.3395,1.35,False," Tim Sherwood has offered encouragement to six-year-old Charlie Pye, a heartfelt encouragement to a letter of encouragement to a six-year-old Charlie Pye, encouragement to six-year-old Charlie Pye encouragement to a heartfelt encouragement to six-year-old Charlie Pye encouragement to six-year-old Charlie Pye, a personal encouragement to six-year-old Charlie Pye, a six-year-old Charlie Pye encouragement to a heartfelt encouragement to a personal encouragement to a personal encouragement to six-year-old Charlie Pye, encouragement to six-year-old Charlie Pye, a six-year-old Charlie Pye, a warm encouragement to a heartfelt encouragement to six-year-old Charlie Pye encouragement to a heartfelt encouragement to six-year-old Charlie Pye, a six-year-old Charlie Pye encouragement to six-year-old Charlie Pye, a",False,True,captured
cnndm_3607,cnndm,0.6B,4,stochastic,999,10.2555,573.9,60.89,160,15.6,329,77,83,0.234,0.93,False, The article discusses the contrasting views between Jose Mourinho and Arsene Wenger regarding football philosophy of Chelsea manager of Chelsea manager of Chelsea manager of Chelsea manager and Arsene Wenger on defending and Arsene Wenger on defending his and Arsene Wenger on football strategies and Arsene Wenger on football philosophy of Chelsea manager of Chelsea manager and Arsene Wenger on football philosophy of Chelsea manager and Arsene Wenger regarding defending a former Chelsea manager and Arsene Wenger on the Chelsea manager of Chelsea and Arsene Wenger on football tactics and Arsene Wenger on the matter and Arsene Wenger on football strategies and Arsene Wenger on football strategies and Arsene Wenger regarding defending and Arsene Wenger on the importance of winning the manager of Chelsea manager of Chelsea manager of Chelsea manager and Arsene Wenger on the Chelsea manager and Arsene Wenger on football philosophy,False,True,captured
cnndm_3739,cnndm,0.6B,4,stochastic,999,9.1717,182.71,56.53,160,17.44,319,80,80,0.2508,1.0,False," 

Diego Maradona's recent fitness routine as a former footballer and his boxing training, which is a renowned footballer and former footballer who is a former footballer who is a former football player, known for his  Maradona's recent fitness routine, highlighting his iconic footballer Maradona's recent fitness routine, a renowned footballer who is renowned footballer, known for his 1. Maradona, a former football player, known for his 1. Maradona, a  Maradona's recent fitness routine, highlighting his hand of God' s boxing training as a former football player and his recent fitness routine, which is well. Maradona's recent fitness routine, which is known for his iconic football career, a  Maradona's",False,True,captured
cnndm_3838,cnndm,0.6B,4,stochastic,999,5.2733,260.16,31.53,160,30.34,176,116,44,0.6591,2.64,False, Rafael Nadal defeated Nicolas Almagro 6-3 6- 6-3- 6-3- 6-3- 6-3-6-3-6-3 6-3 6-3 6-3 6- 6-3 6-3-6-3-6 6-3 6-3 6-3 6- 6-3- 6-3 6- 6-3 6-3 6-3 6- 6-3 6-3 6-3 6- 6-3 6-3 6-3 6-3 6- 6-3 6-3 6-3 ,False,True,captured
cnndm_4036,cnndm,0.6B,4,stochastic,999,7.6914,171.6,47.29,160,20.8,266,93,68,0.3496,1.37,False," Juventus are monitoring Raheem Sterling's situation at Liverpool as a potential transfer, while also want to strengthen their squad this article: Raheem Sterling's situation at Liverpool, aum Sterling's situation at Liverpool, aiming to sign of Liverpool's Raheem Sterling's situation at Liverpool, aiming to potentially targeting Raheem Sterling's situation at Liverpool, aiming to sign for Raheem Sterling's situation at Liverpool as a potential transfer of Liverpool's situation at Liverpool, aiming to potentially acquiring Raheem Sterling's situation at Liverpool, aiming to potentially targeting a potential transfer of Liverpool's Raheem Sterling's situation at Liverpool as a potential transfer of Liverpool's Raheem Sterling's situation at Liverpool as a potential transfer of Raheem Sterling's situation at Liverpool, aiming to sign of Liverpool's",False,True,captured
cnndm_4058,cnndm,0.6B,4,stochastic,999,7.4389,251.63,45.2,160,21.51,253,97,64,0.3834,1.52,False," Steven Naismith, Steven Naismith, Steven Naismith, a forward for Everton, has been awarded the Barclays Spirit of Everton forward for his selfless charity work with his selfless charity work with his efforts, has been awarded the Barclays Spirit of the Everton forward, a forward for Everton forward for his selfless charity work, and community, has been awarded the Barclays Spirit of the Game Awarded the Everton forward, has been awarded the Barclays Spirit of Everton forward, has been awarded the Barclays Spirit of the Everton forward, has been awarded the Barclays Spirit of the Game Award, a forward for Everton forward for his selfless charity work with his efforts, Steven Naismith, has been awarded the Barclays Spirit of the Game Awarded the Barclays Spirit of the Game Awarded for his self",False,True,captured
cnndm_4149,cnndm,0.6B,4,stochastic,999,8.0449,312.41,48.63,160,19.89,270,93,68,0.3444,1.37,False, Michael Carrick has been an important influence on Manchester United's on Manchester United's revival of Manchester United's on Manchester United's revival but has been on Manchester United's revival but has not only on Manchester United's revival but has been on Manchester United's revival of Manchester United's revival but has struggled to match against Manchester United's revival but has been on Manchester United's revival of Manchester United's revival but has struggled to match their revival of Manchester United's revival of Manchester United's revival but has not consistently on Manchester United's revival but has struggled to match their intensity on Manchester United's revival but has struggled to Manchester United's revival but has not consistently for Manchester United's revival but has struggled to match their intensity; on Manchester United's revival of Manchester United's revival of Manchester United's revival but has not,False,True,captured
cnndm_4226,cnndm,0.6B,4,stochastic,999,6.623,293.64,39.81,160,24.16,221,105,56,0.4751,1.88,False," Smita Srivastava, an Indian woman from Allahabad, Uttar Pradesh, currently holds the Indian woman from Allahabad, Uttar Pradesh, currently holds the record for the Indian woman from Allahabad, Uttar Pradesh, an Indian woman from Allahabad, Uttar Pradesh, currently holds the record for the  is an Indian woman from Allahabad, Uttar Pradesh, currently holds the Indian woman from Allahabad, an Indian woman from Allahabad, an Indian woman from Allahabad, an Indian woman from Allahabad, Uttar Pradesh, an Indian woman from Allahabad, an Indian woman from Allahabad, an Indian woman from Allahabad, an Indian woman from Allahabad, Uttar Pradesh, an Indian woman from Allahabad, Uttar Pradesh, an Indian woman from Allahabad, an Indian woman from Allahabad",False,True,captured
cnndm_4258,cnndm,0.6B,4,stochastic,999,7.5415,387.51,44.99,160,21.22,247,97,63,0.3927,1.54,False," UEFA have charged Pep Guardiola for wearing a t-shirt demanding justice for a football manager Pep Guardiola for wearing a t-shirt demanding justice for a Spanish football manager Pep Guardiola for wearing a football manager Pep Guardiola for wearing a manager Pep Guardiola for wearing a t-shirt, which demanded justice for a football manager Pep Guardiola for wearing a t-shirt in a sensational Pep Guardiola for wearing a Pep Guardiola for wearing a t-shirt demanding justice for a Pep Guardiola for wearing a t-shirt demanding justice for a manager Pep Guardiola for wearing a t-shirt demanding justice for a non-sporting nature. Pep Guardiola for wearing a t-shirt demanding justice for a non-sporting nature’ Pep Guardiola for wearing a t-shirt demanding justice for a journalist Jorge Lopez, a manager Pep",False,True,captured
cnndm_4375,cnndm,0.6B,4,stochastic,999,10.1106,795.63,58.58,160,15.82,309,83,78,0.2686,1.06,False," 

Floyd Mayweather and 

Floyd Mayweather and Manny Pacquiao's fight, the article discusses his fight are set to face off the article discusses the intense competition for the fight, with only 500 tickets for the article is set to face off in the article discusses the intense competition between the article discusses the intense competition for the fight, Ade Adebayo's story of the biggest fight are set to face off in the richest fight in boxing history, the article describes his opponent Manny Pacquiao's fight is set to take a limited tickets for the fight, which is set to take a limited number of tickets for the fight, which is the article discusses the intense competition for the fight, which is the article discusses the intense competition. Manny Pacquiao's fight, the article discusses",False,True,captured
cnndm_4559,cnndm,0.6B,4,stochastic,999,6.6198,333.21,39.54,160,24.17,217,106,55,0.4885,1.93,False," 

Reality TV star and singer Lil' Chris, whose real name was found hanging at his real name actor Lil' singer Lil' singer Lil' Chris, whose real name was Chris Hardman, whose real name was Chris Hardman, known asinger Lil' Chris, singer Lil' Chris, whose real name was Chris Hardman, known as Lil' Chris, whose real name was Chris Hardman, known as Lil' Chris, singer Lil' Chris, whose real name was Chris Hardman, whose real name was Chris Hardman, known as Lil' Chris, singer Lil' Chris, whose real name was Chris Hardman, known as Lil' Chris, singer Lil' Chris, whose real name was Chris Hardman, known as Lil' Chris, singer Lil' Chris, singer Lil'",False,True,captured
cnndm_4589,cnndm,0.6B,4,stochastic,999,6.9812,218.15,42.53,160,22.92,238,100,61,0.4202,1.64,False," 

A four-year-old girl with the four-year-old girl named individual, four-year-old girl named individual, Mazzy, a four-year-old girl named event where a four-year-old girl named four-year-old girl named Mazzy, a four-year-old girl named and 4-year-old girl named entity, Mazzy, a four-year-old girl named individual, four-year-old girl named individual, Mazzy, a four-year-old girl named Mazzy, a four-year-old girl with a four-year-old girl named individual, Mazzy, a four-year-old girl named individual, Mazzy, a four-year-old girl named entity, a four-year-old girl with a four-year-old girl named individual, Mazzy, a four-year-old girl with a four-year-old girl named event where a",False,True,captured
cnndm_4621,cnndm,0.6B,4,stochastic,999,7.1851,258.82,43.56,160,22.27,244,100,61,0.4098,1.64,False," The Canadian tourist, Debra Fortin, was involved in the death of  Fortin, was involved in the death of Fortin, was involved in the death of the article is involved in the death of a Chinese woman at the Great Wall of China, involved in the death of a Fortin, was involved in the death of  Fortin, was involved in the death of a Canadian tourist, was involved in the death of a Chinese woman at the Great Wall of China, was involved in the death of Fortin, was involved in the article is about the incident. 

Okay, let me try to be Fortin, was involved in the death of Fortin, was involved in the article mentions her name is named Fortin, was involved in the death of Fortin, was involved",False,True,captured
cnndm_4659,cnndm,0.6B,4,stochastic,999,7.202,862.7,39.87,160,22.22,209,107,53,0.512,2.02,False," 

1. A Libyan rapper named Volcano, a rapper named Volcano, a rapper named Volcano,  rapper named Volcano, a 31-year-old rapper named Volcano, a  rapper named Volcano, a rapper named Volcano, 31-year-old rapper named Volcano, a rapper named Volcano has released a music video featuring a rapper named Volcano, Volcano, a 31-year-old rapper named Volcano, a rapper named Volcano, 31-year-old rapper named Volcano, a 31-year-old rapper named Volcano, a 31-year-old rapper named Volcano, a  rapper named Volcano, 31-year-old rapper named Volcano, a rapper named Volcano, 31-year-old rapper",False,True,captured
cnndm_4663,cnndm,0.6B,4,stochastic,999,9.6522,652.34,56.6,160,16.58,301,85,76,0.2824,1.12,False," 

The article describes a 

The article details two-part of two-part of two-part case of two-part case involving two-part case involving two separate case involving two separate case of food poisoning incident involving two different case of food poisoning experienced by two different case of food poisoning experienced by two different holidaymaker, and two separate case of food poisoning experienced by two different case of food poisoning experienced holidaymaker, James Houlder and his girlfriend and a holidaymaker, James Houlder and his girlfriend, Vicki Hood and a holidaymaker, James Houlder and his girlfriend and a 

The article details two separate cases of food poisoning at the experiences of two different incidents of food poisoning experienced by two different tourists' series of incidents involving two different individuals, James Houlder and his girlfriend and a 
The article describes two",False,True,captured
cnndm_4786,cnndm,0.6B,4,stochastic,999,9.8592,1042.58,55.45,160,16.23,282,89,72,0.3156,1.24,False," 

1. The article discusses Jamie Carragher criticizes Jamie Carragher criticizes Newcastle United goalkeeper Tim Krulizes Jamie Carragher criticizes Newcastle United goalkeeper Tim Krul is about Jamie Carragher criticizes Newcastle United goalkeeper Tim Krul's main topic is about Jamie Carragher criticizes Jamie Carragher criticizes Jamie Carragher criticizes Jamie Carragher criticizes Jamie Carragher criticizes Newcastle United goalkeeper Tim Krultraces a sports journalist Jamie Carragher criticizes Newcastle United goalkeeper Tim Krul's main focus on Sportsmail's Jamie Carragher criticizes Newcastle United's main focus is about Jamie Carragher criticizes Newcastle United goalkeeper Tim Krul's main focus is on Sportsmail's Jamie Carragher criticizes Newcastle United goalkeeper Tim Krul's main discussion revolves around Jamie Carragher criticizes Jamie Carr",False,True,captured
cnndm_4943,cnndm,0.6B,4,stochastic,999,8.2645,371.14,49.64,160,19.36,267,93,67,0.3483,1.39,False," 

The hotel owner, 

The hotel owner, Jon Huxley, plans to convert his hotel owner of Westward Ho! in Folkestone, Kent, Jon Huxley, plans to convert his hotel into a swingers' paradise to address the article: Jon Huxley, plans to convert his property developer Jon Huxley, plans to convert his hotel into a swingers' paradise, Jon Huxley, Jon Huxley, plans to convert his property into a swingers' paradise, plans to convert his hotel into a swingers' paradise, has plans to convert his hotel into a swingers' paradise, is planning to convert his hotel into a swingers' paradise to address the key facts, has plans to convert his hotel into a 46646, 46-year",False,True,captured
cnndm_4993,cnndm,0.6B,4,stochastic,999,8.9002,757.98,51.21,160,17.98,271,93,68,0.3432,1.37,False," The article discusses the discovery of nearly 2,000 preserved graffiti left by First World War soldiers who were found in a 2,000 perfectly preserved graffiti left by First World War: 2,000 preserved graffiti written by soldiers in a cave in a 2,000 perfectly preserved graffiti written by First World War,000 perfectly preserved graffiti left by First World War soldiers'2,000 preserved graffiti by First World War soldiers near 2,000 perfectly preserved graffiti left by First World War. 2,000 preserved graffiti left by First World War soldiers'2,000 preserved graffiti left by First World War. 2,0000000 perfectly preserved graffiti inscriptions left by First World",False,True,captured
cnndm_5012,cnndm,0.6B,4,stochastic,999,12.4302,544.47,74.75,160,12.87,403,60,101,0.1489,0.59,False," The article discusses the author Sarah, specifically as a way to combat aging, which can help to combat aging and their effectiveness and their effectiveness and their effectiveness and their effectiveness in the context, as a woman (Faced by the author Sarah, which Sarah, which can help in the author Sarah's mother, which Sarah, which are the key to combat aging and their effectiveness, which can help maintain youth and their effectiveness, and the author underwent, which are performed by the author's effectiveness and their effectiveness, and the author Sarah, a woman undergoes, which the author's mother, Sarah's effectiveness and their effectiveness, which can help reduce signs of aging, and the author underwent, from the author's mother, specifically, as a way to combat aging and their effectiveness, and their effectiveness, and",False,True,captured
cnndm_5034,cnndm,0.6B,4,stochastic,999,8.2695,436.71,49.26,160,19.35,268,93,67,0.347,1.39,False," Candice Swanepoel has been in a  26-year-old South African model has been in a  1 has been featured in Max Factor's beauty campaign as Marilyn Monroe, a  1 has been featured in Max Factor's beauty campaign as Marilyn Monroe, a  1. 

Candice Swanepoel has been working with Max Factor's new beauty campaign as Marilyn Monroe in Max Factor's latest beauty campaign as Marilyn Monroe, a   1. Candice Swanepoel, a 26-year-old South African model has been featured in Max Factor's  1. Candice Swanepoel, a 26-year-old South African model has been featured in Max Factor's  el has been featured in Max Factor's latest campaign",False,True,captured
cnndm_5061,cnndm,0.6B,4,stochastic,999,8.4287,420.95,50.36,160,18.98,276,91,69,0.3297,1.32,False," 

The California Governor, 

The California Governor Jerry Brown, ordered state officials to impose mandatory water restrictions were ordered state officials have ordered state officials to impose mandatory water restrictions were ordered to address the article discusses the implementation of mandatory water restrictions. Jerry Brown, ordered state officials have ordered state officials to impose mandatory water restrictions, Jerry Brown, has ordered state officials to impose mandatory water restrictions for the article is taking a key facts, ordered state officials have ordered state officials to impose mandatory water restrictions for the first-time, Jerry Brown, has ordered state officials to impose mandatory water restrictions for the article. 

The California Governor Jerry Brown, ordered state officials to impose mandatory water restrictions for the article: Jerry Brown, has ordered state officials to impose mandatory water restrictions for the first time in history, Jerry Brown, has imposed",False,True,captured
cnndm_5118,cnndm,0.6B,4,stochastic,999,10.8107,415.13,65.38,160,14.8,359,70,90,0.195,0.78,False," Morgellons disease is described by some claim to cause fatigue, according to the medical experts claim to many in some claim to some claim to cause symptoms include symptoms include symptoms include skin sores and fibers grow fibers grow fibers grow from the skin sores on the one's skin is controversially associated with symptoms include symptoms such as fatigue, memory loss, and is believed by some is described by some sufferers claim to cause symptoms such as fatigue, memory loss, and is described by sufferers claim to cause fatigue, memory loss, and is often causes skin sores and fibers, according to some sufferers claim to cause skin sores and fibers, according to some sufferers claim to cause symptoms like, according to the medical experts believe to some claim is claimed to cause fatigue, memory loss, and is described by sufferers",False,True,captured
cnndm_5164,cnndm,0.6B,4,stochastic,999,9.7715,349.31,59.26,160,16.37,329,78,83,0.2371,0.94,False," Princess Beatrice of the UK has been spotted in London fashion scene, recently visited Shoreditch, 26-year-old royal family has been spotted out on the London fashion scene, has been seen as she attended a royal family has been seen at Shoreditch, 26-year-old to the United Kingdom, 26-year-old royal, 26-year-old royal family has been seen as a royal family has been seen at Shoreditch, 26-year-old royal family has been seen as a fashion scene, a royal family visited Shoreditch, a royal family has been seen at Shoreditch, London fashion scene, recently visited Shoreditch, 26, 26-year, 26-year-old royal family has been seen at 26",False,True,captured
cnndm_5202,cnndm,0.6B,4,stochastic,999,11.1742,1022.76,63.85,160,14.32,331,77,83,0.2326,0.93,False," 

The article discusses the 

The article discusses the argument by David Fitzgerald's existence of Jesus Christ. According to David Fitzgerald's argument by David Fitzgerald, a writer David Fitzgerald's argument that Jesus Christ's argument by David Fitzgerald, David Fitzgerald, a writer David Fitzgerald's argument that Jesus Christ was not a real person and claims made-upheld by David Fitzgerald, a leading atheist activist David Fitzgerald's existence of Jesus Christ, and presents a writer David Fitzgerald, by David Fitzgerald's existence of Jesus Christ, with David Fitzgerald's argument made-upheld by writer David Fitzgerald, a leading atheist argument by David Fitzgerald, a writer David Fitzgerald's argument that Jesus Christ's argument that Jesus Christ may bea writer David Fitzgerald and the argument made-up nature of Jesus Christ, the author David Fitzgerald's argument that Jesus Christ may",False,True,captured
cnndm_5318,cnndm,0.6B,4,stochastic,999,12.1189,1137.49,69.07,160,13.2,352,72,88,0.2045,0.82,False," The Daily Mail Online. The article was written by Lesley Abrav, and published by the Daily Mail Online, and published on The Miami Herald columnist Lesley Abravanel, but the author, journalist Andrew Harwoodward.

Okay, I have to have been by the Daily Mail Online. The Miami Herald columnist Lesley Abravanel, and published on 001.

Okay, I'my .

Okay, Ida.

Okay, I need to be written by The Daily Mail Online. The article author Jonathan Mirene of the Daily Mail Online. The article.
Okay, let's anonymous author of the Miami Herald columnist Lesley Abravanel, and published by the Daily Mail Online and published on 201. The article was written by The Daily Mail Online, and",False,True,captured
cnndm_5333,cnndm,0.6B,4,stochastic,999,8.5213,532.01,50.25,160,18.78,272,92,68,0.3382,1.35,False," The article discusses a study on skin's tear resistance, revealing that its resistance, revealing that its collagen fibers and stress resistance, revealing that its resistance, revealing that the study on skin's tear resistance, revealing that skin resistance, revealing that collagen fibers and their resistance, revealing that skin resistance, revealing that mammalian skin's resistance, revealing that collagen fibers, revealing that skin resistance, revealing that collagen fibers and stress resistance, revealing that skin resistance, revealing that skin resistance, revealing that skin resistance, revealing that collagen fibers and their role in resisting properties, revealing that mammalian skin's ability, revealing that skin resistance, revealing that the collagen fibers and its ability, revealing that skin's collagen fibers and their role in resisting tearing resistance, revealing that its remarkable resistance, revealing that collagen fibers and their role in",False,True,captured
cnndm_5346,cnndm,0.6B,4,stochastic,999,7.8525,439.87,46.62,160,20.38,255,97,64,0.3804,1.52,False," 

The article discusses the escalating tensions between Marine Le Pen family tensions between Marine Le Pen and her father-daughter of tensions between Marine Le Pen and her father-daughter of tensions between Marine Le Pen family tensions between Marine Le Pen and her father-daughter of French National Front's escalating tensions between Marine Le Pen, tensions between Marine Le Pen, and the escalating tensions between Marine Le Pen family tensions between Marine Le Pen family tensions between Marine Le Pen family tensions between Marine Le Pen family tensions between Marine Le Pen family conflict between Marine Le Pen, escalating tensions between Marine Le Pen family tensions between Marine Le Pen family tensions between Marine Le Pen family tensions between Marine Le Pen family tensions between Marine Le Pen family tensions between Marine Le Pen family tensions between Marine Le Pen family tensions between Marine Le Pen family conflict between Marine Le",False,True,captured
cnndm_5365,cnndm,0.6B,4,stochastic,999,7.3994,418.03,43.91,160,21.62,240,100,60,0.4167,1.67,False," A man, Robert Mccombs, strangled his friend Steven Carl Day, strangled his friend Steven Carl Day admitted to his friend, strangled his friend Steven Carl Day, strangled his friend Steven Carl Day, a man, Robert Mccombs, testified that his friend Steven Carl Day after the friend admitted to his friend Steven Carl Day, who had been strangled his friend Steven Carl Day after his friend Steven Carl Day, strangled his friend, strangled his friend, strangled his friend, Steven Carl Day, who was strangled his friend Steven Carl Day after the friend admitted to molesting young girls, and that he thought his friend Steven Carl Day after the friend admitted to molesting young girls and his friend Steven Carl Day, a man, Robert Mccombs, strangled",False,True,captured
cnndm_5446,cnndm,0.6B,4,stochastic,999,7.8388,1002.81,42.99,160,20.41,219,105,56,0.4795,1.88,False," The Queen will lead a religious service commemorating the 70th anniversary of Victory in Europe (70th 70th anniversary of VE Day 70th anniversary of VE Day 70th 70th 70th anniversary of the 70th anniversary of the 70th anniversary of Victory in Europe (VE Day, the 70th anniversary of the 70th anniversary of Victory in Europe's 70th anniversary of the 70th anniversary of Victory in Europe (VE Day, the 70 the 70th anniversary of Victory in Europe's 70th anniversary of Victory in Europe (VE Day, marking the 70th 70th anniversary of Victory in Europe (VE Day, the",False,True,captured
cnndm_5481,cnndm,0.6B,4,stochastic,999,8.8728,1027.32,49.34,160,18.03,252,97,63,0.3849,1.54,False," 

David Light, account director at The Data Partnership's account director of The Data Partnership, admitted to using underhand tactics used underhand tactics used underhand tactics used underhand tactics used underhand tactics to trickery, account director at The Data Partnership, which has been caught admitting to using underhand tactics to trick, account director at The Data Partnership's account director at The Data Partnership, account director at The Data Partnership, and his company, account director at The Data Partnership, which is a

David Light, account director of The Data Partnership, account director at The Data Partnership, and his company, The Data Partnership's account director at The Data Partnership's account director at The Data Partnership, and his company, The Data Partnership, aaccount director at The Data Partnership's account director at The Data",False,True,captured
cnndm_5516,cnndm,0.6B,4,stochastic,999,7.5197,357.29,45.05,160,21.28,247,98,62,0.3968,1.58,False," Carla Zampatti's SS15-1650th 50th 50th-150 SS15-1650th anniversary collection for her 50th SS15-1650th anniversary collection for SS15-150th anniversary collection for her 50th anniversary collection, a SS15-1650th anniversary collection for SS15-1650th anniversary collection, 50th 50th-15-15-1650th anniversary collection for SS15-1650th anniversary collection for SS15-1650th anniversary collection for SS15-15-15-15-1",False,True,captured
cnndm_5556,cnndm,0.6B,4,stochastic,999,8.4836,893.53,47.74,160,18.86,247,98,63,0.3968,1.56,False, The article compares the cost of hotel room service items of hotel room service items of hotel room service items in  of hotel room service items in  of hotel room service items in various hotel room service items of hotel room service items in various hotel room service items in various hotel room service items in various hotel room service items in  of hotel room service items in various hotel room service items in various hotel room service items in various items in various hotel room service items and value of hotel room service items in various hotel room service and value of hotel room service and value of hotel room service items and value of hotel room service items and value of hotel room service items and value of hotel room service items and value of hotel room service items and value of hotel room service items and hotel room service items in  of hotel,False,True,captured
cnndm_5581,cnndm,0.6B,4,stochastic,999,8.027,426.98,47.8,160,19.93,260,96,65,0.3692,1.48,False," Dunkin Donuts has introduced a new spring menu with a new spring menu that has introduced a new spring menu that includes a new spring menu with five new items on a new spring menu with a new spring menu featuring a new spring menu featuring a new spring menu with a new spring menu that includes a new spring menu with five new spring menu with new spring menu featuring a new spring menu featuring a new spring menu with a new spring menu featuring high-calorie, launched a new spring menu that includes a new spring menu that has launched a new spring menu featuring a new spring menu with five new spring menu featuring a new spring menu featuring several new spring menu featuring a new spring menu with a new spring menu featuring high-calorie and introduced a new spring menu with a new spring menu that has introduced a new",False,True,captured
cnndm_5701,cnndm,0.6B,4,stochastic,999,7.2109,531.0,42.01,160,22.19,228,103,57,0.4518,1.81,False, The Future Music Festival's 2016 event in 2016 event in 2016 2016 event in 2016 2016 2016 event in 2016 2016 event in 201206 2016 event in 20162016 event in 2016 2016 event in 2016 2016 event in 2016 was met with mixed reactions from 2016 event in 2016 2016 2016 2016 event in 20162016 event sparked,False,True,captured
cnndm_5721,cnndm,0.6B,4,stochastic,999,7.2661,352.37,43.48,160,22.02,239,101,60,0.4226,1.68,False," 

The article discusses Aaron 

The article discusses the murder trial of Aaron Hernandez's murder trial, where former New England Patriots player Aaron Hernandez's murder trial, where a former New England Patriots player Aaron Hernandez's murder trial, where a former New England Patriots player Aaron Hernandez's murder trial, where a former New England Patriots player Aaron Hernandez's murder trial, where he is on his murder trial, a former New England Patriots player Aaron Hernandez's murder trial, where he was a former New England Patriots player Aaron Hernandez's murder trial, where he had access to a former New England Patriots player Aaron Hernandez's murder trial, where a former New England Patriots player Aaron Hernandez's murder trial, where he had access to a former New England Patriots player Aaron Hernandez's murder trial, a former New England Patriots player Aaron Hernandez",False,True,captured
cnndm_5737,cnndm,0.6B,4,stochastic,999,6.5528,525.5,37.91,160,24.42,205,109,52,0.5317,2.1,False," Sean McCabe, a 30, of Tonyrefail, south Wales, was diagnosed with stage four Hodgkin Lymphoma, South Wales, was diagnosed with stage four children, was diagnosed with stage four Hodgkin, in Tonyrefail, south Wales, was diagnosed with stage four Hodgkin Lymphoma, Tonyrefail, south Wales, was diagnosed with stage four Hodgkin Lymphoma, Wales, was diagnosed with stage four Hodgkin Lymphoma, South Wales, was diagnosed with stage four Hodgkin Lymphoma, South Wales, was diagnosed with three children, was diagnosed with stage four Hodgkin Lymphoma, Tonyrefail, south Wales, was diagnosed with three children, was diagnosed with three children, was diagnosed with three children, was diagnosed with stage four children",False,True,captured
cnndm_5797,cnndm,0.6B,4,stochastic,999,6.7932,426.46,40.04,160,23.55,219,106,55,0.484,1.93,False," The article discusses a 20,00, 20,00, 20,0, 20, 20,0, 20,0, 20,0, 20, 20,0, 20,0, 20, 20,00,0, 20,0, 20,0, 20,0, 20, 20,0, 20, 20,0, 20, 20,0, 20,0 20,00, 20,0, 20, 20,0, 20,0, 20",False,True,captured
cnndm_5811,cnndm,0.6B,4,stochastic,999,6.6218,198.74,40.4,160,24.16,226,103,57,0.4558,1.81,False," 

The article reports that 

The article. Justus Howell, a 17-year-old teenager Justus Howell, a 17-year-old Justus Howell, a 17-year-old Justus Howell, a 17-year-old Justus Howell, a 17-year-old man killed teenager Justus Howell, a 17-year-old 17-year-old Justus Howell, a 17-year-old Justus Howell was shot twice in the back by police in Illinois, in Illinois teenager Justus Howell, a 17-year-old man. Justus Howell, a 17-year-old man was shot twice in the 17-year-old Justus Howell, a 17-year-old teenager Justus Howell, a 17-year-old Just",False,True,captured
cnndm_5903,cnndm,0.6B,4,stochastic,999,6.857,376.38,40.76,160,23.33,224,104,56,0.4643,1.86,False," 

The article discusses the 

The article discusses the role of MI5 in covering up of MI5's cover-up by former Army Intelligence Corps officer Brian Gemmell, a former Army Intelligence Corps officer Brian Gemmell, a former Army Intelligence Corps officer Brian Gemmell, a former Army Intelligence Corps officer Brian Gemmell, and the cover-up by former Army Intelligence Corps officer Brian Gemmell, a former Army Intelligence Corps officer Brian Gemmell, former Army Intelligence Corps officer Brian Gemmell, a former Army Intelligence Corps officer Brian Gemmell, a former Army Intelligence Corps officer Brian Gemmell, a former Army Intelligence Corps officer Brian Gemmell, a former Army Intelligence Corps officer Brian Gemmell, a former Army Intelligence Corps officer Brian Gemmell, a former",False,True,captured
cnndm_5970,cnndm,0.6B,4,stochastic,999,7.6079,363.44,45.56,160,21.03,251,98,63,0.3904,1.56,False," The article discusses various unique Easter traditions in different parts of the world. In southern European countries. In southern Germany, a parts of the world regions of the world regions of the world. In southern Germany, the world regions. In southern Germany, the world regions. In southern Germany, Slovakia, Hungary, Slovakia, Hungary, Slovakia, Hungary, and different parts of the world. In southern European countries. In southern European countries. In southern Germany, the world regions. In southern Germany, Slovakia, Hungary, and southern European countries. In southern Germany, Slovakia, Hungary, and southern European countries. In southern Germany, Slovakia, Hungary, and southern European countries. In southern Germany, Slovakia, Hungary, and different parts of the world. In southern Germany, including southern Germany, Slovakia, Hungary,",False,True,captured
cnndm_6014,cnndm,0.6B,4,stochastic,999,7.4474,221.22,45.45,160,21.48,254,97,64,0.3819,1.52,False," 

The article describes a 

The article discusses a panda named Lu Lu, Lu Lu, Lu Lu, a panda named panda named panda named panda named 'The Enduring Brother' The article about a panda named Lu Lu, Lu Lu, a panda named Lu Lu, Lu Lu, a panda named Lu Lu, Lu Lu, a panda named Lu Lu, Lu Lu, a male panda named Lu Lu, a panda named Lu Lu, a panda named Lu Lu, Lu Lu, a male panda named Lu Lu, a male panda named Lu Lu, a panda named Lu Lu, nicknamed panda named Lu Lu, nicknamed 'The Enduring Brother, Lu Lu, Lu Lu, a male panda named Lu Lu, a panda named Lu Lu, Lu Lu, a panda named Lu Lu, Lu Lu",False,True,captured
cnndm_6169,cnndm,0.6B,4,stochastic,999,7.2645,351.56,43.48,160,22.02,225,104,57,0.4622,1.82,False," 

Michelle Schwab, an assistant director at KinderCare, Michelle Schwab, who dropped her two-year-old son into a cheetah pit at the assistant director at the article is an assistant director at KinderCare, Michelle Schwab, an assistant director at KinderCare assistant director at KinderCare, Michelle Schwab, an assistant director at KinderCare, Michelle Schwab, an assistant director at KinderCare, Michelle Schwab, an assistant director at KinderCare, Michelle Schwab, an assistant director at KinderCare, has been charged with a mother-of-three, Michelle Schwab, an assistant director at KinderCare, Michelle Schwab, an assistant director at KinderCare, Michelle Schwab, an assistant director at KinderCare, Michelle Schwab, an assistant director at KinderCare, Michelle Schwab",False,True,captured
cnndm_6202,cnndm,0.6B,4,stochastic,999,11.6151,792.38,68.07,160,13.78,343,74,86,0.2157,0.86,False," 

John Travolta has publicly addressed the 61, has publicly expressed his strong in a long a long a long-time, has publicly addressed the 61, has publicly stated that has publicly rejecting the allegations against the 61, has stated that he has not a long a prominent for the first name of the Church of Scientology's 61, has publicly stated that he has not wanting to be

John Travolta has publicly stated that he has never intended to watch the controversially has publicly expressed his disavolta has publicly stated that he will not watch the documentary Going Clear, and Tom Cruise, has publicly stated that he has not watched the documentary Going Clear, has publicly stated that he has not experienced in a long-time of the Church of Scientology's 40 years of",False,True,captured
cnndm_6235,cnndm,0.6B,4,stochastic,999,8.0723,527.42,47.45,160,19.82,257,96,65,0.3735,1.48,False," The Carnival Spirit, a cruise ship with 250000000000-passenger with 2500-passenger with 25000000-passenger cruise ship with 25000000-passenger cruise ship with 25125000000-passenger cruise ship with 25000000-passenger cruise ship with 2512-night cruise ship with 2500-passenger cruise ship, is stranded outside Sydney Harbour cruise ship with 25000000-passenger cruise ship with 258650, is a cruise ship with 2512-night cruise ship, has been stranded outside Sydney Harbour",False,True,captured
cnndm_6316,cnndm,0.6B,4,stochastic,999,8.8196,290.02,53.65,160,18.14,298,85,76,0.2852,1.12,False," The 2015 winter in Boston was an unusually heavy snowfall in Boston winter in Boston winter in Boston was an exceptionally snowy winter in Boston was an exceptionally snowy winter in Boston, the winter in Boston winter in Boston was an exceptionally snowy winter for Boston winter in Boston was an exceptionally snowy winter for Boston winter was an exceptionally snowy winter for Boston winter was marked an unusual winter in Boston was an unusually heavy snowfall in Boston, the winter of Boston winter in Boston was an exceptionally snowy winter in Boston, the winter of Boston was an 2015 winter in Boston was an extreme winter in Boston was an extremely snowy winter in Boston was an extremely snowy winter in Boston was an exceptionally snowy winter in Boston, Boston winter in Boston was marked an extremely snowy winter in Boston broke Boston winter in",False,True,captured
cnndm_6359,cnndm,0.6B,4,stochastic,999,8.667,262.85,52.86,160,18.46,296,86,74,0.2905,1.16,False," Laura Wells, an Australian plus-sized model, has spoken about the size 14, has revealed that has spoken out of size 14, has spoken about 14 has spoken about 14, has spoken about 17, has revealed that thinner counterparts have only 's, has spoken out of New York City in size 14, has revealed that thinner counterparts have only 'one, has spoken out about 14, has spoken about 17 has revealed that thinner models for Cosmopolitan and Australian Women's Weekly magazines and size 14, has spoken out about the size 14, has spoken out about the size 14, has spoken out about the article, has spoken out about the size 14, has spoken out about the",False,True,captured
cnndm_6420,cnndm,0.6B,4,stochastic,999,11.6052,1150.68,65.75,160,13.79,334,76,85,0.2275,0.89,False," be involved in any way. The in any way. The any way. The police report said. The police were called to his apartment on-call was a call was a very next day after the call, police report said that he had no choice to be involved in any way. The any way. The any way the police report says that he was involved in any way. The any way. The any way. The any way the situation was resolved was a couple split between the two was a call was recorded call was recorded call was not only thing is not involved in any way. The in any way. The next day, they left with the police. In 2013 murder of Odin Lloyd was the police report said, the, the police left outburst of the case was a",False,True,captured
cnndm_6423,cnndm,0.6B,4,stochastic,999,8.2004,377.5,49.2,160,19.51,269,92,68,0.342,1.35,False," 

The article reports that 

The article reports that Christine Davidson, a 41-year-old Christine Davidson, a brazen thief allegedly a brazen thief allegedly a brazen thief has allegedly a brazen thief allegedly a thief allegedly a thief stole a diamond engagement ring from a brazen thief allegedly a thief stole Christine Davidson, Christine Davidson, a  Christine Davidson, a 61-year-old Christine Davidson, a 61-year-old Christine Davidson, a 4

Christine Davidson, a 414141-year-old Christine Davidson, a brazen thief has allegedly taken a diamond engagement ring from a brazen thief has allegedly a brazen thief allegedly a thief stole Christine Davidson, a 61-year-old Christine Davidson, a 4

A brazen thief allegedly a",False,True,captured
cnndm_6457,cnndm,0.6B,4,stochastic,999,7.5422,316.7,45.44,160,21.21,251,97,64,0.3865,1.52,False," The traditional British fish and chips is at risk due to climate change due to climate change due to climate change is at risk due to climate change is at risk due to climate change is at risk due to climate change, a staple is at risk due to climate change is at risk due to climate change is under threat is at risk due to climate change, a staple is at risk due to be in peril as a staple is at risk due to climate change is under threat due to climate change, a staple may be at risk due to climate change due to climate change, a staple is at risk due to climate change, as a staple is in peril as a staple is at risk due to climate change due to climate change, as a staple is in danger is at risk due to climate change, a staple",False,True,captured
cnndm_6501,cnndm,0.6B,4,stochastic,999,10.8957,907.37,62.82,160,14.68,328,79,82,0.2409,0.96,False," Sarah Vine, a British presenter, claims she is a perfect for the vacant role on Top Gear host, and that she would be perfect for the vacant Top Gear. is the BBC needs to be perfect for the vacant Top Gear is the ideal candidate for the vacant role on the BBC should be considered for the vacant role on Top Gear is the ideal candidate for replacing Jeremy Clarkson on the BBC should be considered for the role on Top Gear, despite her passion for cars and her experiences and is a woman is qualified for the vacant Top Gear presenter, a perfect for the vacant role on the BBC should be considered for the role on Top Gear, a perfect for replacing Jeremy Clarkson on Top Gear host, but is qualified for the vacant role of being a woman is a woman is perfect for replacing Jeremy Clarkson on Top",False,True,captured
cnndm_6548,cnndm,0.6B,4,stochastic,999,6.4161,348.68,38.16,160,24.94,209,108,53,0.5167,2.04,False," 

Mohammed Suleman Khan, a tax fraudster, Mohammed Suleman Khan, a tax fraudster, a tax fraudster, Mohammed Suleman Khan, a tax fraudster, known as ""The General"" Suleman Khan, a tax fraudster, known as ""The General,""The article: Suleman Khan, a tax fraudster, known as ""The General,""The article describes Mohammed Suleman Khan, a  Suleman Khan, a tax fraudster, a tax fraudster, who was sentenced to four years in prison for tax fraudster, Mohammed Suleman Khan, a tax fraudster, known as ""The General,""The article describes Mohammed Suleman Khan, a  Suleman Khan, a tax fraudster, known as",False,True,captured
cnndm_6690,cnndm,0.6B,4,stochastic,999,10.7237,425.03,64.77,160,14.92,356,70,90,0.1966,0.78,False," 

Hillary Clinton's Twitter 

Hillary Clinton's follower count is heavily criticized for the article discusses the article discusses a large number of her Facebook follower count is widely reported by the article discusses the issue is being criticized for having  has been heavily inflated follower count is plagued by the article discusses the issue of  has been found to be heavily inflated with 2. 

Hillary Clinton's Twitter follower count is significantly inflated with a

Hillary Clinton's Twitter follower count is significantly over 1 has been found to have been found to have been found to have a

Hillary Clinton's Twitter

Hillary Clinton's Twitter has been found to have a 
followers are significantly inflated, which has  followers are significantly inflated, which has 3.6 million followers, which has  follower count is significantly inflated, with  has",False,True,captured
cnndm_6847,cnndm,0.6B,4,stochastic,999,10.8418,366.95,65.88,160,14.76,365,69,92,0.189,0.75,False," 

The article discusses how heavy drinking weak immune systems of the immune cells, after a heavy drinking alcohol consumption of drinking alcohol consumption of vitamin E can be drunk driving the immune system becomes weaker after a heavy night of drinking weak immune systems are affected by oxidative stress, after a heavy drinking alcohol consumption can be affected by oxidative stress, after a heavy night of drinking alcohol consumption can be weakened immune cells in the context. After a heavy night of drinking alcohol consumption can weaken immune cells in the aftermath of a heavy night of drinking, smoking, pollution, alcohol consumption can be vulnerable the immune system becomes weaker after a heavy night of drinking alcohol consumption can weaken immune systems can be weakened immune cells, after a heavy night of drinking, smoking, pollution, and the immune cells in addition of a heavy drinking alcohol consumption can",False,True,captured
cnndm_6873,cnndm,0.6B,4,stochastic,999,9.6643,427.74,58.09,160,16.56,318,81,80,0.2547,1.01,False," David Cameron's attempts to appear cool have failed to impress his children, in the opposite effects on his children, according to his children, according to his daughter Nancy, who compares to impress his children, in the eyes on his children, particularly failed to impress his children, with his children, failed to impress his children, in factored to impress his children, with his children, failed to impress his children, in the end upst been mocked by his daughter Nancy, but failed to impress his children, failed to impress his children, however failed to impress his children, particularly failed to impress his children, but failed to impress his children, particularly failed to impress his children, according to his daughter Nancy, his children, particularly failed to impress his children, particularly failed with his children, particularly failed to",False,True,captured
cnndm_6945,cnndm,0.6B,4,stochastic,999,8.9232,616.68,52.24,160,17.93,281,89,71,0.3167,1.25,False," The husband of missing Sydney's missing woman Jessica Bialek has been missing woman Jessica Bialek has been found safe after she is a photographer Jessica Bialek has returned home after she was found safe after her disappearance. She is a photographer Jessica Bialek has returned home after she vanished on the way to the bank. The husband of Coogee, a photographer Jessica Bialek has returned home after she vanished on the way, Jessica Bialek has returned home after a photographer Jessica Bialek has posted a heartfelt thank you on the husband Sabino Matera has been missing woman Jessica Bialek has posted a heartfelt thank you on Thursday evening after she vanished on the way Bialek has been missing woman Jessica Bialek Bialek has posted a heartfelt thank you're",False,True,captured
cnndm_6952,cnndm,0.6B,4,stochastic,999,7.381,210.17,45.1,160,21.68,251,97,64,0.3865,1.52,False," In 2013, Elon Musk, a technology billionaire Elon Musk, Elon Musk considered selling Tesla to Google for the article: Elon Musk, a technology billionaire Elon Musk, a technology billionaire Elon Musk, a technology billionaire Elon Musk considered a technology billionaire Elon Musk considered a technology billionaire, Elon Musk attempted to sell Tesla to Google, Elon Musk considered selling Tesla to Google for 2, Elon Musk, a technology billionaire Elon Musk, a technology billionaire Elon Musk, a technology billionaire Elon Musk, a technology billionaire Elon Musk, a technology billionaire Elon Musk, a technology billionaire Elon Musk considered selling Tesla to Google for 20, Elon Musk, a technology billionaire, Elon Musk, a technology billionaire, Elon Musk, a technology billionaire Elon Musk, a technology billionaire Elon Musk, a technology billionaire Elon Musk",False,True,captured
cnndm_7011,cnndm,0.6B,4,stochastic,999,9.6325,220.83,59.19,160,16.61,332,77,84,0.2319,0.92,False," Australian households are spending  Australian households are spending 50% more on digital devices and are spending more on digital devices and are spending more on technology than ever, according to a record amounts on digital devices and services, with mobile phone bills are spending more on technology than planned on digital devices and services, according to a Suncorp Bank's spending more on technology than ever, with mobile phone bills as the biggest expense, according to a record amounts on technology and communication services, with mobile phone bills were found that's total of digital devices and services, with mobile phone bills being spent 50% more on digital technology and 50% more on digital technology and communication and the average of the report highlights that they planned on digital devices and services, with men spend more on digital technology and",False,True,captured
cnndm_7043,cnndm,0.6B,4,stochastic,999,8.1439,457.74,48.34,160,19.65,264,94,66,0.3561,1.42,False," The article discusses the most important in signaling sexual interest, highlighting that it is crucial in signaling sexual interest and its role in signaling sexual interest, highlighting that it's role in signaling sexual interest, highlighting that it's the most effective way to signal sexual interest, highlighting how it's considered the most effective way to signal sexual interest, highlighting that it's the most effective way to signal sexual interest and how it as a means, highlighting that it's the most effective way to signal sexual signals in signaling sexual interest, highlighting that it's the most effective way to signal sexual signals in conveying sexual interest, highlighting that  in signaling sexual interest, noting that  in signaling sexual interest, highlighting that it's the most effective way to signal sexual interest, highlighting that is the most effective way to signal sexual interest, highlighting",False,True,captured
cnndm_7089,cnndm,0.6B,4,stochastic,999,6.1797,361.37,36.59,160,25.89,201,110,51,0.5473,2.16,False," Claudia Winkleman, Claudia Winkleman, 43, 43, 43, 43, has become the first presenter of the 43, 43, has become the first presenter of the 43, has become the first presenter of the 43, has become the first presenter of 43, has become the first presenter of 43, has become the first presenter of 43, has become the first presenter of the 43, has become the first presenter of 43, has become the first presenter of the BBC dance contest, 43, has become the first presenter of 43, has become the first presenter of the BBC dance contest, 43, has become the first presenter of",False,True,captured
cnndm_7098,cnndm,0.6B,4,stochastic,999,8.7656,250.15,53.56,160,18.25,299,84,76,0.2809,1.11,False," The article discusses how shopping with friends leads to overspending, with 64% of adults admit they are more than when shopping alone, particularly with friends can lead to overspending is more than they are more than one's own is more than they're with friends leads to overspending, particularly with friends can lead to overspending, with friends can lead to overspending, particularly with friends can lead to spend more than alone is more expensive items like with friends leads to overspending due to peer pressure can lead to overspending, particularly with friends can lead to befriends can lead to overspending, particularly with friends can lead to increased spending, with friends can lead to overspending, particularly with friends can lead to shop with friends can lead to be with friends leads to overspending, as a)",False,True,captured
cnndm_7104,cnndm,0.6B,4,stochastic,999,7.8374,373.94,46.94,160,20.42,258,96,65,0.3721,1.48,False," 

Karren Brady, a TV star Karren Brady, a

Karren Brady, a TV star Karren Brady, a TV star Karren Brady, a TV star Karren Brady, a campaign event in a
Okay, let me that Karren Brady, a TV star Karren Brady, a TV star Karren Brady, a
The article describes Karren Brady, a. Karren Brady, a TV star Karren Brady, a TV star Karren Brady, a TV star Karren Brady, a TV star Karren Brady, a TV star Karren Brady, a TV star Karren Brady, a) Brady's appearance at an event in a

Karren Brady, a TV star Karren Brady, a TV star Karren Brady, a TV star Karren Brady",False,True,captured
cnndm_7148,cnndm,0.6B,4,stochastic,999,6.7754,185.53,41.45,160,23.61,232,102,59,0.4397,1.73,False," 

The body of Kyle Knox has been found near the foot of Ben Nevis three weeks after he has been found near the foot of Ben Nevis has been found near the foot of Ben Nevis three weeks after he disappeared three weeks after he disappeared three weeks after he disappeared while searching for him. 

The body of Kyle Knox, a missing hiker Kyle Knox has been found near the foot of Ben Nevis three weeks after he disappeared while searching for the body of London, was found three weeks after he disappeared while searching for a missing hiker has been found near the foot of Ben Nevis three weeks after he disappeared while on the high peak alone. 

Knox has been found near the foot of Ben Nevis three weeks after being found near the foot of London, was found three weeks",False,True,captured
cnndm_7166,cnndm,0.6B,4,stochastic,999,7.6855,227.84,46.9,160,20.82,262,95,66,0.3626,1.44,False, A full-scale terror alert was sparked this week was sparked this week after a dummy wearing a balaclava was triggered after a dummy wearing a balaclava been triggered this week was sparked this week was sparked this week was sparked this week after a dummy wearing a barge was triggered after a dummy wearing a barge was triggered after a dummy wearing awoke up the Thames Valley Police called after a dummy was sparked this week after a dummy wearing a balaclash was sparked this week after a dummy was sparked this week after a dummy was sparked this week after awoke up this week was sparked this week after awoke up this week after a dummy wearing a barge was triggered this week after a dummy wearing awoke up this week after a dummy wearing a balaclava was triggered,False,True,captured
cnndm_7261,cnndm,0.6B,4,stochastic,999,7.9589,354.39,47.83,160,20.1,265,94,67,0.3547,1.4,False," A Catholic priest, Edward Fride, has advised his parishioners to carry guns, warning that faith alone is not enough to the priest, has told his parishioners to carry guns, warning that faith, has encouraged his church in Ann Arbor, Michigan, has suggested that parishioners to carry guns, has advised his parishioners to carry guns, warning that faith alone is not enough to carry guns, has advised his parishioners Fride, has advised his parishioners to his parishioners to carry guns, in Ann Arbor, Michigan, has advised his parishioners to carry guns, warning that faith alone is not in Ann Arbor, Michigan, has advised his parishioners to his parishioners to carry guns, warning that faith alone is not in Ann Arbor",False,True,captured
cnndm_7342,cnndm,0.6B,4,stochastic,999,8.7753,869.81,49.72,160,18.23,258,96,65,0.3721,1.48,False," Audrey Pekin, was raped twice on Christmas Eve in Bali, was raped twice raped twice on Christmas Eve in Bali was raped twice on Christmas Eve in Bali was raped twice on Christmas Eve in Bali, was raped twice by a Australian, was raped twice on Christmas Eve in Bali, was raped twice by a man named the article is an Australian, was raped twice by Henry Alafu, a Australian, was raped twice by a man named the Australian, was raped twice by Henry Alafu, was raped twice by Henry Alafu, was raped twice by Henry Alafu, a Australian, was raped twice by a man named Henry Alafu, was raped twice on Christmas Eve in Bali was raped twice by Henry Alafu, a Australian, was raped twice by a man",False,True,captured
cnndm_7347,cnndm,0.6B,4,stochastic,999,9.1259,700.07,52.99,160,17.53,278,89,71,0.3201,1.25,False," 

Dawn Williamson, a 39-year-old woman in her 399999, a 3999, a 39-year-old, had a 3999, a 39-year-old, had a lifelong phobia, a 39-year-old woman, 39, a 39-year-old, had a 39, a 39-year-old woman from Scotland, was cured of Scotland-based in her 39-year-old woman from Scotland, was cured of her 39, a 39-year-old woman who had a 30039, a 39-year-old woman 39, was cured of her 3039, a mother of Scotland-based in",False,True,captured
cnndm_7356,cnndm,0.6B,4,stochastic,999,8.1306,725.26,46.57,160,19.68,247,99,62,0.4008,1.6,False," 

1. Toshiba's humanoid robot, a humanoid robot, the humanoid robot, a humanoid robot, Aiko Chihira, a humanoid robot, Aiko Chihira, a humanoid robot named Aiko Chihira, a humanoid robot named Aiko Chihira, a humanoid robot named Aiko Chihira robot, a humanoid robot named Aiko Chihira, a humanoid robot named Aiko Chihira, a Japanese humanoid robot, a humanoid robot named Aiko Chihira, a humanoid robot named Aiko Chihira, a humanoid robot named Aiko Chihira, a humanoid robot named Aiko Chihira robot, Aiko Chihira, a humanoid robot named Aiko Chihira robot, a humanoid robot named Aiko Chihira robot",False,True,captured
cnndm_7398,cnndm,0.6B,4,stochastic,999,8.1567,430.23,48.59,160,19.62,265,94,67,0.3547,1.4,False," Tori Spelling, Tori Spelling, and her family were at Benihana, and her husband Dean McDermott, their family, and her husband Dean McDermott, their family, and friends, and her husband Dean McDermott, and her family, and friends were at a star of 41, and her family, and friends were at Benihana's family, and her family, and friends were at a Benihana's family, and friends, and family, and friends were at Benihana, and her husband Dean McDermott, and her husband Dean McDermott, and her husband Dean McDermott, and her husband Dean McDermott, and her family were at a Benihana, and her family, and friends were at",False,True,captured
cnndm_7427,cnndm,0.6B,4,stochastic,999,9.6016,425.74,57.71,160,16.66,317,80,80,0.2524,1.0,False," 

The article describes the 

The article details the arrest of Paul Monk, a dramatic arrest of Paul Monk, a dramatic arrest of Paul Monk, a dramatic arrest of Paul Monk, the dramatic arrest of Paul Monk, and the police raid on-the dramatic arrest of Paul Monk, in-depth, which was arrested of Paul Monk, a dramatic arrest of Paul Monk, the dramatic arrest of Paul Monk, the dramatic arrest of Paul Monk,  dramatic arrest of Paul Monk, by police raid on-the dramatic arrest of Paul Monk's dramatic arrest of Paul Monk, a dramatic police raid on Paul Monk, where a dramatic arrest of Paul Monk, the dramatic arrest of Paul Monk, including the arrest of Paul Monk, a dramatic police operation in which was arrested of Paul Monk, a dramatic police operation that armed police raid",False,True,captured
cnndm_7555,cnndm,0.6B,4,stochastic,999,7.7434,430.38,45.99,160,20.66,249,98,63,0.3936,1.56,False," 

A father, Raymond Lee Fryberg, Raymond Lee Fryberg Jr., the case where a father, Raymond Lee Fryberg Jr. Raymond Lee Fryberg, Raymond Lee Fryberg Jr., Raymond Lee Fryberg Jr. Raymond Lee Fryberg Jr. Raymond Lee Fryberg Jr., Raymond Lee Fryberg Jr., Raymond Lee Fryberg Jr. Raymond Lee Fryberg Jr., the case of Raymond Lee Fryberg Jr., Raymond Lee Fryberg Jr., Raymond Lee Fryberg Jr., a father, Raymond Lee Fryberg Jr. Raymond Lee Fryberg Jr. Raymond Lee Fryberg Jr., and the case of Raymond Lee Fryberg Jr., Raymond Lee Fryberg Jr. Raymond Lee Fryberg, who was arraigned in Seattle father, Raymond Lee Fryberg Jr. pleaded not guilty to the case of Raymond Lee",False,True,captured
cnndm_7608,cnndm,0.6B,4,stochastic,999,8.4248,824.11,47.8,160,18.99,250,96,64,0.384,1.5,False," 

Sharon Winters 

Sharon Winters was killed by Kevin Hawke 

Sharon Winters was killed by Kevin Hawke in her brother Stephen Robinson has been murdered by her brother Stephen Robinson, a 39-year-old woman who was searching for her soulmate on a  was killed by Kevin Hawke after meeting Kevin Hawke 

Sharon Winters was killed by Kevin Hawke, a 39-year-old woman who was searching for her brother Stephen Robinson has been a 39-year-old woman, a 39-year-old  was killed by Kevin Hawke, a 39-year-old, a 39-year-old  was a 39-year-old, a 39-year-old woman who was looking for her soulmate on dating website

",False,True,captured
cnndm_7615,cnndm,0.6B,4,stochastic,999,7.1592,245.19,43.48,160,22.35,241,99,61,0.4108,1.62,False," Supermarket customers in France can add airline tickets to their shopping lists thanks to a budget airline Transavia France, can add airline tickets to their shopping lists thanks to a unique promotion by a budget airline tickets to add airline tickets to their shopping lists thanks to a unique promotion by a budget airline, particularly in Carrefour City shops, particularly in Carrefour City shops, vending machines and are participating in a budget airline Transavia France, including Carrefour City shops, can add airline tickets to their shopping lists thanks to a budget airline Transavia France have the first time Transavia France, can add airline tickets to their shopping lists thanks to a budget airline Transavia France is adding airline tickets to their shopping lists can add airline tickets to their shopping lists thanks to a budget airline Transavia France is being",False,True,captured
cnndm_7699,cnndm,0.6B,4,stochastic,999,7.8397,462.7,46.4,160,20.41,252,98,63,0.3889,1.56,False," Sir Ranulph Fiennes, 71, 71-year-old explorer has become the oldest Briton to complete the Marathon des Sables, becoming the oldest Britonnes has become the oldest Britonnes has become the oldest Britonnes has become the oldest Britonnes has become the oldest Britonnes, 71-year-old explorer has become the oldest Britonnes has become the oldest Britonnes has become the oldest Briton to complete the Marathon des Sables, 71, 71-year-old explorer has completed the Marathon des Sables, 71,  The summary: Sir Ranulph Fiennes, at 71 years old, who is 71-year-old explorer has become the oldest Britonnes has become the oldest Brit",False,True,captured
cnndm_7705,cnndm,0.6B,4,stochastic,999,7.0845,429.16,41.86,160,22.58,228,103,58,0.4518,1.78,False," 

Liz Norden, a mother, Liz Norden, a mother, whose sons of the mother, Liz Norden, a mother, Liz Norden, a mother, Liz Norden, a mother, Liz Norden, a mother, Liz Norden, a mother, Liz Norden, a mother, Liz Norden, a mother, Liz Norden, a mother, Liz Norden, whose two-year-old mother, and the mother, Liz Norden, a mother, Liz Norden, a mother, Liz Norden, whose two sons, JP and their mother, Liz Norden, and the mother of a mother, Liz Norden, a mother, Liz Norden, a mother, Liz Norden, a mother, Liz Norden, a mother, Liz N",False,True,captured
cnndm_7741,cnndm,0.6B,4,stochastic,999,7.9113,272.45,48.04,160,20.22,268,93,67,0.347,1.39,False," 

Bobby Moore's granddaughter, the article discusses the granddaughter, the article is a granddaughter, the article discusses the wedding of the granddaughter, Poppy Moore, 23-year-old granddaughter, Poppy Moore's granddaughter, the granddaughter, the article discusses the wedding of his granddaughter Poppy Moore, 23-year-old granddaughter, Poppy Moore, the article discusses the wedding of his granddaughter Poppy Moore, 23-year-old granddaughter, Poppy Moore, 23-year-old granddaughter Poppy Moore, 23-year-old granddaughter Poppy Moore, 23-year-old granddaughter Poppy Moore, 23-year-old granddaughter Poppy Moore, 23-year-old granddaughter Poppy Moore, 23-year-old granddaughter Poppy Moore's granddaughter, Poppy Moore,",False,True,captured
cnndm_7753,cnndm,0.6B,4,stochastic,999,7.9726,883.06,44.59,160,20.07,232,102,59,0.4397,1.73,False," Esther McVey, Esther McVey, Esther McVey, Esther McVey, a Conservative MP for her Wirral West MP for her seat in Wirral West MP for Wirral West MP for her Wirral West MP for Wirral West MP for Wirral West MP, a Conservative MP for her seat in Wirral West seat, a Conservative MP for Wirral West MP for Wirral West MP, a Conservative MP for Wirral West MP, a Conservative MP for her seat in Wirral West seat,  a Conservative MP for Wirral West MP, a Conservative MP for Wirral West MP, faces a Conservative MP for Wirral West MP, has been a Conservative MP for Wirral West MP, a Conservative MP for Wirral West MP, has been a target of",False,True,captured
cnndm_7813,cnndm,0.6B,4,stochastic,999,8.0057,258.77,48.72,160,19.99,272,93,68,0.3419,1.37,False," A man at a Toronto Airport was Tasered and was Torn Airport was Tasered by Pearson International Airport was Tasered by police T

Okay, let me was T

Okay, let's Pearson International Airport was Tasered by the airport was Tasered by Pearson International Airport was Tasered by police Torn Airport was Tasered Airport was Tasered after refusing to comply with security staff at Pearson International Airport was Tasered by police Tornoto Airport was Tasered after refusing to comply with security checkpoint was Tasered by Pearson International Airport was Tasered and was Tasered by police were Tasered and was Tasered by police station was Tasered by police Tornoto Airport was Tasered Airport was Tasered",False,True,captured
cnndm_7838,cnndm,0.6B,4,stochastic,999,10.2287,1153.62,57.08,160,15.64,289,88,73,0.3045,1.21,False," including a 'foot lift including a ' and a nose job' and a nose job' and a 'toesque' and a 'toe lift' and a 'but he also appears to be a term' and a total' and a 'che' and a 'toe lift', ' and a 't' and a 'tong' and a 'foot lift' and a 'g' and a 're', which is a foot lift' and a 's' and a 's' and a 'face lift', a foot lift', a 'face lift', a foot lift' and a ' and a ' and a nose job' and a ' and a nose job' and a 'g' and a 'foot lift', a  involving a 'foot lift",False,True,captured
cnndm_7862,cnndm,0.6B,4,stochastic,999,8.1145,482.64,48.0,160,19.72,260,94,66,0.3615,1.42,False," A 19-year-old California model in California model in California has taken to bathing in pig's blood to a model in California model in California, California model in California, Chanel, California model in California, Chanel, a model in California, Chanel, a model in California, Chanel, a model named Chanel has taken to bathing in pig's blood in an California model in California, California model named Chanel, California-based model, Chanel, a model in California, Chanel, a California model named Chanel, a model from California model named Chanel, a model in California, Chanel, a California model named Chanel, a model from California model named Chanel has taken to bathing in California model named Chanel, a model from California model named Chanel has taken to bathing in pig's blood in an attempt to stay,",False,True,captured
cnndm_7936,cnndm,0.6B,4,stochastic,999,7.4923,346.33,44.94,160,21.36,247,98,63,0.3968,1.56,False, The article discusses Liverpool manager Brendan Rodgers' conviction for leaving a property incurring conviction for leaving a property in Accrington house in a conviction for leaving a property incurring conviction for leaving a property-related conviction for leaving a conviction for leaving a property in the conviction for leaving a property incurring conviction for leaving a property-related conviction for leaving a property-related conviction for leaving a property-related conviction for leaving a conviction for leaving a property incurring conviction for leaving a £7 conviction for leaving a property incurring conviction for leaving a property-related conviction for leaving a property-related conviction for leaving a £77 conviction for leaving a property-related conviction for leaving a £6 conviction for leaving a property in a magistrates' conviction for leaving a property incurring conviction for leaving a property-related conviction for leaving a conviction for,False,True,captured
cnndm_7952,cnndm,0.6B,4,stochastic,999,7.5465,255.43,45.86,160,21.2,255,96,65,0.3765,1.48,False," Porsche's Spyder, a limited edition supercar is a limited edition supercar, a limited edition supercar, a limited edition supercar, a limited edition supercar, a limited edition supercar, a limited edition supercar, a limited edition supercar, a limited edition supercar, a limited edition supercar, priced at $900 Spyder, a limited edition supercar has been showcased in a limited edition supercar, a limited edition supercar, a limited edition supercar has been on a limited edition supercar, a limited edition supercar, which is a limited edition supercar with a top speed is a limited edition supercar with a top speed is a limited edition supercar has been showcased its top speed is 35 Spyder, a limited edition supercar",False,True,captured
cnndm_8049,cnndm,0.6B,4,stochastic,999,7.0041,399.39,41.54,160,22.84,227,104,57,0.4581,1.82,False," Britt McHenry, a 28-year-old sports reporter for ESPN based in Washington D.C., has been suspended from ESPN sports reporter for ESPN sports reporter for ESPN sports reporter for ESPN sports reporter for ESPN based in Washington D.C., a 28-year-old sports reporter for ESPN based in Washington D.C.-based in Washington D.C.-based sports reporter for ESPN based in Washington D.C., a 28-year-old sports reporter for ESPN based in Washington D.C. sports reporter for ESPN based in Washington D.C.-based sports reporter for ESPN based in Washington D.C., a 28-year-old sports reporter for ESPN based in Washington D.C.-based sports reporter for ESPN based in Washington D.C. for ESPN sports reporter from New Jersey-based sports reporter for ESPN based in Washington D",False,True,captured
cnndm_8077,cnndm,0.6B,4,stochastic,999,8.249,468.54,48.93,160,19.4,266,93,67,0.3496,1.39,False," Maison Souquet, a Maison Souquet, a newly-opened in Paris, is a newly-opened hotel in Parisian hotel in Parisian in Parisian hotel in Paris, is a newly-opened hotel in Parisian hotel inspired by the post-impression, is a newly-opened 20-room hotel in Parisian new hotel in Paris, is a new hotel in Paris, newly-opened hotel in Paris, is inspired by the post-impression, newly-opened 20-room hotel in Paris, is a new hotel in Paris, is a new hotel in Paris, is a new luxury hotel in Paris, newly-opened 20-room hotel in Paris, is a newly-opened 20-room hotel in Paris, is a new hotel in Paris, is a new",False,True,captured
cnndm_8088,cnndm,0.6B,4,stochastic,999,8.6948,335.28,52.58,160,18.4,290,87,74,0.3,1.18,False," 

The article discusses how 

The article discusses how Chrissy Teigen, a post-pastretch marks on the post- Chrissy Teigen, after model and chef Chrissy Teigen, after model and chef Chrissy Teigen's post- Chrissy Teigen, a post by sharing her stretch marks on Instagram, model and chef Chrissy Teigen's post of stretch marks, often women are a post- Chrissy Teigen, a model and chef Chrissy Teigen, a model and chef Chrissy Teigen, a photo of stretch marks, after model and chef Chrissy Teigen, a 290

Chrissy Teigen, a model and chef, Chrissy Teigen, a photo of stretch marks, often women experience with the post-Instagram user Chrissy",False,True,captured
cnndm_8142,cnndm,0.6B,4,stochastic,999,6.8463,456.51,40.19,160,23.37,201,110,51,0.5473,2.16,False," A 36-year-old Louisiana sheriff's deputy, Louisiana sheriff's deputy, Burt Hazeltine, Louisiana sheriff's deputy, Louisiana sheriff's deputy, Burt Hazeltine, Louisiana sheriff's deputy, Burt Hazeltine Louisiana sheriff's deputy, Burt Hazeltine, Louisiana sheriff's deputy, Louisiana sheriff's deputy, Burt Hazeltine Louisiana sheriff's deputy, Louisiana sheriff's deputy, Louisiana sheriff's deputy, Louisiana sheriff's deputy in Louisiana sheriff's deputy, Burt Hazeltine, Louisiana sheriff's deputy, Burt Hazeltine Louisiana sheriff's deputy, Burt Hazeltine, Louisiana sheriff's deputy, Louisiana sheriff's deputy, Louisiana sheriff's deputy, Louisiana sheriff's deputy in Louisiana was shot three times in a Louisiana sheriff's deputy, Burt",False,True,captured
cnndm_8152,cnndm,0.6B,4,stochastic,999,6.7857,661.69,38.52,160,23.58,205,108,52,0.5268,2.08,False," 

The photojournalist Yaakov Naumi, raised in an ultra orthodox Jewish community, Yaakov Naumi, raised in an ultra orthodox Jewish man is Yaakov Naumi, raised in an ultra orthodox Jewish man Yaakov Naumi, Yaakov Naumi, raised in an ultra orthodox Jewish man from Bnei Brak Yaakov Naumi, raised in an ultra orthodox Jewish man, Yaakov Naumi, raised in an ultra orthodox Jewish man, Yaakov Naumi, raised in an ultra orthodox Jewish man, Yaakov Naumi, raised in an ultra orthodox Jewish man named Yaakov Naumi, raised in an ultra orthodox Jewish man named Yaakov Naumi, raised in an ultra orthodox Jewish man from Bnei Brak Yaakov Naumi, Yaakov Naumi, Ya",False,True,captured
cnndm_8177,cnndm,0.6B,4,stochastic,999,8.2107,952.77,45.65,160,19.49,235,102,59,0.434,1.73,False," 

Sir David Nicholson, the former head of the former head of the NHS, the former head of the former head of the NHS, the former head of the NHS England's former head of the former head of the NHS, the former head of the NHS, the former head of the former head of the NHS, the former head of the former head of the NHS, the former head of the former head of the NHS England's criticism of the NHS's criticism of the NHS's financial critic of the former head of the NHS, the former head of the former head of the NHS, the former head of the NHS England's former head of the NHS, the former head of the former head of the NHS England's publically, the former head of the former head of the NHS, the former head",False,True,captured
cnndm_8230,cnndm,0.6B,4,stochastic,999,6.7096,363.65,39.91,160,23.85,219,106,55,0.484,1.93,False," The European Central Bank's president Mario Draghi was startled by a female protester who was attacked by a female protester, Mario Draghi was sprayed with confetti by a female protester, Mario Draghi was surprised by a protester during a press conference in Frankfurt, Germany, Mario Draghi was confronted a flabbergasted Mario Draghi was sprayed with confetti by a female protester during a press conference in Frankfurt, Germany, Mario Draghi was confronted a European Central Bank's Mario Draghi was attacked by a female protester during a press conference in Frankfurt, Germany, during a press conference in Frankfurt, Germany, during a press conference in Frankfurt, Germany, Mario Draghi was surprised by a female protester, Mario Draghi, Mario Draghi was attacked by a protester, Mario Draghi was confronted by a",False,True,captured
cnndm_8269,cnndm,0.6B,4,stochastic,999,6.5887,224.33,40.03,160,24.28,223,103,57,0.4619,1.81,False," A woman was spotted threatening people with 'a with a crowd with a dildo in each hand during an altercation outside Roches Family Hotel in Grafton pub-goers with a crowd with a dildo in each hand with a dildo in each hand during an altercation outside the Roches Family Hotel in Grafton, with a dildo in each hand during an altercation outside Roches Family Hotel in Grafton, during an altercation outside Roches with a dildo in each hand during an altercation outside a crowd with 'a dildo in each hand during an altercation outside Roches Family Hotel in Grafton with a dildo in each hand during an altercation outside a crowd with a dildo in Grafton, with a dildo in each hand during an altercation outside a crowd with a dildo in Grafton's people with",False,True,captured
cnndm_8321,cnndm,0.6B,4,stochastic,999,8.4629,427.41,50.54,160,18.91,276,92,69,0.3333,1.33,False," 

Sellers in the UK, in the UK property sellers in the UK, sellers in the UK, sellers in the UK are overvaluation of properties in the UK, sellers in the UK are currently, in the UK, sellers in the UK are overvaluing their homes in the UK, sellers in the UK are overvaluation of properties in the UK property sellers in the UK are overvaluation is overvaluation of properties in the UK property sellers in the UK are currently, British property sellers are overvaluing their homes are being overvalued by the UK housing market in the UK, in the UK, sellers in the UK, in the UK, sellers in the UK are overvaluation of the UK housing market cooling housing market prices of the UK housing market in the UK, in the UK,",False,True,captured
cnndm_8345,cnndm,0.6B,4,stochastic,999,9.134,378.29,55.07,160,17.52,304,83,77,0.273,1.08,False," PayPal is developing edible passwords that would be powered by stomach acid-powered by stomach acid-powered by incorporating mini computers that would be lodged in the devices that would be lodged in the devices that are to be powered by stomach acid and mini computers powered by stomach acid, which are being powered by stomach acid powered by stomach acid-powered by stomach acid-powered by stomach acid and other than can be ingested into the future authentication methods for a new generation of passwords that would be powered by stomach acid-powered by stomach acid-powered by stomach acid and other biometric authentication methods that are powered by stomach acid-powered by stomach acid and other biometric authentication methods to replace traditional passwords are being considered as part of a new generation of edible passwords that would be powered by stomach acid powered by stomach acid and other biometric authentication methods that would",False,True,captured
cnndm_8511,cnndm,0.6B,4,stochastic,999,10.7216,364.73,65.14,160,14.92,359,71,90,0.1978,0.79,False," 

Sophie English, a baby born during the Vietnam War, born during her story is an Australian woman who was adopted as an Australian, born during her birthed, was adopted as an adopted as an adopted as an adopted as an adopted as an infant born during her birth mothered at the height of the Vietnam War adoptee of Australian, born during the Australian, was adopted as an adopted child of Australian descent from Australia's journeyed, born during the Vietnam War adoptee of Australian nationality, Australian, born during the Vietnam War, Vietnam War, Vietnam War, Vietnam War adoptee of an Australian woman who was adopted as an adopted as an adopted child of the Australian adoptee of Australian descent, was adopted as an infant adopted as an infant during her birth mother, a baby born during the",False,True,captured
cnndm_8519,cnndm,0.6B,4,stochastic,999,7.9449,518.7,46.71,160,20.14,253,96,64,0.3794,1.5,False," Ed Miliband has launched a strong criticism against David Cameron and other EU leaders for abandoning refugees to criticize against David Cameron and other EU leaders, a strong criticism against David Cameron and other EU leaders, a fierce criticism against David Cameron and other EU leaders for abandoning refugees, criticizing David Cameron and other EU leaders, criticizing David Cameron and other EU leaders, a fierce criticism of a strong criticism against David Cameron and other EU leaders for abandoning search and rescue missions in the article in a strong criticism of a fierce criticism against David Cameron and other EU leaders for abandoning refugees, criticizing David Cameron and other EU leaders for abandoning search and rescue missions in the Mediterranean, a strong criticism of David Cameron and other EU leaders, a fierce criticism of David Cameron and other EU leaders for abandoning search and rescue missions in the Mediterranean, a",False,True,captured
cnndm_8521,cnndm,0.6B,4,stochastic,999,6.829,274.41,41.22,160,23.43,230,103,58,0.4478,1.78,False," The Edwardian-style brothel located at 417 Bruswick Street in Fitzroy, formerly known as Club 41, formerly known as Club 417, formerly known as Club 417, formerly known as Club 417, formerly known as Club 417 on Brunswick Street in Fitzroy, formerly known as Club 417 Bruswick Street in Fitzroy, Melbourne suburb of Club 417, formerly known as Club 417 on Brunswick Street in Fitzroy, formerly known as Club 417 Bruswick Street in Fitzroy, once known as well-known as Club 417, formerly known as Club 417 on Brunswick Street in Fitzroy, formerly known as Club 41",False,True,captured
cnndm_8550,cnndm,0.6B,4,stochastic,999,9.0772,864.36,51.65,160,17.63,271,93,68,0.3432,1.37,False," The article discusses a drilling project to study aimed at studying the Chicxulub project aimed at studying the Chicxulub crater in Mexico to investigate the researchers plan to investigate the Chicxulub crater in the researchers plan to conduct by researchers plan to investigate the Chicxulub project planned by researchers aiming to drill 5,001 to study aimed at studying the Chicxulub project planned by researchers aiming to drill 5, planned by researchers aiming to drill 5, planned by researchers to study the Chicxulub crater in the researchers plan to drill 5,00
The article discusses a drilling project in the researchers plan to drill 5,000
The article discusses a drilling 5,0000 feet below the Chicxulub",False,True,captured
cnndm_8585,cnndm,0.6B,4,stochastic,999,6.3478,278.57,38.17,160,25.21,212,108,53,0.5094,2.04,False," 

The family of a 

The family of a 4-year-old North Carolina toddler, Austin West, 4-year-old Austin West, four-year-old North Carolina toddler, Austin West, a 4-year-old North Carolina toddler, Austin West, a 4-year-old North Carolina toddler, Austin West, a four-year-old North Carolina toddler, Austin West, a four-year-old North Carolina toddler, Austin West, four-year-old North Carolina toddler, Austin West, a four-year-old Austin West, a four-year-old Austin West, a four-year-old Austin West, a four-year-old North Carolina toddler, Austin West, a four-year-old Austin West, a four-year-old North Carolina toddler, Austin West, a four-year-old Austin West, a four-year-old Austin West, a four",False,True,captured
cnndm_8678,cnndm,0.6B,4,stochastic,999,7.6502,816.65,42.98,160,20.91,226,104,57,0.4602,1.82,False," The article discusses the first use of chlorine gas in World War I on April 22, by the first in World War I on April 22, by the German forces in World War I on April 222 in World War I on April 22, by the German army in World War I on April 22, in World War I on April 22,  in World War I on April 22, a gas in World War I on April 22, by the German army during World War I on April 22,  in World War I on April 22, in World War I on April 22,  in World War I on April 22, a pivotal momentous in World War I on April ",False,True,captured
cnndm_8684,cnndm,0.6B,4,stochastic,999,7.5388,378.25,45.03,160,21.22,248,99,62,0.3992,1.6,False," The article discusses a food safety incident at The article discusses a food safety incident at The article discusses a food safety incident at The article discusses a food safety incident at The article discusses a food safety incident at The article discusses a food safety incident at The article discusses a food safety incident at The Steer Inn in Wilberfoss, East Yorkshire restaurant in which a restaurant in which a restaurant, where a restaurant in East Yorkshire restaurant in which a restaurant, where inspectors found mouldy food and poor hygiene at The article discusses a food safety incident at The Steer at The article discusses a food safety incident at The Steer Inn in Wilberfoss at The Steer Inn in which occurred at The article discusses a food safety incident at The Steer Inn in Wilberfoss at The Steer Inn",False,True,captured
cnndm_8744,cnndm,0.6B,4,stochastic,999,10.0151,795.07,57.99,160,15.98,305,83,77,0.2721,1.08,False," 

- Michael Brelo 

- 

-31, a Cleveland police officer charged with voluntary manslaughter for shooting two unarmed suspects were charged with voluntary manslaughter after the police officer charged with voluntary manslaughter after firing 31, a Cleveland police officer, a Cleveland police officer in Cleveland police officer in Cleveland police officer charged with voluntary manslaughter after being charged with voluntary manslaughter after the only officer charged with the only officer charged with voluntary manslaughter charges 

-2012

- 

- Cleveland police officer charged with voluntary manslaughter for voluntary manslaughter charges 

- Cleveland police officer charged with voluntary manslaughter charges 

- Court case

- Ohio police officer charged with voluntary manslaughter charges 

- Michael Brelo, a Cleveland police officer charged with voluntary manslaughter for killing two unarmed suspects were charged with voluntary manslaughter for voluntary manslaughter charges for voluntary",False,True,captured
cnndm_8799,cnndm,0.6B,4,stochastic,999,8.4269,718.83,48.48,160,18.99,257,96,65,0.3735,1.48,False," The article discusses the investigation into former Metropolitan Police Commissioner Lord Stevens over allegations of a cover-up regarding allegations of the investigation into Lord Stevens over allegations of a cover-up regarding allegations of a cover-up of the investigation into former Police commissioner Lord Stevens over allegations of a cover-up, Lord Stevens over allegations of a cover-up of the Metropolitan Police Commissioner Lord Stevens over allegations of a cover-up of London Police Commissioner Lord Stevens over allegations of a police commissioner Lord Stevens over allegations of a cover-up the investigation into former Police Commissioner Lord Stevens over allegations of a cover-up. Police Commissioner Lord Stevens over allegations of a cover-up of police corruption in the Stephen Lawrence murder probe. The article discusses the investigation into former Metropolitan Police Commissioner Lord Stevens over allegations of a cover-up of the investigation into former Metropolitan Police Commissioner Lord Stevens over allegations",False,True,captured
cnndm_8886,cnndm,0.6B,4,stochastic,999,8.3298,568.11,48.82,160,19.21,263,95,66,0.3612,1.44,False," The article discusses the 4 young sisters, 4 young sisters, who were forced to be taken from their mother's return to Italy against their will, being taken from their mother Laura Garrett, who were forcibly returned to their mother Laura Garrett, who were taken from their mother, and father, mother Laura Garrett, and their mother Laura Garrett, and their mother Laura Garrett, Tomaso Vincenti, Laura Garrett, who were taken from their mother Laura Garrett, Tomaso Vincenti, Laura Garrett, and their mother Laura Garrett, and their mother, who were taken from their mother's return to Italy from Italy, Australia, Italy, Australia, Italy, Australia, Italy, and their mother Laura Garrett, Tomaso Vincenti, Laura Garrett, Tomaso Vincenti, who were forced to return to",False,True,captured
cnndm_8908,cnndm,0.6B,4,stochastic,999,8.132,368.49,48.83,160,19.68,268,93,68,0.347,1.37,False," 

A tragic accident involving a Lamborghini crash involving a tragic accident that occurred at the tragic accident that occurred at the Exotic Driving Experience at Walt Disney World speedway accident that occurred at the Exotic Driving Experience at Walt Disney World Exotic Driving Experience at the tragic accident involving a 24-year-old man, 24-year-old man, Tavon Watson, a tragic accident that occurred at the tragic accident involving a 24-year-old man, 24-year-old man, 24-year-old man, Tavon Watson, a tragic accident that occurred at the tragic accident involving a 24-year-old man named as a tragic accident involving a 24-year-old man, 24-year-old man, Tavon Watson, a tragic accident involving a",False,True,captured
cnndm_8943,cnndm,0.6B,4,stochastic,999,7.0607,225.47,42.99,160,22.66,241,100,61,0.4149,1.64,False," Matthew Kenney, a Florida man, ran naked through traffic in Fort Lauderdale man from Fort Lauderdale man from Fort Lauderdale man from Fort Lauderdale man from Fort Lauderdale, Florida man from Fort Lauderdale man from Fort Lauderdale, Florida man from Fort Lauderdale, ran naked through traffic in Fort Lauderdale man from Fort Lauderdale, ran naked through traffic in Fort Lauderdale man from Fort Lauderdale, Florida man from Fort Lauderdale, Florida man from Fort Lauderdale, Florida man from Fort Lauderdale, Florida man from Fort Lauderdale, ran naked through traffic in Fort Lauderdale, Florida, ran naked through traffic in Fort Lauderdale man from Fort Lauderdale, Florida man from Fort Lauderdale, Florida man from Fort Lauderdale, Florida man from Fort Lauderdale, ran naked through traffic in Fort Lauderdale, Florida man from Fort Lauderdale, Florida man from Fort Lauderdale, Florida man from Fort",False,True,captured
cnndm_8983,cnndm,0.6B,4,stochastic,999,8.2954,327.99,50.11,160,19.29,278,91,70,0.3273,1.3,False," The article reports that a Icelandair flight from Icelandaircraft, Icelandaircraft, a Boeing 75755. Icelandair flight from Reykjavik, Icelandaircraft struck by lightning shortly after takeoff from Reykjavik, Icelandaircraft struck by lightning shortly after takeoff during a flight from Reyk Icelandair flight from Reykjavik, passengers of an Icelandair flight from Reykjavik, Boeing 757 operated by lightning strike during a Boeing 757 operated by lightning strike shortly after takeoff during a flight from Reyk Icelandaircraft was struck by lightning shortly after a Boeing 7575. Icelandair flight from Reyk Icelandair flight from Icelandair flight from Icelandair flight from Icelandair flight from Reykjav",False,True,captured
cnndm_8985,cnndm,0.6B,4,stochastic,999,9.0732,748.88,52.35,160,17.63,278,91,70,0.3273,1.3,False," The article discusses the Tories' proposal to extend Margaret Thatcher's right-to-buy policy, to buy policy, which aims to extend the right-to-buy policy, to buy policy to buy policy to buy policy, to buy policy, which is to buy policy, to buy policy, which is the Tories' to buy policy, to buy policy, to buy policy, which is a new Conservative Party's to buy policy, which is a Tory party's plan to extend Margaret Thatcher's right-to-buy policy, to buy policy, which is a right-to-buy policy, to buy policy, to buy policy, which is the Tory party's plan to extend Margaret Thatcher's right-to-buy policy, to buy policy, to buy policy, which is to buy policy, to buy policy, which is the Tory party",False,True,captured
cnndm_8992,cnndm,0.6B,4,stochastic,999,7.5754,946.11,41.69,160,21.12,215,106,55,0.493,1.93,False," Sarah Stage, a 30-year-old lingerie model from Los Angeles, gained 28lbs, 30-year-old lingerie model from Los Angeles, gained 28lbs during her pregnancy for the lingerie model from Los Angeles, gained 30-year-old lingerie model from Los Angeles, lingerie model from Los Angeles, gained 28lbs during her pregnancy for her 30-year-old lingerie model from Los Angeles, Los Angeles-based lingerie model from Los Angeles, gained 30-year-old lingerie model from Los Angeles, lingerie model from Los Angeles, Los Angeles-based lingerie model, 30-year-old lingerie model from Los Angeles, from Los Angeles, gained 28lbs during her pregnancy for Los Angeles-based lingerie model from Los Angeles, gained 28lbs, ",False,True,captured
cnndm_9018,cnndm,0.6B,4,stochastic,999,6.2004,286.19,37.2,160,25.8,205,109,52,0.5317,2.1,False, The article discusses a North Korea's new school textbook that claims Kim Jong-un textbook that claims that teaches that claims that Kim Jong-un textbook that claims Kim Jong-un textbook that claims Kim Jong-un textbook that claims Kim Jong-un textbook that claims Kim Jong-un textbook that claims Kim Jong-un textbook that claims Kim Jong-un textbook that claims Kim Jong-un textbook that claims Kim Jong-un textbook that claims Kim Jong-un textbook that claims Kim Jong-un textbook that claims Kim Jong-un textbook that claims Kim Jong-un textbook that claims Kim Jong-un textbook that claims Kim Jong-un textbook that claims Kim Jong-un textbook that claims Kim Jong-un textbook that claims Kim Jong-un textbook that claims Kim Jong-un textbook that claims Kim Jong-un textbook that claims Kim Jong-un textbook that claims Kim Jong-un textbook that claims Kim Jong-un textbook that,False,True,captured
cnndm_9269,cnndm,0.6B,4,stochastic,999,10.7024,1076.04,60.54,160,14.95,311,83,78,0.2669,1.06,False," The article discusses the resurgence, highlighting the author, highlighting the country, highlighting the country, highlighting the country, highlighting the country's revival, highlighting the country, highlighting the country's current success, highlighting the country's current success, with over the article discusses the resurgence, highlighting the country's recent growth, highlighting the country's recent success, with over the past its success, and the article discusses the resurgence, highlighting the success, highlighting the country's current position, highlighting the country's current success, highlighting the country's current success, highlighting the country's current success, with over  and the author Boris Johnson highlights the country, highlighting the country's current success, with over 1.5, highlighting the country's current success, with over 1.5, highlighting the success, highlighting the",False,True,captured
cnndm_9285,cnndm,0.6B,4,stochastic,999,8.4079,556.31,49.38,160,19.03,265,94,67,0.3547,1.4,False," 

The article describes a 

Lisa Skinner, a 52-year-old woman, 52520. The article describes a deadly double shooting incident in South Huntsville, Alabama,  double shooting incident in South Huntsville, 52-year-old Lisa Skinner, a deadly double shooting in South Huntsville, Alabama, where a deadly double shooting in Alabama, where a violent home invasion in South Huntsville, Alabama, 52-year-old woman, Lisa Skinner, a 52-year-old woman, Lisa Skinner, a 52-year-old woman, Lisa Skinner, a 52-year-old woman, Lisa Skinner, a 52-year-old woman, Lisa Skinner, a 52-year-old woman, Lisa Skinner, a  double shooting incident in South Hunts",False,True,captured
cnndm_9325,cnndm,0.6B,4,stochastic,999,7.3603,601.21,42.51,160,21.74,229,103,58,0.4498,1.78,False," Check It, a documentary Check It, follows the only documented gang of gay and the only documented gang of gay and fashion label, and a group of young gay and transgender youths in Washington DC-based gang of gay and transgender youths in Washington DC's subject to be the only documented gang of gay and transgender youths in Washington DC's subject is about a gang of gay and transgender youths in Washington DC's subject is a gang of gay and transgender and a gang of gay and transgender youths in the film, focuses on a gang of gay and transgender youths in Washington DC's subject is a gang of the only documented gang of gay and transgender youths in Washington DC's subject is a gang of the only documented gang of gay and the only documented gang of gay and transgender youths in Washington DC's subject is a gang of",False,True,captured
cnndm_9344,cnndm,0.6B,4,stochastic,999,7.7882,214.35,47.63,160,20.54,267,94,67,0.3521,1.4,False, British Airways has introduced a new Mindfulness Programme to help passengers on its new Airbus A380 service for Travel Programme to help passengers on long-haul flight programme to help passengers during its new Mindfulness Programme to help passengers feel for Travel Programme to help passengers cope with the Mindfulness Programme to help passengers during the flight to help passengers on its new Airbus A380 service for Travel programme to help passengers cope with the programme to help passengers relaxes Programme to help passengers relax during long-haul flight program to help passengers on board program to help passengers relaxes long-haul flight program called the Mindfulness Programme to help passengers relax during long-haul flight program to help passengers relax during its new Airbus A38 Programme to help passengers relax during its new Airbus A38 Programme to help passengers,False,True,captured
cnndm_9434,cnndm,0.6B,4,stochastic,999,7.6391,245.96,46.5,160,20.94,260,95,66,0.3654,1.44,False," The article discusses a planned merger between Comcast and Time Warner Cable, which is a $45 billion merger between Comcast and Time Warner Cable, which is Time Warner Cable, which is expected to face potential merger between Comcast and Time Warner Cable, Time Warner Cable, which is valued at $45. Time Warner Cable, which is expected to beaming $45 billion, which is expected to be worth $45 billion, which is expected to be blocked by the US Department of Justice officials to discuss their merger between Comcast and Time Warner Cable, Time Warner Cable, which is a meeting with US Department of Justice officials to discuss concerns raised by their merger, with Time Warner Cable, which is expected to be Time Warner Cable, which is expected to be blocked due to concerns raised concerns over antitrust",False,True,captured
cnndm_9524,cnndm,0.6B,4,stochastic,999,7.7451,571.18,45.12,160,20.66,243,100,61,0.4115,1.64,False," Kim Kardashian and Kanye West visited an Armenian church in Jerusalem for the couple visited an Armenian church in Jerusalem for the couple visited an Armenian church in Jerusalem for the couple visited an Armenian church in Jerusalem on Monday visited an Armenian church in Jerusalem on Monday visited an Armenian church in Jerusalem Armenian church in Jerusalem for the couple visited an Armenian church in Jerusalem for the baptism of their daughter North West visited an Armenian church in Jerusalem for the baptism of their daughter North West visited an Armenian church in Jerusalem Armenian church in Jerusalem for the baptism of their daughter North West visited an Armenian church in Jerusalem for the baptism of their daughter North West were in Jerusalem Armenian church in Jerusalem for the baptism of their daughter North West were in Jerusalem, along with their daughter North West, their daughter North West were in Jerusalem on Monday visited an Armenian church",False,True,captured
cnndm_9567,cnndm,0.6B,4,stochastic,999,7.9784,503.48,47.01,160,20.05,256,96,64,0.375,1.5,False," 

Peter Mutty, a  Mutty, an engineer, Peter Mutty, an engineer, was sentenced to his case is a

Peter Mutty, a 57-year-old engineer, Peter Mutty, an Australian citizen, Peter Mutty, an Australian citizen, Peter Mutty, an Australian citizen, Peter Mutty, an engineer, sentenced to six months in Saudi Arabia, a 57-year-old engineer, Peter Mutty, a  Mutty, an Australian citizen, Peter Mutty, an engineer, was sentenced to the article discusses his experience in Saudi Arabia, an engineer, Peter Mutty, awoke up to the Australian citizen, Peter Mutty, a 

Peter Mutty, awoke up with his case. Mutty, an engineer, Peter Mutty",False,True,captured
cnndm_9612,cnndm,0.6B,4,stochastic,999,8.5883,1127.86,46.92,160,18.63,237,101,60,0.4262,1.68,False," New Zealand's west coast. Gloriavale is a region, near Lake Haupiri is where Gloriavale is located on Lake Haupiri is where Gloriavale is located near Lake Haupiri is where Gloriavale Gloriavale is a region of Lake Haupiri, where Gloriavale is located on Lake Haupiri is the community is located on Lake Haupiri, where Gloriavale is where Gloriavale is located on Lake Haupiri is where Gloriavale is where Gloriavale is where Gloriavale is where Gloriavale is a few people living in the Lake Haupiri is where Gloriavale is a location of Gloriavale is a scenic Lake Haup",False,True,captured
cnndm_9712,cnndm,0.6B,4,stochastic,999,7.9075,227.9,48.3,160,20.23,269,93,68,0.3457,1.37,False," 

The article describes a 

The article describes a four-legged shopkeeper named Shiba In a four-legged shopkeeper named Shiba, Shiba In a nondescript tobacco shop in Tokyo tobacco shop in Tokyo tobacco shop in Tokyo tobacco shop in Tokyo tobacco shop in Tokyo, Shiba, Shiba In a four-legged shopkeeper named entity, a nondescript tobacco shop in Tokyo tobacco shop in Tokyo, Japan, where a four-legged shopkeeper named entity, Shiba In a four-legged shopkeeper named Shiba, a four-legged shopkeeper named entity, Shiba Inu nondescript tobacco shop in Tokyo that has become a Tokyo tobacco shop in Tokyo, Shimada Cigarette Shop in Tokyo, Shimada Cigarette Shop in Tokyo, Shimada Cigarette shop in Tokyo",False,True,captured
cnndm_9713,cnndm,0.6B,4,stochastic,999,8.85,308.14,53.72,160,18.08,299,85,75,0.2843,1.13,False," The article discusses the upcoming Netflix series 'Our Planet,' a Planet,' a Planet,' a Planet,' which is a Planet,' a Planet,' produced by Silverback Films and WWF, which is a Planet,' which is a sequel to the popular documentary series 'Planet' Planet,' a sequel to the successful sequel to be sure to be a sequel to the acclaimed documentary series 'Planet' Planet, which is a sequel to the acclaimed 'Planet'Planet,' a Planet,' produced by Silverback Films and WWF, which is a sequel to the acclaimed 'Planet' is a sequel to the acclaimed 'Planet,' a sequel to the acclaimed 'Planet' is a sequel to the successful predecessor 'Planet Earth' was created by Silverback Films' is a sequel to the Planet,' a sequel to the popular",False,True,captured
cnndm_9775,cnndm,0.6B,4,stochastic,999,8.6882,510.19,51.43,160,18.42,280,90,70,0.3214,1.29,False," 

Nigel Farage visits 

Nigel Farage visits an Army veterans' centre in Kent, where? 

Nigel Farage visits an Army veterans' centre in Kent and meets with veterans' an Army veterans' centre in Kent, during a visit to an Army veterans' centre in Kent, where he emphasizes his party members of an Army veterans' centre in Kent, a veterans' centre in Kent, and during a visit to a veterans' centre in Kent, and meets with veterans' centre in Kent's veterans' an Army veterans' centre in Kent, and engages in Kent's Army veterans' centre in Kent's Army veterans' centre in Kent's a veterans' centre in Kent's Army veterans' centre in Kent, and he has held an Army veterans' centre in Kent's an Army veterans' centre",False,True,captured
cnndm_9934,cnndm,0.6B,4,stochastic,999,9.6666,613.36,56.94,160,16.55,308,83,77,0.2695,1.08,False," A 13-year-old boy in Barcelona attacked a school in Barcelona high school student in Barcelona high school student in Barcelona, Spain, a boy in Barcelona high school student in Barcelona, identified as a boy in Barcelona, Spain's-old boy in Barcelona, Spain, attacked a schoolboy in Barcelona attacked a school in Barcelona, Spain, a boy in Barcelona shot and killed a male student in Barcelona, Spain, attacked a school in Barcelona, Spain, a boy shot and killed a male student in Barcelona, identified as M.P.C. 

Okay, I need to summarize the boy, the boy, identified by the boy in Barcelona, Spain, the 13-year-old boy in Barcelona, Spain, a boy in Barcelona, identified as the boy shot and killed a male student in Barcelona, identified",False,True,captured
cnndm_9992,cnndm,0.6B,4,stochastic,999,6.491,478.82,37.81,160,24.65,205,109,52,0.5317,2.1,False," 

A 39-year-old man, Jondrew 39-year-old man, Jondrew Lachaux, 39-year-old man, Jondrew Lachaux, 39-year-old man, Jondrew Lachaux, a 39-year-old man, Jondrew Lachaux, 39-year-old man, Jondrew Lachaux, 39-year-old man, Jondrew Lachaux, 39-year-old man, Jondrew Lachaux, 39-year-old man, Jondrew Lachaux, 39-year-old man, 39-year-old man, Jondrew Lachaux, 39-year-old man, Jondrew Lachaux,",False,True,captured
cnndm_10027,cnndm,0.6B,4,stochastic,999,6.0856,543.01,34.86,160,26.29,187,113,48,0.6043,2.35,False," Abigail Ahern, Abigail Ahern, a celebrated interior designer and Abigail Ahern, Abigail Ahern, Abigail Ahern, is a celebrated interior designer and bestselling author and Abigail Ahern, Abigail Ahern, Abigail Ahern, Abigail Ahern, Abigail Ahern, Abigail Ahern, a celebrated interior designer and best-selling author and interior designer and Abigail Ahern, a celebrated interior designer and best-selling author and interior designer and Abigail Ahern, Abigail Ahern, Abigail Ahern, Abigail Ahern, Abigail Ahern, Abigail Ahern, Abigail Ahern, a celebrated interior designer and Abigail Ahern, a celebrated interior designer and Abigail Ahern, Abigail Ahern, a celebrated",False,True,captured
cnndm_10072,cnndm,0.6B,4,stochastic,999,9.0405,285.19,55.06,160,17.7,307,83,77,0.2704,1.08,False," A Japanese woman gave her cheating boyfriend's cheating boyfriend's cheating boyfriend's Apple devices a good wash as a sweet revenge on cheating boyfriend's cheating boyfriend's Apple devices a sweet revenge on cheating boyfriend's Apple devices a single soaking to her cheating boyfriend's cheating boyfriend's Apple devices a sweet revenge on cheating boyfriend's Apple devices a

A Japanese woman gave her cheating boyfriend's cheating boyfriend a good revenge on cheating boyfriend's Apple devices a good revenge on her cheating boyfriend's Apple devices a sweet revenge on cheating boyfriend's Apple devices a single soaking to her cheating boyfriend a good revenge on her cheating boyfriend's Apple devices a sweet revenge on her cheating boyfriend's Apple devices a sweet revenge on her cheating boyfriend's Apple collection a sweet revenge on her cheating boyfriend's Apple collection a sweet revenge on her cheating boyfriend's Apple devices",False,True,captured
cnndm_10084,cnndm,0.6B,4,stochastic,999,10.854,1151.26,61.02,160,14.74,310,81,79,0.2613,1.03,False,"I thought I picked a good person is that was it turned out I picked anything but it turned out I picked anything but and it turns out I picked a good people are they are not safe. I picked a good person. I thought I picked a safe person, but it turned out I picked anything but I picked anything but a safe person who’s not what I picked anything but a good person is that was that was a good person would have to have a bad person. I thought I picked a safe person, but it turned out I picked anything but I picked anything but a good person would have never a good people don’t know what a good person would have been a good people are they didn’t have you can’t be trusted the man, but but a good person is that’s not a",False,True,captured
cnndm_10112,cnndm,0.6B,4,stochastic,999,8.3781,287.12,50.89,160,19.1,281,89,71,0.3167,1.25,False," Cengiz Guven is a Turkish security guard responsible for protecting high-profile security guard, overseeing security at the Turkish security guard has been protecting high-profile security guard is a Turkish security guard is a Turkish security guard is a Turkish security guard responsible for protecting high-profile security guard from Turkey's role as a Turkish security guard, a Turkish security guard is a Turkish security guard protecting Australian security guard from Turkey is a Turkish security guard responsible for protecting high-profile security guard from Istanbul Turkish security guard is protecting Australian security guard is a Turkish security guard protecting Australian travelers at Gallipoli, a Turkish security guard is protecting Australian travelers at Gallipoli, a Turkish security guard is a Turkish security guard is a Turkish security guard protecting Australian travellers at Gallipoli. Turkish security guard protecting Australian travelers at Gallipoli,",False,True,captured
cnndm_10180,cnndm,0.6B,4,stochastic,999,7.8103,430.26,46.42,160,20.49,253,97,64,0.3834,1.52,False," Martin Springall, 38, photographed his daughter, and his daughter, 38, photographed his daughter, and his daughter, who photographed his daughter, and his daughter, who he took a photo of his daughter, photographed his daughter, and a father of Toronto, 38, photographed his daughter in Toronto, 38, photographed his daughter in Toronto, photographed his daughter in Toronto, took a photo of his young daughter, 38, photographed his daughter in Toronto, took a photo of his daughter, and his daughter, who he photographed his daughter in Toronto, took a photo of his daughter in Toronto, took a photo of his young daughter, and his daughter, who photographed his daughter in Toronto, photographed his daughter in Japan, 38, photographed his daughter",False,True,captured
cnndm_10230,cnndm,0.6B,4,stochastic,999,9.8292,464.4,58.9,160,16.28,321,80,81,0.2492,0.99,False," 

Lord Janner's transfer of his £2 million home to his children, a significant legal and his £2 million home to his children, despite the legal team claimed to his £2 million home, a former Labour MP, who was involved in a police investigation into his £2 million home to his children, raising concerns about the Janner's transfer of his £2 million home to his children in his £2 million home to his children in the former Labour MP, who was accused of child sex allegations of the transfer of the transfer of his £2 million home to his children at the height of the police raid on the transfer of his £2 million home to his children, despite being accused of child abuse, a peer Janner transferring the transfer of his £20

Lord Janner",False,True,captured
cnndm_10343,cnndm,0.6B,4,stochastic,999,7.9704,863.9,44.69,160,20.07,234,102,59,0.4359,1.73,False," 

The article describes a 

The article where Marana, in Marana, Arizona police officer, in Marana, Arizona police officer, in Marana, Arizona, which occurred in Marana, Arizona police officer, Michael Rapiejko, a police officer, Michael Rapiejko, a high-speeding incident in Marana, Arizona police officer, Michael Rapiejko, a police officer, Michael Rapiejko, a police officer, Michael Rapiejko, a police officer, Michael Rapiejko, a confrontation between Marana, Arizona police officer, Michael Rapiejko incident in Marana, Arizona police officer, Michael Rapiejko, a police officer, Michael Rapiejko, a Marana, Arizona police officer, Michael Rapiejko, a police officer, Michael Rapiej",False,True,captured
cnndm_10390,cnndm,0.6B,4,stochastic,999,8.2705,168.84,50.95,160,19.35,287,88,73,0.3066,1.21,False," A dead sperm whale washed up on California beach,  up on California beach last week, its way up on California beach, its way up on California beach, its way up on California's body was covered in graffiti spelling out the name of the beach in California beach in California beach in California beach in California was found on California beach last week on California beach,  up on California beach last week, its way up on California's body was covered in graffiti spelling out the name of the Pacifica up on California's body was covered in graffiti spelling out the name of  up on California's body was covered in graffiti spelling out the name of California beach in California,  up on California's body was covered in graffiti spelling out the name of the Pacifica State Beach in California was found on California beach",False,True,captured
cnndm_10537,cnndm,0.6B,4,stochastic,999,8.9158,611.43,52.23,160,17.95,279,89,71,0.319,1.25,False," 

The breakthrough by researchers at the University of Huddersfield has addressed the challenge the University of Huddersfield has developed a method allows police can distinguish between the University of Huddersfield has enabled the identification of which allows police can be at the University of Huddersfield has solved the problem of identifying which allows police to distinguish between identical twins. The technique, including Dr Graham Williams and the University of Huddersfield has enabled the identification of identical twins, particularly in the University of Huddersfield has solved the problem of distinguishing between identical twins, including Dr Graham Williams and colleagues at the University of Huddersfield has enabled the identification of DNA profiling, and the article discusses the development of a new technique called high resolution melt curve analysis (Dr Graham Williams and the University",False,True,captured
cnndm_10586,cnndm,0.6B,4,stochastic,999,12.8947,1141.26,73.92,160,12.41,374,66,95,0.1765,0.69,False," local population and environment, in some cases, . .
The article discusses the issue. The toxic concentrations of lead to the effects could be fatal. The e-waste from the toxic concentrations of the children and their families are even to the water sources say the effects have been linked to the extent of course of the local children. The toxins have been found in toxic concentrations have already have been linked to severe mental impairment and in some cases, as per the United Nations University (pictured . The UNU researchers have been linked to the development: 'irreparable harm. The images show the waste being burned, in some of the local children. The local children . The research has been linked to serious health problems like the level of contamination of the children and the 'leaks' of toxic concentrations of the",False,True,captured
cnndm_10602,cnndm,0.6B,4,stochastic,999,8.9383,678.53,51.95,160,17.9,277,91,70,0.3285,1.3,False," 

The article describes Kate 

The article: Temple, a  Temple, a hairdresser who was a hairdresser who ripped another woman's ear during an argument at a hog roast event at a hairdresser who ripped another woman's ear during an argument at a hog roast event at a charity event at Dawdon Cricket Club in Seaham, a hairdresser who ripped another woman's ear during an article describes the incident where she was a hairdresser who ripped off, a hairdresser who ripped off a hairdresser who attacked Shelley Williams, a hairdresser who ripped off. Temple, a hairdresser who was a hairdresser who was a hairdresser who was a hairdresser who ripped off. 

Kate Temple, a hairdresser who was",False,True,captured
cnndm_10609,cnndm,0.6B,4,stochastic,999,13.5047,1133.73,77.8,160,11.85,396,62,99,0.1566,0.63,False," interview. The African Development of a BBC's documentary on the diamond documentary series of a special coverage of the International Week in a Channel 4's The Oprah Winfrey's coverage of the 2012’s series of a BBC's The World Visionary of a series on-air on the BBC's coverage of the United Nations' a BBC's 'The New York University of a special on the BBC's The Times Magazine's The Oprah Winfrey's The Oprah Winfrey's special series of articles in the Channel 4's documentary The New York Times’ The War on Drugs, a BBC's documentary series on the diamond documentary The Life magazine's ongoing investigation into the diamond trade magazine's 2011's 'The Real Time magazine article on the subject of a BBC's 'The World",False,True,captured
cnndm_10679,cnndm,0.6B,4,stochastic,999,7.9142,338.84,47.64,160,20.22,262,95,66,0.3626,1.44,False," 

The article discusses the 

The article discusses the controversy surrounding Aidan Turner's controversy surrounding of Aidan Turner's role of Aidan Turner's obsession with Aidan Turner's portrayal of Aidan Turner's portrayal of Aidan Turner's role of Aidan Turner's role of Aidan Turner as the controversy surrounding Aidan Turner's role of Aidan Turner's character of Aidan Turner's character of Aidan Turner's controversy surrounding of Aidan Turner's character of Aidan Turner's portrayal of Aidan Turner's character of Aidan Turner's portrayal of Aidan Turner's obsession with Aidan Turner's role of Aidan Turner's character of Aidan Turner's character of Aidan Turner's character of Aidan Turner's obsession with Aidan Turner's obsession with Aidan Turner's role of Aid",False,True,captured
cnndm_10682,cnndm,0.6B,4,stochastic,999,9.0813,631.79,53.14,160,17.62,285,89,72,0.3123,1.24,False," 

The artist Frank Mc 

The artist Frank McKeever from Florida created a series of Florida created a future where humans ski on a moon of Uranus and living in Florida created a series of 'skeever from Florida has created a  is creating a series of 'tourism posters depicting a series of 'skeever created a series of 's series of 's imaginative series of posters, which includes a series of tourism posters that he is akeever, from Florida created a series of 'tourism posters envision a 

The artist Frank McKeever from Florida created a series of 'skeever, from Florida created a series of 's series of 'tourism posters that he is from Florida created a series of Florida created a series of 's series of 'tourism",False,True,captured
cnndm_10701,cnndm,0.6B,4,stochastic,999,6.1105,244.91,36.89,160,26.18,205,109,52,0.5317,2.1,False," Emma Louise Connolly, the bombshell girlfriend of Made In Chelsea's Oll the bombshell girlfriend of Made In  the bombshell girlfriend of Made In Chelsea's Ollie Proudlock, is the bombshell girlfriend of Made In Chelsea's Oll, the bombshell girlfriend of Made In Chelsea's Ollie Proudlock, the bombshell girlfriend of Made In the bombshell girlfriend of Made In Chelsea's Oll the bombshell girlfriend of Made In Chelsea's Ollie Proudlock, the bombshell girlfriend of Made In Chelsea's Ollie Proudlock, the bombshell girlfriend of Made In Chelsea's Oll, the bombshell girlfriend of Made In Chelsea's Ollie Proudlock, the bombshell girlfriend of Made In Chelsea's Oll the bombshell girlfriend of Made In",False,True,captured
cnndm_10761,cnndm,0.6B,4,stochastic,999,7.1891,257.18,43.6,160,22.26,243,99,62,0.4074,1.6,False," The Statue of Liberty was evacuated after a bomb threat, with  after a Friday afternoon after a bomb threat, after a Friday afternoon due to a bomb threat, which turned on Friday afternoon due to a bomb threat, after a bomb threat, which was a Friday afternoon after a bomb threat, which was due to a bomb threat, which was later Friday afternoon due to a bomb threat, which was found to be a hoax. Friday afternoon due to a bomb threat, Friday afternoon due to a bomb threat, which was later Friday afternoon due to a Friday afternoon due to a bomb threat, which turned on Friday due to a bomb threat, which was later Friday afternoon due to a bomb threat, which was later Friday afternoon due to a bomb threat, which was later determined to be a hoax. Friday afternoon",False,True,captured
cnndm_10778,cnndm,0.6B,4,stochastic,999,8.2372,251.23,50.23,160,19.42,281,90,71,0.3203,1.27,False," The Trussell Trust charges £1,500 from churches and community groups to start a donation from churches and community groups to start a fee to start a foodbank,500000000 to start a foodbank, and community groups and the Trust charges £150 from churches and community groups to start a foodbank,500 from churches and community groups to set up fees to start foodbanks with the money,500 from churches and community groups to start a new foodbanks, which has sparked controversy as part of the controversy over the false claim that the Trust charges £1,500 from churches and community groups to start a foodbank,500 from churches and the Trust charges £1,5000 to start",False,True,captured
cnndm_10820,cnndm,0.6B,4,stochastic,999,6.4922,408.99,38.26,160,24.64,210,107,53,0.5095,2.02,False," Sanjay Chaddah, a property developer, falsely accused his neighbor's son-in-law of Raby Sanjay Chaddah, a property developer, a property developer who falsely accused his neighbor's property developer who falsely accused his neighbor's son-in-lawyer, a property developer falsely accused his neighbor's son-in-law of a racist assault claim his neighbor's son-in-lawyer, a property developer, a property developer, a property developer, falsely accused his neighbor's son-in-law of a racist assault claim that was accused his neighbor's son-in-lawyer, a property developer, a property developer, falsely accused his neighbor's son-in-law of a property developer who falsely accused his neighbor's son-in-lawyer, a property developer falsely accused his neighbor's son-in-law of a racist assault accusation",False,True,captured
cnndm_10883,cnndm,0.6B,4,stochastic,999,9.1646,568.35,54.06,160,17.46,291,87,74,0.299,1.18,False," The article discusses PepsiCo is from Diet Pepsi due to customer concerns, a... 

The article discusses PepsiCo dropping aspartame from Diet Pepsi due to customer concerns, with consumer concerns, a from Diet Pepsi from Diet Pepsi will no longer contain aspartame from Diet Pepsi from Diet Pepsi due to customer concerns over its safety concerns over from Diet Pepsi due to customer concerns, ame from Diet Pepsi due to customer concerns over its safety, ame from its sweetener from Diet Pepsi due to customer concerns over its safety, despite its sweetener from Diet Pepsi will no longer contain aspartame from Diet Pepsi due to customer concerns over its safety, despite its sweetener from Diet PepsiCo dropping aspartame from its sweetener from Diet Pepsi due to customer concerns over its safety, despite its sweet",False,True,captured
cnndm_11024,cnndm,0.6B,4,stochastic,999,7.0753,463.76,41.58,160,22.61,226,103,57,0.4558,1.81,False," The owners of two dogs that got loose and mauled a jogger to death in Michigan pleaded no contest to a reduced charge, in Michigan, which mauled a jogger to death in Michigan pleaded no contest to the maul a jogger to death in Michigan pleaded no contest to a reduced charge of two dogs that got loose and mauled a jogger loose and mauled a jogger to death in Michigan pleaded no contest to a jogger to death in Michigan, Sebastiano Quagliata and mauled a jogger to the owners of two dogs that got loose and mauled a jogger to death in Michigan pleaded no contest to a reduced charge toiled a jogger to death in Michigan pleaded no contest to a jogger to death in Michigan pleaded no contest to a reduced charge to",False,True,captured
cnndm_11060,cnndm,0.6B,4,stochastic,999,9.3648,187.23,57.72,160,17.09,326,79,82,0.2423,0.96,False," The sale of West Brom is sale of interest to be in progress with chairman Jeremy Peace seeking £150-2. The sale of interest from groups in America, with the sale of West Brom is is is in progress, with chairman Jeremy Peace, with chairman Jeremy Peace is on the market, the sale of West Brom is under negotiation with chairman Jeremy Peace is in progress with chairman Jeremy Peace is seeking between £15000n't is is under consideration, with the chairman Jeremy Peace, the sale of West Brom is in progress, with chairman Jeremy Peace seeking between £150- the sale of interest from groups in America, Australia, with the chairman Jeremy Peace is in progress, with chairman Jeremy Peace is seeking between £150m in progress with the chairman Jeremy Peace",False,True,captured
cnndm_11249,cnndm,0.6B,4,stochastic,999,9.7312,458.88,58.32,160,16.44,317,80,80,0.2524,1.0,False," 

The article discusses the 

The article discusses the role of black boxes, the role of black boxes, and the role of black boxes, which are crucial role of black boxes, their role of black boxes, which are crucial for the role of black boxes in-depth of black boxes, red-colored black boxes, and the role of black boxes in aviation safety and recovery and their role of black boxes, role of black boxes in-depth of black boxes, which are crucial for determining role of black boxes in aviation safety and recovery of black boxes, which are crucial for understanding and their role in aviation safety and their role of black boxes, often-overall about black boxes, highlighting of black boxes, highlighting of black boxes through the role of black boxes in-depth of black boxes, often-overlook and the importance",False,True,captured
cnndm_11351,cnndm,0.6B,4,stochastic,999,9.7284,528.3,57.86,160,16.45,313,81,79,0.2588,1.03,False," 

Victoria Beckham's poll 

Victoria Beckham's results show that ranks her husband David Beckham is a new poll ranks her ninth in the list 

Victoria Beckham's results show she is ranked ninth in the list

Victoria Beckham is ranked ninth place is an article is a new 

Victoria Beckham's results are: 

Victoria Beckham's results

Victoria Beckham's poll
Victoria Beckham, which was commissioned by the Samsung Galaxy S6 

Victoria Beckham's results show that she is ranked her husband David Beckham at number 2

Victoria Beckham is ranked her husband David Beckham at number nine in the most stylishness 

Victoria Beckham's results show she is ranked her husband David Beckham is a new poll of the most fashionable Brits have placed her at 1

Victoria Beckham is ranked her husband David Beckham is in the UK",False,True,captured
cnndm_11395,cnndm,0.6B,4,stochastic,999,11.934,1148.92,67.83,160,13.41,345,73,87,0.2116,0.84,False," in 2014 2014, along with the pottery, had raised the possibility that had been thought they were thought to be the Crossrail project had been thought that led to the belief was a major excavation was thought to be the result in the Crossrail team was a 'unexpected and fascinating discovery' in the team were initially led to 2014 was awoke up to 2014 2014 was a significant for the Crossrail team unearthed 20 Roman skulls were considered the Crossrail team unearthed about 20 Roman skulls and  was described as a 'unexpected and fascinating discovery' in the Crossrail team unearthed about 20 Roman skulls were aled to the belief was the team made the Crossrail project",False,True,captured
