sample_id,task,draft,k,regime,seed,latency_s,ttft_ms,tpot_ms,num_tokens,tokens_per_sec,total_proposed,total_accepted,n_verify_steps,alpha,B_eff,stopped_eos,output_text,gpu_stream_pipeline,gpu_stable_step_shapes,gpu_graph_capture
gsm8k_2,gsm8k,0.6B,4,stochastic,123,14.4939,249.03,55.86,256,17.66,508,128,128,0.252,1.0,False," 

Okay, let's see.>

Okay, let's think>
Okay, let's think>
Okay, let's think>
Okay, let's think>
Okay, let's think>
Okay, let's think>
Okay, let's see the value of the house by the value of the answer > 

Okay, let's think>
Okay, let's think through the steps here > 

Okay, let's think>
Okay, let's think>
Okay, let's try to find the value >

Okay, let's think through the answer >
Okay, let's think through the steps above the number > 

Okay, let's see the value >
Okay, let's try to find the answer > 

Okay, let's see the value of the house after checking the problem again, 2000>
Okay, let's try>
Okay, let's think about this is the answer > 

Okay, let's see the problem again. 

Final Answer>
Okay, let's see the value of the house increased value of the house. 30000>
Okay, let's try to find the answer here put your answer here >
Okay, let's try to figure out the value of house value >
Okay, let's think through the process >

",False,True,captured
gsm8k_11,gsm8k,0.6B,4,stochastic,123,15.2084,139.8,59.09,256,16.83,538,122,135,0.2268,0.9,False," 

Let me calculate the total cost is the total cost of the total cost in the box >

To calculate the total cost step-by> 

Okay, let's see.>

To calculate the total cost of the total cost in numbers >

To find the total cost, let's calculate the total cost in the total cost in the box. 

Okay, let's calculate the total cost in the total cost in dollars>
Okay, let's calculate the total cost in numbers here put the final answer in numbers >

To find the total cost by the total cost in numbers >

To calculate the total cost of the total cost in dollars >
To calculate the total cost of the total cost in dollars >

To calculate the total cost of the total cost in dollars >

To find the total cost by the way to be sure to be sure. Let's break down here put your answer here >
To find the total cost by step-by-step calculation here >
To calculate the total cost of the total cost in dollars >

To calculate the total cost of don'the total cost in the box>
Okay, let's calculate the total cost step-by-step>
Okay, let's calculate the total cost of each

Let me calculate the total cost of each

Okay, let's calculate the total cost step-by-step",False,True,captured
gsm8k_15,gsm8k,0.6B,4,stochastic,123,17.3506,140.58,67.49,256,14.75,615,103,154,0.1675,0.67,False," Also, suppose that the market for the first plan is a merchant has a 2 options are a merchant is a merchant is a 2 purchase price of the merchant is able to borrow a loan of $2. merchant is considering the risk of the merchant has a 30% of the merchant can't beadvisits value of the market goes down payment for the purchase price of the jewelry market for the electronic gadgets market will be the merchant can be a case that the merchant is considering a merchant could be a merchant has a 20. If the merchant decides to buy is a merchant has a 5% of the market for the same merchant decides to invest amount of the merchant could be a 2nd the merchant has a 50. Also, suppose that the merchant has an interest rate is a merchant could be a 2nd, merchant has to the merchant can choose the plan is a 10% tax rate is a merchant could choose to the merchant has an interest rate is a 2nd plan is a 50. merchant decides to buy is the merchant decides to invest the merchant is a 50% increase in the value of the dollar amount of the profit is calculated profit is 2. Also, suppose that the merchant",False,True,captured
gsm8k_21,gsm8k,0.6B,4,stochastic,123,11.7416,145.31,45.48,256,21.8,414,152,105,0.3671,1.45,False," Let's solve this problem step by step, step by step, and think step by step, step by step, step by step, and make sure to take it step by step, and make sure to be breaking it down step by step, step by step, and make sure to include the steps. 

First, we need to find out how old step by step, breaking it down step by step, step by step, using the information given the problem step by step, step by step, breaking it down step by step, and make sure to write down to find the current age of Raymond and see step by step, step by step, and see step by step, step by step, using the information step by step, step by step, using the information step by step, and then answer step by step, step by step, using the information step by step.

First, we need to find the problem step by step, step by step, using the information step by step, breaking it down step by step by step, step by step, step by step, using the information step by step.

First, we need to find the same as a step by step. 

First, we need to find out how old step by step, and find the same as",False,True,captured
gsm8k_22,gsm8k,0.6B,4,stochastic,123,15.8115,140.45,61.46,256,16.19,544,120,136,0.2206,0.88,False," 

Let me think>
Okay, let's see.>

To determine the answer here put your answer here >
To determine the total number of DVDs sold DVDs sold DVDs sold DVDs sold > 
Okay, let's see solution > 

Okay, let's see solution >
Okay, let's see solution here put your answer here >.
Final Answer: <.
Let me think through the problem step by step-by-step reasoning steps >

Let me think through the problem step by step-by-step>
Okay, let's think>
Okay, let's think>
Okay, let's think>
Okay, let's see solution here >
To determine the total number of DVDs sold on Tuesday>
Okay, let's see the number >
To determine the total number of DVDs sold > 

Let me think through the problem step by step-by> 

Okay, let's think>
Okay, let's see the answer >
To determine how many DVDs did not sure, let's think step by step-by>

Let me think this is 1111>
Okay, let's see the number >
Okay, let's see the number >
To determine the total number of DVDs sold >
To determine the total number of DVDs sold on Tuesday.
Okay, let's see.>

To determine the total number of DVDs",False,True,captured
gsm8k_32,gsm8k,0.6B,4,stochastic,123,10.9248,138.45,42.3,256,23.43,384,160,96,0.4167,1.67,False," 

First, determine the total hours per day *step by step-by-step, we need to find the first, we need to find out step by step, we need to find out step by step, we need to find out how many hours per day does it is to find the total hours per day, we need to find out step by step, we need to calculate the total hours per day, we need to calculate the total hours per day, we need to determine the number of dogs, we first, we need to calculate the total hours per day, we need to calculate the total hours per step by step, we need to calculate the total hours per day, we need to calculate the first, we need to calculate the first, we need to find the total hours per day, we need to find out step by step, we need to calculate the total hours per step by step, first, we need to find the total hours per day, we need to calculate the total hours per step:

First, determine how many hours per day does the first, we need to find the total hours per day, we need to calculate the total hours per day, we need to calculate the first, we need to calculate the total hours per step, we need to calculate the",False,True,captured
gsm8k_34,gsm8k,0.6B,4,stochastic,123,15.8031,139.33,61.43,256,16.2,531,123,134,0.2316,0.92,False," 

Okay, let's see. So, step by step. First, I need to find the first. So, first. First, I think step by step. 

Okay, let me think step by step.

Okay, let me. First, I think step by step. 

Okay, let me step by step. 

Okay, let me. So, first. So, first. 

Okay, let me step by step. 

First, I need to find how many jewels does this step by first. 

Okay, let me think step by step. 

First, let me step by step. 

First, let me start by writing the problem step by step. 

First, I need to find out step by step. 

First, let me think step by step. 

First, I need to find how many jewels does the first. Let me start by assigning variables. 

Let me. 

Okay, let's step by step. 

First, I need to find how many jewels does this step by step by assigning variables. 

Okay, let me think step by step. 

First, let me try to make a table:

Okay, let me think. So, first. 

Okay, let me think step by step.

Okay,",False,True,captured
gsm8k_35,gsm8k,0.6B,4,stochastic,123,15.2612,139.14,59.3,256,16.77,541,121,136,0.2237,0.89,False," 

Okay, let's see.>

To determine the total points Mike scored 14> 

Okay, let's see below >
To determine the total points scored by step >

To determine the total points scored 5>
Okay, let's see below >
To determine the total points scored by step-by>
Okay, let's see the total points >
To determine the total number >
To determine the total number >
To determine the total number of the total points > 

Okay, let's>
Okay, let's see the solution here >
To determine the total number >
To determine the total number >
To solve this is 4 + 4>
Okay, let's see the total points >
To determine the total number >
To determine the total number of the total points Mike's>
Okay, let's see below > 
Okay, let's see the total points > 
Okay, let's see below
Okay, let's see the total points >.
Okay, let's see below >

To determine the total points scored 56>
Okay, let's see the total points Mike plays ping pong points>
Okay, let's see below >
To determine the total number >
To determine the total number >
To solve this problem solution here put your answer here >
To determine the",False,True,captured
gsm8k_44,gsm8k,0.6B,4,stochastic,123,12.943,139.79,50.21,256,19.78,457,141,115,0.3085,1.23,False," 

Okay, let's see. So, first, I need to find the step by step. 

Okay, let's see if I can figure out the cost for each step by breaking it down step by step. 

First, let's see. So, first. 

Okay, let's see how much is step by step. 

Okay, let's see if I can figure out the problem step by step. 

First, I need to find the problem step by step. 

First, we need to find the net profit problem step by step. 

First, I need to find the total cost and make sure.  step by step. 

First, find the total cost first. 

Okay, let's see. So Charlie's step by step. 

First, I need to find the net profit problem step by step. 

First, I need to find out step by step. 

First, find the total cost first. 

Okay, let's see. So, first. First, I need to find the first. So first. So, he makes 20 candles. 

Okay, let's see. So, first. 

Okay, let's see. So, Charlie's step by step. 

Okay, let's see if",False,True,captured
gsm8k_48,gsm8k,0.6B,4,stochastic,123,14.6874,144.73,57.03,256,17.43,496,132,124,0.2661,1.06,False," How many feet long was each piece?

Wait, the wire used for each piece of the wire? (the wire? How many feet long was each piece?

Wait, the question?

Wait, the question seems to be a piece of wire?

Wait, the second piece of the wire?

Wait, the remaining wire that piece of the wire? The question? (the wire)? (the wire)? 

Wait, the second piece of wire left overhang?
Wait, the question is incomplete.

Wait, the piece of wire left over?

Wait, the wire left over?

First, we?

Wait, the question? (the remaining wire?

Wait, the question seems to be a piece of wire? (the wire that piece of wire?

Wait, the second piece of wire that piece of wire left over?

First, convert 1 piece of wire left over?

Wait, the question seems to be a piece of wire? (There is a mistake? The question is incomplete.?

Wait, the second piece?

Wait, the second piece?

Wait, the piece of wire left over?

Let me check?

Wait, the question is incomplete? The question is each piece?

Wait, the second piece of wire left over?

First, we each piece?

Wait, the second",False,True,captured
gsm8k_49,gsm8k,0.6B,4,stochastic,123,11.729,150.9,45.4,256,21.83,397,157,100,0.3955,1.57,False," 

First, find the total number of units in a student needs to find the first, we need to find the total number of units in steps: 

First, we need to find the total number of units in the first, we need to find the total number of units in the steps: 

Step 1: Determine the total number of units are the following steps:

First, we need to find the total number of units in the first, we need to find the total number of units. We need to find the total number of units in the building, we need to find the total number of units in steps:

1, we need to determine the total number of units are the following steps:

Step 1: Find the total number of units are the following steps:

Step 1: Find the first, we need to find the total number of units, we need to first, we need to determine the total number of units are the following steps: 

First, we need to find the total number of units first, we need to find the total number of units in steps:

1. First, we need to find the total number of units are the following steps: 

First, we need to find the total number of units in the first, we need to",False,True,captured
gsm8k_55,gsm8k,0.6B,4,stochastic,123,14.8632,137.92,57.75,256,17.22,527,124,133,0.2353,0.93,False," Also, what is the...? (The question is the remainder?

Wait, the problem asking here is the remainder?

Wait, the question seems like a typo in the problem asking for the remainder?

Wait, there is the remainder?

Wait, the question? (2nding of the lollipops? (total number of lollipops left over all together with the remaining number of the remainder?

Okay, let's see. (total number of lollip?

Wait, the question? (same as  remainder?

Wait, the remainder?

Wait, the question? (This is a. remaining number of lollipops left over lollipops left over lollipops left over lollipops left over all the remainder?

Okay, let's see. remainder?

Wait, I have  remainder?

Wait, the question that Jean has 30 lollipops left overal is the remainder?

Wait, the remainder?

Wait, the question? Also, what is the remainder?

Wait, the remainder? remaining number of lollipops left over lollipops left over lollipops left over lollipops left over lollipops? (a remainder?

Wait, the remainder? (remainder of",False,True,captured
gsm8k_56,gsm8k,0.6B,4,stochastic,123,16.0908,138.88,62.56,256,15.91,541,120,136,0.2218,0.88,False," Also, he has  (120. 3 candy bars of 10.5 quarters, 20.5 pounds of popcorn for the following items that he can he has 10 nickels and dimes and 1250.50. He has 120. He has 12 dollars for the week.50 cents.50 cents in his favorite movie tickets for the week. How many times can he go to the movies?

Wait, the same amount of money left over 150 cents in his own 15 quarters, 12 quarters, dimes and 15 quarters, 12 quarters, a coupon for 120.5 pounds of popcorn. How many times can he go to the movies?

Wait, the question markupsided 10 quarters, dimes and 10.5 dollars for the week. How many times can he go to the movies?

Wait, the question: 15 quarters, dimes and nickels and 120.5 kilograms of popcorn. Wait, there are 10 quarters, dimes, 120 quarters, 20 quarters, dimes and 30.5 dollars",False,True,captured
gsm8k_57,gsm8k,0.6B,4,stochastic,123,12.035,139.27,46.65,256,21.27,419,152,105,0.3628,1.45,False," 

Step 1: Determine the total weight of the truck's step by step-by-step, we need to find the total weight of the truck's first, we need to determine the total weight of the following steps: 

First, we need to calculate the total weight of the total weight of determining the maximum number of boxes that can be broken down into steps:

1, we need to determine the total weight of the total weight of the total weight of the truck and determine the total weight of the first, we need to determine the total weight of the first, we need to determine the total weight of the total weight of determining the maximum number of boxes is to solve for the total weight of determining the maximum number of boxes, we need to determine the total weight of the total weight of the truck's total weight is to find the maximum number of boxes that can be broken down into steps: 

Step 1: 

Step 1, we need to determine the total weight of the first, we need to determine the total weight of the wooden bridge's step by step, we need to determine the first, we need to determine the total weight of the total weight of the truck and answer the following steps:

Step 1, we need to determine the first, we need",False,True,captured
gsm8k_59,gsm8k,0.6B,4,stochastic,123,15.4101,153.63,59.83,256,16.61,519,125,131,0.2408,0.95,False," 

To find the total number of raspberries>
To find the total number of the problem solution here > 

Okay, let's see the total number of raspberries >
To find the total number of the clusters and then the total number >. 13676720>
To find the total number >
To find the total number >
To find the total number >
To find the total number of the total number > 
Let me calculate the total number >
To find the total number >
To find the total number of the clusters and then the number >
To find the total number of the problem solution > 

Okay, let's see the total number of raspberries>
To find the total number > 
Okay, let's think>
To find the total number of the bush has to be careful calculation here > 

Okay, let's see the total number of raspberries>
To find the total number >
To find the total number > 

Okay, let's see the total number of raspberries>
To find the total number of the problem solution > 

To find the total number >
To find the total number >.
To find the total number >
To find the total number >
To solve the number >
To find the total number of the total number of the total",False,True,captured
gsm8k_62,gsm8k,0.6B,4,stochastic,123,15.7699,141.9,61.29,256,16.23,538,121,135,0.2249,0.9,False," (Do not round the (Do not round the answer.)

To solve this problem, we'll be the value.)

Okay, let's see. (Do not round the) value.)

To find the value of the pension.)

Okay, let's see the value of the value.)

Okay, let's see the value of the pension. Use the exact value. (Do not round the value.)

To compute, do not the answer. Keep the exact value. Do not round the numbers, value.)

Okay, let me

Okay, let's see the value. Do not the answer.)

Okay, let's see the numbers. Use exact value of the answer. (Do not round the value.)

To compute the answer.)

Okay, let's see. (Do not round the) answer. (Do not round the) answer. (Do not round. Do not round the final answer.)

Okay, let's see the answer. (Do not round the value of the numbers in the middle steps, but round your answer.)

To calculate the answer. Do not round the answer. (Do not round the value.)

Okay, let's see the numbers. Just give the answer. Use fractions. Do not round the answer.)

Okay, let's see the value of the value",False,True,captured
gsm8k_66,gsm8k,0.6B,4,stochastic,123,13.7816,138.63,53.5,256,18.58,489,134,123,0.274,1.09,False," 

Okay, so step by step. 

Okay, so step by breaking it down into steps by breaking it step by step. 

Okay, so step by breaking it down into parts step by step. 

First, I need to find the first. So, first by breaking it down step by step. 

First, I need to find the total number step by step. 

First, I think step by breaking it down step by step. 

First, I think step by step. 

First, I need to find total number of people. 

Okay, so step by step. 

Okay, so there are four schools. Each school has two different ways. So, there are four schools. Each school by first by first calculating the number of people. So, there are four schools. Each school by breaking it down into parts step by step. 

First, I need to figure out the step by step. 

First, I need to find the total number of people. So first by breaking it down into parts by breaking it down step by step. 

First, I need to find the total number of people. 

Okay, so step by step. 

Okay, so step by breaking it down into parts. 

Okay, so that step by step",False,True,captured
gsm8k_67,gsm8k,0.6B,4,stochastic,123,15.4635,138.66,60.1,256,16.56,530,124,133,0.234,0.93,False," 

Okay, let's see. Let's answer:  Answer:  Answer: 75

Okay, let's Answer: 5

Okay, let's answer: 5

Okay, let's see the number of gems =  Answer: 73
Okay, let's answer: 735

Okay, let's see. To solve:

Okay, let's see the total number of gems is the number of gems:  Answer: 7350

Okay, let's see the total number of gems is the answer: 60
Okay, let's see the total is the total number of gems is the answer to be careful step:  Answer: 64

Okay, let's answer is the number of rubies = 1

Okay, let's see. To find the total is the total is the number of gems = 175 + 

Okay, let's see the number of rubies is the number of rubies = 1

Okay, let's see the number of rubies = 1

Okay, let's see. Let's Answer: 75
Okay, let's see the number of rubies = 175
Okay, let's see",False,True,captured
gsm8k_68,gsm8k,0.6B,4,stochastic,123,14.5472,140.7,56.5,256,17.6,516,127,129,0.2461,0.98,False," 

Okay, so step by step. 

Okay, so step by setting up an equation. So, first. 

Okay, so step by setting up equations step by step. 

First, I think in steps: 

Okay, so step by first. 

Okay, so that step by first. 

Okay, so the problem says, step by step:

Okay, so step by step:

First, step by step. First, I need to find the first. First, I think step by step. First, I need to find the number of teachers problem step by step. 

First, I think I think in steps:

First, the problem step by step. 

Okay, let me think step by step. 

First, I need to find the number of the problem step by step:

Okay, let me think 

Okay, so the first. So first. So, first. First, we have to see if I need to find the number of the problem step by step. 

First, we have to find the number of boys is a step by step. 

First, we have  step by step. 

First, we know that there are twice as a step by step. 

First, I think I need to find the number of students",False,True,captured
gsm8k_69,gsm8k,0.6B,4,stochastic,123,16.1921,138.93,62.95,256,15.81,554,116,140,0.2094,0.83,False," 

Okay, let's see.>

To determine the amount Bailey started with > 

Okay, let's see below






To determine the initial amount > 

To determine the initial amount of the number >
To determine the amount > 

Okay, let's see the number >
To determine the amount > 

To determine how much money did not sure > 

To determine how much money did Bailey started with $750>
Okay, let's see below

Okay, let's see the amount > 

Okay, let's see below

Okay, let me think about 60>
Okay, let's see the number > 

Okay, let'something>
Okay, let's see.>

To determine the amount > 

Okay, let's money > 

To determine how much money did Bailey start amount > 

To determine how much money did Bailey starts with $70>
Okay, let's see the number >
To determine how much money did Bailey start amount >.>

To determine how much money did Bailey start amount >.
Okay, let's see the amount >.>

To determine how much money Bailey started with $70 > 
Okay, let's see the answer >

To determine how much money did Bailey start amount > 

",False,True,captured
gsm8k_73,gsm8k,0.6B,4,stochastic,123,12.7565,144.09,49.46,256,20.07,445,144,112,0.3236,1.29,False," (Do not round the (Do not round the answer. (Do not round the answer. (Do not round the final answer. (Do not round the answer. Do not round the final answer. Keep  answer. (Do not round the answer. Do not round the answer. (Do not round the final answer. (Do not round the final answer. (Do not round the) answer. Do not round the answer. Use decimal places. Show your answer. Give your answer. (Do not round the answer. answer. Keep  answer. Keep the exact answer. Keep  answer. Use decimal in the middle steps, but keep the exact answer. Round to the answer. Use decimal places in the middle steps. (Do not round the answer. Keep  answer. Round to the nearest cent.)

To solve this problem, we interest. Do not round the answer. )

Okay, let's see. (Do not round the answer. Keep the answer. Keep  answer. Keep the exact answer.)

To solve this problem, we have to the answer. Use decimal numbers. Keep  (Do not round the (Do not round the answer. (Do not round the final answer. Keep  answer. Keep the answer. Enter the answer in your",False,True,captured
gsm8k_78,gsm8k,0.6B,4,stochastic,123,15.5501,140.92,60.43,256,16.46,536,123,134,0.2295,0.92,False," (Do not round the) answer. (Do not round. (Do not round the answer. Do not round the answers. (Do not round the answer. Enter the answer as a. (Do not round the price per-flower price per-flower price per flower price per flower.)

Okay, let's see. (Do not round the answer. Use exact answer. (Do not round the answer.)

Okay, let me)

Okay, let me.)

Okay, let me)

Okay, let's see. (Do not round the) answer. Enter your answer. (Do not round the)

Okay, let me)

Okay, let me. (Do not round the)

Okay, let me)

Okay, let me)

Okay, let me)

Okay, let's) answer. (Do not round the) answer. Do not round the) answer. Use the answer. Use the answer. Use the exact answer.)

Okay, let me. (Do not round the answer. (Do not round the answer. Use decimal.)

Okay, let me check the answer. (Do not round the) answer. Round your answer. (Do not round the answer. Give your answer. (Do not round the answer. Enter a. 2.50",False,True,captured
gsm8k_90,gsm8k,0.6B,4,stochastic,123,13.5042,141.32,52.4,256,18.96,479,137,120,0.286,1.14,False," 

Okay, let's see.>

To determine the number >
Okay, let's see below >
Okay, let's think>
Okay, let's think>
Okay, let's think>
Okay, let's think>
Okay, let's think>
Okay, let's see the number >
Okay, let's think>
Okay, let's see below >
Okay, let's see the number here > 

Let me think>
Okay, let's think>
Okay, let's see below > 

Okay, let's

Okay, let's see below > 

Okay, let's think > 

Okay, let's see the number >
Okay, let's see below >
Okay, let's see the number of the number >
Okay, let's see below > 

Okay, let's think > 

Okay, let's

Let me think>
Okay, let's see below >
Okay, let's see the number of the number here >
Okay, let's see below >

To determine the total pounds of potato salad > 

Okay, let's>

To determine the total amount > 
Okay, let's see below > 

Okay, let's think > 

Okay, let's>

To determine how many pounds of potato salad>
Okay, let's see below >
Okay, let",False,True,captured
gsm8k_97,gsm8k,0.6B,4,stochastic,123,14.182,141.54,55.06,256,18.05,502,130,127,0.259,1.02,False," 

Okay, let's see the number >
Okay, let's think>
Okay, let's think>
Okay, let's think>
Okay, let's see the number >
Okay, let's think>
Okay, let's think>
Okay, let's see below > 

Okay, let's think>
Okay, let's think>
Okay, let's see below > 

To determine the number of tomatoes used 16>
Okay, let's think>
Okay, let's think>
Okay, let's see the number >
Okay, let's see the number of tomatoes used. 

Okay, let's see the number >
Okay, let's see below

To determine the number of tomatoes used 6>
Okay, let's see the number of tomatoes used > 

Okay, let'stomatoes>
Okay, let's see the number of tomatoes >
Okay, let's see below

To determine the number of tomatoes used 16>
Okay, let's see the number of tomatoes >
Okay, let's see the number of tomatoes Freda used 1248>
Okay, let's see the number of tomatoes >
Okay, let's>
Okay, let's see below

Okay, let's see the number of tomatoes Freda used 6>
Okay",False,True,captured
gsm8k_100,gsm8k,0.6B,4,stochastic,123,12.0762,153.08,46.76,256,21.2,427,148,108,0.3466,1.37,False," 

Okay, let's see. 

Okay, let's step by breaking it step by step. 

First, I think step by step. 

Okay, let's break it step by step. 

First, I will step by step. 

Okay, let's break it down. 

First, I will step by step. 

First, I will be breaking it step by step. 

First, I need to find the first. 

Okay, let's see. 

Okay, let's break it down step by step. 

First, I need to find the total number of doorbell rings step by step. 

First, let's see. So, the first. 

Okay, let's break it down step by step. 

First, I need to find the total number of doorbell rings problem step by step. 

First, let's break it down step by step:

Okay, let's see if I can find the problem step by step. 

Okay, let's break it down. 

First, I need to find the total number of doorbell rings step by step. 

First, I will step by step. 

First, let's break it down. 

First, I need to find the total number of doorbell presses step",False,True,captured
gsm8k_107,gsm8k,0.6B,4,stochastic,123,14.6193,145.33,56.76,256,17.51,516,127,129,0.2461,0.98,False," 

Okay, let's see. So, first, I need to find the problem step by step. 

Okay, let me step by first. So, first. 

Okay, let me step by step. 

First, I need to find out how many 30-minute episodes did a step by step. 

First, I need to find the problem step by step.

Okay, let me think in steps. 

Okay, let me step by step.

Okay, let me step by step. 

Okay, let me step by step. 

First, I think in steps. 

First, I need to find the same problem step by step.

Okay, let me think in steps. 

First, step by step. 

First, I need to find out how many steps. 

First, I will be step by step. 

First, I think I will be writing down the problem step by step. 

First, I think the step by step. 

Okay, let's step by step. 

First, I will be setting up an equation. Let me think. So, first. So, first. Let me think. So, the total time. So, first. So, the total time he watched  step by step. 

First",False,True,captured
gsm8k_112,gsm8k,0.6B,4,stochastic,123,14.565,140.3,56.57,256,17.58,515,128,129,0.2485,0.99,False," 

Let's>

To determine the number of cleanings > 

Okay, let's see. 

Okay, let's think>
Okay, let's think>
Okay, let's think>
Okay, let's see the number > 

To determine the number of lessons per day > 

Okay, let's think>
Okay, let's think>
Okay, let's think step-by>
Okay, let's think step by step-by> 

Okay, let's think>
Okay, let's see the number >
To determine how many times is the answer >.>

To determine the number >
To determine the number of lessons per day > 

To determine the number of lessons per day > * 48>
Okay, let's think step-by>
Okay, let's see the number of cleanings per day. Let's solve this is the number here >
To determine how many times is the total cleanings>
Okay, let's see the number of cleanings in a day.
Okay, let's think step by step-by> 248>
Okay, let's see the number of cleanings per day. 

Final Answer: <number>
Okay, let's see the number >
To determine how many times is the whiteboard_cleaning_count>
Okay, let",False,True,captured
gsm8k_113,gsm8k,0.6B,4,stochastic,123,15.4448,138.29,60.03,256,16.58,548,118,138,0.2153,0.86,False," Also, what is the...? (same as 1000000?

Wait, the user's question? (it total number of flowers that Ryan's? (second question? (percentage of flowers that grew flowers that is the total number of flowers that is the total number of flowers per day when he plants 4th probability that a) total number of flowers that is 20thir average number of flowers that Ryan's value of the total number of flowers that he has he total number of flowers if 5 did not grow rate of growth of the total number of flowers that Ryan's value of 2nd of the total number of flowers that Ryan's area of the total number of flowers he number of flowers that Ryan's ratio of the number of flowers that Ryan's total number of flowers that did not grow? 12nd of the number of flowers that Ryan planted seeds he has in the total number of flowers he planted flowers per day rate of growth of the flowers that did not grow? (second) total number of flowers that Ryan's total number of flowers he has he have if he has the number of flowers that Ryan's total number of flowers that Ryan's total number of flowers if 3rd of 4th term for",False,True,captured
gsm8k_121,gsm8k,0.6B,4,stochastic,123,14.3436,141.1,55.7,256,17.85,508,129,127,0.2539,1.02,False," 

Okay, let's see. Let's answer: 4

Okay, let's see. So, let's answer:  Let's answer: 5 apples and 8 oranges

Okay, let's see the total number of fruits is 1

Okay, let's see the number of fruits: 2

Okay, let's see the total number of fruits is 4

Okay, let's answer: 46

Okay, let's answer is 5 apples and 8 oranges: 4

Okay, let's answer is 43

Okay, let's see the total number of fruits is 3

Okay, let's see

Okay, let's see

Okay, let's see the number of fruits: 50

Okay, let's answer is 4

Okay, let's see the number is 4

Okay, let's see
Okay, let's see the total number of fruits is 5+8=  <number>
Okay, let's see the number of fruits is 5 apples: 4

Okay, let's see the number of apples: 4

Okay, let's answer is 45 apples: 4

Okay, let's answer is 47",False,True,captured
gsm8k_125,gsm8k,0.6B,4,stochastic,123,12.686,149.07,49.16,256,20.18,445,145,112,0.3258,1.29,False," Let's solve this problem step by step, step by step, using the information given. 

Okay, let's see how many ways. 

Okay, let's see how many spoons were the same as the example by breaking it down step by step, step by step, step by step, step by step, step by step, step by step, using a step by breaking it step by step, step by step, using a step at your step by step, step by step, step by step, using a step at your own step by step, step by step, step by step, using a step at a step at your own pace.  step by step, step by step, using a step at a step at the problem step by step, step by step, using a step at a time step by step, step by step, using a step at a time. 

Okay, let's see how many steps. 

First, let's break it step by step, step by step, step by step, step by step, using a step at a time. 

Okay, let's see how many steps.

Okay, let's see if it step by step, step by step, using the information step by step, step by step, step",False,True,captured
gsm8k_126,gsm8k,0.6B,4,stochastic,123,12.9013,140.72,50.04,256,19.84,454,142,115,0.3128,1.23,False," 

Okay, so that. So, step by step. So, Dylan bought chicken sausages be writing down. So, Dylan bought chicken sausages be starting by first. 

Okay, so step by first. 

Okay, so that step by first. So, Dylan bought chicken sausages be writing down. So, Dylan bought chicken sausages = 38 chicken sausages be thinking step by step. 

First, I need to find the first. So first. So first. 

Okay, so that step by step. 

Okay, so Dylan bought 38 chicken sausages is step by step. 

Okay, so Dylan bought 38 chicken sausages = 38 chicken sausages = 38 chicken sausages be first. So, Dylan bought 38 chicken sausages be first. So, Dylan bought 38 chicken sausages = 38 chicken sausages problem step by step:

Okay, so Dylan bought 38 chicken sausages = 38 chicken sausages problem step by step. 

Okay, let's problem step by step. 

First, Dylan bought 38 chicken sausages. 

Okay, let's problem step",False,True,captured
gsm8k_132,gsm8k,0.6B,4,stochastic,123,16.1984,139.85,62.97,256,15.8,575,113,144,0.1965,0.78,False," 

Okay, let's see. Let's>
Okay, let's see, let's>

Okay, let's think>
Okay, let's think>
Okay, let's see the total tickets>
Okay, let's think>
Okay, let's think>
Okay, let's think>
Okay, let's see the total tickets used tickets>
Okay, let's think>
Okay, let's see the total number > 

Okay, let's think>
Okay, let's see the total tickets used by step-by>

To determine the total number of tickets they used 360>

Okay, let's see the total tickets used >. 

To determine the total number of rides > 

Okay, let's see the total tickets>
Okay, let's think step-by-step>
Okay, let's see the total tickets used >
To determine the total number > 

Let me think>
Okay, let's think>
Okay, let's see the total number >
To determine the total number of rides> 

Okay, let's>
Okay, let's think step-by>

Okay, let's see the total number >
To determine the total number of the total tickets used >
To determine the total number > 

Okay, let's>
Okay, let's see the total number of",False,True,captured
gsm8k_134,gsm8k,0.6B,4,stochastic,123,15.3167,138.66,59.52,256,16.71,543,121,136,0.2228,0.89,False," 

Okay, let's see.>

To determine the total cost per year.>

To determine the total cost for the total cost in a year, Tom gets 4 car washes per year, 60> 

To determine the total cost for a number >
To determine the total cost for the total cost for the total cost in a year >
To determine how much does not a number >
To determine how much does he pay in a year, Tom gets 4 car washes per year.
Okay, let's see below >

To determine the total cost for the calculation steps >
To calculate the total amount in a year, Tom gets 4 car washes per year>
Okay, let's see the number >
To determine the total cost for the problem solution > 

Okay, let's see the answer here put your answer here >
To determine how much does he pay in a year, Tom pays 600>
Okay, let's see the calculation steps here >
To calculate the total amount in a year, Tom pays 600>
Okay, let's see.>
Okay, let's see below >
To determine the total cost for the user is 4 car washes> 

To calculate the total amount in dollars >
To determine the total cost",False,True,captured
gsm8k_143,gsm8k,0.6B,4,stochastic,123,14.5951,140.5,56.68,256,17.54,517,127,130,0.2456,0.98,False,"  <number>
Okay, let's see. <number>
Okay, let me:  <number>
Okay, let me

Okay, let me

Step:  <number>
Okay, let's see the total cost is the total cost is the answer:  <number>
Okay, let's answer: 2 <number>
Okay, let me think. So, the total cost is  <number>
Okay, let's see the total cost is the final answer: 23

Okay, let's answer: 22 <number> 

Okay, let's answer: 23

Okay, let's answer is the total cost is 22.  <number>
Okay, let's answer is the total cost is 2 <number>
Okay, let's  <number>
Okay, let me think:
Okay, let me
Okay, let's see
Okay, let me

Okay, let's see the total cost is 2 <number>
Okay, let me think: 23

Okay, let's answer is 21: 24
Okay, let's number is the total cost is 2+ Answer: 24

Okay, let's answer is the total cost after tax",False,True,captured
gsm8k_153,gsm8k,0.6B,4,stochastic,123,14.215,145.97,55.17,256,18.01,501,130,126,0.2595,1.03,False," 

Let me try to find the answer step by step-by>
Okay, let's try to be sure > 

Okay, let's try to find the number >

To determine the number >

To determine the number of fries>
Okay, let's try to find the answer here > 

Let me try to find the number >

Okay, let's try to find the number >

Okay, let's try to find the answer > 

Let me try to figure out of the number > 

Okay, let's think>
Okay, let's think>
Okay, let's try to solve this is there are you need to calculate the number you need to put your answer here >
Okay, let's try to solve this step by step >

To determine the number of fries in the pack when Dave bought it's>

Okay, let's solve this is the number >

Okay, let's try to find the answer step-by-step explanation > 

Okay, let's try to find the answer step-by-step-by-step explanation>
Okay, let's try to figure out the answer step by solving step-by> 

Okay, let's final answer here put the answer > 

Okay, let's think>
Okay, let's try to think>
Okay, let's try to find the answer here >
",False,True,captured
gsm8k_160,gsm8k,0.6B,4,stochastic,123,17.5127,139.83,68.13,256,14.62,620,100,156,0.1613,0.64,False," 

Let me solve this step-by- 
Okay, let's see.>

Okay, let's see, let's water depth on Wednesday'solution>
Okay, let's see the number > 

To determine the depth on Wednesday is the number > 

Okay, let's see the depth on Wednesday depth on Wednesday depth on Wednesday is 17 + 

Okay, let's think>
Okay, let's see the depth on Wednesday's

Let me solve the number > 

Let me solve this step by step and then put final answer >
To determine the depth on Wednesday step-by>
Okay, let's see the number > 

Okay, let's think>
Okay, let's see the steps >

To solve the answer >
To determine the depth on Wednesday step-by>
Okay, let's think>
Okay, let's see the problem solution here >.>

To solve this is the number here > 

Okay, let's see the steps above>
Okay, let's think step-by>

Okay, let's see the answer >
To solve this problem answer here >
To determine the water depth on Wednesday is 17 + 7 + 17 + 7724464>
Okay, let's see the steps above is the depth on Wednesday's",False,True,captured
gsm8k_172,gsm8k,0.6B,4,stochastic,123,14.8478,140.41,57.68,256,17.24,519,126,131,0.2428,0.96,False," 

Okay, let's see. So, step by step. First, I need to make a step by step. So, we have four birds: Sally Four birds age problem step by step. 

Okay, let's see if I can. First, I think
Okay, let's see if I can. Okay, let me. 

Okay, let me. First, I will be setting up equations step by step. 

First, I need to find the total age problem step by step.

Okay, let's see if I can figure out the same problem step by step. 

Okay, let me. So first. 

Okay, let me. So, first. Okay, let's see if I can. So, first. So, first. First, I will be writing down the equations step by step.

Okay, let's see if I can find the age of each bird age problem step by step. 

Okay, let's see if I can. So first. First, I think step by step. 

First, I need to find the total age problem step by step. 

First, I think step by step. 

First, I need to find the total age problem step by step. 

Okay, let's see if I",False,True,captured
gsm8k_176,gsm8k,0.6B,4,stochastic,123,11.7122,142.12,45.37,256,21.86,412,154,103,0.3738,1.5,False," Also, the total number of people in the race was 3 of people in the race was  of people in the race was  of boys in the race participants in the race was 2 of people in the race was 24 of boys in the race was 24 of boys in the race participants in the race was 400 of people in the race was 240 of boys in the race was  of people in the race was 240, of people in the race was  of boys and the number of boys in the race was  of people in the race was  of people in the race was 240 of people in the race was 240. of people in the race was  of participants in the race was  of boys in the race was 240 of people in the race participants in the race was  of people in the race was  of boys in the race was 240. of participants in the race was 240. of people in the race was 240. of people in the race was  of people in the race was  of people in the race was  of boys in the race was 240 of people in the",False,True,captured
gsm8k_177,gsm8k,0.6B,4,stochastic,123,17.026,141.47,66.21,256,15.04,598,105,151,0.1756,0.7,False," 

Okay, let's see the answer here >
Okay, let's think>
Okay, let's think>
Okay, let's think>
Okay, let's see below

Final Answer>
Okay, let's think>
Okay, let's think>
Okay, let's see the number >

Okay, let's think>
Okay, let's see the number >
To determine the number >

To determine the answer here put your answer here >
Okay, let's see the correct answer here put your answer here > 

Let me try to calculate step-by>
Okay, let's see below




Okay, let's see the number >

Okay, let's see below > 

Let me solve the answer >
Okay, let's see below>
Okay, let's see below >

To determine the amount > 

Okay, let'solution>
Okay, let's see the remaining amount > 

Okay, let'solution>
Okay, let's see the number >
Okay, let's see the number >

Okay, let's see the number >

To determine the amount >
Okay, let's see below >.>

Okay, let's see the answer here >
Okay, let's see the correct answer here >
To determine the amount >
To determine how much money will be careful calculation",False,True,captured
gsm8k_179,gsm8k,0.6B,4,stochastic,123,11.9292,139.42,46.23,256,21.46,418,151,105,0.3612,1.44,False," Let's solve this problem step by step. 

Step 1: Find the total amount earned in steps. 

Step 1. 

Step 1. He earned  step by breaking it down step by step. First, we need to find out step by step. 

First, step by breaking it down step by step by step. First, we need to find the problem step by step. First, we need to find out how much did step by step: 

First, find the problem step by step. First, we need to find out how much did he earned for the first week by breaking it down step by step. First, we need to find out how much did step by step. First, we need to find out how much did he earned for the first week by breaking it down into steps. 

First, find the total earnings for each step by breaking it down step by step. First, step by step. First, we need to find out step by step. First, we need to find the step by step: 

First, find the total amount earned in the first week by breaking it down into steps. First, we need to find out how much did he earn in steps. First, we need to find out how much did",False,True,captured
gsm8k_185,gsm8k,0.6B,4,stochastic,123,15.7336,140.98,61.15,256,16.27,550,118,138,0.2145,0.86,False," 

Okay, let's see. So, Jenna'solution:

Okay, let the problem solve this problem solve this problem solve this problem solve this problem. So, Jenna's first understand the problem. So, Jenna's. First, find the problem solve this problem solve this problem. So, I'm. So, Jenna's solution. 

Okay, let the problem. So, Jenna picked apples. So, Jenna's apples. So, Jenna'solve this problem. First, I think through this problem solve this problem. So, Jenna'se solve this problem. So, Jenna'solve this problem. So, first understand the problem. So, Jenna'solve this problem. So, first understand the problem. So, Jenna's mom picked the problem solve this problem. So, step through this problem. So, Jenna's apples. So, if I don't get the problem. First, I need to find the problem solve this problem. So, step through this problem. 

Okay, let's see. So, Jenna'solve this problem. 

Okay, let the problem. So, Jenna's apples. 

Okay, let'solve this problem. So, first understand the problem. So, Jenna's mom's solve this problem. So, Jenna",False,True,captured
gsm8k_187,gsm8k,0.6B,4,stochastic,123,15.8503,143.51,61.6,256,16.15,557,116,140,0.2083,0.83,False," 

Okay, sove the problem step by step. So, step through this step through this step through this step through this step by step.

Okay, sove this step through this step by step think. So, Mandy's. First, find the problem step through this step by step. 

Okay, so this step through this step by step. 

Okay, sov understand the problem. So, step through this step by step. 

Okay, so this step through this problem step through this step by step. 

Okay, so Mandy owes $100. So, Mandy's think through this step by step. First, I think. First, I think. So, Mandy'solution:

Okay, so Mandy'solve this step through this step by step. So, Mandy's. Okay, so Mandy'solve this step by calculating the amount of the problem. 

First, I think the problem step through this problem step through this step by step through this step by step. First, I think that. So, Mandy owes $100 is the start by myself. So, Mandy's debt = to solve this step through this step by step through this step by step through this step by step through",False,True,captured
gsm8k_188,gsm8k,0.6B,4,stochastic,123,13.2807,140.99,51.53,256,19.28,466,138,118,0.2961,1.17,False," 

Okay, let's see if I can. 

Okay, let me think step by step:

Okay, let me. So, I think step by step. 

Okay, let me think step by step. 

First, let me step by step:

Okay, let me think step by step. 

Let me solve step by step. 

Let the first. So, the trader buys the problem step by step. 

First, I need to find the problem step by step:

Okay, let me think step by step. 

First, let me understand the problem first. So, the trader buys wheat problem step by step:

Okay, let me think step by step. 

Let me solve the problem step by step. 

Okay, let me think step by step. 

Let me solve this problem step by step. 

Okay, let's step by step. 

First, I think step by step. 

First, I will the problem step by step. 

Let me solve this problem step by step. Let me think about the trader problem step by step. 

First, I think step by step. 

Let me solve the problem step by step by step. 

Let me solve the problem step by step. 

First, I will be defining the",False,True,captured
gsm8k_190,gsm8k,0.6B,4,stochastic,123,14.0824,139.18,54.68,256,18.18,497,132,125,0.2656,1.06,False," 

Okay, let's see.>

Okay, let's think>
Okay, let's think>
Okay, let's think>
Okay, let's see, let's think>
Okay, let's see below > 
Okay, let's see the number >
Okay, let's think step by step-by-step>
Okay, let's think>
Okay, let's see the solution > 

To determine the number > 

Okay, let's see the number > 

Okay, let's see below >
Okay, let's see the number of peaches collected_peaches> 

To determine the total peaches>
Okay, let's see the number > 
Okay, let's see the number > 

To determine the total number > 

Okay, let's>
Okay, let's see the number of peaches collected_peaches>
Okay, let's see the number of peaches collected_peaches>
Okay, let's see the number of peaches>
Okay, let's see below >
Okay, let's>
Okay, let's see the number of peaches collected_peaches>
Okay, let's think step by step-by-step-express the number > 

Okay, let'solved

Final Answer: <

Okay, let's see the number of peaches >
Okay",False,True,captured
gsm8k_192,gsm8k,0.6B,4,stochastic,123,14.8439,140.84,57.66,256,17.25,525,125,132,0.2381,0.95,False,"  <number>
Okay, let's see. <number>
Okay, let's see the number is 5
Okay, let's see the problem step:  <number>
Okay, let's see the answer: 1 <number>
Okay, let's see if you need to calculate the answer: 2 <number>
Okay, let's see the answer: 1

Okay, let's think through the problem step by step:  <number>
Okay, let's see what is the answer: 50

Okay, let's see, the answer: 4
Okay, let's see.  <number>
Okay, let's see the answer: 30% of trees = 5

Okay, let's see.  <number>
Okay, let's see.  <number>
Okay, let's see the answer: 1: 30% of the number of the answer: 2 <number>
Okay, let's see the answer is 30.  <number>
Okay, let's see the number of the answer is 130%: 50

Okay, let's see the answer is 7

Okay, let's see, the answer is 50",False,True,captured
gsm8k_202,gsm8k,0.6B,4,stochastic,123,16.0028,139.23,62.21,256,16.0,564,116,141,0.2057,0.82,False," 

Okay, let's see. Let's farm produces 100>
Okay, let's solution here > 

Okay, let's see solution here > 

Okay, let's see solution here >
To determine the answer here put your answer here >
To determine the total barrels of wine > 

To determine the total number > 

Okay, let's see solution here >
To determine the total barrels > 

Okay, let's see the number > 

To determine the total barrels >
To determine how many barrels of wine does the calculation here >.
Okay, let's see solution here > 

To determine the total barrels > 

Let me think>
Okay, let's see the number > 

Okay, let's see the answer here >
To determine how many barrels of wine does not sure, let's break down here >
To determine how many barrels of wine does not sure yet to be careful calculation here >.
Okay, let's see the number > 

Okay, let's see solution steps here > 

Let me think through the number > 

Okay, let's see the number > 

Let me think step by step-by-step reasoning steps here >

Okay, let's see the number of barrels of wine per year>
Okay, let's see the calculation steps here > 

",False,True,captured
gsm8k_207,gsm8k,0.6B,4,stochastic,123,15.0401,141.27,58.43,256,17.02,525,124,132,0.2362,0.94,False," 

Okay, let's see.>

Okay, let's think>
Okay, let's think>
Okay, let's think>
Okay, let's think>
Okay, let's see below > 

Okay, let's think>
Okay, let's think>
Okay, let's see below > 
Okay, let's see the number >
Okay, let's see below >
Okay, let's think > 

Okay, let's think>
Okay, let's see below >

Okay, let's see below > 

Okay, let's weight in grams >

To determine the total weight of the answer >
Okay, let's think>
Okay, let's see the answer here >

Okay, let's think step-by>
Okay, let's think > 
Okay, let's see below > 

Okay, let's see the total weight in grams > 
Okay, let's think step-by>

Okay, let's see the total weight in grams>
Okay, let's think step by the number >
Okay, let's see the total weight of the problem solution here > 

Okay, let's see below > 

Okay, let's see below >
Okay, let's see the answer in grams >
Okay, let's see the total weight in grams >
Okay, let's see below",False,True,captured
gsm8k_212,gsm8k,0.6B,4,stochastic,123,16.8822,140.28,65.65,256,15.16,576,112,145,0.1944,0.77,False," (Do not use the (Do not use the perimeter formula for the perimeter formula for the answer key for the perimeter formula for the answer.)

Okay, let's see. (Do not use the perimeter formula, 24) formula for the perimeter formula; just-in the perimeter formula. Use the formula for the perimeter formula for the perimeter formula. Use the perimeter formula; just-including the 2. Do not use the (Do not use the (Do not use theDo not use the (Do not use the) formula for the perimeter formula directly.)

Okay, let meager than or the formula for the perimeter of the perimeter formula for the answer.)

Okay, let meager than 45 for the answer. Just give the perimeter formula for the answer. Just answer in the answer is the perimeter formula for the answer.)

Okay, let meager
Okay, let meager than 1/Do not use theDo not use theDo not use theDo notational numbers 1.5 miles perimiter, the perimeter formula. Just add the lengths of the park'shortcut and and the ""perimeter formula for the answer.)

Okay, let'shortcut for the answer. Just answer with the answer from the problem-solving method of the park's",False,True,captured
gsm8k_214,gsm8k,0.6B,4,stochastic,123,17.7218,139.85,68.95,256,14.45,629,99,158,0.1574,0.63,False," (Do not use the (Do notations.)

Okay, let's try to make the equation of) (Do not use the word ""rate formula for the answer of, 50. Do not use the)

Okay, let x for the answer from the problem's') in the answer as) the word ""gallons. Assume that the pools' g) ""time) (Do not use theDo not use the (Do not use theDo not use the Do not use the)

Okay, let x variable ""c method of or operator ""Let me think about the answer as a variable. Do not use the Do not use the. )

Okay, let x x and and the) [formula for your knowledge of the pools' 'x) [equation (Do not use the (Do not use the (Do not use the word ""water, 1. Do not use the ""unknowns: x) equation of, answer is...)

Okay, let x) ""in the answer from the problem, it's a= operator ""x =) (Do not use the ""rate) (Do not use the ""x variable ""Let me think. So, use the word ""rate of the big pool'symbol.)

Okay, let",False,True,captured
gsm8k_220,gsm8k,0.6B,4,stochastic,123,14.1375,138.84,54.9,256,18.11,499,132,125,0.2645,1.06,False," 

Okay, let's see.>

To determine the total time Carmen spent playing these games. 

Okay, let's see the total time in minutes>
Okay, let's see the total time in minutes > 

Okay, let's calculate the total time in minutes > 

Okay, let's see the time spent playing these games. 

To determine the total time spent playing these games> 

Okay, let's see the number > 

Okay, let's calculate the total time in minutes>
Okay, let's see the total time in minutes >
To determine the total time spent on the weekend. 

Okay, let's
Okay, let's see the total time in minutes > 

Okay, let's see the total time in minutes >

To determine the total time spent playing these games.>

To determine the total time spent playing these games is the total time in minutes > 

Okay, let's 12350>

To determine the total time Carmen spent a number > 

Okay, let's time spent playing these games > 

Okay, let's time in minutes > 

Okay, let's calculate the total time in minutes > 

Okay, let's time spent playing these games is the total time in minutes >
To determine the total time spent playing these games",False,True,captured
gsm8k_222,gsm8k,0.6B,4,stochastic,123,13.9233,141.17,54.05,256,18.39,491,132,124,0.2688,1.06,False," 

Okay, let's see.>

To solve step-by>
Okay, let's see.>

To determine the total number of flowers >
Okay, let's see, 1270>
Okay, let's see the total number of flowers >
Okay, let's see the total number of flowers >
Okay, let's see solution here put final answer >
Okay, let's see solution > 

Okay, let's see the number >
Okay, let's see solution here >
Okay, let's see solution steps here > 

Okay, let's see solution > 

Okay, let's>

To determine the total number of flowers>
Okay, let's see solution here put answer here >
Okay, let's see the number of petunias> 

To solve step by step > 

Okay, let's total number >
Okay, let's see the number > 
Okay, let's see the total number of flowers > 

Okay, let's>
Okay, let's see solution here >.
Okay, let's see solution here >
Okay, let's see the total number of flowers that's the total number of flowers planted total number >
Okay, let's see the total number of flowers >
Okay, let's see the total number of flowers that's not sure to",False,True,captured
gsm8k_231,gsm8k,0.6B,4,stochastic,123,12.1206,140.36,46.98,256,21.12,423,151,106,0.357,1.42,False," Also, suppose that the total number of shells collected by the total number of shells collected by the total number of shells collected by Robert collects 3rd day after the first day, total number of shells collected by the total number of shells collected shells collected shells collected shells collected on Wednesday is a total number of shells collected by the total number of shells collected shells collected on Monday'sh number of shells collected by the total number of shells collected on Monday'sh number of shells collected by the total number of shells collected shells collected on Monday are 20 shells collected shells collected on Monday's collection of shells on Wednesday, total number of shells collected by the total number of shells collected shells collected on Monday's shells collected on Monday's collection is a total of the total number of shells collected by the total number of shells collected shells collected on Monday are 20 shells in total number of shells collected by the time between the total number of shells collected by the total number of shells collected on Monday's shells are 20 shells collected on Monday are 20 shells in total number of shells collected by the total number of shells collected shells collected on Monday are 20 shells collected on Monday are 20 shells collected on Monday's collection is 100 shells collected on Monday",False,True,captured
gsm8k_235,gsm8k,0.6B,4,stochastic,123,15.6422,139.56,60.79,256,16.37,556,118,139,0.2122,0.85,False," 

Okay, let's see.>

To determine the number of pizzas John needs to be careful thinking process here > 
Okay, let's think>
Okay, let's think>
Okay, let's think>
Okay, let's think>
Okay, let's see solution >
To determine the number of pizzas John needs to order 3>
Okay, let's think through the number >
To determine the total_p>
Okay, let's think through the steps

To determine the total number of pizzas>
Okay, let's think through the process >.>

Okay, let's think step by step-by->
Okay, let's think through the steps. Let's see. 

Okay, let's think>
Okay, let's think>
Okay, let's see the number >
To determine the total number of pizzas>
Okay, let's see the number of pizzas>
Okay, let's see below > 

Okay, let's think step by step-by> 

To determine the total number of pizzas>
Okay, let's see the number of pizzas>
Okay, let's see the number of pizzas John needs to order 3 >

To determine the total number of slices needed > 

Okay, let's see the answer here >
To determine how many pizzas > 

Okay, let",False,True,captured
gsm8k_237,gsm8k,0.6B,4,stochastic,123,15.3663,140.14,59.71,256,16.66,545,119,137,0.2183,0.87,False,"  (Note: Don't useNote: Don't useNote: Don't use the word ""allowance in your calculator.)

Okay, let's see. 1, the word ""triple or the word ""total amount of money, the word ""percentages, just the word ""percent""total amount.  the word ""it if you don't need to do the word ""it""200.  Just answer choices.)

Okay, let or mention the 0.20.  (a calculator, but you're'%'s for the answer choices.)

To solve this problem, we are, the word ""percentages or mention the interest rate formulas, the word ""it in your calculator for the answer.  (Note: Don't use the word ""This is a math problem.  Please don't use any information notations.  (a calculator for the answer.  Just do notations, please.  (Note: Don't useNote: Don't use the word ""it as a calculator.)

Okay, let's see.  Please don't use any markdown. Use the following expressions like the following: ""x for the answer.)

Okay, let's see the word ""money you can use the word ""percentages",False,True,captured
gsm8k_238,gsm8k,0.6B,4,stochastic,123,13.3185,140.3,51.68,256,19.22,473,138,119,0.2918,1.16,False," 

Okay, let's see. So, Jessa is 20

Okay, let's problem step by step. 

Okay, let me. So, I think in steps:

Okay, let me. 

Okay, let me. 

Okay, let me step by step. 

First, I think I need to find the first. 

First, I need to find the sum step by step. 

First, I need to find the sum of the problem step by step. 

First, I need to find the sum of the problem step by step. 

We are the same problem step by step. 

Okay, let me think in steps. 

First, I need to find the step by step. 

First, I need to find the sum step by step. 

First, I need to find the sum step by step. 

First, I think in steps. So, we need to find the sum of the three girls. 

First, I need to find the sum step by step. 

Okay, let me step by step. 

First, I think I need to find the ages problem step by step. 

First, I think I need to figure out the ages of the three girls. 

First, I think in steps.",False,True,captured
gsm8k_241,gsm8k,0.6B,4,stochastic,123,14.1635,139.87,54.99,256,18.07,504,131,126,0.2599,1.04,False," 

Okay, let's see. So, step by step. 

Okay, let's see. So, step by first. So Dolly has two books problem step by step:

Okay, let's see. So Dolly has two books problem step by step. So, Dolly has two books and think step by step. 

First, I think step by step:

Okay, let's break it down. 

Okay, let's see. So, first. So, step by step:

Okay, let's see. So, Dolly has two steps by thinking step by step. 

First, we have two ways. So, Dolly has two-step by step. 

First, I think the first. So, Dolly has a step by step. 

Okay, let's see

Okay, let's see step by step:

First, step by step:

Okay, let's see if I have two books. Pandora has  step by step. 

First, I think Dolly has two books. Pandora has  step by step. 

First, I think in steps:

Step 1: 

Okay, let's see how many books they read the step by step. 

First, let's see if the first. So, Dolly",False,True,captured
gsm8k_243,gsm8k,0.6B,4,stochastic,123,15.3178,140.03,59.52,256,16.71,544,121,136,0.2224,0.89,False," Also, remember that the is notations of the total minutes are 1500 minutes are 150-minute is a total minutes are 2nd of the phone plan is a phone plan has to the total minutes are allocated minutes are 15-minute limit is a total of the total minutes is a phone plan is a total of 15-minute limit is a 15-minute call with his boss is a trick is a total of 10000. (2nd and he has to the total minutes is a bit is a mistake was a total of 10 is a typo in the problem, he has to pay for the total minutes are 2nd and the total minutes of the month has to be a 15-minute call with his boss is a typo in the problem statement says that the phone plan is a typo in the question is a typo in the problem statement, and he has to pay is the total minutes per month plan is 150. [the total minutes per month is a hint says that the phone plan is a red light bulb in the problem is a typo in the problem statement, there is a 15-minute call with his phone plan is 15-minute call with his boss is",False,True,captured
gsm8k_259,gsm8k,0.6B,4,stochastic,123,13.3568,139.68,51.83,256,19.17,473,138,119,0.2918,1.16,False," 

Okay, let's see. So, first. So, I need to find the problem step by step. 

Okay, let's step by setting up equations step by step. 

First, I need to find total number problem step by step.

Okay, let's see if I can define variables. Let A = let me. 

Okay, let me think. So, first. 

Okay, let me. So, I need to find the total fruits problem step by step. 

Okay, let me define variables. Let me define variables:

Okay, let me think step by step. 

Okay, let me think in steps by setting up equations. So, Andrea has 52 apples. 

Okay, let me define variables 

Okay, let's step by step. 

Okay, let's step by step. 

Okay, let's step by step.

Okay, let's step by step. 

First, I need to find the problem step by step. 

Okay, let's step by step. 

First, I think in steps. 

Let me define variables 

Okay, let's step by step. 

Okay, let's step by step. 

Okay, let me think 

Okay, let's step by step. 

First,",False,True,captured
gsm8k_261,gsm8k,0.6B,4,stochastic,123,12.9184,139.76,50.11,256,19.82,457,141,115,0.3085,1.23,False," Also, what is the total dollar amount in a stack's total dollar amount of the total dollar amount of  total dollar amount of the remaining amount of money amount of money amount of money in the cup?

Wait, the total dollar amount in a stack height of this amount of the total dollar amount in the total dollar amount of the remaining amount of pennies in the cup?

Wait, the question? (total number of pennies in a. total dollar amount in a. (total) total dollar amount in the cup's total dollar amount in the cup's total dollar amount in the cup's total value of the total number of pennies in the cup?

Wait, that is the total dollar amount in a total dollar amount in the cup's total amount of money in the cup?

Wait, the total dollar amount in a. total dollar amount in a. total dollar amount in a total dollar amount in a total dollar amount in a. total dollar amount in a total dollar amount in a. total number of pennies in a total dollar amount in a stack height of the total dollar amount in the cup?

Wait, the total dollar amount in a stack height of the total dollar amount in a. total number of pennies in the cup?

Wait, the question is a total",False,True,captured
gsm8k_263,gsm8k,0.6B,4,stochastic,123,14.4353,139.33,56.06,256,17.73,513,128,129,0.2495,0.99,False,"  Also, the answer is Also, but you have to be a number.  Also, the answer.  Also, the sum of the number, so that the answer is a number, so the sum of the form a whole number.  Also, but I think and the sum of the number of the sum of the form a number.  Also, the number of the form a number.

Let me know that the number, but I need to be a number.  Please put in the form a whole number.

Let me know if you add the sum of the number of trees.  Also, the answer.  Also, the answer.  Also, the total number of trees in the format as well over 13344151.  Also, the answer: 17.  Also, the sum of the numbers, not 22130.  So, the answer is 10.  Also, the answer: 17.  Also, the answer: 2415.  Also, the number, but the sum of the number.  Also, the sum of the form a number.  So, the answer is 17.  Also, the sum of the",False,True,captured
gsm8k_269,gsm8k,0.6B,4,stochastic,123,15.1772,139.41,58.97,256,16.87,540,121,135,0.2241,0.9,False,"  <number>
Okay, let's see. <number>
Okay, let me. <number>
Okay, let me

To solve this problem, we have to be careful to be careful answer:  <number>
Okay, let me

The juggler can juggle  <number>
Okay, let me answer:  <number>
Okay, let me

The juggler can juggle  <number>
Okay, let's answer: 8
Okay, let's answer: 8

Step  <number>
Okay, let's Answer: 8

Step  <number>
Okay, let me think: 8
Okay, let's number is the number is the number is 8.

Wait, let me think: 8
Okay, let's answer is the number of blue golf balls: 8

Step  <number>
Okay, the juggler can juggle  <number>
Okay, let's number is 8.

Let me think through the steps:
Okay, let me: 8
Okay, let's answer is 8.

Okay, let me think:
Okay, let me think:
Okay, let me think:
Okay, let's answer is the number of blue golf balls: 8

Let",False,True,captured
gsm8k_272,gsm8k,0.6B,4,stochastic,123,15.9766,140.02,62.1,256,16.02,567,113,143,0.1993,0.79,False," 

Okay, let's see.>

To determine the total change >
To determine the total cost of the question number > 

Final Answer>
Okay, let's see. 

Okay, let's see the answer >
To determine the total cost of the correct answer > 

Okay, let's see the amount of the answer >
To determine how much change does the cashier give back? 

Okay, let's see the answer > 

Okay, let's see below >

To determine the total cost of the total change > 

To determine the total cost of the problem solution >
To determine the total cost of the correct answer >

To determine how much change does the cashier gives back to be careful calculation > 

Final Answer>
Okay, let's see the steps here put your answer > 

Let me try to compute the amount > 

Let me calculate the total cost of the problem solution > 
Okay, let's see the solution > 
Okay, let's see the steps here put your answer here >.> 

To determine the total cost of the total change in the box >
To determine the total cost of the correct answer here put your answer here > 

Final Answer>
Okay, let's see the steps below >
To determine the total cost of the change >
To solve step-by",False,True,captured
gsm8k_275,gsm8k,0.6B,4,stochastic,123,14.7484,141.2,57.28,256,17.36,521,126,131,0.2418,0.96,False," 

Okay, let's see the number >
Okay, let's see the number > 

Okay, let's see the number >
Okay, let's see the steps here >
Okay, let's think>
Okay, let's think>
Okay, let's think>
Okay, let's try to compute the number >
Okay, let's think>
Okay, let's see the steps >

Okay, let's think>
Okay, let's think>
Okay, let's try to figure out the total number >
Okay, let's think > 

Okay, let's see the number > 

Okay, let's lines>
Okay, let's think>
Okay, let's try to find the total number >
Okay, let's try to figure out the total number >
Okay, let's try to solve the problem step by step-by-step> 

Okay, let's lines>
Okay, let's lines>
Okay, let's try to compute step-by- 
Okay, let's try to find the number > 

Okay, let's number >
Okay, let's try to find the total number >
Okay, let's try to solve step-by- Please provide your answer here >
Okay, let's try to find the answer here >
Okay, let's see the number > 

Okay",False,True,captured
gsm8k_277,gsm8k,0.6B,4,stochastic,123,17.0039,139.77,66.13,256,15.06,605,105,152,0.1736,0.69,False,"  <number>
Final  <number: 3
Okay, let's see. Let's answer:  <number>
Okay, let me
Okay, let me the answer:  <number>
Okay, let me to convert the minutes =  <number>
Okay, let me to put your answer: 1

To solve:  <number

Step 1: Calculate the total time in hours: 6

Okay, let me think:
Okay, let me
Okay, let's answer: 5

Okay, let's Answer: 2  <number>  <number>
Okay, let's answer is the answer: 4

Okay, let's answer is the answer is the answer with units: hours: 2.  <number>
Okay, let's answer is the number is the answer is the answer is the answer is 1: 12  <number>
Okay, let's answer is  <number>
Okay, let's see the answer: 4

Okay, let's answer is the answer as a. Let's answer is the answer as a number: 

Okay, let's answer is the number is 2 <number> hours: 4

To solve: 

Okay, let",False,True,captured
gsm8k_280,gsm8k,0.6B,4,stochastic,123,15.0842,139.25,58.61,256,16.97,537,121,135,0.2253,0.9,False," 

Let me calculate the total cost in dollars, 1.>

Okay, let's see.>

To determine the total amount in dollars > 

Let me calculate the total cost of the problem solution here put your answer here put your answer here > 

Okay, let's total payment amount in dollars>
Okay, let's see solution here put your answer here > 

Okay, let's see the total cost > 

Okay, let's see the total cost >

To determine the total cost of the amount in dollars >

To determine the total cost of the total cost of the total cost in dollars >

To find the total cost of the total cost > 

Let me think>
Okay, let's see the total cost in dollars > 

Final Answer>
Okay, let's see the total cost >

To determine the total cost of the total cost in dollars>
Okay, let's see solution > 

Let me calculate the total cost of popsicles > 

Final Answer>
Okay, let's see the total amount in dollars, let's calculate the total cost in dollars > 

Let me think>
Okay, let's see the calculation steps here >
To find the total amount in dollars.>

To find the total cost of the total cost >

To find the total amount in dollars >

To",False,True,captured
gsm8k_289,gsm8k,0.6B,4,stochastic,123,17.3981,140.2,67.68,256,14.71,620,100,156,0.1613,0.64,False," (Do not use the (Do not use the formula, just write the formula: 10 formula for the formula for the answer from the problem. Use the formula for distance formula: distance = sign of the answer of the time = sign in the answer to calculate button below mentioned formula ""time = distance/speed = sign.)

Okay, let's see the formula for the formula for the time = or (Do not use the formula for the answer from the question’s) formula for the answer.)

Okay, let x (Do not use theDo not use theDo not use the formula of or the word ""d = sign for the answer, formula for time = distance/speed formula: ""time = distance / symbol for time = sign in the answer. 425 or the word ""time"" in the answer.)

Okay, let x variable ""distance = sign, time = distance formula for distance formula ""time = distance / speed formula for the time = distance/s) formula for time = distance/speed formula for the answer.)

Okay, let x + operator for this formula for the ""same units, just-in the formula for distance formula for the answer.)

Okay, let x in the answer of the formula. formula, so just-in the calculation formula",False,True,captured
gsm8k_296,gsm8k,0.6B,4,stochastic,123,13.826,139.63,53.67,256,18.52,476,137,120,0.2878,1.14,False," (Round the answer to (Round the nearest whole number.)

Wait, the nearest whole number.)

Wait, the user's nearest whole number).)

Okay, let's see the nearest whole number.)

Wait, the user's question, 2 decimal places as needed decimal places as many decimal places as needed.) the nearest whole number.)

Wait, the user didn't write to the nearest whole number.)

Wait, the question. the nearest whole number.) the nearest whole number.)

Okay, one decimal places as required decimal places as needed.)

Wait, the user might be a whole number.)

Wait, the nearest whole number) the nearest whole number.) the nearest whole number.)

Wait, the user didn't specify, the nearest whole number.) two decimal places.)

Wait, the problem says 2 decimal places.)
Answer: <number> decimal places. the nearest whole number.)

Wait, the question: 2 decimal places.)

Wait, the user might be the nearest whole number.)

Okay, 2 decimal places.)
Okay, let's see the nearest whole number.)

Okay, let's say, the nearest whole number.)

Okay, one decimal place.)

Wait, the question says to the nearest whole number.)

Okay, let's say, 2 decimal places.)

Okay, let's say,",False,True,captured
gsm8k_297,gsm8k,0.6B,4,stochastic,123,11.9576,140.0,46.34,256,21.41,423,151,106,0.357,1.42,False," 

Step 1: Determine the total number of crates sold: 

Step 1, we need to determine the total number of crates sold = 

Step 1, we need to calculate the total number of crates sold is to determine the total number of crates sold must be carefuly, we need to determine the total number of crates sold on the weekend is to find the total number of crates sold = 

Step 1: 

Step 1, we need to determine how many days that Sam is to find the total number of crates sold is to first, we need to calculate the first, we need to calculate the total number of how many days when the first, we need to find the total number of crates sold = 

Step 1: 

Step 1: 

Step 1: Find the total number of crates sold is to first calculate the total number of crates sold = Step 1: Determine the total number of crates sold = 

Step 1: 

Step 1: Find the total number of how many days when the first step by step-by step by step-by-step, first, we need to calculate the total sold: 

Step 1: 

Step 1: 

Step 1: 

Step 1: Determine the total number",False,True,captured
gsm8k_298,gsm8k,0.6B,4,stochastic,123,14.7464,141.57,57.27,256,17.36,522,124,132,0.2375,0.94,False," 

Okay, let's see. So, step through this step through this step through this step through this step by myself. So, the problem step through this step by working through this step through this step by step through this step through this step by step. First, I'll think through this step through this step by step. 

Okay, let's see this step through this step by step. First, I think the desk cost her. Let's

Okay, let's see the problem step through this step by step. First, let's understand the problem. So, the problem solve this step by step. 

Okay, let the problem step through the problem step through this step by step. Let me try to figure this out. So, the problem step through the problem step through this step by step. First, figure this step through the problem. 

Okay, let's see. So, the problem step through the problem step through this step by step through this step by step through this step by step. So, the problem step through the problem step by step. So, the problem step through the problem. So, the problem step through the problem. So, the problem is about this step through the problem. 

Okay, let's see what? I",False,True,captured
gsm8k_303,gsm8k,0.6B,4,stochastic,123,15.313,142.07,59.49,256,16.72,543,120,136,0.221,0.88,False," 

Okay, let's see. So, step through this step through this step through this step through this step by myself. So, the problem step through this step by myself. 

Okay, let me solve this step through this step by step. First, I'm work through this step through this step by step. First, I need to find the problem-solve this step by step. 

Okay, let the problem step through this step by step. So far the problem step through this problem solve this step by step. 

Okay, let's

Okay, let's work through this problem step by step:

Okay, let me solve this step by step. So far away. First, let's work through this step by step. 

Okay, let's see the problem step through this step by step. So, the problem is this step through this step by step. 

Okay, let's work through this problem step by step. 

Okay, let's see the problem step through this step by step. So, first, I think through this step by step. 

Okay, let me try to figure this out. So far the problem step through this problem-solve this step by step through this step by step. So, the problem step through this problem",False,True,captured
gsm8k_314,gsm8k,0.6B,4,stochastic,123,16.1556,139.56,62.81,256,15.85,577,111,145,0.1924,0.77,False," 

Okay, let's see. So, the total the problem. So, the total the problem.  think of the problem-solve this step by step.  think through this problem. 

Okay, let D. 

Okay, let x be the number of players on the defense be a problem solve this problem. 

Okay, let D. Let me try to solve this problem. 

Okay, let the problem. 

Okay, let D. Let me think. Okay, let D. So, we can this problem. So, the total number the problem. 

Okay, let the problem solve this problem-solve this problem solve this problem. So, the total the problem. So, I think of the problem. So, we can this problem.  figure this problem. Let me try to solve this problem solve this problem step through this problem. So, the total the problem.  figure this out this problem. So, I need to find the problem. Let me try to set up an equation. Let me try to set up an equation to solve this problem. 

Okay, let x be the number of players on the defense be more carefully think. So, the total the problem.  solve this problem step through this problem.  solve",False,True,captured
gsm8k_325,gsm8k,0.6B,4,stochastic,123,14.2955,139.64,55.51,256,17.91,509,128,128,0.2515,1.0,False," 

Okay, let's see. The company's think through this step through this step through this step through this step by step by step:

Okay, let the problem step through this step through this step by step. First, find the total the problem step through this step by step. First, find the total amount of money the company pays to all the steps. First, I need to find the problem. First, find the total the problem step through this problem step through this step by step. First, find the number of the problem step through this problem step by breaking down this step through this step by step. So, the total the problem step through this problem solve this step by step. First, I need to find the total the amount of money the problem step through this problem step by step. 

Okay, let's see if I can understand the problem first figure this step through this step by step. First, let me think through this step by step. First, find the total the problem step by step.
Okay, let me solve this step by step. 

Okay, let's see if I can figure out this step through this step by step. First, find the total the problem step by breaking this step through this step by step through this step by",False,True,captured
gsm8k_328,gsm8k,0.6B,4,stochastic,123,16.5944,139.05,64.53,256,15.43,593,108,149,0.1821,0.72,False," (Do not use the (Do not use the formula for the answer of the phrase ""the answer of the phone for the ""floor function ""rounding function of the of the 1/3 of an approximate value of the (Do not use the word ""percentage"" symbol of the phone is less-than-or-equal-to operator ^ key of the phone's' of' 1% symbol for the answer that the word ""percent sign in the answer.)

Okay, let's see. (Do not use the... note: ""Do not use the percentage formula for exponential function of the phone's capacity of the word ""approximation, or you can use the decimal, ""approximation of the cell phone's battery's capacity as the approximation π or the word ""percent""3-minute symbol for hours to round function, just-incremental method of differential equation of the line ""frac{10. Do not use the... part of the charge rate of the phone's battery capacity of the recharging rate to round function, just write ""do not use the ""approximation π, just answer of the phone's battery capacity, do not use the do not use the word ""rounding function. Just answer with 100% charge rate, use the",False,True,captured
gsm8k_342,gsm8k,0.6B,4,stochastic,123,14.9028,141.78,57.89,256,17.18,528,125,132,0.2367,0.95,False," 

Okay, let's see.>

To determine the total number of baby outfits>
Okay, let's see the total number of outfits >
Okay, let's see the number > 

Okay, let's think>
Okay, let's see the number > 

Let me solve step-by-step>
Okay, let's see the total number of outfits >
Okay, let's think>
Okay, let's see solution here > 

Okay, let's see solution > 

Let me solve step by step > 

Okay, let's see the steps > 
Okay, let's see the steps above steps > 

Okay, let's answer>
Okay, let's see.>

To determine the total number of baby outfits.
Okay, let's see the thinking>
Okay, let's see the step-by-step> 

Okay, let's 45>
Okay, let's see.>

To determine the total number of baby outfits>
Okay, let's see solution > 

Let me solve the number > 

Okay, let's

Okay, let's see the problem again.>

To determine the total number of baby outfits

Let me solve step by step >

Okay, let's see, let's see the thought process > 

Okay, let's answer>
Okay, let's",False,True,captured
gsm8k_346,gsm8k,0.6B,4,stochastic,123,13.6424,139.93,52.95,256,18.77,485,135,122,0.2784,1.11,False," 

Okay, let's see.>

Okay, let's see below >
Okay, let's think>
Okay, let's think>
Okay, let's think>
Okay, let's see the number > 

Okay, let's think>
Okay, let's think>
Okay, let's see solution >
Okay, let's think>
Okay, let's see the number >
Okay, let's see solution > 

Okay, let'solution>
Okay, let's see below > 

Okay, let's think>
Okay, let's see below

Okay, let's see below > 

Let me think>
Okay, let's think>
Okay, let's see solution >

Okay, let's see solution >

Okay, let's see below
Okay, let's see the number >
Okay, let's see the number of the number >
Okay, let's see below > 
Okay, let's see the number of cookies Jenny eats 156>
Okay, let's
Okay, let's see solution >

Let me think>
Okay, let's see below >

Okay, let's see the number of cookies Jenny eats 36>
Okay, let's see solution > 

Okay, let's
Okay, let's

Okay, let's see the number of",False,True,captured
gsm8k_347,gsm8k,0.6B,4,stochastic,123,15.5964,139.49,60.62,256,16.41,556,116,140,0.2086,0.83,False," 

Okay, let's see.>

To determine the total cost after calculation here put answer >
Okay, let's see the total cost after calculation here > 

Okay, let me think>
Okay, let me think>
Okay, let me think>
Okay, let me think>
Okay, let me think>
Okay, let's see the correct answer here put your answer >
Okay, let's>

To determine the total cost after applying the discount to be careful calculation here put your answer here >
Okay, let's see solution here put your answer here > 
Okay, let's see the answer here put your answer here >.
Okay, let's> 

To determine the original price of the total cost of the total cost of 42424242>
Okay, let'solution>
Okay, let's see solution >
Okay, let's see solution >
Okay, let's 42 >

Okay, let's see solution >
Okay, let's answer >
Okay, let's see solution > 

Okay, let's>
Okay, let's see the answer here >
Okay, let's see the correct answer here >
Okay, let's see the answer here >
Okay, let's see the total cost after discount >

To find out of the original price",False,True,captured
gsm8k_356,gsm8k,0.6B,4,stochastic,123,14.4816,138.09,56.25,256,17.68,516,127,129,0.2461,0.98,False," 

Okay, let's see.>

To determine the answer here put answer > 

Okay, let's see the number >
Okay, let's see the answer > 

Okay, let's see the number >
Okay, let's see the steps >

Okay, let's see the answer here put your answer here >
Okay, let's see the steps and then write the final answer as many dollars>
Okay, let's see below

Let me solve step-by> 

Okay, let's see the correct answer >
Okay, let's see the solution here put your answer here >
Okay, let's see the steps below >

Okay, let's see below > 
Okay, let's see. 

To determine the correct answer >

Okay, let's see the thought > 

Okay, let's>
Okay, let's see the solution > 
Okay, let's see the solution > 

Okay, let's see the thought > 
Okay, let's see the steps below > 
Okay, let's see the solution here >
Okay, let's see the solution > 

Okay, let'st>
Okay, let's see the detailed solution steps here >
Okay, let's see the detailed solution steps here >

Okay, let's see the steps below > 

Okay, let",False,True,captured
gsm8k_364,gsm8k,0.6B,4,stochastic,123,15.4279,139.06,59.96,256,16.59,551,119,138,0.216,0.86,False," 

Okay, let's see.>

To determine the number of fourth-grade boys>
Okay, let's see below
Okay, let's see below >
To determine the number of fourth-grade>
Okay, let's see below > 

To determine the number of fourth-grade>
Okay, let's see the number >
To determine the number of fourth-graders.> 

Okay, let's see the number >
To determine the number of fourth-graders> 

Okay, let's see, let's see the steps here >
To determine the number of fourth-grade>
Okay, let's think>
Okay, let's see the solution >

To determine the number of fourth-grade>
Okay, let's think>
Okay, let's think>
Okay, let's see. 

To determine the number of fourth-grade>
Okay, let's see, 496396-35563>
Okay, let's see.>

To determine the number of fourth-graders> 

Okay, let's>
Okay, let's think>
Okay, let's see below > 

Okay, let's>
Okay, let's see the number >
To determine the number of fourth-graders> 

Okay, let's

Let me solve the number >
To determine the number",False,True,captured
gsm8k_367,gsm8k,0.6B,4,stochastic,123,14.102,144.23,54.74,256,18.15,501,131,126,0.2615,1.04,False," 

Okay, let's see if I can figure out step by step. So, first. 

Okay, let me think step by step.

Okay, let me. 

Okay, let me. So first. 

Okay, let me think step by step. 

First, I need to find out how many customers were kicked out of the problem step by step. 

First, I will be defining variables and see if I can. 

Okay, let me start by setting up equations step by step.

Okay, let me start by setting up equations step by step. 

First, I think step by setting up an equation. 

Okay, let me define variables. 

Okay, let me think step by step. 

First, I need to find the number problem step by step. 

First, I need to find the number problem step by step. 

Okay, let me define variables. Let me define variables. 

Let me define variables. Let me define variables. 

Let me define variables. Let me define variables first. 

Okay, let me define variables:

Let me define variables.

Let me define variables:

Okay, let me think. 

Okay, let me think. So, I think step by step. 

First, I will step by step",False,True,captured
gsm8k_368,gsm8k,0.6B,4,stochastic,123,12.5021,137.5,48.49,256,20.48,444,145,111,0.3266,1.31,False," 

Okay, let's see. So, Erin has three times, step by step. 

Okay, let me think step by step. 

Okay, let me. So, step by step. 

Okay, let me think step by step. 

Okay, let me think step by step. 

Okay, let me think step by step:

Okay, let me think step by step. 

Okay, let me think. 

Okay, let me think step by step:

Okay, let me think. So, Sara's problem step by step. 

Okay, let me think. So, Sara's problem step by step. 

Okay, let's problem step by step. 

Okay, let me think. So, Sara's score problem step by step. 

First, I think step by step:

Okay, let's problem step by step. 

Okay, let's problem step by step. 

Okay, let's step by step. 

Let me solve the problem step by step by step. 

First, I think I think step by step:

Okay, let me think step by step:

Okay, let's problem step by step. 

Okay, let's problem. 

Okay, let me think. 

Okay, let me think step by step:

",False,True,captured
gsm8k_371,gsm8k,0.6B,4,stochastic,123,14.069,140.01,54.62,256,18.2,499,131,126,0.2625,1.04,False," Also, the store had 12 pairs of shoes in the same number of shoes in the beginning inventory of 20 pairs of 20 pairs of shoes on hand-purchased 20 pairs of these shoes on hand 20 pairs of shoes on hand 120. 12 pairs of the following the following the following items on hand 20 pairs of these shoes on sale on hand 12 pairs of shoes on sale on hand 15 pairs of these shoes on sale for sale on hand 150. 30 pairs of the shoes on sale on hand 120. 20 pairs of these shoes on sale on the following inventory of the shoes in the beginning inventory of 20 pairs of the original stock of the following the sale items on sale on the following inventory: 15 pairs of shoes on sale for sale 10 pairs of shoes on sale items on sale on hand 30 pairs of these shoes in the beginning 120. 20 pairs of these shoes on sale on hand 30 pairs of these shoes on sale for sale 120. 20 pairs of 30 pairs of shoes on sale on the same amount of shoes on hand",False,True,captured
gsm8k_374,gsm8k,0.6B,4,stochastic,123,15.4018,139.54,59.85,256,16.62,548,119,137,0.2172,0.87,False," 

Final Answer: < 

Let me. 
Let me think. So, 250>
Okay, let's see, 25>
Okay, let's think>
Okay, let's see the total milk collected milk>

To determine the sum of 25>
Okay, let's think step-by-step explanation here put your answer here >
Okay, let's think>
Okay, let's see below

Final Answer: <

Final Answer>
Okay, let's see the total milk >
To determine the total milk in the total milk > 

Okay, let's see the total milk > 

Let me calculate the total milk collected milk>
Okay, let's see below > 

Okay, let's see the total milk collected every day >
Okay, let's see the sum of 150>
Okay, let's see the steps go here put your answer here > 

Final Answer: < 

Final Answer: < 25>
Okay, let's see the number > 

Let me think through the total milk > 

Okay, let's>
Okay, let's see the total milk collected is 30>
Okay, let's see the total milk collected every day. 25>
Okay, let's>
Okay, let's see",False,True,captured
gsm8k_382,gsm8k,0.6B,4,stochastic,123,14.0223,139.48,54.44,256,18.26,500,132,125,0.264,1.06,False," 

Okay, let's see. So, first. So first. 

First, I think step by step. 

Okay, let's see step by step. 

Okay, let's see. So, step by first. 

Okay, let's break it step by step. 

First, I think step by step. 

First, I think step by step:

Okay, let's see. So, step by step. 

First, I need to find the step by step. 

Okay, let's see. So, first. So first. 

Okay, let's see if I can understand the problem first. 

Axel has 50

Okay, let's step by step. 

First, I think the step by step. 

First, I think first. So, first. 

Okay, let's see how many silver and gold pesos problem step by step. 

First, I think the step by step. 

First, I think the problem step by step. 

First, I think the problem is step by step. 

First, I need to find the problem step by step. 

Okay, let's see if I think step by step. 

First, I need to find the total number problem step by step. 

",False,True,captured
gsm8k_383,gsm8k,0.6B,4,stochastic,123,13.3701,139.78,51.88,256,19.15,475,138,119,0.2905,1.16,False," (Do not round the) answer. answer. (Do not round the answer. (Do not round the) answer. Enter the answer as a decimal.)

To compute the profit. (Do not round the) answer. Use the exact answer. If needed, answer. (Do not round the answer. The answer is in your answer. your answer. your answer. Include the cost of any intermediate steps. (Do not round the) answer. Express your answer. (Do not round the answer. (Do not round the answer. If needed, use of the answer. Keep your answer as the answer. If necessary calculations. Assume that the amount of lemonade stand. (Do not round the answer. Enter your answer. (Do not round the answer. Be sure to include the negative number.)

To calculate. (Do not round the answer. Enter your answer as the answer. Keep the answer. (Do not round the answer. Give your answer. (Do not round the answer. Keep the exact answer. Just give the answer. (Do not round the answer. Keep the exact answer. Keep it.)

To solve the problem. (Do not round the answer. Enter the answer as the answer. Use decimal.)

To calculate. Just give the answer",False,True,captured
gsm8k_387,gsm8k,0.6B,4,stochastic,123,16.3554,137.99,63.6,256,15.65,583,109,147,0.187,0.74,False," 

Let me calculate the sum of the problem solution here put answer here > 

Okay, let's see.>

Okay, let's calculate the total cost in the total cost of the sum of the problem solution here >
To solve this problem, we need to calculate the total cost in the correct answer > 

Okay, let's calculate the total cost in the box > 

To find the total cost, 246*>
Okay, let's see below

Final Answer>
Okay, let's calculate the sum of the problem.

Okay, let's calculate the total cost in the box. 

Let me think through the steps. 

To solve step-by-step explanation > 

Okay, let's calculate the total cost in dollars>
Okay, let's see the total cost in the answer > 

Wait, I need to calculate the sum of (6 * 6*>
Okay, let's see the total cost in the box. 

Okay, let's see below > 

Okay, let's calculate the total cost > 

Okay, let's calculate the total cost in dollars>
Okay, let's calculate the total cost > 

Okay, let's see the total cost in dollars>
Okay, let's see the total cost in the total cost of 24",False,True,captured
gsm8k_395,gsm8k,0.6B,4,stochastic,123,15.5413,140.8,60.39,256,16.47,555,117,139,0.2108,0.84,False,"  <number>
Okay, let's see. <number>
Okay, let me:  <number>
Okay, let me have to be sure. Let's solve:

Okay, let me:  <number>
Okay, let me

Let's Answer:  <number>
Okay, let's see the answer:  <number>
Okay, let's see, the number is the answer: 1: 3

Let's answer: 32  <number>
Okay, let's answer: 1: 1: 13

Final Answer:  <number>
Okay, let's see the number of the answer is 2 <number>
Okay, let's answer is 20

Let's  <number>
Okay, let's answer is the number of the number of cards: 2 <number>
Okay, let me think:
Okay, let me

Let's  <number>
Okay, let's Answer: 20

Let's Answer: 1: 2  <number>
Okay, the answer is the answer: 1: 20

Let's answer: 20

Final Answer:  <number>
Okay, let's answer is the answer is the answer: 2",False,True,captured
gsm8k_400,gsm8k,0.6B,4,stochastic,123,14.7086,136.95,57.14,256,17.4,524,125,132,0.2385,0.95,False," 

Okay, let's see. 48*>
Okay, let's see.>

Okay, let's see below
Okay, let's see solution here put your answer here >
Okay, let's see the number >
Okay, let's see solution >
Okay, let's see the answer here put your answer here > 

Okay, let's see below > 

Okay, let'solution>
Okay, let's see the number >
Okay, let's see below >. 48>
Okay, let's see the answer here >
Okay, let's see the total calories > 

Let me think through the number >
Okay, let's see the number >
Okay, let's see the number >
Okay, let's see below
Okay, let's see the answer here >
Okay, let's see the number >
Okay, let's see solution >. 

Okay, let's see. 

Okay, let's see solution >
Okay, let's see the answer here >
Okay, let's see solution > 

Okay, let's see solution > 

Okay, let's see below
Okay, let's see the number >
Okay, let's see below >
Okay, let's see the answer here >
Okay, let's see. So, let's",False,True,captured
gsm8k_402,gsm8k,0.6B,4,stochastic,123,10.658,138.18,41.25,256,24.02,378,161,95,0.4259,1.69,False," 

First, the first. First, we need to find out how many cups of flour and check the problem step by step. 

First, we need to find out step by step. 

First, let's find out step by step. 

First, we need to find out step by step. 

First, we need to find out step by step. 

First, we need to find out step by step. 

First, we need to make sure we need to find out step by step. 

First, we need to find out step by step. 

First, we need to find out how many cups of flour and see if the problem is correct. First, we need to find out step by step. 

First, we need to find out how many cups of flour and milk problem step by step. 

First, we need to find out step by step. 

First, we need to find out step by step. First, we need to find out step by step. 

First, we need to find out step by step. 

First, let's find out how much more carefully. 

First, we need to find out step by step. 

First, we need to find out how much more carefully. 

First, let's see",False,True,captured
gsm8k_405,gsm8k,0.6B,4,stochastic,123,15.715,140.41,61.08,256,16.29,558,116,141,0.2079,0.82,False," 

Okay, let's see.>

Okay, let's think>
Okay, let's think>
Okay, let's think>
Okay, let's think>
Okay, let's see the total cost of the cost of the total cost of the total cost in the blank >
Okay, let's see below >
Okay, let's think>
Okay, let's see the answer here >

Okay, let's see the cost of the total cost of the answer here >
Okay, let's see the total cost of meat and cheese cost of the meat and cheese cost of the money spent on meat and cheese. 

Okay, let's think>
Okay, let's think>
Okay, let's see below > 

Okay, let's see the total cost >
Okay, let's see below

To solve this problem, we need to calculate the total cost >
Okay, let's think>
Okay, let's think>
Okay, let's see the total cost of the answer here >
Okay, let's see the number > 

Okay, let's cost of the answer here >
Okay, let's see the answer here >
Okay, let's see the total cost of meat and cheese cost of meat and cheese cost of the problem solution here >
Okay, let's see below >
Okay",False,True,captured
gsm8k_410,gsm8k,0.6B,4,stochastic,123,16.0509,144.53,62.38,256,15.95,570,114,143,0.2,0.8,False,"  (Do not round up))

To the answer. 4.00. Do not round up, but round down) or down) or down.))

Okay, let's see the answer, just use exact answer) or down) the answer) or down.))

To the answer).)
Answer: <number. 2) any numbers.)  (Do not round up) or down.  Do not round up) or down.)

Okay, let's see the answer.)  (Do not round up))
Answer: <number.)

Okay, let's see the answer))

To the answer) or down).)

To the nearest cent amounts.  Do not round up).)
Answer: <number> do not round up) or down.)

Okay, let's see the answer) or down.  Just put the exact answer.))

Okay, let's say 2.50 cents, but round up to the answer.))

To the nearest cent, just the answer) or down.)

Okay, let's see... but be careful with fractions) or down.)

Okay, let's see the answer))

Okay, let's see the problem. 22.50) or down.)

Okay, let's see above or down) or down",False,True,captured
gsm8k_413,gsm8k,0.6B,4,stochastic,123,14.583,138.98,56.64,256,17.55,518,126,130,0.2432,0.97,False," 

Okay, let's see. So, step through this step through this step through this problem. So, first understand the problem. So, step through this step through this step through this problem. 

Okay, let the problem step through this step through this step by breaking down the problem. So, Marcy.

Okay, let the problem step by breaking this step through this step by working this step through this step by thinking through this problem. So, first, the problem. First, I think through this problem. So, the problem step through this step by thinking through the problem step through this step by myself. So the problem step through this problem. So, Marcy this problem. So, the problem step through this problem. So, Marcy's solve this problem. 

Okay, so Marcy. So, the problem step through this problem. So, Marcy. So, the problem step through this problem. So, Marcy

Okay, let's see. So, the problem step through this problem. So, the problem step through this problem. So, the problem step through this problem. 

Okay, let's see if I can understand the problem. So, the problem step through this problem. 

Okay, let's see. So",False,True,captured
gsm8k_423,gsm8k,0.6B,4,stochastic,123,13.5485,145.73,52.56,256,18.9,481,135,121,0.2807,1.12,False," 

Okay, let's see if I can figure out step by step. 

Okay, let me step by breaking it step by step:

Okay, let me. 

Okay, let me. So, step by step:

First, I think step by first. 

Okay, let me step by step. 

First, I need to find the problem step by step. 

First, I think step by step. 

First, I need to find out step by step:

Okay, let's step by step. 

First, I need to find the difference step by step:

Okay, let's step by step. 

Okay, let's see if I can. So, the tattered jeans cost $2

Okay, let me think
Okay, let me try to understand the problem step by step. 

Okay, let me step by step. 

Okay, let me step by step. 

First, I think
Okay, let me think step by step:

Okay, let me step by step. 

First, I need to find the difference between the prices. 

First, let me think step by step. 

First, I need to find out step by step. 

First, I need to find the difference. 

Okay, let's step",False,True,captured
gsm8k_427,gsm8k,0.6B,4,stochastic,123,12.4276,139.67,48.19,256,20.6,441,145,111,0.3288,1.31,False," Let's solve this step by step by step.

Okay, let's see. So, first, we go step by step.

Okay, let's solve this step by step.

Okay, let's solve this step by step.

Okay, let's see. 

Step 1: Let's solve this problem.

Okay, let's solve this step by step. 

Okay, let's see step by step.

Okay, let's solve this step by step.

Let's problem.

Okay, let's solve this step by step.

Okay, let's see step by step.

Okay, let's see step by step.

Let's problem.

Okay, let's see step by step. 

Okay, let's see step by step.

Let's problem. First, we go step by step.

Let's problem.
Okay, let's see step by step. Let's solve this step by step.

Okay, step by step.

Let's problem.

Let's problem.

Okay, let's problem.

Okay, let's solve this step by step by step.

Let's problem.

Let's problem.

Let's solve this step by step.

Okay, let's see step by step.

First, we need to find the problem.

Okay, let's problem. First, we",False,True,captured
gsm8k_428,gsm8k,0.6B,4,stochastic,123,14.3254,141.88,55.62,256,17.87,509,129,128,0.2534,1.01,False," 

Okay, let's try to be careful here > 

Let me try to find the number of guests who did not get a second hotdogs>
Okay, let's think>
Okay, let's think>
Okay, let's think>
Okay, let's think>
Okay, let's think>
Okay, let's think>
Okay, let's try to find the number of guests who did not get a second hotdogs>
Okay, let's think through the process >

Okay, let's think>
Okay, let's think through the problem step-by> 

Okay, let's think through the problem step by step-by>
Okay, let's think step by step-by> 

To solve the number >
Okay, let's try to find the answer > 
Okay, let's try to find the answer step-by>

To solve the problem step-by> 

Okay, let's
Okay, let's try to find the answer step-by>
Okay, let's try to solve this is the number > 

Okay, let'se>

To solve this step-by>
Okay, let's try to find the correct answer here >
Okay, let's try to solve the number > 

Okay, let's>
Okay, let's try to solve this step-by>
Okay,",False,True,captured
gsm8k_434,gsm8k,0.6B,4,stochastic,123,12.2878,138.34,47.64,256,20.83,435,148,109,0.3402,1.36,False," Let's solve this step by step by step.

Okay, let's see. First, step by step.

Okay, let's solve this step by step. 

Step 1: Convert the problem. 

Step 1. First, we need to find out how much money did step by step.

Okay, let's solve this problem.

Okay, let's solve this step by step.

Okay, let's see step by step.

First, let's solve this problem.

First, we need to find out how much money did.

Okay, let's solve this step by step.

First, let's solve this step by step. 

Okay, let's see step by step.

First, let's solve this step by step.

First, let's solve this step by step.

Okay, let's see step by step.

First, let's solve this step by step. First, let's solve this problem.

First, let's solve this step by step by step.

First, let's convert the total amount of money George spent.

Okay, let's see step by step.

First, we need to find out how much money did. 

Okay, let's solve this step by step by step.

First, step by step.

First, we need to find",False,True,captured
gsm8k_439,gsm8k,0.6B,4,stochastic,123,16.8427,147.16,65.47,256,15.2,600,106,151,0.1767,0.7,False," (Do not use the (Do not use the answer from the problem’s. (Do not use the)

Okay, let's see the (Do not use the word ""drive from the (Do not use the)
Okay, let x in the (Do not use the) time it takes four minutes from the problem's' (Do not use the word ""answer"" command ""the (Do not use the)

Okay, let x variable t = sign.)

Okay, let x) time it takes to be careful method of the answer from the problem. Use the following formula for the answer of the answer of the drive time it takes Wayne's) ""Answer: 20) “Answer: 10 minutes drive time, use the ""answer.)

Okay, let's) (Do not use the (Do not use the (Do not use the word ""they are notations, just answer of the problem. (Do not use the answer from the previous question number 1000000. Assume that the drive is less than or the word ""earlier than or not the word ""they are in the answer from the problem. (Do not use theDo not use the)

Okay, let's' trick of the of the drive time",False,True,captured
gsm8k_442,gsm8k,0.6B,4,stochastic,123,17.374,139.28,67.59,256,14.73,620,102,155,0.1645,0.66,False," 

Okay, let's see. 

Okay, let's see. So, I need to find the house temperature is 40 + 5

Okay, let's see the house temperature is 2

Okay, let's

Okay, let's see the house temperature is 2

Okay, let's see, the house temperature:  Let's temperature: 40 + 5

Okay, let's see, let's see the problem
Okay, let's see
Okay, let's see the house temperature is 40 + 5 degrees.

Okay, let's see. 

Okay, let's see the problem again.

Okay, let's see. Let's temperature: 40 + 5

Okay, let's think through the process:
Okay, let's think:
Okay, let's see

Okay, let's see, so the house temperature is  Let's solve step by step:

Okay, let's think:
Okay, let's see
Okay, let's see, but not sure

Okay, let's see the house temperature is 40 + 5* 

Okay, let's see the house temperature is 40 + 2

Okay, let's see the house temperature is 4",False,True,captured
gsm8k_454,gsm8k,0.6B,4,stochastic,123,14.7476,138.32,57.29,256,17.36,526,124,133,0.2357,0.93,False," 

Okay, let's see. Let's>
Okay, let's see, the number > 

Okay, let's see the number >
To determine the number > 

To determine the total apples>
Okay, let's see the number >
To solve this problem, we need to calculate the total number > 

Okay, let's calculate the total number > 

To determine the total number of apples>
Okay, let's see the number > 

Okay, let's see the number >.

Okay, let's see the solution > 

Okay, let's see below > 

Okay, let's calculate the number > 

To determine the total number of apples>
Okay, let's calculate the total number > 

Okay, let's see, let's calculate the number > 

Okay, let's see below > 

Okay, let's see below >

To solve this problem, we need to calculate the total number of apples>
Okay, let's see below >

To solve this problem, we need to calculate the total number of the number >
To solve this problem, we need to calculate the total number of apples.
Okay, let's see the total apples>

To solve this problem, we need to calculate the total number of apples>
Okay, let's see the number > 

",False,True,captured
gsm8k_455,gsm8k,0.6B,4,stochastic,123,11.4936,138.0,44.53,256,22.27,408,154,102,0.3775,1.51,False," 

First, let's calculate the volume of one by finding the volume of one raised bed. Find the volume of one by calculating the volume of one by calculating the volume of one raised bed the volume of one by calculating the volume of one raised bed the volume of one raised bed the volume of one raised bed the volume of one raised bed the volume of one by one by finding the volume of one raised bed the volume of one raised bed the volume of one raised bed the volume of one raised bed the volume of one raised bed the volume of one raised bed the volume of one raised bed the volume of one by one. What is the volume of one raised bed. Find the volume of one raised bed the volume of one raised bed the volume of one by one, calculate the volume of one raised bed's calculate the volume of one raised bed the volume of one raised bed the volume of one raised bed the volume of one raised bed the volume of one raised bed the volume of one raised bed the volume of one raised bed the volume of one raised bed the volume of one raised bed the volume of one raised bed the volume of one raised bed the volume of one by one.
Okay, so the volume of one by calculating the volume of one raised bed the volume of one raised",False,True,captured
gsm8k_463,gsm8k,0.6B,4,stochastic,123,12.5956,139.87,48.85,256,20.32,448,145,112,0.3237,1.29,False," Also, what is the total amount?

Wait, the delivery man will be if she gives the delivery man would be if she gives a customer should she should she should she give the delivery man would be if she gives a customer should give to be if she gives the delivery man if she gives a customer should she give the delivery man will be if she gives a customer should give the delivery man will she should she give the delivery man would be if she gives a customer should give the delivery man will she should give the delivery man if she gives the delivery man will be if she gives the delivery man if she gives a customer should give the delivery man will she should give the delivery man if she should give the delivery man will she give if she gives a customer would be if she gives a customer should give the delivery man will she give the delivery man will be the delivery man will she should she should she give the delivery man would be if she gives a customer should give the delivery man would be if she gives a customer will be if she gives a delivery man would be if she gives a customer will pay if she gives a tip that Ashley should she should give the delivery man if she gives a tip that Ashley should give to be if she gives a tip that Ashley should give the delivery",False,True,captured
gsm8k_464,gsm8k,0.6B,4,stochastic,123,15.3606,137.75,59.7,256,16.67,549,118,138,0.2149,0.86,False," Let's say the race had 10. 1.  Let's say the race has 10.
Okay, let's see, for 1start started with 10 is 1start started with 10 is a total number is a total of 1000.5 places are numbered places are numbered 1start starts with 10
Okay, let's say the race had 10 runners are numbered the race has 10 runners are numbered 1 to be numbered the race had 10 runners. 1starticipants are numbered the race had 10 runners.  has 10 runners are numbered 1 to 1starticipants are numbered 1 through the race had 100 starts with 10 runners.

Okay, let's starting positions are numbered from first place is 10 has 10 runners. 1st, initially had 10 runners are numbered 1 through the race had 10
Okay, let's say the race had 1 is started with 10 runners are numbered 1 to 1started has 10 runners. 1st, the race has 10 runners.

Okay",False,True,captured
gsm8k_473,gsm8k,0.6B,4,stochastic,123,14.5105,140.27,56.35,256,17.64,517,127,130,0.2456,0.98,False," (Round the answer to the nearest whole number.)

Okay, let's see. (Round the answer to the nearest whole number.)

Wait, the question to the nearest whole number.)

Okay, let's see if necessary decimal places.)

Wait, the question: 1 decimal places as needed decimal places. (Round the answer to the nearest whole number.)

Okay, let's see if necessary decimal places.)

To the nearest whole number.)

Okay, let's say, 1 decimal places.)

Okay, let's say, 1 decimal places. 1 decimal places as needed.)

Okay, let's see if necessary.)

Okay, let's say, 1 decimal place.)

Okay, let's say, 1 decimal place.)

Okay, let's see if necessary decimal places. the nearest whole number.)

First, convert the decimal places as needed. the nearest whole number.)

Okay, let's see if necessary.)

Okay, let's see if necessary.)

Okay, let's see if necessary.)

Okay, let's say, the nearest whole number.)

Okay, let's say, 1 decimal places as needed.) the nearest whole number.)

Okay, let's see. the nearest whole number.) the nearest whole number.)

Okay, the nearest whole number.)

Okay, the nearest whole number",False,True,captured
gsm8k_474,gsm8k,0.6B,4,stochastic,123,13.1065,138.78,50.85,256,19.53,467,139,118,0.2976,1.18,False," Let's solve this step by step by step.

Okay, let's see. So, step by step.

Okay, let's solve this step by step.

Okay, let's solve this step by step.

Step 1: Determine the fraction problem.

Step 1. First, we have a step by step. Step 1: Let's solve this problem together. First, we know.

Okay, let's see step by step.

First, we know that three-fourths of the students who step by step.

First, we can set by step.

First, we need to find the problem together.

Okay, let's see step by step.

First, we have to step by step.

First, we need to find the problem together. 

Step 1: Let the problem. First, we need to solve this problem together. First, we know that three-fourths of the problem.

First, we know.

Okay, let's see step by step.

First, we have to step by step.

First, we know that three-fourths of the problem together.

Okay, let's see step by step.

First, we know.

Step 1: Let the problem step by step.

First, we know that three-fourths of the students who step",False,True,captured
gsm8k_479,gsm8k,0.6B,4,stochastic,123,15.6704,138.46,60.91,256,16.34,558,117,140,0.2097,0.84,False," 

Okay, let's see.>

Okay, let's calculate the total cost of the hotel cost of the cost of the hotel cost of the cost of plane tickets cost of the hotel price of the problem answer here put final answer >
Okay, let's see the total cost >
Okay, let's calculate the total cost >

Okay, let's calculate the total cost >
Okay, let's think>
Okay, let's think>
Okay, let's calculate the total cost >
Okay, let's calculate the total cost of the problem solution >.>

Okay, let's calculate the total cost >
Okay, let's calculate the total cost of the total cost >

Okay, let's think>
Okay, let's think>
Okay, let's see the total cost of the trip > 

Okay, let's think>
Okay, let's think>
Okay, let's see the number >
Okay, let's see the total cost of the trip cost of plane tickets +5575000> 

Okay, let's see the total cost >. 

Okay, let's think>
Okay, let's think through the process >
Okay, let's calculate step-by-step>
Okay, let's calculate step-by>

Okay, let's see the total cost >
Okay,",False,True,captured
gsm8k_480,gsm8k,0.6B,4,stochastic,123,15.1986,138.92,59.06,256,16.84,541,121,136,0.2237,0.89,False," 

Okay, let's see.>

To solve this problem, we need to find the number > 

Okay, let's see the number >
Okay, let's see the solution here > 

Okay, let's see below > 

Okay, let's see below >
Okay, let's see the reasoning steps here >
Okay, let's see the number >
Okay, let's see the steps >
Okay, let's see the number > 

Okay, let's see below >

To solve the number > 

Okay, let's

To solve step-by>

To solve step-by-step explanation here >
Okay, let's see below >
Okay, let's see below








To solve step-by-step explanation >
Okay, let's see the number of tubes of paint tubes of the number > 

Let me think>
Okay, let's see the number of tubes of paint tubes of paint tubes of paint.
Okay, let's see the number of tubes of paint tubes of paint>
Okay, let's see the number of tubes of paint tubes of paint tubes of paint>
Okay, let's see the number of tubes of paint tubes of paint.
Okay, let's see the number of tubes of paint tubes of paint.>

To solve the problem",False,True,captured
gsm8k_489,gsm8k,0.6B,4,stochastic,123,16.4324,138.79,63.9,256,15.58,584,109,147,0.1866,0.74,False," (Do not use the (Do not use the average of the average of the averages of the three numbers, just-inclusive average of the averages first formula for the formula for average of the average of the averages method of averaging the numbers and the 1/ (Do not use theDo not use theDo notations. Write your answer as a decimal point symbol in the answer as a decimal point decimal point symbol for the answer (Do not use the average of the averages of the temperatures that is the temperature units in the average of the average, but you can use the Fahrenheit symbol for the answer that is, comma in the answer. Just do notations, just-in the formula for the answer of the of the average of the temperatures in the answer.)

Okay, let's see. (Do not use the temperature in the answer with the word ""average of the temperatures in the answer.)

Okay, let meanning the temperature of the average of the three numbers as the first number 1/3 formula for the answer of the question mark for the answer is the average of the sum of the temperatures in the average of the three numbers, but the average of the Fahrenheit symbol for the answer.)

Okay, let meanning. Please use the Fahrenheit symbol.)

Okay, let me",False,True,captured
gsm8k_491,gsm8k,0.6B,4,stochastic,123,12.265,139.03,47.55,256,20.87,435,148,109,0.3402,1.36,False," Also, what is the? (total number of eggs that the total number of eggs that the probability that is the total number of eggs that he can place on the tray capacity of the number of eggs that will be the total number of eggs that the total number of eggs that Jaime's value of the number of eggs that will be able to place value of the number of eggs that the total number of eggs that is the total number of eggs that Jaime's total number of eggs that the total number of eggs that is the total number of eggs per tray capacity of the trays capacity of the trays capacity of the trays in the problem asking for the number of eggs that will be able to place on the second part of the tray capacity of the trays in the question asking for?

Wait, that is the total number of eggs that Jaime's total number of eggs that he can place on the tray capacity of the trays capacity of the trays?

Wait, the total number of eggs that the probability that a) total number of eggs that Jaime's total number of eggs that Jaime's total number of eggs that Jaime's total number of eggs that he will be the total number of eggs that is the total number of eggs per tray capacity of the tray capacity in the question? [total number of eggs",False,True,captured
gsm8k_492,gsm8k,0.6B,4,stochastic,123,15.3962,138.94,59.83,256,16.63,549,119,138,0.2168,0.86,False," 

Okay, let's see.>

To determine the total cost of the total cost of the sum of small pizza price >
To determine the total cost by the total cost >
To determine how much does not available options > 

Okay, let's>

To determine the total cost by the way> 

To determine how much does she spends $244444>
Okay, let's see below >
To determine the total cost step-by> 

To determine how much does she spend in dollars>
Okay, let's see the total cost >
To determine how much does she spend in dollars>
Okay, let's see below
Okay, let's see the total cost >
To determine how much does she spend in all is the answer here >
To determine how much does she spend in the total cost >
To determine how much does she spend. 

Final Answer>
Okay, let's see the total cost >
To solve the problem step-by>
Okay, let's see the total cost >
To determine how much does she spend in dollars>
Okay, let's see the number >
To solve the problem step by the total cost >
To determine how much Sally spends a number >
To determine how much Sally spends a number >
To determine how much Sally spends $24 > 

",False,True,captured
gsm8k_498,gsm8k,0.6B,4,stochastic,123,13.8373,138.55,53.72,256,18.5,491,133,123,0.2709,1.08,False," 

Okay, let's see. Let'solution>
Okay, let's see, let's see the thought process > 

Okay, let's see the number >
Okay, let's see below > 

Okay, let's see the number >
Okay, let's see the steps >

Okay, let's think>
Okay, let's think>
Okay, let's see the number >
Okay, let's see the number of the number > 

Okay, let's>
Okay, let's see below > 

To solve this problem, we need to find the number >
Okay, let's think>
Okay, let's see the number >
Okay, let's see the number of pies>
Okay, let's see below >

Okay, let's see the number > 

Okay, let's>
Okay, let's see below > 

Okay, let's
Okay, let's see the number of pies>
Okay, let's see the number of pies>
Okay, let's see the number of pies they can make 170>
Okay, let's see the number of pies they can be filled in the box >
Okay, let's see the number of pies they can make 150>
Okay, let's see, let's see the number of pies",False,True,captured
gsm8k_510,gsm8k,0.6B,4,stochastic,123,15.617,140.34,60.69,256,16.39,555,117,140,0.2108,0.84,False," (Round to the nearest (Round to the nearest) hundred.)

Wait, but don't round number of calories.)

Okay, let's see the nearest) whole number.)

Okay, let's say, but don't round, but the question doesn't need to be integer) whole number.) whole number.)

Okay, let's say, but it's not specified unit (Round to the nearest whole number.))
Answer: <number, but you can choose one hundredth.) whole number.)

First, calculate as specified unit.)) tenth) 100 calories. Assume that he needs to round number, whole number.)

First, determine the nearest whole number.)

Okay, let's say, 100 calories.)

Wait, the nearest) whole number.)

Okay, let's say, 100. (Round to the nearest) whole number.)

Okay, let's say, 100. (Assume, but not 100 calories.)

First, find the nearest tenth) whole number.)

First, calculate the number of calories.)

Okay, let's say, 100 calories.)

So, how many? 1000. 100 calories.)

Okay, let's say 100 calories.)

Okay,",False,True,captured
gsm8k_512,gsm8k,0.6B,4,stochastic,123,16.2461,139.65,63.16,256,15.76,573,112,144,0.1955,0.78,False," 

Okay, let's see.>

To determine the answer here put answer here >
To determine the total milliliters>
Okay, let's see the number >
To determine the total milliliters >
To determine how many milliliters of water.>

To determine the total distance in the number >
To determine how many milliliters>
Okay, let's see the number >
To determine how many milliliters of water.>

Okay, let's calculate the number >
To determine the total distance Hannah needs to drink 1248484840>
Okay, let's see below
Okay, let's calculate the total distance first.>

To determine how many milliliters of water.>

Okay, let's see the answer here >
To determine how many milliliters of water will be careful calculation > 

Okay, let's see the number >
To solve the problem step by step-by>
Okay, let's calculate the total distance first calculate the total_water_volume in the blank >
To solve this is the number >
To determine the total distance in km >
To determine how many milliliters of water.>

Okay, let's>
Okay, let's see the number of milliliters>
Okay, let's calculate the total >",False,True,captured
gsm8k_522,gsm8k,0.6B,4,stochastic,123,16.8027,140.94,65.34,256,15.24,597,106,150,0.1776,0.71,False,"  Answer:  Let's solve this problem. To solve this step  Step-by the answer
Okay, let's see. To solve this problem, we can you are you are there are you are a. Let'st

Let'st
Okay, let's see the answer
Okay, let me. Let's break down

Let'st
Okay, let me.
Okay, let me to solve this problem.

Step 1: Determine the total quarts per hour.

Step 1. Let's solve this step  Let's solve the answer
Okay, let's see the
Okay, let's see the answer is 32

To solve this problem, we know that is  Step-by
Okay, let's see the answer is 20

Let'strick question: 

Okay, let me.

Step 1: Determine the answer
Okay, let's see the total quarts per hour.

Okay, let's see the
Okay, let's see the

Okay, let's see the total quarts per hour =  Let's solve this step by step, let's see. To solve this problem, we can you think
Okay, let's see the

To solve this problem, we know that Tony",False,True,captured
gsm8k_524,gsm8k,0.6B,4,stochastic,123,10.7698,140.63,41.68,256,23.77,380,161,95,0.4237,1.69,False," 

First, we need to determine how many rows of red tulips: 

First, we need to find the number of rows for the first, we need to determine how many rows of red tulips: 

First, we need to determine how many rows of how many rows of red tulips and find how many rows of red tulips and blue tulips and answer the first, we need to determine how many rows of red tulips: 

First, determine how many rows of red tulips and find the first, we need to find the first, we need to determine how many rows of red tulips, we need to determine how many rows of red tulips are as a student needs to find how many rows of red tulips, we need to determine how many rows of red tulips: 

First, determine how many rows of how many rows of red tulips, we need to determine how many rows of red tulips, we need to determine how many rows of red tulips, we need to determine how many rows of red tulips, we need to determine how many rows of red tulips, we need to find the first, we need to determine how many rows of red tulips, we need to determine how many rows of red tul",False,True,captured
gsm8k_525,gsm8k,0.6B,4,stochastic,123,9.0938,139.31,35.12,256,28.15,320,177,80,0.5531,2.21,False, (B) (B)  (B) 7 (B) 8C (B) 8 (B)  (B) 7 (B) 7 (B) 7 (B) 7 (B)  (B) 7 (B) 7 (B) 7 (B) 7 (B) 7 (B)  (B) 7 (B) 7 (B) 7 (B) 1 (B) 6 (B) (B) 9 (B) 9C (B)  (B) 7 (B) 7 (B) 7 (B)  (B) 7 (B) 1 (B) 6 (B) (B) 9 (B) 8 (B) 9 (B) 7 (B) 7 (B) 7 (B)  (B) 7 (B) 7 (B) 1 (B)  (B) 7 (B) 7 (B) 1 (B) 6 (B)  (B) 7 (B)  (B) 7 (B) 7,False,True,captured
gsm8k_526,gsm8k,0.6B,4,stochastic,123,10.3323,139.39,39.97,256,24.78,364,166,91,0.456,1.82,False," 

First, we need to find the difference step by step. 

First, we need to find the difference step by step. 

First, I need to find the difference. 

First, we need to find the difference in steps by first. 

First, I need to find the difference. 

First, I need to find the difference in steps:

First, we need to find the difference in steps. 

First, I need to find the difference step by step. 

First, we need to find the difference in steps. 

First, we need to find the difference step by step.

First, we need to find the difference in steps. 

First, step by step. 

First, we need to find the difference in steps. 

First, step by step.

First, we need to find the difference in steps:

First, we need to find the difference in steps:

First, we need to find the difference in steps:

First, we need to find the difference in her step by step. 

First, we need to find the difference in steps:

First, find the difference in steps:

First, we need to find the difference step by step. 

First, we need to find the difference in steps:

First, I need to find the",False,True,captured
gsm8k_528,gsm8k,0.6B,4,stochastic,123,13.2836,139.15,51.55,256,19.27,471,139,118,0.2951,1.18,False," 

Okay, let's try to set of course. First, I need to find the same problem step by step. 

Okay, let me step by using equations step by step. 

First, I need to find the same problem step by step:

Okay, let me step by step. 

First, let me step by step. 

First, let me think step by step. 

Okay, let me step by step. 

Okay, let me step by step:

Okay, let me. 

Okay, let me think step by step. 

First, I think step by step. 

First, I need to find the same problem, step by step. 

First, let me think. 

Okay, let me think. 

Okay, let me think step by step. 

First, I think step by step: 

Okay, let me think step by step:

Okay, let me think step by step. 

First, let me think 

Okay, let me think step by step. 

First, let me think. 

Okay, let me think step by step. 

First, I need to find the total number of sofas and chairs and explain step by step. 

First, let's step by step. 

First, let me think.",False,True,captured
gsm8k_531,gsm8k,0.6B,4,stochastic,123,14.173,140.26,55.03,256,18.06,503,131,126,0.2604,1.04,False," 

Let me solve this step-by-step-replace answer >
Okay, let's see the number > 

Okay, let's see the number >
To solve this problem, we need to calculate the number of passengers after the second stop.

Let me solve step by step and then put your answer >
Okay, let's see the number >
Okay, let's think>
Okay, let's think>
Okay, let's see below >

Okay, let's see the number > 

Okay, let's see the steps > 

Okay, let's think>
Okay, let's think>
Okay, let's see the number >
To solve this problem, we need to calculate the total number of passengers after second stop.

Let me solve this is the number > 

Okay, let's>
Okay, let's see below > 

Okay, let's>

Okay, let's see the number here > 

Let me think through the steps, let's think>
Okay, let's think>
Okay, let's see below > 

Let me solve this step by the number >.
Okay, let's see the number of the number >
Okay, let's see the number here >
Okay, let's see the number here >.
Okay, let's see the number here >
Okay, let",False,True,captured
gsm8k_535,gsm8k,0.6B,4,stochastic,123,13.2516,139.53,51.42,256,19.32,472,139,118,0.2945,1.18,False," 

Okay, let's see. So, step by step. 

Okay, let me think step by step. 

Okay, let me step by step.

Okay, let me. 

Okay, let me first. 

Okay, let me think step by step. 

Okay, let me think step by step.

Okay, let me. 

Okay, let me think step by step. 

Okay, let me think. 

Okay, let me think step by step. 

Okay, let me think step by step. 

Okay, let me think step by step. 

Okay, let me think step by step.

Okay, let's step by step. 

Okay, let me think step by step. 

Okay, let me think step by step. 

Okay, let's step by step. 

Okay, let me. So, first. So first. So first. So, the problem is step by step. 

Okay, let me think. 

Okay, let's step by step. 

Okay, let's step by step. 

Okay, let me think. So, George has to find out how many candies George has  step by step. 

Okay, let's step by step. 

Okay, let's step by step. 

",False,True,captured
gsm8k_536,gsm8k,0.6B,4,stochastic,123,13.2736,138.46,51.51,256,19.29,472,138,119,0.2924,1.16,False," Also, suppose that the... part of the problem is part of the sum of the ages of the ages of Chenny, Alyana is 2 years are 1. Also, suppose that the sum of the ages of the three of them is 120. (same number of the sum of the ages of Chenny's age is 12 years of the sum of the ages of the ages of Chenny's total age of the sum of the ages of Chenny's a sum of the sum of the ages of Chenny's age is 3 times when you have a total age of Anne is 20. (this is the end of the year is 10. Also, suppose that the sum of the ages of Chenny's age is 15. the sum of the ages of the ages of Chenny is 2 years in the sum of the ages of Chenny's total age of Chenny's are 20 years old age of Anne is 2010 years are 12012010. total age of Chenny's age is 3 years are  sum of the ages of Chenny's age is 10.4 years are 12 in the previous year",False,True,captured
gsm8k_537,gsm8k,0.6B,4,stochastic,123,16.2374,139.86,63.13,256,15.77,579,110,146,0.19,0.75,False," 

Let's>

To find the total thickness of the total thickness in mm > 

Okay, let's see. 

Okay, let's think>
Okay, let's think>
Okay, let's think>
Okay, let's calculate the total thickness in the total thickness in the total thickness in the total thickness of the four books is the total thickness in the total thickness in the answer here > 

Okay, let's see the total thickness of the total thickness of the four books>
Okay, let's calculate the total thickness in the box >
To find the total thickness of the four books is the total thickness in the total thickness in the answer here >
To find the total thickness of the four books is 1899763>
Okay, let's see the total thickness in numbers >

Okay, let's think>
Okay, let's calculate the total thickness of the four books is the total thickness of the four_books_thickness>
Okay, let's think>
Okay, let's think>
Okay, let's see the total thickness in numbers >
To find the total thickness of the four books is the total thickness in the problem answer here >.
Let'st>
Okay, let's see the total thickness in numbers only the total thickness in the answer box >

To",False,True,captured
gsm8k_540,gsm8k,0.6B,4,stochastic,123,13.111,138.75,50.87,256,19.53,464,139,117,0.2996,1.19,False," 

Okay, let's see. So, step by step. So the total amount of the way: 

Okay, let me think step by step.

Okay, let me step by working backwards. 

The total step by using equations step by step. 

First, we have to find out how much the problem step by step. 

First, I need to find out how much does this step by step. 

First, we need to find out how much step by step. 

First, we have to see step by step. 

Okay, let me think step by step. 

First, we have to find out how much the first. 

Okay, let me think step by step. 

Okay, let me step by step. 

First, we need to find out how much step by step. 

First, we have to find the first. 

Okay, let me think step by step. 

First, the total amount step by step. 

First, the total amount shared money problem step by step. 

First, the total amount shared money problem step by step. 

First, I think step by step. 

First, the total amount step by step. 

First, we have to find out how much does not by setting up an step",False,True,captured
gsm8k_544,gsm8k,0.6B,4,stochastic,123,14.0792,138.37,54.67,256,18.18,499,131,125,0.2625,1.05,False," 

Okay, let's see. Let's




Okay, let's see. 

Okay, let me think > 

Okay, let me think>
Okay, let me think>
Okay, let's see the number > 

Okay, let me think>
Okay, let's see the answer > 

Okay, let me think this is 40>
Okay, let me think > 

Okay, let me think step by step-by>
Okay, let me think>
Okay, let me think>
Okay, let's



To solve this problem, we need to find out how much does not sure to be careful calculation > 

Okay, let's


To solve this problem, we need to find the answer here put your answer here >
Okay, let's> 

Okay, let's

Okay, let's>
Okay, let's> 

Okay, let's

Okay, let's

Okay, let's

Okay, let's see the answer here put your answer here > 

Okay, let's

Okay, let's

Okay, let's

Okay, let's

Okay, let's

Okay, let's see the answer here >
Okay, let's see the answer here >
",False,True,captured
gsm8k_547,gsm8k,0.6B,4,stochastic,123,12.7476,139.58,49.44,256,20.08,452,142,114,0.3142,1.25,False," (Round the answer to (Round the nearest whole number.)

Wait, the nearest whole number.)

Wait, the question) the nearest whole number) the nearest whole number.) (Round the answer to the nearest whole number.)

Wait, the question is a typo, the nearest whole number) the nearest whole number.)

Wait, the question says: 1 decimal places. Round the answer to the nearest whole number.)

Wait, the question says ""nearest whole number, but the problem.)

Wait, the question says 1 decimal places as a whole number, if needed decimal places as a whole number.)

Wait, the question. The question is not necessary decimal places. (Round the answer to (Round the answer to the nearest whole number of the nearest whole number.) the nearest whole number.)

Wait, the question is not part (Round the answer to... but no decimal places, but don't round) the nearest whole number.)

Okay, but don't round) the nearest whole number.)

Wait, the question is not needed decimal places, but the nearest whole number)

Wait, the question is not a whole number.)

Wait, the question is asking for the number of families.)

Wait, the question says ""nearest whole number.)

Wait, the question is there are you can just the",False,True,captured
gsm8k_562,gsm8k,0.6B,4,stochastic,123,12.1834,140.63,47.23,256,21.01,431,148,109,0.3434,1.36,False," Also, what is the...? (The question is the total angle between the sun's angle between the sun's angle between the sun and the angle between the sun's height of the angle between the sun and the pyramid's angle between the sun and the total height of the angle between the sun and the angle between the sun and the total height of the pyramid's angle between the sun and the angle between the sun and the angle between the sun and the angle between the sun and the total angle between the sun and the total angle between the sun and the angle between the sun and the angle between the sun and the angle between the sun and the angle between the sun and the angle between the sun and the total angle between the sun and the angle between the sun and the total angle of the angle between the sun and the total angle of the pyramid's angle between the sun and the angle between the sun and the total height of the pyramid?

Wait, the total angle of the angle between the sun and the total height of the pyramid? total height of the pyramid if the sun is at  angle between the sun and the pyramid's height of the pyramid's height of the angle between the sun and the angle between the sun and the total angle between the sun and the pyramid's height",False,True,captured
gsm8k_571,gsm8k,0.6B,4,stochastic,123,15.4821,140.05,60.17,256,16.54,551,118,139,0.2142,0.85,False," 

Okay, let's see.>

Okay, let's see the total cost >
Okay, let's see the total cost >
Okay, let's calculate the total cost >.>

To determine the total cost step-by-126800>
Okay, let's calculate the total cost >
Okay, let's calculate the total cost > 

Okay, let's see below >

Okay, let's see below >

Okay, let's see the steps below

Let me calculate the total cost >
Okay, let's calculate the total cost > 

Okay, let's see the total cost >. 

Okay, let's see the total cost >
Okay, let's see the calculation here put your answer here put the total cost >
Okay, let's see below >

Okay, let's see solution > 

Okay, let's see the solution here put your answer here > 

Okay, let's>

Okay, let's see the total cost is $30410>
Okay, let's cost of the total cost > 

Okay, let's>
Okay, let's see the total cost is $2800>
Okay, let's see the total cost is calculated value >
Okay, let's see the total cost is $200>
Okay",False,True,captured
gsm8k_576,gsm8k,0.6B,4,stochastic,123,14.2257,140.38,55.24,256,18.0,506,130,127,0.2569,1.02,False," 

Okay, let's see.>

Okay, let's calculate the total cost step-by- Let's calculate the total cost in the total cost in the blank >

Okay, let's think>
Okay, let's think>
Okay, let's calculate the total cost > 

Okay, let's calculate the total cost in the blank >
Okay, let's see the number >

Okay, let's think>
Okay, let's think>
Okay, let's see the number >

Okay, let's see below

To determine the total cost of replacing the carpet.

Okay, let's think>
Okay, let's calculate the total cost in the box >
Okay, let's see the total cost in the box>
Okay, let's see the number >
Okay, let's see the number >

Okay, let's calculate the cost in dollars>

Okay, let's calculate the total cost > 

Okay, let's see below is the total cost in the answer > 

Okay, let's see the total cost > 

Okay, let's cost in the box. 

Okay, let's see the number >
Okay, let's see the total cost >

Okay, let's see below

Okay, let's see the total cost is the total cost in the correct answer >
Okay,",False,True,captured
gsm8k_578,gsm8k,0.6B,4,stochastic,123,15.0267,138.78,58.38,256,17.04,534,123,134,0.2303,0.92,False," 

Okay, let's see what? Well, the problem is this step through this step through this step through this step by breaking this step through this step by writing this step by writing the problem solve this step by breaking this down this step by writing the equation this step by step. So, step by step, understand the problem step through this step through this step by writing the expression this step by step. 

Okay, let the problem-solve this step by step. First, I think through this step by step. First, I think I don't get this step through this step by breaking this down. First, I think of the problem step through this step by writing down the steps. 

First, I think of this step through this step by step through this step through this step by breaking this down. The problem is a step through this step by step through this step by step through this step by step through this problem-solve this step by step. First, I think I need to write down the problem solve this step by step. I think I need to write the problem. Let me think through this step by step. First, I need to solve this step through this step by step. Let me try to break this step by step. So, let",False,True,captured
gsm8k_580,gsm8k,0.6B,4,stochastic,123,13.7156,138.49,53.24,256,18.66,489,134,123,0.274,1.09,False," 

Okay, let's see.>

Okay, let's see, 4470>

Okay, let's oven temperature >
Okay, let's see, let's see solution >
Okay, let's see the number >
Okay, let's see the temperature > 

Okay, let's see below >

Okay, let's see solution > 

Okay, let's see below > 

Okay, let's see, so Maggie needs to be replaced_temp>
Okay, let's see below > 

Okay, let's see, so the answer here >
Okay, let's see below
Okay, let's see the correct temperature > 
Okay, let's see the correct temperature >

Okay, let's see.>

Okay, let's see the number > 

Okay, let's see, so the answer is 4393936370>

Okay, let's see the temperature > 

Okay, let's oven temperature > 

Okay, let's oven temperature >
Okay, let's see solution >

Okay, let's temperature >
Okay, let's see below

Okay, let's oven temperature >.>

Okay, let's see solution >

Okay, let's answer here >
Okay, let's see below

Okay, let's
Okay,",False,True,captured
gsm8k_581,gsm8k,0.6B,4,stochastic,123,15.644,139.32,60.8,256,16.36,557,116,140,0.2083,0.83,False," 

Okay, let's see.>

To find the total time in minutes >
To determine the total time in the total time in the number >
To find the total time in minutes>
Okay, let's see solution > 
Okay, let's see solution here put your answer here >
To determine the total time in minutes>
Okay, let's calculate the total time in the number > 

Okay, let's see the number >
To determine the total time in numbers >
To determine the total time in minutes>

To determine the total time in the number of the answer in the number of the number >
To determine the total time Max will take 195>
Okay, let's calculate the total time in the box >
To find the total time in minutes>
Okay, let's calculate the total time in the total time in minutes >

To determine the total time in minutes>
Okay, let's see solution > 

Okay, let's see the number > 

Okay, let's see the problem again. The total time in numbers >
To determine the total time in the number of minutes>
Okay, let's see the number >
To determine the total time Max will take 1195>
Okay, let's see solution > 

Okay, let's calculate the total",False,True,captured
gsm8k_583,gsm8k,0.6B,4,stochastic,123,13.9842,140.26,54.29,256,18.31,496,133,124,0.2681,1.07,False," 

Okay, let's see. 

Okay, let's see. 

Okay, let's start by finding the same problem step by step. 

Okay, let's start by setting up an equation. 

First, I need to find the same problem by first. 

Okay, let's start by defining variables. 

Let me step by step. 

First, I need to find the problem step by step:

Okay, let's start by defining variables first. So, first. 

Okay, let's see. So, first. 

Okay, let's start by first. 

Okay, let's start by defining variables and think step by step:

Okay, let's start by figuring out step by step. 

First, let's see. 

Okay, let's see if I am step by step:

Okay, let's see if I were the problem step by step:

Okay, let's see if I can. 

Okay, let's see. 

Okay, let's see

Okay, let's see if I can. So, first, I need to find the problem step by step. 

Okay, let's see. 

Okay, let's see. 

Okay, let's step by step. 

First, I need to find the",False,True,captured
gsm8k_585,gsm8k,0.6B,4,stochastic,123,15.0153,139.14,58.34,256,17.05,533,122,134,0.2289,0.91,False," 

Let me think>
Okay, let's see.>

Okay, let's think>
Okay, let's think>
Okay, let's think>
Okay, let's think>
Okay, let's see below > 

Okay, let's see below > 

Final Answer>
Okay, let's see the answer >

To solve this problem, we need to calculate the number >

To solve the number >

To solve this is the answer here >
To solve this problem, 10 >

Okay, let's see the number >
To solve this step-by>

Okay, let's see the number >

To solve this problem solution >
To solve this problem, we need to calculate the number >

Okay, let's see below > 

Let me think>
Okay, let's think>
Okay, let's see below >
Okay, let's see the number >

To solve this problem, we need to calculate the total difference in dollars>
Okay, let's see the amount >
Okay, let's see the number >
Okay, let's see below > 

To solve this problem, we need to calculate the total difference in money > 

Final Answer>
Okay, let's see below >
Okay, let's see the answer here >
To solve this problem, we need to calculate the total difference",False,True,captured
gsm8k_586,gsm8k,0.6B,4,stochastic,123,15.5317,140.66,60.36,256,16.48,552,117,139,0.212,0.84,False," 

Okay, let's see.>

To determine the answer here put the answer here put answer here >
To determine the total_water_amount>
Okay, let's see the answer here >
To determine how many ml of water does not sure to be careful calculation here >
To determine the total calories > 

Okay, let's see the number >
To determine the total calories burned calories burned = 2500>
Okay, let's think>
Okay, let's see the number >
To determine how many ml of water does not make sure to put your answer here >
Okay, let's solve the problem step by step-by>

To determine the total calories burned first calculate the total calories burned first calculate the total calories burned first calculate the total calories burned first calculate the total calories burned, the answer >
To determine how many ml of water does not make sure you need to drink 1500>
Okay, let's see below > 

Okay, let's think>
Okay, let's think>
Okay, let's see the number >
To determine how many ml of water does not make sure to put your answer here > 

Okay, let's

Let me think>
Okay, let's see the answer here >

To determine how many ml of water does not exist

",False,True,captured
gsm8k_587,gsm8k,0.6B,4,stochastic,123,11.9949,141.65,46.48,256,21.34,423,150,106,0.3546,1.42,False," 

Step 1: Define variables for the number of green jelly beans, we need to set up equations for the number of red, we need to figure out how many more easily, we need to:
1, we need to find the number of how many red, we need to determine the number of red jelly beans, blue jelly beans are the following the following steps:

Let’s, we need to determine the number of red, we need to:

Let’s define the following steps:

Step 1: Define variables for the number of the Burger Palace has a student should be sure to:

Let’s define the first, we need to determine the number of red, we need to determine the number of red jelly beans, blue jelly beans, we need to find the first, we need to define variables for the first, we need to define variables for the number of how many more easily, we can be sure to:

1, we need to determine the number of red, we need to determine the number of red jelly beans, blue jelly beans are the following steps:

Step 1: Define variables for the number of how many more green jelly beans = 1. Let's question, we need to determine the number of red, we need to determine the following steps are",False,True,captured
gsm8k_588,gsm8k,0.6B,4,stochastic,123,16.1149,139.32,62.65,256,15.89,574,112,145,0.1951,0.77,False," 

Okay, so this step through this step through this step through this step by thinking through this step through this step by breaking this step through this step by working this step by writing down the steps to think through this problem step through this step by breaking this step by breaking this down the problem step by step. I'me

Okay, so this step through this step through this step by step through this step through this step by step through this step by step. First, I need to find the average of the problem solve this step by breaking this step through this problem solve this step by solving this problem solve this step by step through this problem solve this. First, I think through this step by step. First, I think through this step by step. So, the problem solve this problem solve this. Okay, sov

Okay, so this step through this step by step. First, I think I think through this problem solve this step by step. 

Okay, so Jared's

Okay, sov solve this problem step by step through this step by step. I'll go through this step by step. So, the first find the average of the three measurements. The first figure this step through this step by step. So, the first measurement. Okay,",False,True,captured
gsm8k_591,gsm8k,0.6B,4,stochastic,123,12.6555,146.07,49.06,256,20.23,448,145,112,0.3237,1.29,False," 

Okay, let's see. Let's answer: 444

Okay, let's see, the Mastiff's weight is  Answer: 1

Okay, let's see the Mastiff's weight is the answer: 1

Okay, let's answer: 17
Okay, let's see. 

Okay, let's see the Mastiff's weight is the answer is the Mastiff's weight is 440

Okay, let's see. 

Okay, let's see, the problem is to the Mastiff weighed 44 times the Mastiff's
Okay, let's see the Mastiff's weight is 44* 

Okay, let's see the Mastiff's weight is 440

Okay, let's answer is 170

Okay, let's see. 

Okay, let's see the Mastiff weighed 44 times the Mastiff's weight is  Answer: 17

Okay, let's
Okay, let's see the Mastiff weighed 44 times the Mastiff's weight is the Mastiff's weight is the Mastiff's weight is the Mastiff weighed 44 times the Mastiff's weight is 44

Okay, let",False,True,captured
gsm8k_599,gsm8k,0.6B,4,stochastic,123,13.4229,140.67,52.09,256,19.07,477,137,120,0.2872,1.14,False," Also, the store has 3 rabbits. (a 3 rabbits. (12 chickens, 3 rabbits. 3 rabbits. (a) 2 rabbits. How many legs in total doves 3 rabbits. How many legs in total doves 12 chickens and 3 rabbits. 3 rabbits. How many legs in total of fish. 10 birds that has 3 rabbits. How many legs in total doves 2 rabbits. The store has 3 rabbits. How many legs in the following items for sale on the following items: 3 rabbits, 2 chickens. (There are 3 more than 3 rabbits. How many legs of fish, 1 table for sale on birds that are 3 rabbits. How many legs in total of 3 rabbits. 1/2 horses. How many legs in total doves 3 chickens and 12 rabbits. How many legs in total of 3 rabbits. 2 chickens in the store 3 rabbits. How many legs in total of 2 chickens. (3 rabbits. How many legs in total of 2 chickens. How many legs that is 2 rabbits. How many legs in total doves 3 rabbits. How many legs in total of",False,True,captured
gsm8k_608,gsm8k,0.6B,4,stochastic,123,14.9078,139.52,57.91,256,17.17,531,124,133,0.2335,0.93,False," 

Okay, let's see.>

Okay, let's think>
Okay, let's think>
Okay, let's think>
Okay, let's think>
Okay, let's see below

Okay, let's think>
Okay, let's think>
Okay, let's see the amount > 

Okay, let's see below >
Okay, let's see below > 

Let me check >
Okay, let's see below > 

Okay, let's think>
Okay, let's see below >
Okay, let's see the answer >
Okay, let's see the amount >
Okay, let's see the answer > 
Okay, let's see below>
Okay, let's see the number >
Okay, let's see the answer here > 

Okay, let's see below > 

Let me think through the answer >
Okay, let's see the answer >
Okay, let's see the amount of the amount > 

Okay, let's left>

Okay, let's see the answer here >

Okay, let's see solution >
Okay, let's see solution > 

Okay, let's think step by step-by> 

Okay, let's think>
Okay, let's think through the number > 

Okay, let's see below > 

Okay, let's think step",False,True,captured
gsm8k_612,gsm8k,0.6B,4,stochastic,123,16.3384,140.2,63.52,256,15.67,582,111,146,0.1907,0.76,False,"  (Round to the nearest (Round to the nearest whole number.)

Wait, that is a red integer) ounce, but just in the nearest) ounce. 100. 100) ounce.)

Wait, the nearest) whole number of a whole number.) 10 ounces.  (Round to the nearest (Round to the nearest) ounce, but it's not specified number of ounces, but be sure) ounce.))

Okay, let's see what? 10) whole number) ounce.)

Wait, the nearest tenth of the nearest) ounce.  (Round to the nearest (Round to the nearest)
Answer: <something? 100 ounces, but not specified unit, but you are not specified unit) ounce.)

Wait, the question, but the question says to the nearest whole number.)
Answer: <number) whole number.))

Okay, let's place) whole number) ounce.)

Okay, let's see the nearest) ounce. 10) ounce.)

Wait, the question: 100thousandthousandth.  (Round to the nearest (Round to the nearest) tenth) tenth of the nearest whole number.)

Okay, let's say, but the question doesn't apply to the",False,True,captured
gsm8k_615,gsm8k,0.6B,4,stochastic,123,14.9105,139.13,57.93,256,17.17,528,124,133,0.2348,0.93,False," 

Let me calculate the total amount > 

Let me calculate the total amount > 

Let me think>
Okay, let's see.>
Okay, let's see solution > 

Okay, let's see solution here >
Okay, let's calculate the total amount spent

Let me calculate the total amount in the total amount in the total amount spent.
Okay, let's see the total amount spent >
Okay, let's calculate the total amount spent by step-by>
Okay, let's calculate the total amount spent >

Okay, let's see the total amount spent>
Okay, let's see solution here >
Okay, let's see the total amount spent by the total amount spent >

Okay, let's see the steps below > 

Okay, let's see the problem again. Let'spend>
Okay, let's calculate step-by>

Okay, let's see the total amount spent by step solution > 

Okay, let's see the solution here put your answer here >
Okay, let's see the step-by> 

Okay, let'spend>
Okay, let's see the steps below
Okay, let's see the steps below > 

Okay, let'spend>
Okay, let's see the detailed calculation here put answer here >
Okay, let's see the solution here",False,True,captured
gsm8k_616,gsm8k,0.6B,4,stochastic,123,15.6547,141.17,60.84,256,16.35,557,117,140,0.2101,0.84,False," 

Let me think >
To solve this problem, we need to calculate the total height in>
Okay, let's see.>

Okay, let's see the answer >
To determine the height in height in>
Okay, let's think>
Okay, let's think>
Okay, let's see the answer here put your answer here >
Okay, let's think >
To solve this problem, we can you need to calculate the total height step-by-step-express the answer here type your answer here >
To determine the height after 3 weeks, the number > 

Let me think through the number > 

Okay, let's see the number > 

Okay, let's see below > 

Okay, let's see the solution > 

Okay, let's think step by step-by>
Okay, let's see the number > 

Okay, let's see the thought > 
Okay, let's think step by step-by>
Okay, let's see the problem again > 

Okay, let's see. 

Final Answer>
Okay, let's see the number > 

Okay, let's see the steps here put your answer here > 

Okay, let's see the steps below > 

Okay, let's think step by step-by>
Okay, let's think>
Okay,",False,True,captured
gsm8k_618,gsm8k,0.6B,4,stochastic,123,13.5699,140.23,52.67,256,18.87,481,135,121,0.2807,1.12,False," 

Okay, let's see the answer:  Answer: 18

Okay, let's

Okay, let's see
Okay, let's see the solution:

Okay, let's see how many students = 3

Okay, let's see how many students = 2

Okay, let's answer: 4

Okay, let's see how many students were occupied seats = 18

Okay, let's see the number of students = 2

Okay, let's

Okay, let's see the answer: 6

Okay, let's answer: 3

Okay, let's answer: 3

Okay, let's

Okay, let's try:

Okay, let's see the number of students = 27

Okay, let's answer: 3

Okay, let's answer: 4

Okay, let's answer: 36

Okay, let's answer: 36

Okay, let's answer: 36

Okay, let's try:

Okay, let's see the number of students = 1

Okay, let's solve the number of students is the number of students = 4

Okay, let's answer: 42

Okay, let's

",False,True,captured
gsm8k_622,gsm8k,0.6B,4,stochastic,123,16.4607,141.18,64.0,256,15.55,582,110,146,0.189,0.75,False," (Do not round the) number. 0)

Okay, let's see the answer.)

Okay, let's see the answer.)

Okay, let's see the numbers.  answer.  Do not necessary calculations. Use the exact answer.)

Okay, let's see the answer. Just give or simplify any numbers.  Use exact answer.  (Do not round the answer. (Do not round the numbers)

Okay, let's see the answer)

Okay, let's see the answer.  (Do not round the answer, you'res)

Okay, let's see the answer. Round to the nearest whole number of the number of the numbers, the answer is answ) numbers. (Do not round the numbers. (Do not round the answer. Do not round the answer. (Do not round, the numbers. (Do not needed values, it is the number of the answer, it's) numbers. Just give the final answer. (Do not round the numbers.)

Okay, let's see the note: 30)

Okay, let's try to find the answer. If you have to a) (Do not round the answer.)

Okay, let's see the numbers, and make sure to the numbers.)

Okay, let's see",False,True,captured
gsm8k_623,gsm8k,0.6B,4,stochastic,123,14.8235,138.03,57.59,256,17.27,528,125,132,0.2367,0.95,False," 

Okay, let's see.>

To determine the answer here > 
Okay, let's see.>

To determine the current age + 12 = 16 + 12 = 16 + 12 = 16 + 12 = 18>
Okay, let's age > 

Okay, let's see solution >
Okay, let's see solution > 

To determine the current age + 12 = 140>
Okay, let's see, 164444>
Okay, let's see.> 

Okay, let's see solution >.>

To determine the current age + 440>
Okay, let's see solution > 

Okay, let's see the answer here >
Okay, let's see solution here >
Okay, let's see.>

To determine Charmaine's current age + 1644>
Okay, let's see solution >. 

Final Answer: <

To determine Charmaine's current age is 16 + 12 = 16 + 124>
Okay, let's see the number > 

Okay, let's see solution > 

Okay, let's see the answer here >.
Okay, let's see",False,True,captured
gsm8k_628,gsm8k,0.6B,4,stochastic,123,14.7684,138.63,57.37,256,17.33,525,125,132,0.2381,0.95,False," 

Okay, let's see.>

Okay, let's see, 3>
Okay, let's see the number >
Okay, let's see the solution > 

Okay, let's see below > 

Okay, let's see below

Okay, let's see, let's see the number >
Okay, let's see the number > 

Okay, let's see the number >
Okay, let's see the number >
Okay, let's see below

Okay, let's see below >

To determine the number of years >

To determine the number of years needed number > 

Okay, let's height is the number >
Okay, let's see the number >.
To determine the number of years needed number >
Okay, let's see below > 

Let me think step-by>
Okay, let's see the number >
Okay, let's see the number >
Okay, let's see below > 

To determine the number of years needed number >
Okay, let's see the number of the number >
Okay, let's see the number of years>
Okay, let's see the number of years >
Okay, let's see the number of years >
Okay, let's see the number of years >
Okay, let's see. 

Okay, let's see. 

",False,True,captured
gsm8k_631,gsm8k,0.6B,4,stochastic,123,12.9809,141.84,50.35,256,19.72,460,142,115,0.3087,1.23,False," 

Okay, let's see. So, step by step. 

Okay, let me. So, I think step by setting up equations step by step:

Okay, let me step by first. First, I need to find the total price for all three jewels problem step by step. 

First, I need to find the total price of all step by step. 

First, I need to find the total price for the step by step. 

First, I think step by step. 

Okay, let me think step by step. 

First, I need to find the total price for the problem step by step. 

First, I need to find the total price for the problem step by step. 

First, I need to find the total price for the price problem step by step. 

First, I need to find the total price for the price problem. First, I think step by step:

Okay, let me think step by step. 

First, I need to find the total price for the price problem. 

Okay, let's step by step. 

Okay, let me step by step. 

First, I will be setting up equations. 

Let me solve step by step. 

First, the price of a step by step. 

",False,True,captured
gsm8k_640,gsm8k,0.6B,4,stochastic,123,16.8012,146.66,65.31,256,15.24,596,106,150,0.1779,0.71,False," 

Let me calculate the total cost in dollars>
Okay, let's see.>

Okay, let's think>
Okay, let's think>
Okay, let's see the total cost of the truck, and the cost of truck cost of the truck price of the truck cost of the problem answer > 

Let me solve the total cost of the total cost in dollars> 

Okay, let's think>
Okay, let's calculate the total cost in dollars>
Okay, let's calculate the total cost in dollars. 

Let me calculate the total cost in dollars. 46655232565865858212656575257565650>
Okay, let's think>
Okay, let's calculate the total cost step by the total cost of truck cost of the king cab price of the truck is the total cost in dollars> 

Okay, let's see the total cost of the truck in dollars>
Okay, let's see the total cost in dollars??
Okay, let's see the total cost of the truck's total cost in dollars. 

To determine the cost of truck price of the truck's>

Okay, let's see the total cost in dollars, let",False,True,captured
gsm8k_651,gsm8k,0.6B,4,stochastic,123,17.596,139.45,68.46,256,14.55,627,98,158,0.1563,0.62,False," (Do not use the (Do not use the word ""X)

Okay, let's see the word ""Month 40. )

Okay, let's see below formula for the word ""rounding, but just answer of formula for the word ""and in the answer as in the answer.)

Okay, let x variable ""x) word ""x) word ""total sales of the first month. (Do not use the word ""and the word ""total sales of the first month as the word ""and operator in the answer.)

Okay, let x as in the answer from the first month.)

Okay, let x)

Okay, let x in the answer from the previous month's) ""total"" 1) word ""and calculate function) word ""and"" total sales from the first month'step-by) (Do not use the )

Okay, let's) word ""total sales of the first month in the answer from the first month.)

Okay, let x)
Okay, let x + operator, just-in the word ""and"" in the answer.)

Okay, let x) variable x or or the word ""and"" in your knowledge of the total sales of in the answer. (Do not use the word ""and"" total sales of the word """,False,True,captured
gsm8k_655,gsm8k,0.6B,4,stochastic,123,14.2057,138.2,55.17,256,18.02,505,129,127,0.2554,1.02,False," 

To solve this problem, we need to find out of the paper pages>
Okay, let's see.>

To determine the number of pages left >
To solve step-by>
Okay, let's see.> 

To determine the number of pages left to be careful steps > 

Okay, let's see.>

To solve step-by-step explanation here put your answer > 

Okay, let's see the number > 

Okay, let's see the number > 
Okay, let's see below >

Okay, let's see the number of pages left pages>
Okay, let's see the number > 

Okay, let's see below > 

To solve this problem, we need to find the number of pages left to be careful here put your answer here > 

Okay, let's>
Okay, let's see the number > 

Okay, let's>
Okay, let's see the number of pages left to be careful with the correct answer here >
To determine the number of pages left_pages>
Okay, let's see the number of pages left_pages>
Okay, let's see the number of pages left >

To determine the number of pages left pages > 

To solve this problem, we need to find the number of pages left to be careful with the correct number >",False,True,captured
gsm8k_658,gsm8k,0.6B,4,stochastic,123,15.8126,138.85,61.47,256,16.19,563,116,141,0.206,0.82,False," 

Okay, let's see. So, step through this step through this step through this step through the problem step through the problem step through this step by myself. So, the problem step through this step by step through this step by step. I think. So, the problem step through this step by step. Let me think. So, first, I don't give a. I need to find the problem. 

Okay, let x. 

Okay, let'solve this step by step. First, let'solve this step by step. 

Okay, let the problem solve this step by step. 

Okay, let x for the problem solve this step by step. 

Okay, let the problem. Let me think. Okay, let the problem step through this step by step. 

Okay, let'st
Okay, let'solve this step by step. Okay, let x =) break this step through the problem step through the problem step through this step by step. First, I need to find the total the problem step through this problem. So, the problem is a

Okay, let's problem-solve this step by step through the problem step through the problem step through this step by step. 

Okay, let's
Okay, let",False,True,captured
gsm8k_661,gsm8k,0.6B,4,stochastic,123,15.0363,139.82,58.42,256,17.03,532,122,134,0.2293,0.91,False," 

Okay, let's see. Let's answer:  Answer:  Answer:  Answer: 5 per pound.  He buys  Answer: 4

Okay, let's see the total cost is the final answer is the cost is the total cost is the answer:  Answer: 42

Okay, let's answer:  Answer: 42
Okay, let's see the total cost is the total cost is not sure.
Okay, let's see, let's see, let's see the total cost is not sure
Okay, let's see, the total cost is $2

Okay, let's see the total cost is $5

Okay, let's see the problem step: 7

Okay, let's see, the total cost is $1
Okay, let's see, so the total cost is $3

Okay, let's see. 

Okay, let's see the problem step: <number> is  Answer: 42
Okay, let's see. 

Okay, let's see the problem. 

Okay, let's see the total cost is the total cost is the total cost is $5
Okay, let's see. 
Okay, let's see. Let's cost",False,True,captured
gsm8k_672,gsm8k,0.6B,4,stochastic,123,13.288,140.09,51.56,256,19.27,472,139,118,0.2945,1.18,False," (The total number of days in the month is thirty days is thirty days in the month is thirty days is not yet to be determined is thirty days is not changed days in the month is thirty days in the month is thirty days.)

Wait, the month is 30 days is 30 days is not necessary days in the month is thirty days in the month is thirty days is a month is a month is not yet to be determined is 30 days is thirty.)

Wait, the month is thirty days.)

Wait, the question is a month is not mentioned days in the month is thirty days in the month is not yet to be recorded days in the month is thirty days in the month is thirty.)

Wait, the month is a month is 30 days is thirty days.)
Wait, the question is 30 days is thirty.)

Wait, the question is not yet counted days is thirty days in the month is thirty days in the month is thirty days is 30 days is not included days in the month is thirty days is not specified days in the month is not yet counted days is thirty days.)

Wait, the month is thirty days.)

Wait, the question is 30 days is the month is thirty days.)

Wait, the question is",False,True,captured
gsm8k_673,gsm8k,0.6B,4,stochastic,123,11.8571,142.47,45.94,256,21.59,420,151,106,0.3595,1.42,False," Let's solve the problem step by step. Let's solve it step by step, step by step. 

Let's solve the problemLet's solve the problemLet's solve the problem step by step, step by step, step by step, step by step, using equations. Let's define the variables. Let's let's equation by first. So, let's start by defining the variables. 

Let's start by defining the variables. 

Let's define the variables. Let's say that Sally has x books. Then we need to find the number of how many books does that is to find the problem step by step, step by step, step by step, step by step, step by step, step by step, using equations. Let's solve it's equation by first. Let's call the problem step by step. 

Okay, let's solve the problem. 

Okay, let's solve the problem step by step by step.

Okay, let's solve the problem step by step by step. Let's equation step by step.

Let’s equation by writing equations. Let's equation by equation by defining the problem step by step, step by step, using equations step by step. Let's equation step by step. 

Okay, let's equation step by",False,True,captured
gsm8k_677,gsm8k,0.6B,4,stochastic,123,15.9339,144.96,61.92,256,16.07,560,115,141,0.2054,0.82,False," 

Okay, let's see. <number>:
Okay, let's see. So, the answer: 2

Okay, let's answer: 3

Okay, let's see, let's Answer: 4
Okay, let's see, let's see the sisters need to collect to the number of signatures needed signatures needed signatures needed signatures needed: 4
Okay, let's see. Let's answer: 46
Okay, let's see the sisters need to collect: 44

Okay, let's see the sisters need to collect is the number of signatures needed signatures needed signatures: 6
Okay, let's see the answer: 60

Okay, let's see, the total signatures needed signatures needed signatures = 100 - 1: 100 - Let's see. 

Okay, let's see the sisters need to collect 1

Okay, let's see. The sisters need to collect: 4
Okay, let's see. 

Okay, let's see the number of signatures needed signatures needed: 6
Okay, let's see the answer is 1

Okay, let's see the answer is 10

Okay, let's answer: 6

",False,True,captured
gsm8k_678,gsm8k,0.6B,4,stochastic,123,14.8818,139.24,57.81,256,17.2,523,125,132,0.239,0.95,False," 

Let me think>
Okay, let's see.>

Okay, let's think>
Okay, let's think>
Okay, let's think>
Okay, let's think>
Okay, let's think>
Okay, let's think>
Okay, let's see the answer here put your answer here >
Okay, let's think>
Okay, let's think>
Okay, let's see the number >
To solve this problem, we need to find the correct answer here put final answer >
Okay, let's think>
Okay, let's see the answer >
To solve this problem, we need to find the solution > 

Okay, let'something>
Okay, let's see the number >
To solve this problem, 60>
Okay, let's see below > 

Let me think through the answer >
To solve step-by> 

To solve this problem, we need to find the answer here >
To solve this problem, we need to find the solution here > 

To solve this problem, we need to find the answer here >

To solve this problem, we need to find the answer here >

Let me think through the steps here put the correct answer here >
Okay, let's see the correct answer here >
Okay, let's see the solution here >
To solve",False,True,captured
gsm8k_681,gsm8k,0.6B,4,stochastic,123,14.6231,141.76,56.79,256,17.51,520,127,130,0.2442,0.98,False," 

Okay, let's see. So, first write down the problem step through this step through this step through this step by working this step through this step by working this step by setting up equations. Let me to solve this problem-solve this step by step. So, the problem is this step through this step by step.

Okay, let variables. Let me call the problem-solve this step by step. First, I need to find the problem-solve this step by step through this step by setting up equations. Let me to figure this step through this step by step. Let me try to solve this step by step. So, first find out how many cookies. Let me try to solve this step by step. I think. 

Okay, let's
Okay, let's see. So, step through this step through this step by step. 

Okay, let variables for the problem solve this step by step. First, I need to find the problem step through this step by step through this step by step. First, I need to find the problem step through this problem solve this step by step. Let me start by setting up equations and think through this step by step. First, find the problem-solve this step by step through this step by step",False,True,captured
gsm8k_687,gsm8k,0.6B,4,stochastic,123,8.5051,138.44,32.81,256,30.1,295,183,74,0.6203,2.47,False, (B)  (B) 13C (B) 7 (B) 2C (B) 2 (B) 2 (B) 2 (B) 2 (B) 2 (B) 2 (B) 2 (B) 2 (B) 2 (B) 2 (B) 2 (B) 2 (B) 2 (B) 2 (B) 2 (B) 2 (B) 2 (B) 2 (B) 2 (B) 2 (B) 2 (B) 2 (B) 2 (B) 2 (B) 2 (B) 2 (B) 2 (B) 2 (B) 2 (B) 2 (B) 2 (B) 2 (B) 2 (B) 2 (B) 2 (B) 2 (B) 2 (B) 2 (B) 2 (B) 2 (B) 2 (B) 2 (B) 2 (B) 2 (B) 2 (B) 2 (B) ,False,True,captured
gsm8k_705,gsm8k,0.6B,4,stochastic,123,14.6173,139.37,56.78,256,17.51,521,126,131,0.2418,0.96,False," 

Okay, let's see.>

Okay, let's think>
Okay, let's see below
Okay, let's see below >
Okay, let's think>
Okay, let's see below > 
Okay, let's think>
Okay, let's see the answer here >
Okay, let's think>
Okay, let's see below > 

Okay, let's see the number > 

Okay, let's see, let's think>
Okay, let's see below > 
Okay, let's think > 

Okay, let's think>
Okay, let's see, the answer >
Okay, let's see the number >
Okay, let's think > 

Okay, let's see the answer > 

Okay, let's think > 

Okay, let's>
Okay, let's think > 

Okay, let's cat speed of the answer here put your answer here > 

Okay, let's>

Okay, let's see the answer here > 

Okay, let's answer>
Okay, let's see the number > 

Okay, let's>
Okay, let's see below > 

Okay, let's think step by step-by-step explanation here >
Okay, let's think>
Okay, let's see below >
Okay, let's see below > 

",False,True,captured
gsm8k_706,gsm8k,0.6B,4,stochastic,123,13.749,140.99,53.36,256,18.62,488,135,122,0.2766,1.11,False," 

Okay, let's see.>

Okay, let me think this is the answer here >
Okay, let me think>
Okay, let me think>
Okay, let me think>
Okay, let me think>
Okay, let's see below >
Okay, let me think>
Okay, let me think>
Okay, let's>

Okay, let me think>
Okay, let me think>
Okay, let's>
Okay, let's>
Okay, let's see below >

Okay, let'solution>
Okay, let's see below >

Okay, let's>

Okay, let's>
Okay, let's>

Okay, let's>

Okay, let's see the number >
Okay, let'solution>
Okay, let me think step-by>
Okay, let me think step by step-by>
Okay, let's total hours >
Okay, let's>

Okay, let's see below >

Okay, let's>
Okay, let's total hours >

Okay, let's

Okay, let's>

Okay, let's>
Okay, let's see below > 

Okay, let's>
Okay, let's see below > 

Okay, let's>
Okay, let's see below >

Okay, let'st>
Okay, let's see below >

Okay, let",False,True,captured
gsm8k_709,gsm8k,0.6B,4,stochastic,123,14.012,139.13,54.4,256,18.27,497,132,125,0.2656,1.06,False,"  (Assume that the factory can make ice cream production rate is constant for each hour.  produces at the factory can make ice cream at a constant rate of the factory can operate at a constant rate.)

Okay, let's see.  produces at a constant rate.)

Okay, let's production rate is able to make both ice creams at the same rate is able to make ice cream at the same rate.)

Okay, let's production rate is constant rate is running at a constant rate.)

Okay, let's you can operate at a constant rate.)

Okay, let's make ice cream factory can make both types at the factory can make both types at a.  can operate at a constant rate.)
Okay, let's say, the factory can produce ice cream factory can make both types of the factory can operate at a constant rate.)

Okay, let's make ice cream at all of the factory can make ice cream factory can make both flavors ice cream production rate is constant.)

Okay, let's you can make ice cream factory can make ice cream at the factory can make ice cream factory can make both flavors ice cream factory can make ice cream factory can make both flavors at the factory can make ice cream factory can make ice cream production is able to make ice cream factory can make",False,True,captured
gsm8k_721,gsm8k,0.6B,4,stochastic,123,15.7532,148.88,61.19,256,16.25,558,117,140,0.2097,0.84,False," 

Okay, let's see. So, the problem step through this step through this step through this step by breaking down the problem step through this step by breaking this step through this step by step. First, I need to find the problem step by step. 

Okay, let me solve this problem. 

Okay, let me to break this step through this step by step. 

Okay, let me solve this problem step through this step by step. 

Okay, let me to figure this step through this step by step. 

Okay, let the problem step through this problem. So, the problem step through this problem.  think through this step by step. 

Okay, let me think through this step by step. So, the problem is this step through this step by step.  break this step through this step by step through this step through this step by step through this step by step.  figure this step through this problem. So, the problem is about this step through this problem. So, the problem step through this problem. So, the problem step through this problem step through this step by step through this step by step through this step by step through this step by step through this step by step through this problem. So, the problem step through this",False,True,captured
gsm8k_726,gsm8k,0.6B,4,stochastic,123,14.2419,139.46,55.3,256,17.98,505,130,127,0.2574,1.02,False," 

Okay, let's see.>

Okay, let's think>
Okay, let's think>
Okay, let's think>
Okay, let's think>
Okay, let's think>
Okay, let's think through the number >

Okay, let's think>
Okay, let's think>
Okay, let's try to solve this step by the number >

Okay, let's think>
Okay, let's see the number >

Okay, let's see the number >
Okay, let's see the steps >

Okay, let's think > 

Okay, let's see the answer >
Okay, let's try to find the number >

Okay, let's try to find the answer here >
Okay, let's try to figure out the answer >

Okay, let's try to solve this step by > 

Okay, let's see the answer >

Okay, let's try to figure out the answer here >

Okay, let's try to solve this step-by-1240>
Okay, let's try to solve this step by the number >

Okay, let's shoe length in inches. 

Okay, let's see below >

Okay, let's see the solution >

Okay, let's try to solve this step by the number here >

Okay, let's shoe length in",False,True,captured
gsm8k_730,gsm8k,0.6B,4,stochastic,123,12.8018,159.83,49.58,256,20.0,454,143,114,0.315,1.25,False,"  Also, what is the... (the cost of the total number of pieces of gum he will have the total number of pieces of gum he total number of pieces of gum he will have left overage of the number of pieces of gum he will have left over pieces of gum he will have left overage of the problem asking for?  (The problem seems like terms of the total number of pieces of gum left over pieces of the total number of pieces of the area of a total number of pieces of gum he will have left over pieces of gum after the 4th cost of the gum total number of pieces of gum he need for the same as a total number of pieces of the number of pieces of gum he will have left over pieces of gum he total number of pieces of gum total number of pieces of gum cost of 30th problem asking?

Wait, that the total number of pieces of gum left over pieces of gum total number of pieces of gum left over pieces of gum?

Wait, that the total number of pieces of gum he will he total number of pieces of gum total number of pieces of gum cost of the total number of pieces of gum left over pieces of gum?

Wait, the question asking for the same as 15% of the",False,True,captured
gsm8k_731,gsm8k,0.6B,4,stochastic,123,14.0901,139.74,54.71,256,18.17,501,130,126,0.2595,1.03,False," 

Okay, let's see below >
Okay, let's think>
Okay, let's think>
Okay, let's think>
Okay, let's see solution here > 

Okay, let's think>
Okay, let's think>
Okay, let's see solution here > 

To solve this problem, we need to find the number >
Okay, let's see the number >
Okay, let's think>
Okay, let's see below >

To solve this is the number >
Okay, let's see below

To solve this problem, we need to find the total boxes >
Okay, let's see solution here >
Okay, let's see solution >

Okay, let's see below
Okay, let's see below

Okay, let's>
Okay, let's see solution > 

Okay, let's see the number > 

Okay, let's see the number >
Okay, let's see below
Okay, let's see solution here > 

To solve this step-by-step explanation here >
Okay, let's see solution >
Okay, let's see the number > 

Okay, let's>
Okay, let's see solution > 

Okay, let's think step by step-by>
Okay, let's think step by step-by>

Okay, let's think through the",False,True,captured
gsm8k_738,gsm8k,0.6B,4,stochastic,123,14.1004,139.82,54.75,256,18.16,499,131,125,0.2625,1.05,False," 

Okay, let's see. So, step by step. 

Let me define variables. 

Okay, let's see

Okay, let me think in steps:

Okay, let me step by first. First, I need to find how many books does. First, I need to find out how many books does step by step. 

First, I need to find the problem step by step. 

First, we have to find out how many books problem step by step. 

Okay, let me think in steps. 

First, I need to find how many books does this problem step by step. 

First, I need to find the problem step by step. 

Okay, let me think step by step. 

First, we can you can be assigning variables. 

Okay, let's step by step. 

First, I think in steps:

Okay, let's step by step. 

First, I need to figure out the problem step by step. 

Okay, let me think step by step. 

First, I need to find how many books does step by step. 

First, I think step by step. 

First, I think the problem step by step. 

First, I need to find the first. 

Okay, let's",False,True,captured
gsm8k_745,gsm8k,0.6B,4,stochastic,123,15.1391,144.88,58.8,256,16.91,535,121,135,0.2262,0.9,False," 

Okay, let's see the answer here > 

Okay, let's think>
Okay, let's think>
Okay, let's think>
Okay, let's think>
Okay, let's see the number >
Okay, let's see the profit > 

Okay, let's think>
Okay, let's think>
Okay, let's profit in the number >
Okay, let's think>
Okay, let's profit amount of the problem. Let's profit in the box >

Okay, let's see the correct answer > 

Okay, let's see the profit in the correct answer here put your answer here put your answer here >

Okay, let's think > 

Okay, let's profit > 

Okay, let's profit > 
Okay, let's see the profit amount >.>
Okay, let's see below
Okay, let's see the number >
Okay, let's see below > 

Okay, let's profit >
Okay, let's see the profit is 4000+>
Okay, let's see the number > 

Okay, let's profit in the box>
Okay, let's see the profit is 40>
Okay, let's see the answer here >
Okay, let's see below >

Okay, let's see the number",False,True,captured
gsm8k_749,gsm8k,0.6B,4,stochastic,123,17.1343,140.26,66.64,256,14.94,609,104,153,0.1708,0.68,False," 

Okay, let's see.>

To solve this problem, we need to find the number of additional groups needed groups >
Okay, let me to be careful with the correct answer here > 

Wait, I need to figure out the number of additional groups needed > 

To solve step-by>

To solve this step-by-step explanation here put answer >
To solve the number >
To solve this is the number of additional groups needed groups >

To solve this step-by-step explanation > 

To solve the number >
To solve the number >
To solve this is not enough> 

To solve this problem solution >
To solve this problem, we need to find how many more groups>
Okay, let me think>
Okay, let me think>
Okay, let me think>
Okay, let me think about 0>
Okay, let me think>
Okay, let'st>
Okay, let me





To solve this problem solution > 

Wait, let me think>
Okay, let me think about 6>
Okay, let's


Final Answer>
Okay, let's>
Okay, let's> 

Okay, let's see the number >
Okay, let's see the solution > 

Final Answer>
Okay, let's> 6>
Okay,",False,True,captured
gsm8k_750,gsm8k,0.6B,4,stochastic,123,15.058,141.09,58.5,256,17.0,525,125,132,0.2381,0.95,False," 

Okay, let's see.>

To determine the number >
To determine the total number of chairs>
Okay, let's see the number >
To determine the total number of chairs.
Okay, let's think>
Okay, let's calculate the total number of chairs > 

Let me think>
Okay, let's calculate the total number of chairs >

To determine the total number of chairs>
Okay, let's think>
Okay, let's calculate the total number of chairs rented chairs>
Okay, let's think>
Okay, let's calculate step-by>

To determine the total number of chairs>
Okay, let's see below > 
Okay, let's see the number >
To determine the total number of chairs.
To determine the total number of chairs rented chairs>
Okay, let's see below > 

Okay, let's see the total number of chairs > 

Okay, let's think through the number > 

Okay, let's think>
Okay, let's see below >

To determine the total number of chairs.
Okay, let's see the total number of chairs rented chairs in two 448880>
Okay, let's see the total number of chairs rented chairs>

To determine the total number of chairs>

To determine the total number >
To determine the",False,True,captured
gsm8k_751,gsm8k,0.6B,4,stochastic,123,10.5227,151.41,40.67,256,24.33,365,165,92,0.4521,1.79,False,"  Also, the bananas that...  [were stolen by the chimpanzee stole from the first were stolen by Arnold stole half of the bananas that were stolen by Arnold stole from the pile.  How many bananas did not been stolen by Arnold stole from the pile were stolen by Arnold stole from the pile were stolen by Arnold stole were stolen by Arnold stole from the pile were stolen by Arnold were stolen by Arnold were stolen by Arnold were not in the pile were stolen by Arnold stole half of the bananas that Arnold stole were stolen by Arnold were stolen by Arnold are in the pile were stolen by Arnold were stolen by Arnold were stolen by Arnold were stolen by Arnold were  were stolen by Arnold are hidden under the fern branch were stolen by Arnold are not in the pile were in the pile were stolen by Arnold were stolen by Arnold were not only Gunther had been stolen by Arnold were stolen by Arnold were not only Gunther and Arnold stole from the pile were stolen by Arnold were stolen by Arnold were stolen by Arnold were not stolen were stolen by Arnold are not in the pile were in the pile were  were stolen by Arnold were stolen by Arnold were stolen by Arnold were stolen by Arnold were not only Gunther and Arnold have been stolen by Arnold are in the pile are in the pile were stolen",False,True,captured
gsm8k_756,gsm8k,0.6B,4,stochastic,123,17.0424,140.22,66.28,256,15.02,604,105,151,0.1738,0.7,False," 

Let me think>
Okay, let's see.>

Okay, let me think>
Okay, let me think>
Okay, let me think>
Okay, let me think this is the number >
To solve this problem, we need to find the number of votes in favor > 

Okay, let's see the number >
Okay, let me think through the process > 

Let me think through the problem step-by> 

To solve this step-by> 

To solve the number >
To solve this is this is there are 33 people>

To solve this problem number >
To solve this problem solution > 

Okay, let's

Let me think through the process > 

Okay, let me think this is the number of the number > 

Okay, let's number of the votes in favor > 

Okay, let's>
Okay, let me think this through the number >
To solve this step-by-step explanation here put your answer here >
Okay, let's>
Okay, let's>
Okay, let's see the number >
To solve this problem solution >
To solve this problem, 222222>
Okay, let's> 

Okay, let me think this through step-by- 22>
Okay, let's>
Okay, let's",False,True,captured
gsm8k_770,gsm8k,0.6B,4,stochastic,123,12.4405,144.88,48.22,256,20.58,442,146,111,0.3303,1.32,False," Also, what is the total number of total number of total number of total number of total scents sold amount of the total number of scents total number of total number of scents sold quantity of the total number of scents sold amount of total number of scents sold quantity of total number of scents? (total number of scents sold total number of scents sold total number of scents sold amount of total sales total number of scents?
Wait, the question is asking for the total number of the total number of scents? total number of scents?

Wait, that they have 4 vanilla scents total number of total number of total number of scents sold total number of scents?

Wait, that the total number of scents sold quantity of scents?

Wait, the question? total number of scents? Also, what is the total number of total number of scents? What is the total number of the total number of scents sold total number of scents sold total number of scents?

Wait, the question? What is the total number of the total number of scents?

Wait, the total number of scents sold total number of scents sold quantity of total scents?

Wait, the question is asking for the",False,True,captured
gsm8k_771,gsm8k,0.6B,4,stochastic,123,15.4259,137.98,59.95,256,16.6,545,119,137,0.2183,0.87,False," 

Okay, so step by step. So, step by first calculating the problem step by step. 

Okay, so step by setting up an equation. 

Okay, so step by first. So, Bennet sells  step by step by setting up an equation. 

Okay, so step by first. So first. 

Okay, so step by setting up an equation. 

Okay, so step by step by first finding the problem step by step. 

First, calculate the problem step by step:

Okay, so step by first finding the amount for the problem step by step. 

First, I need to find the equation step by step. 

First, I need to find the problem step by step. 

Okay, so Bennet is a step by step. 

Okay, so Bennet has a step by step. 

First, calculate the total amount of the equation step by step. 

First, I need to find the amount for each step by first. Bennet sells 20

Okay, so Bennet is the equation step by step. 

Okay, so Bennet is the problem step by step. 

First, calculate the total amount he makes from eggplant problem step by step. 

First, I need to find the amount.",False,True,captured
gsm8k_772,gsm8k,0.6B,4,stochastic,123,14.241,138.53,55.3,256,17.98,507,128,128,0.2525,1.0,False," (Round to the nearest percent.)

Okay, let's see. (Round to the nearest tenth of a percent.)

Okay, let's say, but don't round, but the nearest tenth of a percent.)

Okay, let's say, but don't round, just once, but the question: 10.010. (Round to the nearest percent.)

First, calculate. (Round to the nearest tenth of a percent.)

Okay, let's see question says to the nearest whole number.)

Okay, let's say, 10thousandthousandth.)

Okay, let's say, 10thousandth of a percent.)

Wait, the question says to round to the nearest tenth of a percent.)

Okay, let's see the nearest tenth of a percent.)

Okay, let's see the nearest tenth of a percent.)

First, let's find the nearest tenth of a percent.)

Wait, the question says nothing, but do not specified decimal place) percent.)

Wait, the question says 10thousandth of a percent.)

Okay, let's say, 10, but the nearest tenth of a percent.)

Okay, let's say, 10thousandth of a percent.)

Okay, let's see the nearest",False,True,captured
gsm8k_773,gsm8k,0.6B,4,stochastic,123,15.2385,139.03,59.21,256,16.8,545,120,137,0.2202,0.88,False," 

Let me solve this step-by-step-replace answer >
Okay, let's see the number > 

Okay, let's think>
Okay, let's think>
Okay, let's think>
Okay, let's think>
Okay, let's think>
Okay, let's think>
Okay, let's think>
Okay, let's think step-by>
Okay, let's think>
Okay, let's think step by step-by-step-by>
Okay, let's think>
Okay, let's think step by step-by-step>

Okay, let's think>
Okay, let's think>
Okay, let's see the number > 
Okay, let's think>
Okay, let's think step-by>
Okay, let's think step-by-step>
Okay, let's think step by step-by>
Okay, let's see the number >
Okay, let's think step-by>
Okay, let's see the number of the number >
Okay, let's see the number of pencils>
Okay, let's think step by step-by>
Let me solve step-by-step-express the number >
To solve this problem, we need to find out how many pencils did not know the number >
Okay, let's think>
Okay, let's think step by step-by-step-by>
Okay",False,True,captured
gsm8k_783,gsm8k,0.6B,4,stochastic,123,12.7847,145.06,49.57,256,20.02,455,143,114,0.3143,1.25,False," 

Okay, let's try to be careful calculation > 

Okay, let's try to find the number of white fish Bob had 4>
Okay, let's try to find the number of white fish Bob had 3>
Okay, let's think>
Okay, let's think>
Okay, let's think>
Okay, let's try to find the number of white fish>

Okay, let's try to find the number of white fish>
Okay, let's try to figure out the answer here >.>

Okay, let's try to find the number of white fish>
Okay, let's try to find the answer > 

Okay, let's try to find the answer here > 

Okay, let's answer>
Okay, let's try to find the number >
Okay, let's try to find the number > 

Okay, let's

Okay, let's try to solve the number > 

Okay, let's try to find the answer >
Okay, let's try to find the answer step-by>
Okay, let's try to solve the problem step by step-by>

Okay, let's try to find the answer step-by>

Okay, let's>

Okay, let's try to figure out the answer step by substituting the number >
Okay, let",False,True,captured
gsm8k_784,gsm8k,0.6B,4,stochastic,123,14.6905,137.7,57.07,256,17.43,525,125,132,0.2381,0.95,False," (Round the answer to the nearest cent.)

Okay, let's see. 2 decimal places as needed.)

Okay, let's say, the nearest hundredth place value with 2 decimal places.)

Wait, the question says to the nearest hundredth)

Okay, let's see if needed decimal places as needed decimal places as per the question, the nearest dollar.)

Wait, the question says to the nearest cent. nearest cent, the nearest cent, the nearest cent.)

Wait, the question says to the nearest cent.)

Wait, the question says to the nearest hundredth place value of 2 decimal places.)

Let me check the nearest cent.)

Wait, the question says to the nearest cent.)

Wait, the question says to the nearest cent.)

Wait, the question says to the nearest cent.)

Okay, the nearest cent.)

Wait, the question says to the nearest cent.)

Let me check the nearest hundredth.)

Okay, let's say, 2 decimal places.)

Wait, the question says to the nearest cent.)

To two decimal places.)

Okay, let's say, 2 decimal places.)

To two decimal places.)

Okay, let's see if needed decimal places: 2 decimal places as needed.)

Okay, let's say, 2 decimal places.)

Wait, the",False,True,captured
gsm8k_792,gsm8k,0.6B,4,stochastic,123,13.7056,139.29,53.2,256,18.68,488,133,123,0.2725,1.08,False,"  Also, he has  (1/3 of 10.5 of 10 bottle caps that he can'to find the ability to trade 200.20 bottle caps left over 200 bottle caps left over 100 bottle caps that he found 100 bottle caps that he needs to buy a 200 bottle caps in his own bottle caps that he has to give 20 bottle caps left over 100 bottle caps that he found 50 bottle caps that 20 bottle caps that he can trade 100 bottle caps that 200 bottle caps that he found 50 bottle caps that he wants to buy a 150 bottle caps in his own bottle caps. 200.50.50 bottle caps that he doesn't know that 200 bottle caps that he has collected 50 bottle caps that he has collected 200 bottle caps that he doesn't have 150 bottle caps in his piggy bank with him to give away from his own 200 bottle caps from his parents who will give 100 bottle caps that he is a collection of 20 bottle caps that ",False,True,captured
gsm8k_796,gsm8k,0.6B,4,stochastic,123,15.1244,139.54,58.76,256,16.93,539,121,136,0.2245,0.89,False," 

Let me think through the total amount in numbers here write the answer here > 

Okay, let's see.>

Okay, let's see, the company's salary per month 24848484840>
Okay, let's salary_per_month> 

Okay, let's see the total amount in numbers > 

Okay, let's see the total amount of money the number >
Okay, let's see the total amount in numbers > 

Let me think through the process here put the final answer >
Okay, let's see the total amount in numbers >

To calculate the total amount of the answer >

To calculate the total amount of the total amount of the total amount of money in numbers > 

Okay, let'salary after three months, 36240000>
Okay, let's see, let's see the solution here put your answer here >

To calculate the total amount of the total amount of money in dollars>
Okay, let's see the steps here, then the calculation steps > 

Okay, let's

To calculate the total amount of the total amount of money the number >
Okay, let's see the steps below

Let's total amount in numbers > 

Okay, the total amount of money > 

",False,True,captured
gsm8k_804,gsm8k,0.6B,4,stochastic,123,15.3415,138.74,59.62,256,16.69,549,119,138,0.2168,0.86,False," 

Okay, let's see.>

Okay, let's think>
Okay, let's think>
Okay, let's think>
Okay, let's think>
Okay, let's see below

Final Answer>
Okay, let's think>
Okay, let's think>
Okay, let's see the number >
Okay, let's see the answer >
Okay, let's think about 10>
Okay, let's see below >

Okay, let's think through the number >
Okay, let's see below > 
Okay, let's see the distance in the answer >
Okay, let's see the number >
Okay, let's see the number >
Okay, let's see the number > 

Okay, let's see the number > 

Okay, let's think > 

Okay, let'se>
Okay, let's see the number >.
Okay, let's see the answer >

To determine the number >
Okay, let's see below

To determine the distance in the answer box >
Okay, let's see the number >
Okay, let's see below > 

Okay, let's>
Okay, let's>

Okay, let's see below >
Okay, let's see the number of the number >. 

Okay, let's see the number >
Okay,",False,True,captured
gsm8k_807,gsm8k,0.6B,4,stochastic,123,9.5941,141.21,37.07,256,26.68,339,172,85,0.5074,2.02,False, (B) (B)  (B) 9 (B) 8 (B) 8 (B) 9 (B) 9 (B) 9 (B) 9 (B) 9 (B) 8 (C (B) 8C (B) 8 (B) 8 (B) 9 (B) 9 (B) 9 (B) 8 (B) 8 (B) 8 (B) 8 (B) 9 (B) 8 (B) 9 (B) 9 (B) 9 (B) 8 (B) 9 (B) 9 (B) 8 (B) 8 (C (B) 8 (B) 9 (B) 8 (B) 8 (B) 9 (B) 8 (B) 9 (B) 8 (B) 9C (B) 8 (B) 8 (B) 8 (B) 9 (B) 8 (B) 9 (B) 8 (B) 8 (B) 9 (B) 9 (B),False,True,captured
gsm8k_811,gsm8k,0.6B,4,stochastic,123,14.1355,138.91,54.89,256,18.11,504,130,126,0.2579,1.03,False," 

Okay, so that. So, step by step:

Okay, so I think in steps:

Okay, so I think in steps by first figuring out how much step by step:

Okay, so Felix is the problem step by step:

Okay, so that. So, Felix's problem step by step:

First, step by step:

First, I think in steps:

First, I think in steps. So, the problem step by step: 

Okay, so Felix's problem step by step: 

Okay, so Felix's problem. 

Okay, so Felix's step by step:

First, step by step:

First, step by step: 

Okay, so Felix's problem step by step: 

First, I think the first. 

Okay, so Felix's problem step by step. So, the total branches per day. First, I think in steps. So, the problem step by step:

First, step by step: 

Okay, so Felix's problem. 

Okay, so Felix's problem. So, first. So, the total amount of money he made is a step by step:

First, I think the problem step by step. 

Okay, so Felix's problem. So, the problem step by step: 

Okay, so Felix",False,True,captured
gsm8k_812,gsm8k,0.6B,4,stochastic,123,14.5194,146.24,56.37,256,17.63,516,128,129,0.2481,0.99,False," 

Okay, let's see. Let's answer here > 

Let me calculate the total number > 

Okay, let's think>
Okay, let's think>
Okay, let's think>
Okay, let's see solution here >
Okay, let's see the number >
Okay, let's think>
Okay, let's see the total number >
Okay, let's think>
Okay, let's see the number >
Okay, let's see the total number > 

Okay, let's think>
Okay, let's think>
Okay, let's see the number >
Okay, let's see solution here >
Okay, let's see the number >
To determine the total number of petals>
Okay, let's see the number >.
Okay, let's see the number of the total petals in the vase > 

Let me figure out of the flowers in the vase.

Let me think>
Okay, let's think>
Okay, let's see solution here >

Okay, let's see the number >
Okay, let's see the number of petals in the number >
Okay, let's see solution here >

Okay, let's think>
Okay, let's think>
Okay, let's see the number of petals in the number >
Okay, let's see the number of petals in",False,True,captured
gsm8k_818,gsm8k,0.6B,4,stochastic,123,13.6998,142.59,53.17,256,18.69,489,134,123,0.274,1.09,False," 

Okay, let's see. 

Okay, let me. So, first, I think step by step. 

First, I think I think step by step:

Okay, let me. 

Okay, let me. So, first. 

Okay, let me step by step. 

First, let me. So, first by first. 

Okay, let me think step by step. 

First, I need to find out how many steps:

Okay, let me think step by step. 

First, let me think. 

Okay, let me think step by step. 

First, we know that Robert has 20 cars problem step by step. 

First, I think the problem step by step:

Okay, let's step by step. 

First, we know that Robert has 20 cars problem step by step. 

Okay, let me think step by step:

Okay, let me. So, first. So, first. 

Okay, let me think step by step. 

First, I think first. 

First, I think step by step. 

First, I think the same problem step by step. 

First, I think the problem step by step. 

First, let me think step by step. 

First,",False,True,captured
gsm8k_828,gsm8k,0.6B,4,stochastic,123,16.3682,138.89,63.64,256,15.64,585,109,147,0.1863,0.74,False," 

Let me think>
Okay, let's see. 

Okay, let's see the answer >
Okay, let's see the number >
To determine the number >
To determine the total amount of money after calculation steps >

Let me solve step-by>
Okay, let's see the answer >
To determine the total amount of money left

Let me think step by step-by-step-by>
Okay, let's see the number > 

To determine the total money left >
To determine the total money after father gave her $10>
Okay, let's see solution here put your answer here >
To determine how much money does not enough

Okay, let's see the solution > 

Okay, let's see the amount > 

Let me solve step by step >

To determine the total amount > 

Step-by>
Okay, let's see solution >
Okay, let's see the solution here >
Okay, let's see the steps below
Okay, let's see the steps below > 

Okay, let's see solution >
Okay, let's see the steps below

Let me solve this is the correct answer >
To determine how much money does Mulan integer number >
Okay, let's see the steps >

Okay, let's see the steps below
Okay, let's see solution",False,True,captured
gsm8k_844,gsm8k,0.6B,4,stochastic,123,12.8356,139.58,49.79,256,19.94,457,142,115,0.3107,1.23,False," 

Okay, let's see. So first. 

Okay, let me try to write down the given problem step by step. 

Okay, let me first. So, step by step:

Okay, let me. 

Okay, let me. 

Okay, let me think step by step. 

First, let me step by step. 

First, let me think. 

Okay, let me think step by step. 

First, let me think step by step. 

First, let me think step by step. 

First, let me think. 

Okay, let me first. So, first. First, I think step by step. 

First, let me think step by step. 

First, let me think 

Okay, let's step by step. 

First, let's problem step by step:

Okay, let me think step by step:

Okay, let me step by step. 

Okay, let's step by step. 

First, let me think.

Okay, let me think step by step. 

Okay, let's problem step by step. 

Okay, let's problem step by step. 

Okay, let me think step by step. 

First, let me think. 

Okay, let me try to break it step",False,True,captured
gsm8k_845,gsm8k,0.6B,4,stochastic,123,15.3415,137.64,59.62,256,16.69,549,119,138,0.2168,0.86,False," (Do not use the (Do not use the formula for the formula for the answer is a) formula for the answer.)

Okay, let's see. formula for the union formula for the answer. formula for the union formula for the answer.)

Okay, let's) formula for the union formula, and the rest of the formula for the answer.)

Okay, let x) formula for the union of the formula for the answer.)

Okay, let x) formula for this formula for the answer.)

Okay, let x) formula.)

Okay, let x +) formula for this formula: 20 - formula for the union formula for the answer. formula for the union formula. formula for the union formula. Use the formula: (Do not use the formula for the union formula. formula for the union formula, the formula for the union formula for the answer.)

Okay, let's see the formula for the union of the formula for the union formula) formula for the answer.)

Okay, let x mark for the answer of the formula for the union of the formula in the answer.)

Okay, let x) formula.)

Okay, let x mark for the answer.)

Okay, let x + operator ""Venn formula for the union formula for the union formula for the answer.)

Okay",False,True,captured
gsm8k_846,gsm8k,0.6B,4,stochastic,123,14.2419,138.64,55.31,256,17.98,495,133,124,0.2687,1.07,False, (Note: the intermission is not included in the problem is not included in the problem is not part is a)mission is not part is 10-minute intermission is not part of the intermission is a break is not included in the  mission is a break is not part is not part of the performance is not part of the intermission is not part of the concert is not part of the performance is not counted as part is not part is not part is a. The intermission is not counted as part of the time is a break between the intermission is not part of the intermission is not part is a  mission is not part of the intermission is between acts as part of the  mission is not part of the intermission is not including the time is not part of the performance is not counted as part of the time is part is a 10 minutes are not part is 2 minutes to the intermission is not included in the 2 minutes to exit the stage. is not counted as part of the concert is not part of the intermission is not part is a)mission is not part of the concert is  mission is not part of the intermission is not part is not part of the performance is not counted as part of,False,True,captured
gsm8k_847,gsm8k,0.6B,4,stochastic,123,16.149,139.47,62.78,256,15.85,578,110,146,0.1903,0.75,False," 

Okay, let's see.>

Okay, let me think this is not yet to be filled in number > 

Final Answer>
Okay, let's see the total amount >

Okay, let me think>
Okay, let me think>
Okay, let me think through the total amount > 
Okay, let me think>
Okay, let me think>
Okay, let'solution>
Okay, let me think>
Okay, let's see below >

Okay, let me think>
Okay, let me think this is not a number >
Okay, let's total amount > 

To solve this problem, we need to calculate the total amount > 
Okay, let's see the total amount > 

To solve step-by>
Okay, let me think through the process here >
Okay, let me think this is a number >
Okay, let'solution>
Okay, let'st>
Okay, let'something>
Okay, let's final answer >
Okay, let'solution>
Okay, let's see below > 

Okay, let's total amount after 3970527540>
Okay, let'solution>
Okay, let's>
Okay, let's see the total amount > 

Okay, let's total amount after 45757",False,True,captured
gsm8k_848,gsm8k,0.6B,4,stochastic,123,14.7285,139.32,57.21,256,17.38,525,124,132,0.2362,0.94,False," 

Okay, let's see.>

To solve this problem, we need to find the number of floral shirts with the number >
Okay, let's see below >
Okay, let's think>
Okay, let's think>
Okay, let's think>
Okay, let's see the number >
Okay, let's think>
Okay, let's think>
Okay, let's see the problem step-by>
Okay, let's think>
Okay, let's think>
Okay, let's see below > 

Final Answer>
Okay, let's see below >

To solve this is there are 20>
Okay, let's see the number >
To solve the number >
To solve this is the number of floral shirts with no buttons -20>
Okay, let's see below > 

Let me try to solve this step by step >

To solve this problem answer here >
To solve this problem, we need to find the number of white shirts with no collars>
Okay, let's see below > 

Okay, let's see below >
Okay, let's see the number of floral shirts with no buttons -10>
Okay, let's see the number of floral shirts with no buttons > 

Let me work out of the number >
To solve this step-by-step explanation",False,True,captured
gsm8k_851,gsm8k,0.6B,4,stochastic,123,11.4842,138.15,44.49,256,22.29,410,153,103,0.3732,1.49,False," 

First, determine how much more easily, we need to find the total number of pairs of shoes per step by step, we need to find the total number of pairs of shoes per year = 1, we need to find the first, we need to find the first, we need to find the total cost per step by step, we need to find the first, we need to find the total cost per pair of how much does he pay on average for the first, we need to find the first step by step, we need to find the total cost is to find the average cost per pair of shoes = 1, we need to find the total cost is to find the total number of pairs of shoes per step by step, we need to find the first find the total cost is to find the total number of pairs of shoes per step by step, we need to find the total number of pairs of shoes per step by step, first find the total number of determining the total number of pairs of shoes per year: 

First, we need to find the total cost per pair of shoes per step by step, we need to find the total number of pairs of shoes per step by step-by-step, we need to find the average cost per pair = 1",False,True,captured
gsm8k_852,gsm8k,0.6B,4,stochastic,123,18.5185,138.51,72.08,256,13.82,663,90,166,0.1357,0.54,False," (Do not use the (Do not use the ""Subtract 25% sign or symbol for loop or any programming language's) discount in the ""off the discount for loop or any other discount for loop, and the discount for loop. Do not use the. $25% discount for loop in the answer as a) ""discounted food baskets, 25 and the 25* operator - sign $ operator ""combined discount for loop. Do not use the discount for the discount for the ""discount as a variable. Use the word ""total price of the discount when you have to pay in the discount for the green food and $) 25 * symbol $10, do not use the ""total"" and "" in the answer.)

Okay, let's see. (Do not use the discount if statement of the discount when you answer is not the discount for the green food.)

Okay, let's think) discount when you write the ""in the answer as a variable ""off price of the red food discount, but use the subtraction operator “off the price of red food discount in the answer.)

Okay, let x in the answer.)

Okay, let x or or, $x symbol $ symbol $25* symbol. Use",False,True,captured
gsm8k_856,gsm8k,0.6B,4,stochastic,123,13.4244,141.15,52.09,256,19.07,475,138,119,0.2905,1.16,False," Also, he wants to... (i) buy the total number of glue a give  give each student to have at least have at least have at least have  have at least  give each student to have at least  have at least  have at least 1. Determine how many packs will also buy the least number of packs possible to have at least 50% of the total number of glue together with the glue a give a) have at least 10% of the glue a total number the total number of glue sticks to have at least 50% of the total number of glue a picture the total number of glue together with the glue sticks to have at least 50% of the total number of glue a total number of glue together with the students to give each student  give  have at least 50% of the packs to have at least 50% of the total number of glue together with the students to use the total number of glue together the total number of glue together with the glue a give a give each student to give 3. Also, he wants to give each student 20 have at least 5 glue a give a  give each student  give each student 2. How many packs will",False,True,captured
gsm8k_863,gsm8k,0.6B,4,stochastic,123,15.5772,139.46,60.54,256,16.43,554,117,139,0.2112,0.84,False," 

Okay, let's see. Let'solution:

Okay, let x = the problem solve this problem solve this problem. So, the problem. First, I don't get started by first figure this problem solve this problem. So, step through this problem. So, if I need to find the problem solve this problem step through this problem. So, if I need to find the total the problem. I don't use algebraically solve this problem. So, if I can this problem. First, I think through this problem. 

Okay, let the problem solve this problem step through this problem step through this problem step through this problem. 

Okay, let the problem. Let's think through this problem. So, if I need to find the total number the problem solve this. I think about this problem. 

Okay, let x = the number of silver coins. Let me think. So, the problem says that the problem solve this. Let me try to solve this problem. So, the problem says that. I don't get confused. Let me think again. So, the problem solve this problem step through this problem. So, if I can figure this problem. So, if I can solve this problem. So, if I can figure this out",False,True,captured
gsm8k_868,gsm8k,0.6B,4,stochastic,123,14.9476,141.17,58.06,256,17.13,532,124,133,0.2331,0.93,False," 

Okay, let's see. Let's answer:  Answer:  Answer:  Answer: 1

Okay, let's see, I need to calculate the answer: 1.25

Okay, let's

Okay, let's see, let's see the problem. 

Okay, let's see the answer:  Answer: 15
Okay, let's see the answer: 15

Okay, let's see the answer: 15

Wait, let me think:
Okay, let's see the answer: 15

Okay, let's see the problem step:  Answer: 15
Okay, let's see, let's see, let's see the problem step:  Answer: 15

Okay, let's see. Let's see, the total cost is $3
Okay, let's see. Let's answer: 15

Okay, let's see the total cost is $30

Okay, let's see.  Answer: 15
Okay, let's see, the cost is the total cost is the answer: 15

Okay, let's answer is the answer is 3
Okay, let's

Okay, let's see",False,True,captured
gsm8k_869,gsm8k,0.6B,4,stochastic,123,10.3776,138.73,40.15,256,24.67,368,165,92,0.4484,1.79,False," 

First, the first. 

First, I think step by first. First, I think the first. 

First, I need to find the total cost of the problem step by step. 

First, I need to find the total cost of the correct step by step. 

First, I need to find the total cost of the total cost of the first. 

The cost step by step. 

First, the cost of the first. 

First, I think step by step. 

First, I think step by step:

First, I need to find the total cost of the step by step:

First, I need to find the total cost of the first. The total cost of the problem step by step. 

First, I think step by step:

First, I need to find the total cost of the problem step by step. 

First, I need to find the total cost of  step by step. 

First, I need to find the total cost of the first. 

The total cost of the phones problem step by step. 

First, I need to find the total cost of the first. 

First, I need to find the total cost step by step. 

First, I think the first step is to find the total cost of",False,True,captured
gsm8k_871,gsm8k,0.6B,4,stochastic,123,16.7344,140.36,65.07,256,15.3,584,109,147,0.1866,0.74,False," (Do not use the (Do not use the word ""remaining pieces that the word ""left parenthesis for loop for the word ""left parenthesis, the word ""left parenthesis (Do not use theDo not use theDo not use the)

Okay, let's see the word ""word ""answer is the number of pieces left parenthesis. Use the value of the total number 60 - ""remaining"""") symbol for the answer.)

Okay, let's see the word ""x)

Okay, let me)
Okay, let x in the answer.)

Okay, let mea calculator.)

Okay, let me )
Okay, let's see the word ""left parenthesis (Do not use the (Do not use theDo not use theDo notational number 60 - - and the 60 - 2/5 - operator or keyword ""x) calculator. Use the (Do not use the word ""total number of the word ""left"" x variable 'remaining pieces left-overline. Just write ""frac{ } or the word ""left"" in the answer.)

Okay, let's see if- ""the word ""left"" in the answer.)

Okay, let's see-through, it's the first day, or word ""left"" ""total number of in",False,True,captured
gsm8k_874,gsm8k,0.6B,4,stochastic,123,16.3031,137.63,63.39,256,15.7,581,111,146,0.191,0.76,False," 

Okay, let's see.>

To determine the answer here >
To determine the amount Ella would earn after solving step-by- 4444>
Okay, let's see.>

To solve this problem, we need to find the number >
To determine the rate per hour.>

To determine the number >
To determine how much would be sure >
To determine the rate per hour > 

To determine the hourly rate > 

Let me think. So, first calculate the solution here > 

Okay, let's see. 

Okay, let me think>
Okay, let me think>
Okay, let me think>
Okay, let's

Okay, let me think>
Okay, let's see the answer here >
To solve this problem, we need to find the amount >
To determine how much would she would be sure to be sure, let me think about 44>
Okay, let's see the number > 

To determine the rate > 

Okay, let's>
Okay, let's see the number >
To solve this problem, we need to find the rate per hour > × = 33 divided by 3333>
Okay, let's>
Okay, let's>

To determine the rate per hour first find the rate > 

Okay",False,True,captured
gsm8k_875,gsm8k,0.6B,4,stochastic,123,15.1667,138.44,58.93,256,16.88,540,122,135,0.2259,0.9,False," 

Okay, let's see.>

To solve this problem, we need to find the number of marbles Paul has 49112>
Okay, let's see solution here put your answer here >
Okay, let's see solution here >
Okay, let's think>
Okay, let's think>
Okay, let's see the answer here put your answer here > 

Okay, let's see solution > 

To solve the problem step by step-by>
Okay, let's see solution > 

Let me solve step-by-step>

Okay, let's think>
Okay, let's see solution steps >

To solve step-by-step>
Okay, let's see the number > 

To solve this is there is no answer yet to be filled in number >
Okay, let's see the number > 

Okay, let's see solution > 
Okay, let's see the answer here >
Okay, let's see the number >
Okay, let's see solution steps here put your answer here >

Okay, let's see the number > 

Okay, let's

Okay, let's see solution steps >

Okay, let's see solution steps here >
Okay, let's see solution steps >

Okay, let's see the number of the correct answer here >

Okay, let's",False,True,captured
gsm8k_886,gsm8k,0.6B,4,stochastic,123,14.3724,138.73,55.82,256,17.81,510,127,129,0.249,0.98,False," 

Okay, let's see.>

Okay, let's see, 250>

Okay, let's see the number >
Okay, let's see below >

To solve this problem, we need to find out how many pairs of microphones>
Okay, let's see the number >
Okay, let's see below > 

Okay, let's see below >
Okay, let's see the number > 

Okay, let's see below > 

Okay, let's see, let's see the solution > 

Okay, let's see the number >
Okay, let's see, 250>

Okay, let's try to figure out of the number >
Okay, let's see, let's see below > 

Okay, let's see below > 

Let me think>
Okay, let's see, the problem solution >
Okay, let's try to solve step-by-10>
Okay, let's see, the problem solution >
Okay, let's try to find the number of pairs.>

Okay, let's try to find the number of pairs he was able to arrange on the stage. 

To solve the number >
Okay, let's try to solve the number >
Okay, let's try to find the number of pairs he was the number",False,True,captured
gsm8k_887,gsm8k,0.6B,4,stochastic,123,14.5755,138.63,56.62,256,17.56,519,125,131,0.2408,0.95,False," 

Let me solve this step-by-step-replace answer here put your answer here > 

Okay, let's see.>

Okay, let's see solution > 

Okay, let's think>
Okay, let's think>
Okay, let's see the total number of birds >

Okay, let's see solution here put your answer here > 

Let me solve this is 270>
Okay, let's

Let's>

To determine the total number of birds>
Okay, let's see the total number >
Okay, let's see the total number of birds >
Okay, let's see solution here >
Okay, let's see solution here >

Okay, let's see the total number of birds > 

Let me solve the total number of birds >

To determine the total number of birds>
Okay, let's see the total number of birds > 

Okay, let's see the total number of birds >
Okay, let's see solution here >

To solve this problem, we need to calculate the total number of birds Jerry counts six + 386 + 46 + 3 *number>
Okay, let's see. Let's>
Okay, let's see the total number of birds >
Okay, let's see the total number of birds Jerry counts six",False,True,captured
gsm8k_888,gsm8k,0.6B,4,stochastic,123,15.9429,137.66,61.98,256,16.06,568,114,142,0.2007,0.8,False," 

Okay, let's see.>

To solve this problem, we need to find the number of cookies in each jar has to be filled in each jar >
Okay, let's think>
Okay, let's think>
Okay, let's see the number >
Okay, let's think>
Okay, let's think>
Okay, let's think>
Okay, let's see solution > 

Let me solve the number > 

Okay, let's see solution here put your answer here >
Okay, let's see the number >
Okay, let's think step by step-by>
Okay, let's see the solution here >

To solve step-by>
Okay, let's see the steps here > 

Okay, let's see the solution > 
Okay, let's see the steps and the number > 

Okay, let's think step-by-step reasoning steps > 

Let me solve the problem step by step-by>
Okay, let's see, let's see solution here >

To solve the problem step-by-step explanation > 

To solve the problem step-by-step explanation > 

Okay, let's>

To solve this is 8>
Okay, let's see the thought process > 

Let me solve step-by>
Okay, let's see the problem solution > 

Okay, let's",False,True,captured
gsm8k_889,gsm8k,0.6B,4,stochastic,123,14.1229,139.8,54.84,256,18.13,502,129,127,0.257,1.02,False," 

Okay, let's see.>

To determine the number of petals>
Okay, let's see below

Okay, let's see below >
Okay, let's see below > 

Final Answer>
Okay, let's see the number >
Okay, let's see below >
Okay, let's see the number >
Okay, let's think step-by-step solution > 

Final Answer>
Okay, let's see, 10>
Okay, let's see below > 
Okay, let's see below >
Okay, let's see the number >
Okay, let's see the number of petals>
Okay, let's see below >

Okay, let's see the number > 

Final Answer: <

Okay, let's see below > 

Okay, let's think step-by-step calculation here >
Okay, let's see, 20>
Okay, let's think>
Okay, let's see below >

Okay, let's> 

To determine the total_petals>
Okay, let's see below >

Okay, let's>

Okay, let's see below >
Okay, let's see below >
Okay, let's see below
Okay, let's see the number of petals for daisies have 10 >

To determine the total petals of the number >
",False,True,captured
gsm8k_892,gsm8k,0.6B,4,stochastic,123,13.3269,140.05,51.71,256,19.21,473,137,119,0.2896,1.15,False," Also, what is the...? Wait, the question seems like the total cost of the total cost of one number of days of the total cost of the carrots' price of the total cost of the carrots price of the price of the carrot's total cost of the total cost of the carrots she pays for one missing number in total cost of the salad price of the total cost of her total cost of her total cost for the  total cost of her total cost for  total cost of her total cost for a total cost of the carrots' price per day cost of the salad's price? 

Wait, the total cost of her total cost for  total cost for the total cost of her goods cost of the salad and the total cost of her meals cost of the salad price of the carrot's price of the total cost for the week total cost of a) total cost of her total cost of the total cost of her total cost for the cost of one day cost of the salad and yogurt's total cost for the total cost of her total cost for a total cost for the total cost of one's price of the carrot's total cost for the week's total cost for the same as a) total cost for the cost of the salad?

Wait, the total cost of a)",False,True,captured
gsm8k_894,gsm8k,0.6B,4,stochastic,123,14.9866,140.87,58.22,256,17.08,532,123,133,0.2312,0.92,False," 

Okay, let's see. So, Tasha's think through this problem step by step through this problem step through this problem step through this problem step by breaking down this problem step through this problem step through this problem. 

Okay, let x be the number of times this problem-solve this problem solve this problem step through this problem step by first understand the problem first understand the problem. So, the problem is a solution. 

Okay, let's see if I can find the problem-solve this step through this problem step through this problem step through this problem carefully think this problem. So, first figure this problem. So, first understand the problem. So, the problem is this problem-solve this step through this problem carefully work through this problem step through this problem step by setting up equations for the first understand the problem step through this problem. 

Okay, let's see if I can figure out how to think through this problem step through this problem step through this problem. 

Okay, let x be the number of times the problem step through this problem. So, Tasha's break this problem step through this problem. Let me try to figure this problem solve this problem-solve this step through this problem. 

Okay, let x be the number of times",False,True,captured
gsm8k_896,gsm8k,0.6B,4,stochastic,123,15.3638,141.19,59.7,256,16.66,547,120,137,0.2194,0.88,False," 

Okay, let's see.>

Okay, let's see the profit calculation here put your answer > 

Okay, let's see solution >

Okay, let's see below>
Okay, let's see the profit >. 

Okay, let's see solution >
Okay, let's see below >

Okay, let's see solution > 

Okay, let's see the profit >

Okay, let's see the profit is 100>
Okay, let's profit > 

Okay, let's profit is $1000>
Okay, let's see the profit is 1000 >

Okay, let's see the profit >. 

Final Answer>
Okay, let's see the profit is $100 > 

To determine the profit is not enough information is the answer here > 

Okay, let's profit > 

To determine the total profit >

Okay, let's see the answer here is the amount of profit > 

Okay, let's see. 100>
Okay, let's see the number > 

Okay, let's see. 

Okay, let's see the profit is the number >
Okay, let's see. 

Okay, let's see the answer here >
Okay, let's see the number >
Okay, let",False,True,captured
gsm8k_898,gsm8k,0.6B,4,stochastic,123,14.8466,140.74,57.67,256,17.24,527,123,133,0.2334,0.92,False," 

Okay, let's see.>

Okay, let's think>
Okay, let's think>
Okay, let's think>
Okay, let's think>
Okay, let's think>
Okay, let's think>
Okay, let's think>
Okay, let's see the total distance >

Okay, let's think>
Okay, let's think>
Okay, let's see the total distance > 

To determine the total distance rowing>
Okay, let's think>
Okay, let's think step-by>
Okay, let's think step-by>

Okay, let's think step-by>
Okay, let's see the total distance is 1200>
Okay, let's see the total distance > 

To solve this problem, we need to calculate the total distance >

Okay, let's think>
Okay, let's see the total distance the total distance > 

Okay, let's final answer >
Okay, let's see the total distance is 50 + 1200>
Okay, let's think step-by> 

Okay, let's see the total distance >

Okay, let's think step-by-step calculation here >
Okay, let's think step by the total distance >
Okay, let's see the total distance they rowed a number >",False,True,captured
gsm8k_901,gsm8k,0.6B,4,stochastic,123,15.2583,139.65,59.29,256,16.78,541,120,136,0.2218,0.88,False," (Round to the nearest (Round to the nearest integer) whole number.)

Okay, let's see the nearest tenth) whole number) whole number).)

Okay, let's see the nearest tenth.) whole number.)

Okay, let's say, but the nearest) whole number.)

Okay, let's say, but don't round? Well, the question, but don't round, but how many times?) (Round to the nearest (Round to the nearest (Round to the nearest)

Okay, let's digit) whole number.) whole number) whole number.)

Okay, let's see the nearest) whole number.)

Wait, the question is not specified number.)

Okay, let's see question: 10. integer) as needed decimal place) whole number. 100.10. (Round to the nearest (Round to the nearest) whole number.)

Wait, but the question says to the nearest whole number.)

Okay, let's say, 100.1))

Okay, let's say, 100thousandth) whole number.)

Okay, let's say, 10) whole number.)

Okay, let's say, 0.1))

Okay, let's see below or 10thousandth)",False,True,captured
gsm8k_906,gsm8k,0.6B,4,stochastic,123,13.9463,141.16,54.14,256,18.36,495,132,125,0.2667,1.06,False," 

Okay, let's see.>

Okay, let's see.>

Okay, let's think>
Okay, let's think>
Okay, let's think>
Okay, let's see below >

Okay, let's think>
Okay, let's think>
Okay, let's see the number >
Okay, let's think>
Okay, let's see below >

Okay, let's see the number > 

Okay, let's>
Okay, let's see below >

Okay, let's>
Okay, let's see the number of the number >
Okay, let's see below

Let me think>
Okay, let's see the number > 
Okay, let's see below >

Okay, let's see below>
Okay, let's see below >

Okay, let's see the number > 

Okay, let'sh30>

Okay, let's see solution > 

Okay, let's
Okay, let's see below>
Okay, let'shippopulated>
Okay, let's see below > 

Okay, let's>
Okay, let's see the number of the number of the red and blue shoe boxes left>
Okay, let's see solution > 

Okay, let's think step by step-by-step explanation here >
Okay, let's think>
Okay",False,True,captured
gsm8k_910,gsm8k,0.6B,4,stochastic,123,11.0789,139.69,42.9,256,23.11,392,158,98,0.4031,1.61,False," Step 1. First, find the size of Farmer Brown's farm is 200 acres.

Step 1. First, find the farm is 200 acres.

First, find the size of Farmer Brown's farm is 200. First, find the size of Farmer Brown's farm is 200 acres. First, find the size of Farmer Smith's farm. First, we first, and the farm is 200. First, we know that Farmer Brown's farm is 200 acres is the first step in the farm is 200 acres. So, Farmer Brown's farm is 200 acres is 1. First, we know that Farmer Brown's farm is 1. First, find the size of Farmer Smith's farm is 200 acres.

Step 1: 

First, we first, find the size of Farmer Smith's farm is 200 acres.

Step 1: Determine the size of Farmer Brown's farm is 200 acres. First, we know that Farmer Brown's farm is 1. First, we know that Farmer Brown's farm is 1. First, we know that Farmer Brown's farm is 200 acres is",False,True,captured
gsm8k_914,gsm8k,0.6B,4,stochastic,123,10.2241,139.48,39.55,256,25.04,361,166,91,0.4598,1.82,False," Step 1. First, find out of miles per day, he drives 1. First, calculate the total miles per day, Step 1. Calculate the total miles per day = 100 miles per day = 100 miles per day is 1. First, calculate the total miles per day = 100. First, calculate the total miles per day = 100 miles per day = 100. First, calculate the total miles driven in a) First, calculate the total miles per day = 100. First, find the total miles driven in the total miles per day he drives 100. First, calculate the total miles per day = 100 miles per day = 100 miles per day = 100 miles per day = 100 miles per day = 100 miles per day = 100 miles per day is 10. First, calculate the total miles per day = 100 miles per day = 100. First, calculate the total miles driven in the total miles driven in 30 days, 100 miles per day = 1. First, calculate the total miles per",False,True,captured
gsm8k_921,gsm8k,0.6B,4,stochastic,123,16.1831,138.91,62.92,256,15.82,576,113,144,0.1962,0.78,False," 

Okay, let's see.>

To determine the number of days the loaf of bread lasts 6>
Okay, let's see. 

Okay, let's think>
Okay, let's think>
Okay, let's think>
Okay, let's think>
Okay, let's see the answer here > 

Okay, let's see the number >
To determine the answer here >
To determine the answer here >
To determine how many days will be careful calculation > 

Okay, let's see the number >
To determine the answer step-by- 

Okay, let's see the number > 

Okay, let's>
Okay, let's see the number > 

Okay, let's

Okay, let's see the solution > 

Okay, let's see the answer here >
To determine the number > 

To determine how many days will be replaced with the correct answer here >
To determine how many days will be careful calculation here >
To determine how many days will the number >
To determine how many days will be careful calculation here > 

Okay, let's see the number >
To determine how many days will the number >
To determine how many days the number of the number >
To determine how many days the number of the loaf of bread lasts 5>
Okay, let's",False,True,captured
gsm8k_923,gsm8k,0.6B,4,stochastic,123,11.219,139.81,43.45,256,22.82,396,158,99,0.399,1.6,False," Let's solve this step by step by step.

First, we need to find out how many step by step.

Okay, let's see step by step.

First, let's solve this problem step by step, step by step, step by step.

First, we need to find the problem. 

Step 1: Determine how many cups are left.

Okay, let's solve this step by step.

First, we need to find the problem.
Step 1: Determine the problem.
Step 1. First, let's solve this problem step by step, step by step, step by step.

First, let's solve this step by step.

First, we need to find the problem step by step.

First, we need to find the problem step by step.

Okay, let's see step by step.

First, let's solve this step by step.

First, we need to find the problem step by step.

First, we need to find the problem step by step.

Okay, let's see step by step.

First, step by step, step by step.

First, we need to find the problem step by step.

First, let's find the problem together.

Okay, let's solve this step by step by step.

First, we need to",False,True,captured
gsm8k_926,gsm8k,0.6B,4,stochastic,123,14.5888,149.88,56.62,256,17.55,507,129,127,0.2544,1.02,False," Also, the last day of the month is a Friday is a movie is a movie was a movie was a Friday is a Friday is a Friday, it's a Friday and the first day of the month is a Friday, it's a Friday, he can go to the movies is a Friday is a Friday, and he had a movie was a Friday is the month is a Friday.

Okay, let's try to see, he had a movie was a Friday. of the month is a Friday is a Friday.

Okay, let's say, it's a movie is a Friday is a Friday, and the next month is a Friday.

Okay, let me the movie is a Friday is the movie is a Friday, he has been a movie was a Friday and it's a Friday, it's a Friday, and the next month is a Friday. of the month is a movie is on the month is a Friday, he saw a movie was seen is a Friday, he saw a movie was seen is a Friday.

Wait, the month is a Friday.

Wait, I mentioned is a Friday, and he saw a movie was seen is a Friday. 

Okay, let's say he has to see is a Friday is a Friday, and he saw a movie on",False,True,captured
gsm8k_932,gsm8k,0.6B,4,stochastic,123,11.1572,138.38,43.21,256,22.94,393,158,99,0.402,1.6,False," 

First, we need to find the total number of balloons step by step. 

First, we need to find the total step by step. 

First, find the total step by step. 

First, we need to find the total number step by step.

First, let's break it step by step. 

First, let's break it down to find the total number of step by step. 

First, we need to find the total step by step. 

First, let's start by breaking it step by step.

First, we need to find the total step by step. 

First, let's break it down into steps. 

First, we need to find the total step by step. 

First, we need to find the problem step by step. 

First, we need to find the total number of balloons problem step by step. 

First, find the total number of balloons problem step by step. 

First, we need to find the total step by step. 

First, let's see how many total number step by step. 

First, let's start by breaking it down step by step. 

First, find the total number of balloons problem step by step. 

First, let's find the total number of balloons problem step by",False,True,captured
gsm8k_942,gsm8k,0.6B,4,stochastic,123,13.5597,138.5,52.63,256,18.88,480,136,121,0.2833,1.12,False," 

Okay, let's see. So, the same problem, step by step. 

First, I need to calculate the total cost. So, the same problem but first. So the same problem, but I think step by step. 

Okay, let me step by breaking it down. 

Okay, let me step by step. 

Okay, let me. So, the total cost. So, the first thing. 

Okay, let me step by step:

Okay, let me step by step. 

First, I think the total cost is a step by step. 

Okay, let's problem step by step. 

Okay, let me step by step:

Okay, let me step by step. 

First, I think the formula. 

So, the first. 

Okay, let me think. So, the total charge step by step:

Okay, let me think. 

Okay, let me step by step. 

First, I think the total cost is step by step. 

First, I think the total cost problem step by step. 

First, I think the total cost is a step by step. 

Okay, let's step by step. 

First, the visit. 

Okay, let me think. 

Okay, let me",False,True,captured
gsm8k_943,gsm8k,0.6B,4,stochastic,123,17.5131,139.01,68.13,256,14.62,622,99,157,0.1592,0.63,False," (Do not use the (Do not use the word ""X)

Okay, let's see. )
Okay, let meager for the word ""minus sign, Do not use the )

Okay, let me)

Okay, let me -10% symbol, just-inclusive) word ""Percent) (Do not use the (Do not use the word ""0. 40% off for the word ""is $ sign.)

Okay, let's see the word ""Profit or the word ""profit or operator in the answer of, ""rounding them for the answer from the problem.  Use the following words ""negative sign in the answer.)

Okay, let's see the word ""percent"" in the answer. 20100. 20% symbol, just-in-time savings from the original price, please, 20% discount when you are) the word ""profit"" in your knowledge of in the answer.)

Okay, let me)

Okay, let me)
Okay, let me)
Okay, let's' 'percent sign, just the word ""x) word ""Total cost of the original price. ) 

To solve this problem, we can't use the word ""..."" (Do not use the word ""Percent formula for",False,True,captured
gsm8k_944,gsm8k,0.6B,4,stochastic,123,16.8299,139.77,65.45,256,15.21,599,105,151,0.1753,0.7,False," 

Okay, let's see.>

To determine the total amount in numbers here >
To determine the total earnings > 

Final Answer>
Okay, let's see the total amount in numbers >
To determine the total earnings from the total amount in the total amount in the box >

To determine the total earnings from the problem solution > 

To determine the total earnings from the problem, 1842675.>
Okay, let's see the total amount in dollars>
Okay, let's see the total amount in dollars>

To determine the total earnings from each>
Okay, let's calculate the total amount in the total amount in numbers here > 

Okay, let's calculate the total amount in the box >

To determine how much will be careful calculation here >
To determine the total earnings > 

To determine the total earnings from the total amount in dollars>
Okay, let's see the total amount in dollars >

To determine the total earnings from the given that she has to be careful, the number >
To determine how much will be careful calculation here >
To determine how much will she will be careful with the total amount in dollars >
To determine how much will she earn? 

Okay, let's total earnings. 

To determine the total earnings from the total of the number",False,True,captured
gsm8k_945,gsm8k,0.6B,4,stochastic,123,15.1458,141.42,58.84,256,16.9,532,124,133,0.2331,0.93,False," 

Okay, let's see the answer: 3

Okay, let's try:

Okay, let's see

Okay, let's see the solution:  Answer: 30

Okay, let's answer: 1

Okay, let's see. To solve this problem, we need to calculate the total time =  Answer: 2

Okay, let's try

Okay, let's see, the answer: 2

Okay, let's answer is 1

Okay, let's see

Okay, let's see the problem step:  Answer: 21

Okay, let's

Okay, let's try:

Okay, let's see, let's see

Okay, let's see, let's see the problem again. 

Okay, let's see, and is  Answer: 3

Okay, let's answer is 4

Okay, let's answer is the time he has to be sure

Okay, let's try
Okay, let's see. 

Okay, let's try

Okay, let's see the total time is 1

Okay, let's try

Okay, let's try:

Okay, let's see the lake crossing time in the lake time

Okay, let's see",False,True,captured
gsm8k_953,gsm8k,0.6B,4,stochastic,123,17.6274,146.9,68.55,256,14.52,626,98,158,0.1565,0.62,False," (Do not use the (Do not use the time she usually 24th time she was sleepwalking. the total time from the (Do not use the (Do not use the (Do not use the)
Okay, let's see-through-)

Okay, let's think
Okay, let's think
Answer: 10 hours she was sleepwalking or, 24-hour values of the total sleepwalking time, 24-hour to calculate the time of the sleepwalking time she is sleepwalking time she usually sleeps in the time when calculating method of the usual 24-hour clock face that she was sleepwalking time of the time of the time of the sleepwalking time between the time when she was sleepwalking in the answer from the total time from sleepwalking time.)

Okay, let's think
Okay, let's think
Okay, let's think
Okay, let's try to find the total time of the duration between the time she goes to sleep at night time that she sleepwalking time she slept time from the time she spent on/offline 248-hour of the time she spent on sleepwalking time when calculating time between the time of the day. 24-hour clock.)

Okay, let's see-through, it",False,True,captured
gsm8k_967,gsm8k,0.6B,4,stochastic,123,15.7894,138.56,61.38,256,16.21,563,116,141,0.206,0.82,False," 

Okay, let's see.>

To find the total age of the total age of Nani's age of the total age of Nani's age of the problem solution here > 

Let me solve step-by- 260>
Okay, let's think>
Okay, let's think>
Okay, let's think>
Okay, let's see below >

To find the total age of the total age > 

Final Answer>
Okay, let's see below >

Okay, let's think>
Okay, let's see the total age > 

Let me think>
Okay, let's see the total age of all steps here > 

Okay, let's think>
Okay, let's see the total age of all three of the total age of all three of the family members is the total age >

Okay, let's see the total age > 

Okay, let's age of the total age of all steps go here >
To find the total age of the total age of all three > 

Okay, let's total age >

Okay, let's see the total age of all the total age >

Okay, let's see the total age of all three numbers here >

To solve this problem, the total age >

To find the total age of the total age of all",False,True,captured
gsm8k_969,gsm8k,0.6B,4,stochastic,123,14.5903,140.28,56.67,256,17.55,520,126,130,0.2423,0.97,False," 

Okay, let's see. So, first, John is to figure this step through this step through this step through this step by step. 

Okay, let the problem step through this step through this step by step by step through this step by the problem step through this step by step. So, John is this step through this problem. So, John has a step through this problem. So, the problem is this step by step. 

First, step through this step by step. So, John is the problem. So, first, the problem. So, John is the problem step through this problem. 

Okay, let the problem step through this problem step through this step by step. So, the total the problem step through this problem. So, the total the problem step by step:

Okay, let's see. So, John wants to buy  figure this step through this problem. So, first, the problem. So, John has to figure this step by step.

Okay, let the problem step by step. So, John has to buy phones for the problem. So, first, how many steps.

Okay, let's see. So, first, the problem. So, John is this step by step. 

Okay, let's see",False,True,captured
gsm8k_970,gsm8k,0.6B,4,stochastic,123,15.6,138.19,60.63,256,16.41,556,118,139,0.2122,0.85,False," 

Okay, let's see. So, step through this problem step through this step through this step through this problem solve this step by step. So, first, I need to find the answer this step through this step by thinking step through this step through this problem solve this step by step. 

Okay, let me to solve this problem. First, I don't think through this step through this problem solve this. So, first figure this step through this problem. So, Carlton's team has 1. So, Carlton's team has 1. First, I think through this step by step. First, I don't do this step by writing the problem. So, the problem says Zeke's team up the problem solve this problem solve this problem solve this problem solve this problem. First, I think through this problem solve this problem solve this problem. First, I don't get the problem. First, I don't get confusedly. So, the problem. Let me think about this step through this step by step. First, find the answer this step by writing the problem step through this problem solve this problem solve this problem. So, step through this problem. So, first find the problem solve this problem solve this problem. So, the problem says",False,True,captured
gsm8k_974,gsm8k,0.6B,4,stochastic,123,16.7628,142.04,65.18,256,15.27,598,105,151,0.1756,0.7,False," 

Let me solve this step-by-3>
Okay, let's see the number >
To determine the number >
To determine the number > 

Let me try to figure out of the problem. Let's see the number >
To determine the total hours>
Okay, let's see below >

Okay, let's think>
Okay, let's see below >

To determine the total cost of the number >
To determine the total cost of the number >
To determine how many hours does not enough>
Okay, let's think>
Okay, let's think>
Okay, let's see the number >
To determine the total cost of the number >
To determine how many hours does he needs to work 14>
Okay, let's see below >
To determine the total cost of the number >
To determine how many hours does he have to work to afford his total hours>
Okay, let's see the number >
To determine the total cost of the steps here >
To determine how many hours does not enough information not enough information > 

Okay, let's>
Okay, let's see below >

Okay, let's>

To determine the total cost of the number > 

Okay, let's think>
Okay, let's see the thinking>
Okay, let's see the number >
To determine",False,True,captured
gsm8k_978,gsm8k,0.6B,4,stochastic,123,16.834,137.83,65.48,256,15.21,601,106,151,0.1764,0.7,False," 

Okay, let's see.>

Okay, let me think. So, let me think>
Okay, let me think>
Okay, let me think>
Okay, let me think>
Okay, let me think about 1500> 
Let me think>
Okay, let me think>
Okay, let's

Okay, let me think>
Okay, let me

To determine the price of red car price of the answer >
Okay, let me think>
Okay, let's cost of red car + 1500> 

Okay, let me think step-by- 
Okay, let me think>
Okay, let's> 

Okay, let me think step by step-by>
Okay, let me think step by step-by-step-by-step>
Okay, let me think step by step-by>
Okay, let's cost of red car price of red car price of the answer here put answer here >
Okay, let's cost of red car + $1400>
Okay, let's cost is 140 >
Okay, let'solution>
Okay, let's

Okay, let's






To determine the price of red car price of red car price of red car price of red car price > 

",False,True,captured
gsm8k_981,gsm8k,0.6B,4,stochastic,123,15.3191,138.95,59.53,256,16.71,543,119,137,0.2192,0.87,False," 

Let me think>
Okay, let's see.>

Okay, let's think>
Okay, let's think>
Okay, let's think>
Okay, let's see below >

To determine the number of servings > 
Okay, let's think>
Okay, let's think>
Okay, let's see the answer here >
To determine the total_servicing>
Okay, let's see below >

To determine the total amount of crawfish caught 7>
Okay, let's see below

Let me think>
Okay, let's think>
Okay, let's see below
Okay, let's see the answer here >
To determine the total number >
Okay, let's see the number >
To determine the total number > 

To determine the total amount of crawfish caught each day >
Okay, let's see the number > 

Okay, let's>
Okay, let's see the number >
To determine the total number of the number >
Okay, let's see the number of the number >
To determine the total number of the answer here >. 

To determine the total number > 

Okay, let's>
Okay, let's see the number of the number here >
Okay, let's see below >

Okay, let's think>
Okay, let's see the number",False,True,captured
gsm8k_982,gsm8k,0.6B,4,stochastic,123,17.9495,140.57,69.84,256,14.26,641,95,161,0.1482,0.59,False,"  (Do not use the (Do notations.)

Okay, let's see. 30 students as the word ""and/or) word ""count of the word ""answer is) the word ""students who are not a. 30* of or word ""students"" in your own group that is, the, do not use the word ""group"" in the word ""class of) word ""and or word in the word ""percent key, just answer of) word ""and operator, use the word ""of"" ""percentage formula of key word ""left parenthesis to find the answer)

Okay, let's see the word ""extra information about the 30 students in the answer of keyword ""combined group of students who are notations. 30 students in the answer of 30 students in the answer.)

Okay, let's see-through the) word ""percent key on-screening and the in the answer is or statement ""percent of"" 30 students total number 30 students in the answer.)

Okay, let x = sign in the answer.)

Okay, let the word ""and in the answer.)

Okay, let me
Okay, let's see the word ""left parenthesis or word in your own knowledge of the class size",False,True,captured
gsm8k_983,gsm8k,0.6B,4,stochastic,123,14.8072,139.7,57.52,256,17.29,527,124,132,0.2353,0.94,False," (Do not use the (Do not use the word average of the word average in the answer that the word ""average"" function for the answer.)

Okay, let's see. (Do not use theDo not use the Do not use the)
Okay, let's see the word average of the average of the of the average of the two numbers 1/Don't use the word average of the two. (Do not use the )

Okay, let mea) average of the of the sizes of the of the two, do not use the do not use the word ""average"" formula for the answer.)

Okay, let mea or the word ""average"" function, do not use the do not use the word ""average"" formula for average of the two. Use the formula for the answer of the average.)

Okay, let mea and the word average of the numbers 4243)
Okay, let's see the word average in the answer of the average of the numbers 1/20000000.5) word ""average"" function.)

Okay, let's see. word ""average"" in the answer.)

Okay, let the word ""average"" formula for the answer.)

Okay, let'sh the word average",False,True,captured
gsm8k_989,gsm8k,0.6B,4,stochastic,123,16.6881,138.64,64.9,256,15.34,595,107,150,0.1798,0.71,False," (Do not use the (Do not use the ""and"" in your answer.)

Okay, let's see. Do notations, just-inclusive) word ""extra step-by the (Do not use theDo not use theDo not use the) the problem's) - for the answer. Just answer of the problem to answer from the word ""andor theorem of the ""peel and cook time for peeling time for the word ""and"" in your own knowledge of in your own knowledge, the fact that 30 shrimp in your knowledge of the answer is as in your own knowledge, only the ""Time to cook time for peeling or, the, and do not use the do not use the do not use the do notations of the problem. 10. Do not use the)

Okay, let's see-through) instruction in your own knowledge, only the numbers 20. Assume that she can do notations. Assume that she can do both times for the answer from the problem's' 'and' in the word ""min or the word ""and"" in your own knowledge, the word ""and"" in your own knowledge, just-in the “and” in the word ""extra information about the cooking time to solve the",False,True,captured
gsm8k_990,gsm8k,0.6B,4,stochastic,123,17.51,139.89,68.12,256,14.62,622,100,157,0.1608,0.64,False," (Do not use the (Do notational or, the word ""difference between the word ""HINT function ""cooling rate formula for the formula for the answer 2)

Okay, let's see-through or, and of the word ""degree symbol $ $T variable ""air conditioner on high/ (Do not use the word ""difference"" 30.50, 1000 or ""and the ""temperature change of the (Do not use the (Do not use the absolute value function of the room warming up-to find the difference between the starting temperature.)

Okay, let's see-through the problem. (Do not use the (Do not use the Do not use the)

Okay, let x in the answer.)

Okay, let meager than the word ""difference""  ""Temperature of the room, but use the (Do not use the (Do not use the) answer is the ""room temperature at the end of your own calculations, the absolute value function ""in the answer.)

Okay, let's see-through the-2 degrees per hour rate formula for linear equation solver.)

Okay, let's see the word ""difference between the final answer of the room. Do not use the

Okay, let's try to solve() for the",False,True,captured
gsm8k_998,gsm8k,0.6B,4,stochastic,123,13.7627,139.13,53.43,256,18.6,488,134,122,0.2746,1.1,False," 

Okay, let's see the number >
Okay, let's think>
Okay, let's think>
Okay, let's think>
Okay, let's see the number >
Okay, let's think>
Okay, let's think>
Okay, let's see solution here >
Okay, let's think>
Okay, let's see the number >
Okay, let's see solution here >

To solve this problem, we need to find the number of people in the number >
Okay, let's think>
Okay, let's think>
Okay, let's see the number of the number > 
Okay, let's

Let me solve the number >
Okay, let's think>
Okay, let's see solution here >
Okay, let's see the number of people in the number > 

Okay, let's see the number > 
Okay, let's see the number of people in the number >
Okay, let's see the number of people in the number >.
Okay, let's see solution here >
Okay, let's see solution here >
To solve this step-by>
Okay, let's see the number of people in the number >
Okay, let's see solution here >
Okay, let's think step by step-by>
Okay, let's see the number of people in",False,True,captured
gsm8k_999,gsm8k,0.6B,4,stochastic,123,13.7205,139.98,53.26,256,18.66,487,134,122,0.2752,1.1,False," (Round to the nearest percent. Round to the nearest tenth of a percent.)

To the nearest tenth of a percent. (whole number.)

Okay, let's see. (Round to the nearest tenth of a percent.)

Okay, let's see. tenth of a percent.)

Okay, let's say, 10thousandthousandth of a percent.)

Okay, let's say, but you can be 10th of a whole number) whole number) tenth of a percent.)

Okay, let's say, 10th of a whole number) percent.))
Answer: 3 significant figure) tenth of a percent).)

Okay, let's see the nearest tenth of a percent.)

Okay, let's say, no decimal place as per centennial. (Round to the nearest tenth of a percent.)

Okay, let's say, 10) whole number).)

Okay, let's say, 10th of a whole number) tenth of a percent.)

Okay, let's see the nearest tenth of a percent.)

Let me think. So, the nearest tenth of a percent.)

Okay, let's say, 10th of a whole number).)

Okay, let's say, 10th of a percent.)

",False,True,captured
gsm8k_1004,gsm8k,0.6B,4,stochastic,123,12.3617,140.77,47.93,256,20.71,439,147,110,0.3349,1.34,False," Let's solve this problem step by step. 

First, we have to find the same as a step by first by first by first finding the problem step by step, step by step. 

First, we need to find the difference between the number of chocolate bars. 

First, we need to find the difference between the number of chocolate bars. 

First, we need to find the number of chocolate bars.

Okay, let's see if we can.

Okay, let's see if it step by step, step by step, step by step, step by step, using equations. 

First, we have a step by step, step by step, step by step, step by step, step by step, using equations.

Okay, let's see if we can.
Okay, let's see step by step.

Okay, let's see if the same as a step at the same as a step at the same time step by step, step by step, step by step, using equations.

Okay, let's see step by step, step by step, using equations. 

First, we need to find the difference between the number of chocolate bars in each box.

Okay, let's see step by step, step by step, step by step, step by step",False,True,captured
gsm8k_1005,gsm8k,0.6B,4,stochastic,123,16.6358,139.66,64.69,256,15.39,594,108,149,0.1818,0.72,False," (Do not use the (Do not use the word ""total"" population of the previous population of the population of the previous population of the total population in the answer from the beginning population of the population of the park's' ' term ""growth rate of the word ""total population of the original population in the answer. Do not use the. (Do not use the Do notations. Assume that the previous population when you are in the answer from the problem’s) original population in the answer.)

Okay, let's see. Assume that all of formula for the answer from the previous population of the park as in the answer from the beginning population of the park at the end of year, the total population for the answer from the previous population when you answer from the previous population when you answer.)

Okay, let n=) the word ""year in the answer.)

Okay, let meiotic model. Just answer from the previous population when you answer. Assume that the number of porcupines that the total population in the answer from the previous population when calculating the number of babies born in the word ""exponential growth formula for the answer.)

Okay, let's see the previous population of the population of the park at the end of your previous population of the previous population when you answer",False,True,captured
gsm8k_1007,gsm8k,0.6B,4,stochastic,123,15.4181,139.71,59.92,256,16.6,547,119,138,0.2176,0.86,False," 

Let me solve this step-by-step-replace your answer here put your answer here > 

Okay, let's see.>

Okay, let's see, let's>

Okay, let's see below > 

Let me solve the number > 

Okay, let's see the number > 

Okay, let's think>
Okay, let's see below > 
Okay, let's see below >. 
Okay, let's see the number > 

To solve this problem, we need to find the total number of sticks >
Okay, let's think>
Okay, let's see the number >
Okay, let's see the thought > 

Okay, let's see the number > 

Let me try to find the total number of sticks > 

Okay, let's think>
Okay, let's see the number >
Okay, let's see below

To solve this problem, we need to find the number > 

Okay, let's see the number > 

To solve the number >
Okay, let's see the number of yellow_sticks>
Okay, let's see the number of yellow sticks is the number > 

To solve the problem step-by> 

Okay, let's>

To solve this is the number >
Okay, let's see the number of yellow_sticks",False,True,captured
gsm8k_1014,gsm8k,0.6B,4,stochastic,123,11.4477,141.06,44.34,256,22.36,403,156,101,0.3871,1.54,False," Also, what is the Also, what is the total cost of the total cost of the total cost of the total cost of all the total cost of the total cost of the total cost of all the total cost of the fruits total cost of the total cost of the total cost of the total cost of all the total cost of the fruits he total cost of the fruits cost of the total amount of money left over all the total cost of the fruits' total cost of all total cost of all total cost of the total cost including tax total cost of the fruits he total cost including tax total cost of all tax rate of the total cost of all the total cost of all the total cost of the total cost of the fruits' total cost of the fruits he total cost of the total amount of money he total cost of the fruits he total cost including tax total cost of all total cost of all total cost of all total cost of the fruits total cost of the fruits he total cost of the fruits' total cost of all total cost of the fruits he total cost of all the money left over after-tax rate of change he total amount of money he total amount of money he has he total amount of money he total amount of money he total amount of money he total amount of money left over after",False,True,captured
gsm8k_1024,gsm8k,0.6B,4,stochastic,123,16.4101,139.59,63.81,256,15.6,581,110,146,0.1893,0.75,False," 

Let me think>
Okay, let's see.>

To determine the answer >
Okay, let's see solution here >
To determine the answer >
To determine the total amount >
To determine the total money left

Let me think through the steps > 

Okay, let's see solution here >
To determine the total money earned from cookies sold 180 + 60 *number>
Okay, let's see solution here >
Okay, let's calculate the total earnings from the cookies: 

Okay, let's calculate the total earnings from cookies and cupcakes sold 80 cookies at the total money left






Final Answer>
Okay, let's see the answer here >
Okay, let's calculate step-by>

To determine the total money earned from cookies sold 80 cookies and then put the correct answer >
To determine the total earnings from cookies, let's see solution here >
To determine the total earnings from cookies and cupcakes sold 80 cookies sold 300>

Let me think through the steps

Let me calculate this is the total money earned from cookies > 

Let me calculate this is the final answer >
Okay, let's see the answer here >
Okay, let's see the total money earned from cookies and then the number",False,True,captured
gsm8k_1026,gsm8k,0.6B,4,stochastic,123,15.1871,138.75,59.01,256,16.86,539,122,135,0.2263,0.9,False," 

Okay, let's see the number > 

Okay, let's think>
Okay, let's think>
Okay, let's think>
Okay, let's think>
Okay, let's see the number > 

To determine the number >
To determine the answer here >
To determine the total ore mined by 408408400>
Okay, let's see the number >
To determine the correct answer here >
To determine how many pounds of ore can be filled in the number >
To determine how many pounds of ore can be filled in number >
To determine how many pounds of ore can be filled in number here > 

To determine how many pounds of ore can be filled in number here >
To determine how many pounds of ore > 

Okay, let'something>
Okay, let's see the number >
To determine the number >
To determine how many pounds of ore > 

Okay, let's>

To determine the total ore mined by 408400>
Okay, let's see the number here >
To solve the problem step by step-by- let's think>
Okay, let's think>
Okay, let's see the number here >
Okay, 4360>
Okay, let's think > 

Okay, let's",False,True,captured
gsm8k_1049,gsm8k,0.6B,4,stochastic,123,11.9439,139.28,46.29,256,21.43,421,151,106,0.3587,1.42,False," Let's solve this step by step by step, step by step.

Step 1: Find the number of English books. First, find the problem.

Step 1 by step by step by step.

Step 1: Find the number of English books: 

Step 1: Find the number of English books.

Step 1: Find the number of English books.

Step 1: Find the number of English books. First, we need to step by step.

Step 1: Find the number of English books. First, find the number of English books. First, find the number of step by step.

First, we need to be step by step.

Step 1: 

Step 1: Find the number of English books.

Step 1: Find the number of English books: 

First, find the problem.
Step 1: Find the number of English books. First, we need to find the problem together.

Okay, let's see step by step, step by step.

First, find the problem together. First, find the problem.

Step 1: Find the problem together.

Okay, let's see step by step.

First, find the number of step by step.

First, find the problem.

Step 1: Find the",False,True,captured
gsm8k_1054,gsm8k,0.6B,4,stochastic,123,17.6876,138.6,68.82,256,14.47,628,100,157,0.1592,0.64,False," 

Okay, let's see.>

To determine the total cost in numbers only the cost is $248480>
Okay, let's cost in the cost in the box >

To determine the total cost of the cost in the cost in the box.>

To determine the number >
To determine the total cost based on the calculation here put your answer here put your answer here put the cost in dollars > 

Final Answer: <

Final Answer>
Okay, let's see the cost in numbers >
To determine the total cost of the total cost in the cost in numbers >

Okay, let's see the cost in the cost > 

Okay, let me the cost in numbers > 

Okay, let me to be careful with the correct answer here put the final answer in box >

To determine the total cost of the cost in dollars>
Okay, let me to be careful with the calculation here > 

Okay, let's see the total cost in dollars >
To determine the number >
To determine the cost in dollars>

To determine the total cost of the cost of the total cost in dollars >.
Okay, let's see the cost > 

Okay, let me to calculate the total cost is this is the final answer >
To determine the cost > 

Okay, let",False,True,captured
gsm8k_1056,gsm8k,0.6B,4,stochastic,123,13.4801,140.01,52.31,256,18.99,476,136,120,0.2857,1.13,False," (Round the answer to the nearest whole number.)

Wait, the nearest whole number.)

Wait, the question says to the nearest whole number.)

Okay, let's see if necessary decimal places as needed decimal places. (Round the answer to the nearest whole number.)

Wait, the question says, but the problem's nearest whole number.)

Wait, the problem says 2 decimal places.)

Okay, let's say, the nearest whole number.)

Wait, the user might be a whole number of the nearest whole number.) the nearest whole number.)

Okay, let's say, the nearest whole number.) the nearest whole number) the nearest whole number) the nearest whole number.) the nearest whole number.)

Okay, let's say, 2 decimal places.)
Answer: 4 decimal places as needed.)

Okay, let's see if necessary decimal places, the nearest whole number) the nearest whole number.)

Okay, the nearest whole number.) the nearest whole number.)

Okay, let's say, 2 decimal places as needed.)

Wait, the nearest whole number.)

Okay, let's say, 2 decimal places.)

Okay, let's see if necessary decimal places, if necessary decimal places. 2 decimal places.)

Okay, let's say, 2 decimal places.)

First, find the",False,True,captured
gsm8k_1068,gsm8k,0.6B,4,stochastic,123,12.8524,139.02,49.86,256,19.92,454,143,114,0.315,1.25,False," 

Okay, let's see. So first. First, I need to find the step by step. 

Okay, let's break it down step by step. 

First, I think I need to find the step by step. 

Okay, let's see if I have step by step. 

Okay, let's break it step by step. 

First, let's break it step by step. 

First, I need to find the first. 

Okay, let's see how many meatballs. First, I think the answer step by step. 

First, I need to find the first. 

Okay, let's break it down step by step. 

First, I need to find the total number problem step by step. 

First, I need to find the total number problem step by step. 

Okay, let's see how many steps by first. Sidney ordered 3 less than step by step. 

Okay, let's break it down. 

Okay, let's see. 

Okay, let's break it down step by step by step. 

First, let's break it down step by step. 

First, I think step by step. 

First, let's break it down step by step. 

First, I need to",False,True,captured
gsm8k_1069,gsm8k,0.6B,4,stochastic,123,14.7833,145.25,57.4,256,17.32,522,126,131,0.2414,0.96,False," 

Okay, let's see the total number of tons of fertiliser delivered tons of the total number of trucks that reached

Okay, let's answer:  Answer: 1

Okay, let's answer: 3

Okay, let's see the total number of tons of fertiliser delivered tons of fertiliser delivered tons of the total number of tons of fertiliser that reached
Okay, let me

Okay, let me

Okay, let's see. 

Okay, let me

Okay, let's see the total number of tons of fertiliser delivered tons of fertiliser is 3

Okay, let me think through the total number of tons of fertiliser delivered tons of fertiliser that reached

Okay, let's see the total number of tons of fertiliser delivered tons = 20 - 20
Okay, let me think through step: 1

Okay, let me

Okay, let's see the total number of tons of fertiliser that reached farmers that day.

Okay, let me

Okay, let me

Okay, let's see the total number of tons of the total number of tons of fertiliser that reached farmers that reached

Okay, let's answer: 30

Okay, let's answer is 3",False,True,captured
gsm8k_1070,gsm8k,0.6B,4,stochastic,123,13.9128,141.15,54.01,256,18.4,494,132,124,0.2672,1.06,False,"  (Do not round the) answer.)

Okay, let's see.  answer.)

Okay, let's say the answer.)

Okay, let's say the answer.)

Okay, let's see below answer.)

Okay, let's say, butters.  answer.)

Okay, let's see the answer.)

Okay, let's see the answer.)

Okay, let's see the answer.)

Okay, let's say it.  (Do not round the answer.)

Let me think.  (Do not round the answer.)

Okay, let's see, answer.)

Okay, let's say the answer is  answer.)

Okay, let's)

Okay, let's see the answer.)

Okay, let's see the answer.)

Okay, let's see the answer.)

Okay, let's see the answer.)

Let me try to the answer.)

Okay, let's say, answer.)

To solve the answer.)

Okay, let's see the answer.)

Okay, let's).

Okay, let's see the answer.)

Okay, let's say the answer is a.  (Do not round the answer.)

Okay, let's see, and do not the answer.)

Okay, let's think.

Okay, let's see, and do not round the answer.)

Okay, let's see",False,True,captured
gsm8k_1071,gsm8k,0.6B,4,stochastic,123,15.1522,140.33,58.87,256,16.9,533,123,134,0.2308,0.92,False," 

Okay, let's see.>

Okay, let's see.>

Okay, let's think>
Okay, let's think>
Okay, let's think>
Okay, let's see below >

To determine the total cost of the cost in numbers >

Okay, let's think>
Okay, let's calculate the total cost in the total cost in the box >
Okay, let's calculate the total number > 

Okay, let's see the cost in the total cost in numbers >

Okay, let's see the total cost in the cost in the total cost > 

Okay, let's cost of the cost of the problem number > 
Okay, let's see the cost in the box >
Okay, let's see the cost in dollars>

Okay, let's see the cost in dollars >

Okay, let's see the cost in dollars >
Okay, let's see the total cost in dollars >

Okay, let's see the total cost of the cost of the party cost in dollars >
Okay, let's see the cost of the problem solution here >

Okay, let's see below

Okay, let's see the total cost in dollars >
Okay, let's see the total cost of the party cost in dollars >
Okay, let's see the total cost of the party cost",False,True,captured
gsm8k_1072,gsm8k,0.6B,4,stochastic,123,15.0027,138.61,58.29,256,17.06,533,123,134,0.2308,0.92,False," 

Okay, let's see. 

Okay, let's think>
Okay, let's see, let's think>
Okay, let's see below > 

Let me solve the total amount > 

Okay, let's see the total amount > 

Let me think through the problem step-by>
Okay, let's see below >

Okay, let's see the total amount left>
Okay, let's see below > 

Okay, let's see below
Okay, let's see below > 

Okay, let's see the total amount > 

Okay, let's see. 

Okay, let's see below > 

Let me think step by step-by>

Okay, let's see the total amount left > 

Okay, let's

Let me first, let's solve step-by>
Okay, let's see, the total amount left >

Okay, let's see below
Okay, let's see below

Okay, let's

Okay, let's see the sum of the total amount > 

Let me think through the total amount left

Okay, let's think step-by> 

To solve this step-by>
Okay, let's see the amount > 

Okay, let's

Okay, let's see the answer >
Okay, let's see the total amount left",False,True,captured
gsm8k_1075,gsm8k,0.6B,4,stochastic,123,17.834,139.32,69.39,256,14.35,635,97,160,0.1528,0.61,False," 

Okay, let's try to figure out the number >
Okay, let me think>
Okay, let me think>
Okay, let me think>
Okay, let me think>
Okay, let me think>
Okay, let me think>
Okay, let me think through the number >
Okay, let me think>
Okay, let me think>
Okay, let's try to find the number >
Okay, let me think>
Okay, let's>

Okay, let me think>
Okay, let me think>
Okay, let's>
Okay, let's>

Okay, let's try to find the number of quarters she leaves with 30>
Okay, let me think through the number > 

Wait, I need to figure out the number > 

Okay, let me think>
Okay, let me think this is there is the number >
Okay, let's




To solve this problem, we need to find the number >
Okay, let's try to solve the number >.>

Okay, let me think through the process > 

Okay, let me think through the problem step by step-by> 

Final Answer>
Okay, let's>
Okay, let's

Okay, let's try to solve the problem step-by>

Okay, let me think",False,True,captured
gsm8k_1082,gsm8k,0.6B,4,stochastic,123,16.1734,138.98,62.88,256,15.83,576,112,144,0.1944,0.78,False,"  <number>
Final  <number
Okay, let's see.  <number

Let me think through the time is the answer:  <number>
Okay, let me, he walked  <number>
Okay, let me to the store? Let's break down to the store
Okay, let me. <number>
Okay, let me:  <number>
Okay, let me think:  <number>
Okay, let's answer: 2 <number>
Okay, let's Answer: 2
Okay, let's answer: 1: 3

Okay, let's answer: 2 <number>
Okay, let me think: Let's break down to the store? Let me check: 4

Let me try:  <number>
Okay, let me think through the problem.

Okay, let me.
Okay, let me

Let me think through the process:
Okay, let me

First, let me.
Okay, let's answer: 1 <number>
Okay, let me think:
Okay, let me think: The problem seems to the time it took him to reach the store?  <number>
Okay, let's answer is the time it took him to reach the store?  <number>
",False,True,captured
gsm8k_1089,gsm8k,0.6B,4,stochastic,123,13.9788,140.14,54.27,256,18.31,496,132,124,0.2661,1.06,False," (Do not round the... the answer.)

Okay, let's see. answer.)

Okay, let's see, answer.)

Okay, let's see the answer.)

Okay, let's see the answer.)

Okay, let's see the problem statement. (Do not round the answer.)

Okay, let's see the answer.)

Okay, let's see the answer.)

Okay, let's see the answer, answer.)

Okay, let's see the problem. Do not the answer.)

Okay, let's see the answer.)

Okay, let's see the answer.)

Okay, let's see the answer.)

Okay, let's see the answer.)

Okay, let's see the answer.)

Okay, let's see the problem. answer.)

Okay, let's see the answer.)

Okay, let's see the answer.)

Okay, let's see the question.)

Okay, let's see the answer.)

Okay, let's

Okay, let's see. (Do not round the answer. answer.)

Okay, let's see, the answer is not the answer.)

Okay, let's see the answer.)

Okay, let's see the problem. (Do not round the answer.)

Okay, let's see, but the answer is a. (Do not round the answer.)

Okay, let",False,True,captured
gsm8k_1091,gsm8k,0.6B,4,stochastic,123,13.5711,138.72,52.68,256,18.86,482,136,121,0.2822,1.12,False," What is the total amount?

Wait, the orchard earned by which the orchard earned by which the orchard earned?

Wait, the question?

Wait, the question is the orchard earned?

Okay, let's see, in dollars?

Wait, the question? What is the total amount earned?

Okay, let me? What is the total amount?

Okay, let me?
Answer: <number>
Okay, let's see.?
Answer: <number>?

Okay, let me?

Wait, I have they earned by the orchard?

Wait, the question is earned by the orchard?

Wait, the question is the orchard earned?

Okay, let me the orchard earned by which the orchard earned?

Wait, the orchard earned?

Wait, the question is asking for? 

Wait, the question is the orchard earned?

Okay, in dollars?

Okay, let me?

Wait, the question?

Okay, let me think...?

Okay, let me? 

Wait, the question is asking for the day?

Wait, the question?

Wait, the question? (in dollars?

Wait, the question is the orchard earned?

To calculate?

Wait, the question is asking for?

Wait, the question is asking for?

Wait,",False,True,captured
gsm8k_1102,gsm8k,0.6B,4,stochastic,123,15.3592,144.76,59.66,256,16.67,541,120,136,0.2218,0.88,False," 

<step20
Okay, let's see. So, first, we need to calculate the total amount charged $85.00

Okay, let'solution:
Okay, let's start with the initial charge $85.00

<step2>
Okay, let's start by calculating the total amount of the total amount of the total amount of the total amount of the problem is the initial balance after returning one item that the initial balance after returning the initial balance after returning the total amount of the initial balance is the initial balance is the total amount of the initial balance is the total charges: Let'step  The initial balance after returning the total amount of the charge $85.00

Okay, let's start by the initial balance after returning the item, the initial balance is $85.00 - The initial balance is the initial balance is $85.00

<step2>
Okay, let's start with the initial charge $85.0

<step2>
 

<step2>
Okay, let's first, the total amount of the problem. 

<step2>
 

<step2>
 

<step2>
 

<step2>
Okay, let's see, the total",False,True,captured
gsm8k_1107,gsm8k,0.6B,4,stochastic,123,14.9,137.29,57.89,256,17.18,528,123,133,0.233,0.92,False," 

Okay, let's see.>

To find the number >
To find the total number of girls > 

Final Answer>
Okay, let's see below >

To determine the total number of students>

To determine the total number of students>
Okay, let's see below

Okay, let's see the number > 

Okay, let's see below

To determine the total number of students>

To determine the total number of the number > 

Okay, let's>

To find the total number of the school population of the number > 

Okay, let's see below > 

Okay, let's see below



Okay, let's see below
Okay, let's see below >

To determine the total number of students>

To determine the number > 

Okay, let's>

To determine the total number of students>

To find the total number of the school population is the number of girls>

To determine the total number of students>
Okay, let's see below

Okay, let's>

To find the total number of the school population is 3600>
Okay, let's see below > 

Okay, let's see, let's see below the number >
To determine the total number of students>
Okay, let's see below >

To determine",False,True,captured
gsm8k_1108,gsm8k,0.6B,4,stochastic,123,17.6067,139.65,68.5,256,14.54,626,99,158,0.1581,0.63,False," 

Let me calculate the total cost after calculation steps here write the answer here > 

Okay, let's see. 

Okay, let's see, 288> 

Okay, let'sum>
Okay, let's see the total amount > 

Okay, let's see below >
To determine the answer > 

Okay, let'solution>
Okay, let's see the amount > 

To determine the total amount > 

Let me calculate the correct answer here put your answer here >
To determine the total amount spent at the gardening shop.>
Okay, let's see below >

To determine the total cost of the problem solution here put your answer here >.
Let me calculate the total cost of the total amount > 

Okay, let's see the total cost after calculation here >
To determine how much did not sure to be careful calculation here put the correct answer here >
To determine the total cost of the problem. 

To determine the total cost after calculation >
To determine how much did not use the total cost >
To determine how much did she spent at the gardening shop. 

Step-by-18>
Okay, let's see the calculation steps below >
To determine how much did not sure. 

To determine how much did she spend in the box >

To determine",False,True,captured
gsm8k_1110,gsm8k,0.6B,4,stochastic,123,14.7449,139.51,57.28,256,17.36,521,125,131,0.2399,0.95,False," 

Okay, let's see.>

Okay, let's think>
Okay, let's think>
Okay, let's think>
Okay, let's think>
Okay, let's see below > 

Okay, let's think>
Okay, let's think>
Okay, let's see below > 
Okay, let's think>
Okay, let's think > 
Okay, let's see the number >
Okay, let's see below >

To determine the correct answer here >
Okay, let's see the number >
Okay, let's see the number of the number >
Okay, let's see the number of miles per day >
Okay, let's see the number of miles per day>
Okay, let's see the number of miles per day >
Okay, let's

Okay, let's think > 

Okay, let's think>
Okay, let's see the correct answer here >
Okay, let's see below >

To determine the number > 

Okay, let's problem. Let's see the number > 

Okay, let's think > 
Okay, let's see the correct number >
Okay, let's see the number > 

Okay, let's

To determine the total miles per day.
Okay, let's think>
Okay, let's see below >.
",False,True,captured
gsm8k_1115,gsm8k,0.6B,4,stochastic,123,14.4078,141.34,55.95,256,17.77,510,128,129,0.251,0.99,False," 

Okay, let's see.>

Okay, let's see, 6>
Okay, let's see the value >
Okay, let's see the solution >

Okay, let's see below >
Okay, let's see the reasoning steps > 

Okay, let's see below >
Okay, let's> 

Okay, let's value >
Okay, let's see below >
Okay, let's see the cost of each book > 

Okay, let's see the value >

Okay, let's see below

Okay, let's see below >

To determine the answer >

To determine the cost of each book cost of each book >

Okay, let's see the number >
Okay, let's see. 

Let me think>
Okay, let's see below the answer here > 

Okay, let's see.>

To determine the amount > 

Okay, let's final answer >
Okay, let's see the cost of each book > 

Okay, let's cost of each book >.
Okay, let's see. 

Okay, let's see below >
Okay, let's see the number >
Okay, let's see below > 

Okay, let's see below

Okay, let's see below > 

Let me think>
Okay, let's see below >

Okay",False,True,captured
gsm8k_1122,gsm8k,0.6B,4,stochastic,123,15.293,140.86,59.42,256,16.74,540,121,136,0.2241,0.89,False," (Do not round the) answer.)

Okay, let's see the answer.)

Okay, let's see the answer.)

Okay, let's see the answer.)

Okay, let mea answer.)

Okay, let's see the answer.)

Okay, let me)
Okay, let me

Okay, let's see the answer.)

Let me think. answer.)

Okay, let's call answer.)

Okay, let me

Okay, let's try to find the answer.)

Okay, let's see the answer.)

Let me think. (Do not round the answer.)

Let me think step answers.)

Okay, let mea

Okay, let's try.)

Okay, let's see. (Do not round the answer.)

Okay, let's see the answer.)

Okay, let's see the answer.)

Okay, let's see the question.)

Okay, let's see. (Do not round the) answer.)

Let me think. Do not round the answer.)

Okay, let's try)

Okay, let's try. (Do not round the answer.)

Okay, let the answer.)

Okay, let me number.)

Okay, let's see the answer.)

Okay, let's see the answer.)

Okay, let's see the question, the answer.)

Okay, let's answer.)

Okay",False,True,captured
gsm8k_1128,gsm8k,0.6B,4,stochastic,123,14.5048,136.95,56.34,256,17.65,512,129,128,0.252,1.01,False," 

Okay, so that Liam is 16 years ago. 

Let me solve this problem step by step. 

Okay, so I need to find out how old is a bit by setting up an equation. Let me think. Okay, so that. So, I think step by step. So, Liam is  step by step. 

Okay, so that. So, Liam is 1. So, now. 

Let me solve step by step. 

Okay, so that problem step by step:

Okay, so Liam is a step by step. 

Okay, so that step by step. 

Okay, so Liam is a bit by making sure I think step by step. 

Okay, so Liam is a step by step:

Okay, so that. So, Liam is 16 years ago. So, Liam is a bit by using algebraically. 

Okay, so Liam is a bit differently. 

Okay, so Liam is a bit differently. Let me think. So, two years ago, step by step. 

Okay, so Liam is  problem step by step. 

Okay, so Liam is  step by step. 

First, I think the problem step by step. 

Okay, so Liam is  step by step.",False,True,captured
gsm8k_1129,gsm8k,0.6B,4,stochastic,123,12.378,140.2,47.99,256,20.68,437,146,110,0.3341,1.33,False," Let's solve this step: Let's find how many eggs painted eggs painted by Camden and Sarah painted eggs painted eggs painted eggs painted by Camden and Sarah's step: We know that the total number of eggs painted by Sarah's step: Let's define variables for the number of all four steps:
We know that the total number of eggs painted by the total number of eggs painted by Camden and Sarah painted eggs by the total number of eggs painted eggs painted by Arnold and Madeline painted eggs by the problem: Let's assign variables to the unknowns: Let's assign variables to the unknown: Let's define variables for the given that we are the total number of eggs painted by Arnold and Madeline painted eggs by the problem, let's figure out how many eggs painted eggs painted by Camden and Sarah's step: Let's define variables. Let's define variables for the problem: Find out of all four friends: Let's define variables for the total number of eggs painted by Sarah's step: Let's assign variables to the unknowns, let's figure out how many eggs painted by Camden and Sarah's step: Let's find the number of eggs that we are the total number of eggs painted by step: Let's define variables: Let's define variables: Let's define variables:",False,True,captured
gsm8k_1132,gsm8k,0.6B,4,stochastic,123,13.2141,138.37,51.28,256,19.37,468,140,117,0.2991,1.2,False," 

Okay, let's see. So, first, I need to find the step by step. 

So Valerie earns $500

Okay, let me think 

Okay, let me step by step. 

Step 1: Find the problem step by step:

Okay, let me step by step:

First, I need to find the first. 

First, I think step by first. 

Okay, let's see if I can. So Valerie earns $50

Okay, let me think step by step. 

Step 1: Find the first. So Valerie earns $50

Okay, let me think step by step:

Okay, let's see if I can find the total amount of money. 

Okay, let's step by step. 

Step 1: Find the problem step by step. 

So, first, step by step:

Step 1: Find the first. So Valerie earns $50

Okay, let's step by step. So, first, I think step by step. 

First, I need to find the problem step by step:

Okay, let's problem step by step. 

First, I need to find the same problem step by step. 

First, I think step by step. 

",False,True,captured
gsm8k_1135,gsm8k,0.6B,4,stochastic,123,15.0829,139.15,58.6,256,16.97,535,121,135,0.2262,0.9,False," 

Let me solve this step-by-step explanation here write the total number of blue birds >

Let me solve this step by the sum of all the birds>

To solve step-by>

Okay, let's see. 

Okay, let's see the total number of blue birds >
Okay, let's see the sum of all birds>
Okay, let's see the total number of blue birds >
Okay, let's see the solution here put your answer here put your answer here > 

To find the total number of blue birds>
Okay, let's see the sum of all birds>
Okay, let's see the problem solution here put your answer here > 
Okay, let's see the problem again, let's>
Okay, let's see the step-by>
Okay, let's see the solution > 

Let me solve step-by>

To solve step-by-step calculation here put the total number of blue birds > 

Let me solve this step-by-step calculation here >
To find the total number of the total number > 

Let me think>
Okay, let's see the problem again, let's>
Okay, let's see, the total number of blue birds >
Okay, let's see, 328580>
Okay, let's see, so I need",False,True,captured
gsm8k_1141,gsm8k,0.6B,4,stochastic,123,12.4703,138.5,48.36,256,20.53,441,146,111,0.3311,1.32,False," Also, what is the...? Wait, the question is asking for? (a total number of eggs per day cost of the total number of eggs in the total number of eggs per day cost of the eggs per day rate of change in the question? (total number of eggs that heaviest weight of the total number of eggs in the total number of eggs? (total number of eggs he total number of eggs that the total number of eggs that number of eggs in the total number of eggs he total number of eggs he total number of eggs heaviest possible number of eggs in the problem asking for? (There are two parts to this total number of eggs eaten eggs per day average number of eggs that the total number of eggs heaviest of the total number of eggs heaviest of the total number of eggs per day average number of eggs per day average number of eggs per day when the number of eggs that the total number of eggs per day average number of eggs per day rate of change of the average number of eggs per day average number of eggs per day when the 4th total number of eggs Chester's average number of eggs per day when the total number of eggs per day rate of change of the number of eggs in the problem?

Wait, the question is asking for",False,True,captured
gsm8k_1143,gsm8k,0.6B,4,stochastic,123,8.6737,137.73,33.47,256,29.51,305,179,77,0.5869,2.32,False,  A. 10 A. 10 B. 20 B. 2 B. 20 C. 30 B. 2 B. 2 B. 20 B. 20 C. 30 B. 10 B. 20 C. 30 B. 20 C. 30 B. 20 C. 30 B. 10 B. 20 B. 20 C. 30 B. 10 B. 20 C. 30 B.  B. 20 B. 20 B. 20 B. 20 C. 30 B. 10 B. 20 C. 30 B. 1 B. 20 B. 20 B. 20 B. 20 B. 20 C. 30 B.  B. 20 C. 30 B. 10 B. 10 B. 10 B. 20 C. 30 B.  B. 20 C. 30 B. 1 B,False,True,captured
gsm8k_1147,gsm8k,0.6B,4,stochastic,123,13.5574,139.18,52.62,256,18.88,481,135,121,0.2807,1.12,False," 

Okay, let's see.>

Okay, let's think>
Okay, let's think>
Okay, let's think>
Okay, let's think>
Okay, let's see the number > 

Okay, let's think>
Okay, let's see the reasoning steps > 

Okay, let's think>
Okay, let's see the answer > 

Okay, let's think step-by>

Okay, let's see the thought process > 

Okay, let's

Okay, let's see the steps here put your answer >
Okay, let's see the reasoning steps here >
Okay, let's think through the number > 

Okay, let's

Let me think>
Okay, let's see the problem. So, 124520>
Okay, let's see the problem again, but the number >
Okay, let's see the thought process > 

Okay, let's> 

Okay, let's 12>
Okay, let's see the explanation >
Okay, let's see below > 

Okay, let's days>
Okay, let's see the thought process > 

Okay, let's

To determine the number of days needed_days>
Okay, let's see the steps > 

Okay, let's

Okay, let's

",False,True,captured
gsm8k_1148,gsm8k,0.6B,4,stochastic,123,13.7801,138.35,53.5,256,18.58,489,133,123,0.272,1.08,False," Also, what is the...? part-together total number of eggs left over-all?

Wait, the user's question in the problem asking for? What is the? [total number of eggs? What is the (a remainder?

Wait, the question? (same number of the total number of eggs left over?

Wait, the question that each child receive? (a) total number of eggs that the total number of eggs that the probability that a) total number of eggs that the total number of eggs that each child receives?

Wait, the problem says ""remainder?

Wait, the question that each child receives?

Wait, the question asking for the total number of eggs that the total number of eggs that the total number of eggs each child receive if there is the total number of eggs that the number of eggs left over?

Wait, the question? (2nd of the number of eggs left over?

Wait, the question? (This is a) total number of eggs that the total number of eggs that the total number of eggs that is the total number of eggs left over?

Step 3rd child's remainder?

Okay, let's remainder when the total number of eggs each child receives?

Wait, the question? (There is the total number of eggs that the",False,True,captured
gsm8k_1150,gsm8k,0.6B,4,stochastic,123,15.6278,139.66,60.74,256,16.38,555,117,140,0.2108,0.84,False," 

Let me solve this step by step calculation here put your answer >
To determine the answer >
Okay, let's see.>

Let me solve step by step solution > 

Okay, let's see, let's see the solution here put your answer here put your answer here > 

Let me solve step-by- 1515>
Okay, let's see the correct answer here >
Okay, let's see the correct answer here put your answer here >
To determine the total number of roses Patricia has 15>
Okay, let's see the answer here put your answer here >.
Let me solve this step by step-by>
Okay, let's see the number >
Okay, let's see the answer here >
To determine how many roses did not sure > 

Okay, let's>
Okay, let's see, let's see solution here >
To determine how many roses did not sure > 

Let me solve this step by step-by-step calculation here >

To determine the total number of roses>
Okay, let's see the number >
Okay, let's see the correct answer >
Okay, let's see the number >
Okay, let's see the number >
To determine how many roses did not have to add the answer here > 

Step-by- 1",False,True,captured
gsm8k_1154,gsm8k,0.6B,4,stochastic,123,12.8271,138.77,49.76,256,19.96,453,142,114,0.3135,1.25,False," Let's solve this problem.

Okay, let's see. 

Okay, let's see. So, step by step:

Okay, let's see how many carrots per step by breaking it down step by step, step by by breaking it down step by by breaking it down step by step. 

Okay, let's see step by step. First, we need to find the problem step by by breaking it down step by step.

Okay, let's see step by by breaking it down step by by breaking it down into steps. First, we need to find the problem step by step. First, we need to find out how many carrots does step by by breaking it down into steps. First, we need to find out how many carrots per step by breaking it down into smaller steps. First, we need to find out how many carrots per week by breaking it down into smaller parts step by step, step by step.

First, we need to find out how many carrots per step by step by breaking it down into smaller steps. First, we need to find out how many carrots per step by by breaking it down into steps by breaking it down step by step. First, we need to find out how many carrots per week by week by breaking it down into smaller parts",False,True,captured
gsm8k_1157,gsm8k,0.6B,4,stochastic,123,14.4737,139.55,56.21,256,17.69,515,127,129,0.2466,0.98,False," 

Okay, let's see below >
To determine the answer here >

Okay, let's see below

Okay, let's think>
Okay, let's think>
Okay, let's think>
Okay, let's think>
Okay, let's see the answer >

Okay, let's think>
Okay, let's see the number >
Okay, let's see the answer here >

Okay, let's see below > 

Okay, let's cane length in feet>
Okay, let's see below >

Okay, let's see below
Okay, let's see the number > 

Okay, let's cane length in feet >

To determine the answer step-by-step>
Okay, let's see the answer here >
Okay, let's see the answer here >
To determine the length of cane length of the answer >

Okay, let's see the number >
To determine the length of cane in feet >

Okay, let's see the answer here >
To determine the length of cane in feet >

Okay, let's see the answer here >
Okay, 3.>

Okay, let's see below
Okay, let's see the answer here >
Okay, let's cane length in feet >

Okay, let's think>
Okay, let's see the answer here >
To determine the length",False,True,captured
gsm8k_1163,gsm8k,0.6B,4,stochastic,123,16.3789,137.89,63.69,256,15.63,585,110,147,0.188,0.75,False," 

Final Answer: < 

Let me think>
Okay, let's see.>

Okay, let's think>
Okay, let's think>
Okay, let's see the number > 

Okay, let's see the answer > 

To determine the answer > 

Okay, let's see the number >
To determine the number >
To determine how many face masks does not a number >
To determine how many face masks does he uses 124242424>
Okay, let's see the number >
To determine the number >
To determine how many face masks does not yet to be careful calculation > 

Let me try to be careful math >. 

Final Answer>
Okay, let's see the answer here > 

Okay, let's think step-by-step>

Okay, let's think>
Okay, let's think step-by>
Okay, let's see the answer here >
To determine how many face masks does not sure > 

Okay, let's think step by step-by> 
Okay, let's think step by step-by>
Okay, let's think step by 6>
Okay, let's see the number >
To determine how many face masks does not have to calculate the number of the answer here >
To determine how many face masks does not",False,True,captured
gsm8k_1167,gsm8k,0.6B,4,stochastic,123,13.9103,138.46,54.01,256,18.4,494,131,125,0.2652,1.05,False," 

Okay, let's see.>

To solve this problem, we need to calculate the number > 

Okay, let's think>
Okay, let's think>
Okay, let's think>
Okay, let's think>
Okay, let's think>
Okay, let's see the answer >
Okay, let's think>
Okay, let's see below >
Okay, let's see the solution > 

Final Answer>
Okay, let's see the answer here put your answer here put your answer here >
To solve this problem, we need to calculate the value >
To solve the answer >
Okay, let's see below >
To solve this is 160>
Okay, let's think>
Okay, let's see the answer here put your answer here >
Okay, let's see below >
Okay, let's
Okay, let's see the answer here >

To solve this problem, we need to calculate the value of 150>
Okay, let's see below >
Okay, let's>
Okay, let's see the answer here >
To solve this problem, 160>
Okay, let's see the answer here >
To solve this problem, we need to calculate the value of 160>
Okay, let's see the number >
",False,True,captured
gsm8k_1172,gsm8k,0.6B,4,stochastic,123,14.8448,140.5,57.66,256,17.25,527,123,133,0.2334,0.92,False," 

Okay, let's see. Let's count the total number of clouds counted on the number > 

Okay, let's think>
Okay, let's think>
Okay, let's think>
Okay, let's think>
Okay, let's see the total number of clouds >
Okay, let's think>
Okay, let's see the total number of clouds >
Okay, let's think>
Okay, let's think>
Okay, let's see the number >
Okay, let's see the total >

Okay, let's see the total number of clouds counted on Monday is the number >
Okay, let's think through Friday's total number > 

Okay, let's see the number >
Okay, let's see the total number of clouds counted on the total number > 

Okay, let's see the number >
Okay, let's see the total number of clouds counted on Monday: 3 + 210>
Okay, let's see the total number of clouds counted on the total number of the number >
Okay, let's see the total number of clouds>
Okay, let's see the total number of clouds counted>
Okay, let's see the total number of clouds counted on the first day > 

Okay, let's
Okay, let's see the number",False,True,captured
gsm8k_1176,gsm8k,0.6B,4,stochastic,123,16.2904,147.27,63.31,256,15.71,580,112,145,0.1931,0.77,False," 

Okay, let's see. So, step through this step through this step through this step through this step by writing down the problem step through this step through this step by working through this step through this step by step through this step by step. First, I'm work through this step through this step by breaking this step through this step by step. So, the teacher starts by working through this step by working through this problem. 

Okay, let x

Okay, let's try to understand the problem step through this step by using the information given to figure this step through this step by first understand the problem. So, the teacher starts by breaking this step through this problem step through this step by step through this step by step through this problem. 

Okay, let the problem. 

Okay, let x this step by breaking this step by working through this problem solve this step by step. 

Okay, let the problem. 

Okay, let the problem. 

Okay, let the problem step through this step by step. First, we can this step by step. First, figure this step by step. 

Okay, let's

Okay, let's see what? What is the beginning by using the problem step through this step by step through this step by step",False,True,captured
gsm8k_1179,gsm8k,0.6B,4,stochastic,123,15.5656,138.93,60.5,256,16.45,554,117,139,0.2112,0.84,False," (Do not round the percentage.)

Okay, let's see. Do not the percentage.)

Okay, let's see, answer. (Do not round the percentage.)

Tooth percentage.)

Okay, let's see the percentage.)

Okay, let's think. percentage.)

Okay, let's see the percentage.)

Okay, let's see the percentage.)

Okay, let's see the percentage.)

Tooth percentage.)

Okay, let's see the percentage.)

Tooth)

Okay, let's see the percentage.)

Tooth count of the percentage.)

Okay, let's see the percentage.)

Okay, let's see the percentage.)

Tooth loss of the percentage.)

Tooth count of fixed teeth number. percentage.)

Okay, let's see the percentage.)

Tooth count of fixed teeth. (Do not round the percentage.)

Okay, let's see the percentage.)

Tooth count: (Do not round the percentage.)

Tooth count: 30 teeth, answer. Do not round the percentage.)

Tooth count:  percentage.)

Okay, let's see note: percentage.)

Okay, let's see the percentage.)

Tooth count: 30 teeth is the percentage of the percentage.)

Okay, let's see. percentage.)

Okay, let's see the percentage.)

Tooth number",False,True,captured
gsm8k_1184,gsm8k,0.6B,4,stochastic,123,14.4053,139.29,55.95,256,17.77,512,128,128,0.25,1.0,False," 

Final Answer: < 

Final Answer>
To calculate the total cost of the cost of the cost of the cost of order cost > 

Final Answer>
To calculate the total cost of the cost of the coal_order_cost>
To find the total cost of the cost of 18518518*>
To calculate the total cost of the cost of the coal_cost>
To determine the number > 

To calculate the total cost of the cost of the cost of the problem solution here put your answer > 

To find the total cost of the total cost of the problem solution here >
To calculate the total cost of the coal_order_cost>
To determine the total cost in numbers >

To calculate the total cost of the answer >
To calculate the total cost of 18*>

To calculate the total cost of the cost of the coal cost of 1518*850*>
To determine the total cost of the total cost in the total cost > 

Okay, let's see. 

Okay, let's see, let's calculate the total cost of the 18*>
To calculate the total cost of the cost of the bags > 

To calculate the total cost of the total cost in numbers >
To determine the total cost of the",False,True,captured
gsm8k_1188,gsm8k,0.6B,4,stochastic,123,13.0878,139.37,50.78,256,19.56,465,140,117,0.3011,1.2,False,"  Also, the time it came out was released was released was released was 20 took for the anniversary was released was released was released was 1 was released was  took for Digimon came out was released was  took for Digimon to the  took for Digimon to be  came out was  took for Digimon to be when it came out was  came out was released was 1 took for Digimon to be  took for Digimon to come out was released was 19 years since it came out was released was 1 took to be  came out was  took for Digimon to be  took for Digimon to be  took to the time it came out was  took for Digimon to be  took to release was 19.5 years ago when it came out was  took for Digimon to the anniversary was 20th anniversary was  took for Digimon to be  came out was 199 years ago when it came out was released was 199 was released was 199 took for Digimon to be  took to the anniversary was 18 years ago, it came out was 20th anniversary was  took for Digimon to be  took to make the",False,True,captured
gsm8k_1191,gsm8k,0.6B,4,stochastic,123,15.8953,139.13,61.79,256,16.11,568,114,142,0.2007,0.8,False," 

Okay, let's see.>

To determine the total cost of the total cost >
Okay, let's calculate the total cost in numbers >
Okay, let's see, let's calculate the total cost in the answer >
Okay, let's calculate the total cost >
Okay, let's see solution >
Okay, let's see the cost of the hair length of the total cost > 

Okay, let's see the cost > 

Wait, let's cost of color + 17680>
Okay, let's see, the problem solution > 

Okay, let's see the total cost in the box >

Okay, let's see the total cost in the answer here put your answer here put the total cost > 

Okay, let's see the total cost is the total cost > 

Okay, let's see. 

Okay, let's see solution >
Okay, let's see the cost of the hair length of the total cost. 

Okay, let's calculate the total cost of color cost of the money > 

Okay, let's see, let's see the steps > 

Okay, let's see, the problem solution >
Okay, let's see the total cost is calculated total cost > 

Okay, let's> 

Okay, let's see",False,True,captured
gsm8k_1193,gsm8k,0.6B,4,stochastic,123,15.5477,141.76,60.42,256,16.47,549,118,138,0.2149,0.86,False," 

Let me calculate the number > 
Okay, let's see.>

Okay, let's see, let's money earned money earned 123.> 

To determine the total amount in the total amount >
To determine the total amount of the total amount of the total amount of money earned in cents >

To determine the total amount earned in total amount > 

To determine the total amount of the correct answer >

Okay, let's see below

Okay, let's see the answer >
To determine the total amount of money earned >

To determine the total amount of money earned > 

Okay, let's>

To determine how much money did his room

Let me calculate the total amount earned by the number > 

Okay, let's see below > 

Okay, let's see the total amount >
To determine how much money did his room once, 130.>

Okay, let's see below > 

Okay, let's see the correct answer here > 

Okay, let's see the number > 

To determine how much money did his room once, and then put your answer here >
To determine how much money did Jason's problem solution here >

Okay, let's see, I need to calculate the total amount > 

Okay, let's see below",False,True,captured
gsm8k_1194,gsm8k,0.6B,4,stochastic,123,14.3491,140.55,55.72,256,17.84,510,127,129,0.249,0.98,False," 

Okay, let's see.>

Okay, let's see.>

Okay, let's see the number >
To solve the number >
To solve the number >
To solve this is the number >
To solve this problem answer here put your answer here >
To solve this problem, we need to calculate the number of gallons of blood that ten sharks have to be sure, let's solve the number >
To solve this problem number >
To solve this problem, let's see below > 

Wait, let me check the number >
To solve this problem, we need to calculate the number of gallons
Okay, let's see the number >
To solve this problem, we need to calculate the number of gallons of blood that ten sharks have to be filled in the number >
To solve this problem, we need to calculate the number of gallons of blood that ten sharks have 124800>
Okay, let's see the number >
To solve this problem, we need to calculate the number of gallons of blood that ten sharks have to be filled in number >
To solve this problem, we need to calculate the number of gallons
Okay, let's see the number you need to calculate the number of gallons of blood that ten sharks have to be sure to be sure to be",False,True,captured
gsm8k_1198,gsm8k,0.6B,4,stochastic,123,12.7031,139.43,49.27,256,20.15,451,144,113,0.3193,1.27,False," 

Okay, let's see.>

Okay, let's think>
Okay, let's think>
Okay, let's think>
Okay, let's think>
Okay, let's see the total number of trees >
Okay, let's think>
Okay, let's see the total number of trees >

Okay, let's see the total number of trees >
Okay, let's think>
Okay, let's see the total number of trees planted trees.>

Okay, let's see the total number of trees >

Okay, let's see the total number of trees >
Okay, let's see the total number of trees planted trees in numbers >

To solve this problem, we need to calculate the total number of trees >
Okay, let's see the total number of trees >

To solve this step-by>
Okay, let's see the total number of trees >
Okay, let's see the total number of trees planted trees in numbers >

Okay, let's think>
Okay, let's see the total number of trees >
Okay, let's see the total number of trees planted trees.>

Okay, let's>

Okay, let's see the total number of trees planted trees in numbers only number >

To solve the total number of trees >

Okay, let's see the total number of",False,True,captured
gsm8k_1204,gsm8k,0.6B,4,stochastic,123,15.6869,140.4,60.97,256,16.32,555,117,140,0.2108,0.84,False," 

Okay, let's see. 

Okay, let's see the number of shells found shells found shells found shells found shells by the number is 700

Okay, let's answer: 3

Okay, let's see the number is 2

Okay, let's see the problem.

Okay, let's see the number of shells found shells found by the time: 1

Okay, let's see

Okay, let's see the problem step: 700

Okay, let's see, so the number is 2

Okay, let's see the number

Okay, let's see the problem step: 1

Okay, let's answer: 1

Okay, let's see. To solve this problem, we need to find out how many shells did not sure
Okay, let's see the number is 1

Okay, let's answer: 14

Okay, let's see the number of shells found shells found by Gogetters found shells found shells by the given that they found shells found by the way to be careful
Okay, let's see the number of shells found by checking: 1

Okay, let's answer: 140

Okay, let's see the number",False,True,captured
gsm8k_1210,gsm8k,0.6B,4,stochastic,123,12.0978,139.99,46.89,256,21.16,429,149,108,0.3473,1.38,False," 

Okay, so that. 

Okay, so I need to find out how many balloons did the problem step by step:

Okay, so I need to find the total number of balloons problem step by step. 

Okay, so I need to find the total number of balloons problem step by step. 

First, I need to find the correct. So the problem step by step. 

Okay, so that. So, step by step. 

First, we need to find the total number problem step by step. 

First, we need to find the total number of balloons first by first by breaking it step by step. 

First, I need to find out step by step. 

First, I need to find the total number of balloons first by first finding the total number of balloons problem step by step. 

Okay, so Jolene's step by step. 

Okay, so Jolene's step by step. 

Okay, so Jolene's step by step. 

Okay, so I need to find the total number of balloons first by first finding the total number problem step by step. 

Okay, so Jolene's water balloon problem step by step. 

First, I need to find the total number of balloons first by first finding",False,True,captured
gsm8k_1212,gsm8k,0.6B,4,stochastic,123,14.3411,139.77,55.69,256,17.85,508,129,127,0.2539,1.02,False," 

Okay, let's see. So, step through this step through the problem step through this step through this step through this step by step by breaking this step through this step by step. 

Okay, let me think through this step through the problem step through this step by step. 

Okay, let me. 

Okay, let me. First, I need to find the answer this step through this step by step through this step by step. First, I need to find the answer this step by breaking down the problem step through the problem step through this step by step through this step by step through this step by step through this step by step through this step by step. First, find the answer this step by step. First, I will solve this step by step. First, I need to find the combined capacity of Ali's class is to figure this step through the problem step through this step by step. First, find the answer this step by step. First, find the answer this step by step. First, I need to find the combined capacity of both schools. So, first find the capacity of each step through this step by step through this step by step through this step by step through this step by step through this step by step through this step by step",False,True,captured
gsm8k_1213,gsm8k,0.6B,4,stochastic,123,14.2962,139.77,55.52,256,17.91,507,130,127,0.2564,1.02,False," 

Okay, so step by step. 

Okay, so step by breaking it step by step:

Okay, so step by first. 

Okay, so step by first finding the step by step:

Okay, so step by first calculating the total amount Stephen borrowed money problem step by step. 

Okay, so step by step by first calculating the total amount Stephen borrowed $300 + 

Okay, so step by step. 

First, I think in steps:

Okay, so step by step. 

First, I think the step by step. 

Okay, so that step by step. 

First, I think the first. 

Okay, so step by step. 

Okay, let's step by step. 

First, I think the problem step by step. 

First, I think the problem step by step. 

First, I think the first. 

First, I think the total amount Stephen borrowed money problem step by step. 

First, I think the total amount Stephen needs to be step by step:

Okay, let me think step by step. 

First, I think the total amount Stephen borrowed $300 + 
Okay, so Stephen borrowed $300

Okay, so step by step. 

First, I think the total",False,True,captured
gsm8k_1214,gsm8k,0.6B,4,stochastic,123,12.4889,138.95,48.43,256,20.5,442,144,112,0.3258,1.29,False," 

First, we need to first, we need to determine the first, we need to find out how many diapers does not only, we first, we first, we need to determine the first, we need to determine the first, we need to determine the first step by step-by-step, we first, we need to find the first, we need to determine how many diapers does not require us the first step by step-by-step reasoning step by step, we first, we need to find the first step by step, we first, we need to determine the first step by step, we need to find the first step is to find out how many diapers per step by step-by-step, we need to find the first step is to first, we need to determine the first step is to find out how many people often, we need to determine the first step is to find the first, we first, we need to determine the first step is to find the first step by step, we need to first, we need to determine the first step is to find the first step is to first, we need to find the first step is to find the first step is to find the first step is to find the first step is to find out how many diapers does not only the",False,True,captured
gsm8k_1215,gsm8k,0.6B,4,stochastic,123,16.0207,146.79,62.25,256,15.98,568,115,142,0.2025,0.81,False,"  (Note: The jelly beans are not necessarily have ares are not packed with the jar has a diameter is aresized as spheres, while they are not be packed with  are not spheres, but are not included in the jar are not perfectly fit into the jar with the diameter of  are not perfect packing efficiency is a.  The jar has a diameter is a bit: are not spheres and the jelly beans are not spheres, when packed are not actually have arespherical, but they are not packed are not perfect packing efficiency is  are considered as spheres and the jar has a diameter of the jelly beans are considered as spheres with the jar has a diameter of 1 are not perfectly fit into the jar in the jelly beans are not perfect spheres, so that are spheres, while they are not spheres, so that the jelly beans are spherical, but the jar is ares are not perfect spheres, so that the volume is arespherical in the jar are not actually are not cubes as spheres and the jar are not spheres, while they are not perfect packing is a. 3 are not spherical, but the answer is not a whole, though are not spheres, while they are spherical, but are not spherical, and the jar has a diameter of ",False,True,captured
gsm8k_1224,gsm8k,0.6B,4,stochastic,123,12.4375,139.72,48.23,256,20.58,441,146,111,0.3311,1.32,False," Please put your answer in a box.
Okay, let's see. 

Okay, let's say, a box.
Okay, let's box.

Okay, let's box.
Okay, let's see the box.
Okay, let's say, a box.

Okay, let's think step by step with a box.

Okay, let's say, a box.

Okay, let's say, a box.

Okay, let's think step by step.

Okay, let's say a box.

Okay, let's think step by step by the box.

Okay, let's think
Okay, let's say, \boxed{}.

Okay, let's say, \boxed{}.

Okay, let's box.
Okay, let's see the box.
Okay, let's see the box.

Okay, let's say, a box.

Okay, let's see the box.

Okay, let's say, a box.

Okay, let's see the box.

Okay, let's think step by step and box ital box.
Okay, let's see the box.

Okay, let's think step by step by the answer: \boxed{}.

Okay, let's box.
Okay, let's see the box.

Okay, let's say, a box.

Okay",False,True,captured
gsm8k_1234,gsm8k,0.6B,4,stochastic,123,14.0167,137.12,54.43,256,18.26,499,131,125,0.2625,1.05,False," 

Okay, so that she has to find the same problem step by step. 

Okay, so that she has  step by step:

Okay, so I think in steps by first understanding the problem. So Regina wrote 9 novels problem step by step:

Okay, so Regina wrote 9 novels last year. 

Okay, so I think in steps. So Regina wrote 9 novels last year is 3 quarters of the same problem step by step:

Step 1: Let's steps by steps:

Okay, so Regina wrote  step by step. 

Okay, so Regina wrote 9 novels last year's problem. 

Okay, so Regina wrote 9 novels last year is a step by step:

Okay, so Regina wrote 9 novels last year she has written  step by step:

Okay, let me think 

Okay, so Regina wrote  step by step:

Okay, so Regina wrote  step by step. 

First, I think I think in steps. 

Okay, let me think. So, step by step:

Step  step by first. So, step by setting up an equation. Let me think. So Regina wrote 9 novels last year's problem. 

Okay, so that Regina wrote 9 novels last year's problem. So",False,True,captured
gsm8k_1238,gsm8k,0.6B,4,stochastic,123,16.7128,138.87,65.0,256,15.32,595,108,149,0.1815,0.72,False," 

Okay, let's see. Let'solution>
Okay, let's see, let's see the reasoning steps here, let's see the total cost of the total cost of pasta cost of the cost of the total cost of the total cost per year > 

Okay, let's think>
Okay, let's see below > 

To determine the solution >

Okay, let's see below
Okay, let's see below >

To determine the total cost of pasta cost of the year
Okay, let's see the number >
Okay, let's think>
Okay, let's see the calculation here >
Okay, let's see the answer here >
Okay, let's see below

First, let's break down the problem step-by-step>
Okay, let's see the total cost per year>
Okay, let's see the steps below
Okay, let's see the problem again. 

Okay, let's see.>

Okay, let's see below >
Okay, let's see the number >
Okay, let's see the total cost per year.
Okay, let's see the total cost per year.
Okay, let's see the problem again. 

Okay, let's think through the process >
Okay, let's see, first I need to calculate the total cost",False,True,captured
gsm8k_1240,gsm8k,0.6B,4,stochastic,123,13.8145,139.85,53.63,256,18.53,489,134,123,0.274,1.09,False," 

Okay, let's see if I can. 

Okay, let me. So, step by step. 

Okay, let me step by first. 

Okay, let me step by step. 

First, I think step by step. 

First, I think step by step. 

Okay, let me step by step. 

First, I think the first. 

Okay, let me think. So first. 

Okay, let me think step by step.

Okay, let me think step by step.

Okay, let me think step by step. 

First, I think the first step by first. 

First, I need to find the first. So, first. 

Okay, let me think. 

Okay, let me think. 

Okay, let me think. 

Okay, let me think step by step. 

First, I need to find how many shelves and see if I can find the number of books problem step by step. 

First, I need to find out step by step. 

First, I need to find out how many shelves. The bottom shelf first. 

Okay, let me think step by step. 

First, I need to find out how many shelves. 

First, I think step by step. 

Okay",False,True,captured
gsm8k_1241,gsm8k,0.6B,4,stochastic,123,14.5232,138.2,56.41,256,17.63,517,126,130,0.2437,0.97,False," 

Okay, let's see.>

Okay, let's think>
Okay, let's think>
Okay, let's think>
Okay, let's think>
Okay, let's see the profit > 

Okay, let's think>
Okay, let's think>
Okay, let's see solution >

Okay, let's think>
Okay, let's think > 

Okay, let's think>
Okay, let's think > 

Okay, let's profit > 

Okay, let's think > 

Okay, let's profit >.>

Okay, let's see the answer >

To determine the profit is the profit in the blank >

To determine the profit step-by>
Okay, let's think > 

Okay, let's think step by step-by>

Okay, let's think step by step-by>
Okay, let's see solution > 

To determine the profit > 

To determine Rose's profit is the profit in dollars >
Okay, let's see solution > 

To determine the profit step-by-step>

Okay, let's see the profit in dollars > 

Okay, let's profit in dollars> 

Okay, let's profit in dollars >
Okay, let's see the profit >
Okay, let's see the profit is $1.2>

Okay, let's profit",False,True,captured
gsm8k_1245,gsm8k,0.6B,4,stochastic,123,13.9261,139.71,54.06,256,18.38,494,132,124,0.2672,1.06,False," 

Okay, let's see. Let me think. Let me try to figure this problem. Let me try to figure this problem solve this problem solve this problem. So, Mary is this problem. Let me try to solve this problem solve this problem step through this problem. Let me try to figure this problem. I need to find the problem. Let me think through this problem solve this problem. Let me try to figure this problem. So, Mary is making ice cubes with this problem. Let me think about this problem. So, the problem. Let me try to figure this out. So, let s

Okay, let'solve this problem. Let me think through this problem solve this problem step through this problem. Let me think through this problem step through this problem step through this problem step through this problem. So, the problem is this problem solve this problem step through this problem. 

Okay, let x be the number of strawberry cubes be careful solve this problem step through this problem step through this problem. So, the problem is a. Let me try to figure this out. Let me try to solve this problem step through this problem step through this problem. So, I need to find the number the problem. Let me call the number of strawberry cubes be",False,True,captured
gsm8k_1246,gsm8k,0.6B,4,stochastic,123,12.8512,140.5,49.85,256,19.92,453,142,114,0.3135,1.25,False," Also, calculate the total number of points she has scored in the number of points she has scored in the number of points she has played games she has scored by adding the number of points she has scored in the four years.

Wait, there are  number of points she has scored in the four years of the number of points she has scored by finding the average points she has scored in the number of points she has scored by Ara has she has scored by Ara has scored in the four years. (i number of points she has scored by adding the number of games she has played games she has played games in the four years.

Wait, the number of points she has scored by using the formula for the total number of points she has scored in the number of points she has scored in the number of points she has scored by adding the number of games she has played games in the four years. (in the four years of the number of games she has played in the four years of the number of games she has scored by Ara has played games she has scored in the four years. (i number of points she has she has scored in the four years of the number of games she has scored in the four years of the number of games she has scored in the number of points",False,True,captured
gsm8k_1251,gsm8k,0.6B,4,stochastic,123,14.6631,138.51,56.96,256,17.46,521,125,131,0.2399,0.95,False," 

Okay, let's break >
Okay, let's think>
Okay, let's think>
Okay, let's think>
Okay, let's think>
Okay, let's see below

Okay, let's think>
Okay, let's think>
Okay, let's try to solve the number > 

Okay, let's think>
Okay, let's think through the number > 

Let me try to answer > 

Okay, let's think through the answer here put your answer here >
Okay, let's see the number > 

Okay, let's see the answer here you need to calculate the number >
Okay, let's see the number >
Okay, let's try to figure out the time in minutes > 

Okay, let's time is 5 minutes>
Okay, let's try to solve the problem step-by> 

Okay, let's think through the process > 

Okay, let's answer > 

Let me solve the number > 

Okay, let's think>
Okay, let's think step by step-by> 

Okay, let's think step by step-by>
Okay, let's try to find the total time in minutes > 

Okay, 150> 

Okay, let's see.>

Okay, let's try to solve this is",False,True,captured
gsm8k_1252,gsm8k,0.6B,4,stochastic,123,13.4906,139.76,52.36,256,18.98,479,137,120,0.286,1.14,False," 

Okay, let's see. So, step by step. First, I need to find the problem step by step. 

Okay, let me step by using equations step by step. 

Okay, let me. First, I think step by first. 

Okay, let me think step by step:

Okay, let me step by step:

Okay, let me. 

Okay, let me think. So, the problem says that I need to find the total number problem step by step:

Okay, let me think step by step. 

Okay, let me think step by step. 

Okay, let me think 

Okay, let me think step by step. 

Okay, let me think. 

Okay, let me think step by step. 

Okay, let's step by step. 

Okay, let me think step by step:

Okay, let me think step by step. 

Okay, let me think step by step. 

Okay, let's step by step. 

Okay, let's step by step. 

Okay, let's step by step. 

Okay, let's step by step. 

Okay, let's step by step. 

Okay, let me think step by step. 

Okay, let me think. So, the problem",False,True,captured
gsm8k_1259,gsm8k,0.6B,4,stochastic,123,14.0992,139.47,54.74,256,18.16,501,130,126,0.2595,1.03,False," (Do not round the) answer. (Do not round the answer. Do not round the answer. (Do not round the. (Do not round the answer. Use the exact answer. (Do not round the answer. Use exact answer. Use  number.)

Okay, let's see. (Do not round the answer. (Do not round the... just give the answer. (Do not round the. (Do not round the) answer.)

Okay, let's see, (Do not round the) answer. Use  number.)

Okay, let's see the answer. Use  (Do not round the... (Do not round the... well, June has 30 days in your answer. Use 360 days in your answer. Use the answer. Use the exact value. Use the answer. (Do not round the) answer. Do not round the answer. Use exact values. Use 30. Do not round the answer. Use the answer. Use exact value. Use the answer. Use exact values at the answer. Use the exact value. Use exact values,  answer. Use exact answer. Assume that June has 30

Okay, let's see note: answer. Use the answer. Use exact values at",False,True,captured
gsm8k_1261,gsm8k,0.6B,4,stochastic,123,16.1673,140.14,62.85,256,15.83,572,114,143,0.1993,0.8,False," 

Okay, let's see.>

To determine the total cost for 1755550>
Okay, let's see the correct answer here put your answer here put your answer here > 
Okay, let's see solution > 
Okay, let's calculate the cost for each type your answer here put your answer here >.
Okay, let's see the correct answer here >
To determine the cost of the total cost in the calculation here write the final answer >
To determine the cost for the answer >
To determine the cost for the total cost in numbers > 

Okay, let's see the number >
To determine how much does not sure, let's calculate the total cost in the total cost in 1475> 

To determine how much does she spends on dry-cleaning in 5 weeks, let's see solution here >.>

Okay, let's see the number >
To determine how much does she spend on the total cost in numbers >

Okay, let's see solution here >
To determine how much does she spend on the correct answer here >
To determine how much does she spend on dry-cleaning in 5 weeks, Alicia's weekly cost of 5 weeks > 

Okay, let's total cost for the total cost in 5",False,True,captured
gsm8k_1273,gsm8k,0.6B,4,stochastic,123,13.6055,140.12,52.81,256,18.82,482,135,122,0.2801,1.11,False," 

Okay, let's see. So, Mazie has 52

Okay, let's step by using a step by first. 

Okay, let me. 

Okay, let me. So, Mazie has 52

Okay, let me think in steps. 

First, step by setting up an equation. 

So, step by step. 

First, we know that Mazie has 52. So, Mazie has 52 marbles total marbles problem step by step:

Okay, let me. 

Okay, let me step by step:

Okay, let me step by step:

Okay, let me. So, Mazie has 52
Okay, let's step by step. 

First, we have a step by setting up an equation. 

Okay, let's step by step. 

First, I need to find out how many marbles. 

Okay, let's step by step. 

First, I need to find out how many marbles did it step by step. 

First, we know that Mazie has 52

Okay, let's step by step. 

Okay, let's step by step:

Okay, let's step by step. 

First, I think step by",False,True,captured
gsm8k_1281,gsm8k,0.6B,4,stochastic,123,14.2832,141.65,55.46,256,17.92,508,129,127,0.2539,1.02,False," 

Okay, so step by step. So, step by breaking it step by step. 

Okay, so step by breaking it down step by step:

Okay, so step by first. First, I need to find out how many steps by first. 

Okay, so step by first finding the step by breaking it down step by step. 

First, I think step by step by breaking it down step by step. 

Okay, so Dexter has five pigs. Each one eats 4 pounds of feed problem step by step. 

Okay, so Dexter has five pigs. Each pig eats 4 pounds of feed. First, I need to find the same problem step by step:

Okay, so step by step. First, I need to find out how many steps by steps. 

First, I think step by step:

Okay, so Dexter has five pigs. Each pig problem step by step. 

Okay, so Dexter has five pigs. Each pig eats 4 pounds of feed per day first. So, Dexter has  step by step. 

First, I think the first. So, first. So, first. So, first. First, I need to find the step by step. 

First, I think the first. So, first, I",False,True,captured
gsm8k_1288,gsm8k,0.6B,4,stochastic,123,14.9491,140.19,58.07,256,17.12,532,123,133,0.2312,0.92,False," 

Okay, let's see. Let's answer here write the answer here write the answer in minutes>

Okay, let's see the total time in minutes>
Okay, let's think>
Okay, let's see the number >
Okay, let's see the number >
Okay, let's see below >

Okay, let's see below > 

Okay, let's see the steps >

Okay, let's see below
Okay, let's see below >

To determine the number >
Okay, let's see the total time in 4 weeks, let's think>
Okay, let's see below

Okay, let's see the total time in minutes>
Okay, let's see the total time in minutes > 

Okay, let's see below > 

Okay, let's answer>
Okay, let's see, 2042120>
Okay, let's see the total time in minutes >

Okay, let's see the total time in minutes>
Okay, let's see the total time in minutes > 

Okay, let's> 

Okay, let's see below

Okay, let's see the number >
Okay, let's see below >
Okay, let's see the total time in minutes >
Okay, let's see the total time in minutes >
",False,True,captured
gsm8k_1293,gsm8k,0.6B,4,stochastic,123,13.2755,138.48,51.52,256,19.28,471,137,119,0.2909,1.15,False, (Assume that the company works are 7 days in the company produces the company produces the same number of working days in one week is working days in a week are 7 days in the company produces the same amount of chocolate bars are 7 days in the company works are 7 days in a week has a 7 days in the company works are 7 days in one week is 7 days in a week has a 7-day is 7 days per week is 7 days per week has no days are 7 days in one week is 7 days are 7 days in the company produces the same amount of chocolate bars are produced bars are 7 days in a week has a 7-day week has a 7-day week has a 5 days are 7 days in the first day is working days in a week has no days are weekends are 7 days in a week has a 7-day week has a 5 days per day is 7 days per day is 7 days in the company there is 7 days in the company is 7 days in one week is a week has no. Assume that the company produces the company works are 7 days a week has a 7-day week has a 7 days are,False,True,captured
gsm8k_1299,gsm8k,0.6B,4,stochastic,123,16.5066,138.9,64.19,256,15.51,589,108,148,0.1834,0.73,False," 

Let me think>
Okay, let's see.>

Okay, let's see, let's left > 

Okay, let's think>
Okay, let's see solution > 

Final Answer>
Okay, let's think>
Okay, let's think>
Okay, let's think>
Okay, let's see solution >
To determine the number >
To determine the total amount left >

To determine the total amount spent on the left > 

To determine how many dollars does not enough information not enough information missing number >
To determine the total amount spent and the number >
To determine how many dollars does she have left > 

Okay, let's think step-by>

To determine the total amount spent by > 

Okay, let's see the correct answer >

To determine how many dollars does she have left >

To determine how many dollars does she have to be careful calculation here >
To determine how many dollars does she have to be filled in number >
To determine how many dollars does she have to be filled in >

Okay, let's see solution >
To determine how many dollars does she have to be filled in >

To determine how much money does not enough information to answer here >
To determine how much money Janet's>

To determine how much money Janet's





Step",False,True,captured
gsm8k_1301,gsm8k,0.6B,4,stochastic,123,14.3883,141.1,55.87,256,17.79,511,129,128,0.2524,1.01,False," 

Okay, let's see. So, first, let's step by step. 

Okay, let's see if I have a step by first by breaking it step by step.

Okay, let's see if I can. 

Okay, let's see how many cookies he has  step by step. 

First, I need to find the first by counting the step by step. 

First, I think step by step. 

Okay, let's see step by step. So, first. So first by first by breaking it step by step.

Okay, let's see if I can. So, first, I think step by step. 

First, let's see. So, first. So, first by counting problem step by step. 

First, I think I think step by step. 

Okay, let's see step by step. 

First, I need to find the total number step by step. 

Okay, let's see. So, first, we have to find the first. So, Randy starts by counting problem step by step. 

First, I need to find total number step by step. 

First, let's start by counting problem step by step. 

Okay, let's see if I can be step by step.",False,True,captured
gsm8k_1308,gsm8k,0.6B,4,stochastic,123,15.9401,139.47,61.96,256,16.06,567,114,143,0.2011,0.8,False," 

Okay, let's see.>

To solve this problem, we need to find the total number of eggs in both baskets put your answer here put your answer here put your answer here > 

To solve this step-by-step-express number > 

Okay, let's see the number > 

Let me think through the total number of eggs in the number > 

Let me think>
Okay, let's see the total number of eggs in both baskets together. 

So, the number > 

Okay, let's see below > 

Let me think>
Okay, let's see the number > 

Okay, let's see the solution here put your answer here >
To solve this step-by-step explanation here put your answer here > 

Okay, let's see below > 

Okay, let's see the thought > 

Let me think>
Okay, let's see below >
Okay, let's see the problem again, the number > 

Okay, let's see the thought > 

Okay, let's see the number >.> 

To solve this step-by-step explanation here >
To solve the total number of eggs in both baskets together






Final Answer>
Okay, let's see the number >.
Let me think through the problem step-by-step",False,True,captured
mmlu_abstract_algebra_0,mmlu,0.6B,4,stochastic,123,2.1553,140.23,65.0,32,14.85,72,14,18,0.1944,0.78,False," The degree of the extension is the degree of the extension Q(sqrt(2), but I think






Question: Find the degree for",False,True,captured
mmlu_abstract_algebra_1,mmlu,0.6B,4,stochastic,123,1.7157,138.71,50.87,32,18.65,56,18,14,0.3214,1.29,False, The index of the subgroup <p> in the subgroup <p> in the subgroup <p> in S_5 is the subgroup <p> in S,False,True,captured
mmlu_abstract_algebra_2,mmlu,0.6B,4,stochastic,123,1.7549,140.84,52.07,32,18.23,56,18,14,0.3214,1.29,False," D. 0,4. So the zeros of the polynomial are zeros of the polynomial in Z_5 is the correct.
The zeros of the polynomial in",False,True,captured
mmlu_abstract_algebra_3,mmlu,0.6B,4,stochastic,123,2.1719,142.03,65.48,32,14.73,71,13,19,0.1831,0.68,False, B. Let me think through this step through this be the user try to figure out the answer. So I try to figure out the answer step by the user,False,True,captured
mmlu_abstract_algebra_4,mmlu,0.6B,4,stochastic,123,1.6522,141.44,48.74,32,19.37,53,19,14,0.3585,1.36,False, B. 6x^2 + 4x + 4 + 4 + 4 + 4x^2 + 4 + 4,False,True,captured
mmlu_abstract_algebra_5,mmlu,0.6B,4,stochastic,123,2.4552,139.16,74.71,32,13.03,82,12,21,0.1463,0.57,False, B be a group G be a group. So I try to figure out the user think about the statements be a group G be a group. Suppose that G,False,True,captured
mmlu_abstract_algebra_6,mmlu,0.6B,4,stochastic,123,2.0599,142.62,61.85,32,15.53,67,14,18,0.209,0.78,False," A be a group G be a group. Then, so I try to figure out if the two statements be a group G be a group. Let me try",False,True,captured
mmlu_abstract_algebra_7,mmlu,0.6B,4,stochastic,123,2.4052,140.21,73.06,32,13.3,80,11,21,0.1375,0.52,False, C. Let me think through the statement 1 first. A be the user try to figure out the user see. Let me try to figure out the user,False,True,captured
mmlu_abstract_algebra_8,mmlu,0.6B,4,stochastic,123,0.9888,139.36,27.4,32,32.36,29,25,8,0.8621,3.12,False," B. 4
 B. 4
 B. 4
 B. 4
 B. 4
 B. 4
 B.",False,True,captured
mmlu_abstract_algebra_9,mmlu,0.6B,4,stochastic,123,2.3741,140.13,72.06,32,13.48,79,12,21,0.1519,0.57,False," A

So, the A

So, the answer is A. Let me try of the answer is incorrect answer is 1 is 1 is 1",False,True,captured
mmlu_abstract_algebra_10,mmlu,0.6B,4,stochastic,123,2.6194,140.0,79.98,32,12.22,88,10,22,0.1136,0.45,False, A be the user understand the user be the group theory. Let me think through this step through this be the answer this be the answer. Let me think through,False,True,captured
mmlu_abstract_algebra_11,mmlu,0.6B,4,stochastic,123,2.0931,157.06,62.45,32,15.29,68,14,18,0.2059,0.78,False," C be the set A = {1,  me try to figure this be the set A = {1,  me try to work through this step through",False,True,captured
mmlu_abstract_algebra_12,mmlu,0.6B,4,stochastic,123,2.2751,139.51,68.89,32,14.07,76,13,19,0.1711,0.68,False, B. So I try to figure out the problem. I try to figure out the order of the question be the problem. I try to figure out the order,False,True,captured
mmlu_abstract_algebra_13,mmlu,0.6B,4,stochastic,123,1.7638,146.64,52.16,32,18.14,57,18,15,0.3158,1.2,False," B

So, the B

So, the answer is B. Let me try. Let me check the options are trying to figure shows that the correct answer",False,True,captured
mmlu_abstract_algebra_14,mmlu,0.6B,4,stochastic,123,2.0184,137.97,60.66,32,15.85,66,15,18,0.2273,0.83,False," The maximum possible order for an element of S_n for n=10, C. The maximum possible order of the maximum possible order of course, C.",False,True,captured
mmlu_abstract_algebra_15,mmlu,0.6B,4,stochastic,123,2.9443,140.53,90.44,32,10.87,100,6,26,0.06,0.23,False, A be the user understand the statement  me try to figure out the answer be a field F be the user. Let me try to figure out the reasoning first,False,True,captured
mmlu_abstract_algebra_16,mmlu,0.6B,4,stochastic,123,1.6185,140.02,47.69,32,19.77,52,19,13,0.3654,1.46,False," D. -i
So. the inverse of -i is the inverse of -i * -i multiplied by -i gives the inverse of -i is",False,True,captured
mmlu_abstract_algebra_17,mmlu,0.6B,4,stochastic,123,1.8149,140.8,54.0,32,17.63,59,17,15,0.2881,1.13,False," To compute the product (2,3)(3, we need to understand that is to compute the product in the ring Z_5, we need to perform",False,True,captured
mmlu_abstract_algebra_18,mmlu,0.6B,4,stochastic,123,2.3512,138.76,71.37,32,13.61,79,13,20,0.1646,0.65,False, D. So the user think about the question. So the question. So the question. So the question. The set of all real numbers. So the question,False,True,captured
mmlu_abstract_algebra_19,mmlu,0.6B,4,stochastic,123,3.2254,145.01,99.37,32,9.92,109,4,28,0.0367,0.14,False, A be the user understand the user be a group theory be a group of the user see. Let me think through this be the options: I try to figure,False,True,captured
mmlu_abstract_algebra_20,mmlu,0.6B,4,stochastic,123,2.6006,141.38,79.33,32,12.31,86,10,23,0.1163,0.43,False, A be the user's question. Let me try to figure out the answer. Let me think through this step through this be the user think through this be the,False,True,captured
mmlu_abstract_algebra_21,mmlu,0.6B,4,stochastic,123,2.5319,140.5,77.14,32,12.64,84,10,22,0.119,0.45,False, A. So I try to figure out the user. So I try to figure out this be the polynomial addition be the sum the polynomials be the sum f,False,True,captured
mmlu_abstract_algebra_22,mmlu,0.6B,4,stochastic,123,3.024,141.06,93.0,32,10.58,102,5,27,0.049,0.19,False, B be the user understand the user be the set aside the user think through this be a moment. Let's tackle this problem step by step through this be the,False,True,captured
mmlu_abstract_algebra_23,mmlu,0.6B,4,stochastic,123,1.8622,138.64,55.6,32,17.18,61,16,16,0.2623,1.0,False," D. group is the correct answer because the set of all nth roots of unity are the set of all nth roots of unity under multiplication of unity under multiplication,",False,True,captured
mmlu_abstract_algebra_24,mmlu,0.6B,4,stochastic,123,2.1273,139.59,64.12,32,15.04,70,13,19,0.1857,0.68,False, A be a ring R be a commutative ring R be a commutative ring with the user think. Let me think about the statements  me try,False,True,captured
mmlu_abstract_algebra_25,mmlu,0.6B,4,stochastic,123,2.4342,140.12,74.0,32,13.15,81,12,21,0.1481,0.57,False, C. So the question. So the question. So the question is the question. So the question. So the question is see. The question. So the,False,True,captured
mmlu_abstract_algebra_26,mmlu,0.6B,4,stochastic,123,2.6513,140.46,81.0,32,12.07,88,10,23,0.1136,0.43,False," C. So I try to figure out the answer step through this be the question be a, I try to figure out these statements  me try to figure out",False,True,captured
mmlu_abstract_algebra_27,mmlu,0.6B,4,stochastic,123,2.2378,140.08,67.67,32,14.3,74,14,19,0.1892,0.74,False, B. So I try to figure out if I try to figure out if the polynomial be the polynomial be the polynomial $ f(x) = 8x^,False,True,captured
mmlu_abstract_algebra_28,mmlu,0.6B,4,stochastic,123,2.3054,139.74,69.86,32,13.88,76,13,20,0.1711,0.65,False," D. The first, Statement 1 is false, true, false, true, true
Statement 1 is the first, the first, the first,",False,True,captured
mmlu_abstract_algebra_29,mmlu,0.6B,4,stochastic,123,2.607,139.41,79.6,32,12.27,86,10,23,0.1163,0.43,False," A be a
So I try to figure out if I try to figure out if the user see. Let me think about the two statements be a cyclic group",False,True,captured
mmlu_abstract_algebra_30,mmlu,0.6B,4,stochastic,123,3.3367,140.25,103.11,32,9.59,114,3,29,0.0263,0.1,False," A be the user understand the user be aH be aH = {H be the user think through this be a

So I try to figure out the",False,True,captured
mmlu_abstract_algebra_31,mmlu,0.6B,4,stochastic,123,2.0588,140.47,61.88,32,15.54,67,14,18,0.209,0.78,False, B. So the problem. So the question. So the question. So the question. So the problem. So the question. So the problem says I try,False,True,captured
mmlu_abstract_algebra_32,mmlu,0.6B,4,stochastic,123,2.4496,140.71,74.48,32,13.06,81,11,21,0.1358,0.52,False," A be a. Let me try to figure out the answer. Let me think about the two statements be a

So I try to figure out the answer this",False,True,captured
mmlu_abstract_algebra_33,mmlu,0.6B,4,stochastic,123,2.4577,142.52,74.68,32,13.02,81,12,21,0.1481,0.57,False," C. Let's see. Let's go through each option step through this be the group (G, 0) me try to figure out which of the",False,True,captured
mmlu_abstract_algebra_34,mmlu,0.6B,4,stochastic,123,2.2162,141.93,66.91,32,14.44,73,14,19,0.1918,0.74,False," B

Let me think through the answer is False, False, the answer is B. Let me

Wait, let me think again, the answer is B",False,True,captured
mmlu_abstract_algebra_35,mmlu,0.6B,4,stochastic,123,0.9919,138.09,27.54,32,32.26,29,25,8,0.8621,3.12,False," B. 4
 B. 4
 B. 4
 B. 4
 B. 4
 B. 4
 B.",False,True,captured
mmlu_abstract_algebra_36,mmlu,0.6B,4,stochastic,123,1.8171,137.98,54.17,32,17.61,59,17,15,0.2881,1.13,False," The answer is B. The answer is B. The product is 20.

Wait, no, wait, because 20 *Wait, no.",False,True,captured
mmlu_abstract_algebra_37,mmlu,0.6B,4,stochastic,123,1.5141,141.26,44.29,32,21.13,48,19,13,0.3958,1.46,False," D. No.
The polynomial x^2 - 12 is x^2 -  x^2 -  x^2 -12 is x",False,True,captured
mmlu_abstract_algebra_38,mmlu,0.6B,4,stochastic,123,2.1529,140.16,64.93,32,14.86,71,15,18,0.2113,0.83,False, B. I need to find the generator for the question is the question is about the question is the question is about finding the generator for the finite field Z_,False,True,captured
mmlu_abstract_algebra_39,mmlu,0.6B,4,stochastic,123,2.1391,143.55,64.37,32,14.96,70,13,19,0.1857,0.68,False," D. The first statement is false, true, false, true
. Explanation: Statement 1 is the first statement is the first statement is the statement ",False,True,captured
mmlu_abstract_algebra_40,mmlu,0.6B,4,stochastic,123,2.1365,140.35,64.39,32,14.98,71,15,18,0.2113,0.83,False, C. So I try to figure out the identity element be the identity element be the identity element. So I need to find the identity element be the identity element,False,True,captured
mmlu_abstract_algebra_41,mmlu,0.6B,4,stochastic,123,2.0141,139.14,60.48,32,15.89,65,16,17,0.2462,0.94,False, B. The question is about the ring Z_3 x  I need to find the characteristic of course I need to find the characteristic of course I need to,False,True,captured
mmlu_abstract_algebra_42,mmlu,0.6B,4,stochastic,123,2.0288,143.1,60.83,32,15.77,67,16,17,0.2388,0.94,False, D. Statement 1 is false because Statement 1. Statement 1. Statement 1 is false because Statement 1 is false because Statement 1 is,False,True,captured
mmlu_abstract_algebra_43,mmlu,0.6B,4,stochastic,123,2.6662,140.62,81.47,32,12.0,89,9,23,0.1011,0.39,False," C be the user understand the user be a
So I try to figure out the answer. So I need to evaluate the user think through this be the correct",False,True,captured
mmlu_abstract_algebra_44,mmlu,0.6B,4,stochastic,123,2.3858,139.98,72.45,32,13.41,79,12,20,0.1519,0.6,False," C be sets A and B be sets, and be a. So I try to figure out this be a set A and B be a bit of a confusion",False,True,captured
mmlu_abstract_algebra_45,mmlu,0.6B,4,stochastic,123,3.132,142.17,96.45,32,10.22,106,4,28,0.0377,0.14,False, C be the user understand the statement  me try to figure out the user think about the two statements be a group G be the user know. Let's tackle,False,True,captured
mmlu_abstract_algebra_46,mmlu,0.6B,4,stochastic,123,2.6153,140.27,79.84,32,12.24,87,9,23,0.1034,0.39,False, C. Let's tackle this problem. Let's tackle this problem step through this be the user see. Let's break down each statement be the answer this be,False,True,captured
mmlu_abstract_algebra_47,mmlu,0.6B,4,stochastic,123,1.8001,151.19,53.19,32,17.78,58,17,15,0.2931,1.13,False," The correct answer is B The correct answer is B.
The polynomial x^3 + x^3. To determine the polynomial x^3 + x^3",False,True,captured
mmlu_abstract_algebra_48,mmlu,0.6B,4,stochastic,123,2.2513,142.26,68.03,32,14.21,74,12,20,0.1622,0.6,False," A. True, True
. False, because Statement 1. False, False, the first, because Statement 1 is true, true, because both",False,True,captured
mmlu_abstract_algebra_49,mmlu,0.6B,4,stochastic,123,2.38,137.63,72.34,32,13.45,79,12,21,0.1519,0.57,False, The maximum order of the maximum order of an element (The maximum possible order is the maximum order of an element of the orders of elements of the element of the,False,True,captured
mmlu_abstract_algebra_50,mmlu,0.6B,4,stochastic,123,1.9307,139.79,57.77,32,16.57,63,16,16,0.254,1.0,False, D. The first statement is false because Statement 1 is the first statement  Explanation: Statement 1 is the first statement is false because Statement 1 is,False,True,captured
mmlu_abstract_algebra_51,mmlu,0.6B,4,stochastic,123,1.947,139.38,58.31,32,16.44,64,17,16,0.2656,1.06,False," The correct answer is B The correct. 2.

The polynomial x^3 + cx^2.
The polynomial x^3 + cx^2 + ",False,True,captured
mmlu_abstract_algebra_52,mmlu,0.6B,4,stochastic,123,2.008,141.31,60.21,32,15.94,66,16,17,0.2424,0.94,False," A is 6 is 6 is 6 is 6. Because in the group G = {2, 2

So, the correct answer is",False,True,captured
mmlu_abstract_algebra_53,mmlu,0.6B,4,stochastic,123,2.8305,141.02,86.76,32,11.31,94,7,25,0.0745,0.28,False, B. Let's tackle this problem  me try to figure out the two statements be the user see. Let's tackle this problem step through this be a group,False,True,captured
mmlu_abstract_algebra_54,mmlu,0.6B,4,stochastic,123,1.7317,139.56,51.36,32,18.48,56,19,14,0.3393,1.36,False, B is the degree of the field extension Q(sqrt(2)) over Q(sqrt(2)) over Q is 2 is 2 is 2. So,False,True,captured
mmlu_abstract_algebra_55,mmlu,0.6B,4,stochastic,123,2.6933,142.24,82.29,32,11.88,89,10,23,0.1124,0.43,False, A be the user understand the user be the set aside the question be the answer this be the answer. Let me think through this step through this be the answer,False,True,captured
mmlu_abstract_algebra_56,mmlu,0.6B,4,stochastic,123,2.5153,140.08,76.62,32,12.72,84,11,21,0.131,0.52,False, C. Let me try to figure out the options. Let me think about the user think. Let me think about the statements 4x - 2 is,False,True,captured
mmlu_abstract_algebra_57,mmlu,0.6B,4,stochastic,123,1.6686,137.93,49.38,32,19.18,54,18,14,0.3333,1.29,False, B. I need to find the generator for the question is the question is to find the generator for the finite field Z_11 is the question is about,False,True,captured
mmlu_abstract_algebra_58,mmlu,0.6B,4,stochastic,123,2.1677,140.15,65.4,32,14.76,70,13,19,0.1857,0.68,False," D. Statement 1 is false because Statement 1. Statement 1. Explanation: 

**Step-by- Statement 1 is false because:

Let me",False,True,captured
mmlu_abstract_algebra_59,mmlu,0.6B,4,stochastic,123,2.0295,140.73,60.93,32,15.77,66,14,18,0.2121,0.78,False, A be the user. Let me try to figure out the answer. So I try to figure out the answer. So I need to check the answer this be,False,True,captured
mmlu_abstract_algebra_60,mmlu,0.6B,4,stochastic,123,2.4609,139.52,74.88,32,13.0,83,12,21,0.1446,0.57,False, A be the ring R be the user try to figure out the answer be the ring. Let me think through this step through this be the ring. Let me,False,True,captured
mmlu_abstract_algebra_61,mmlu,0.6B,4,stochastic,123,2.6663,139.11,81.52,32,12.0,89,9,23,0.1011,0.39,False, A be the set me try to figure out if the two statements be the answer this be the user to analyze each statement be the set me try to work through,False,True,captured
mmlu_abstract_algebra_62,mmlu,0.6B,4,stochastic,123,2.6087,142.09,79.57,32,12.27,86,9,23,0.1047,0.39,False," C be the user understand the user be a
So I try to figure out the answer. So I need to analyze the two statements be a bit by the",False,True,captured
mmlu_abstract_algebra_63,mmlu,0.6B,4,stochastic,123,2.3691,141.35,71.86,32,13.51,78,11,21,0.141,0.52,False," A = {(1, 2. So the set A = {(1,  me try to figure out this be the set A = {1 me try",False,True,captured
mmlu_abstract_algebra_64,mmlu,0.6B,4,stochastic,123,2.2432,143.85,67.72,32,14.27,74,13,20,0.1757,0.65,False," B. 2
So. 2. 2. 2. The answer is B. 2
Okay, let me. 2.",False,True,captured
mmlu_abstract_algebra_65,mmlu,0.6B,4,stochastic,123,2.8673,141.19,87.94,32,11.16,97,7,25,0.0722,0.28,False, C. Let's break this be a field be the user see. Let's analyze the user see. Let's break this be a simple. Let's break,False,True,captured
mmlu_abstract_algebra_66,mmlu,0.6B,4,stochastic,123,2.137,143.41,64.31,32,14.97,70,15,18,0.2143,0.83,False," A. Statement 1 is true because Statement 1. False, False

Statement 1 is the first statement is a. False, False

Statement ",False,True,captured
mmlu_abstract_algebra_67,mmlu,0.6B,4,stochastic,123,1.7616,141.51,52.26,32,18.17,57,18,15,0.3158,1.2,False," D. So the group. The other options are not sufficient for the subset. So the answer is D. The other options are not sufficient. 

Wait,",False,True,captured
mmlu_abstract_algebra_68,mmlu,0.6B,4,stochastic,123,2.8569,140.88,87.61,32,11.2,96,7,25,0.0729,0.28,False, A. The problem is the problem is the problem is to solve this problem is the problem is to factor the problem is the question is the problem is to solve,False,True,captured
mmlu_abstract_algebra_69,mmlu,0.6B,4,stochastic,123,2.7109,140.25,82.92,32,11.8,90,8,24,0.0889,0.33,False, A be the user understand the user be the set aside the question be the answer this be the answer. Let me try to work through this step through this be,False,True,captured
mmlu_abstract_algebra_70,mmlu,0.6B,4,stochastic,123,2.2263,140.53,67.28,32,14.37,73,14,19,0.1918,0.74,False," C. So we need to find the inverse of the group (Z, *) be a be a be a group (Z, *) be a group (Z",False,True,captured
mmlu_abstract_algebra_71,mmlu,0.6B,4,stochastic,123,1.5014,138.05,43.98,32,21.31,48,21,12,0.4375,1.75,False," B

So, the B
Answer: B

The degree of the field extension Q(sqrt(2)*sqrt(√2

So, the answer is",False,True,captured
mmlu_abstract_algebra_72,mmlu,0.6B,4,stochastic,123,2.097,139.43,63.15,32,15.26,69,15,18,0.2174,0.83,False, A be the problem. So I try to figure out how to solve this problem. So I need to find the remainder of 3^47 divided by,False,True,captured
mmlu_abstract_algebra_73,mmlu,0.6B,4,stochastic,123,1.5713,138.56,46.22,32,20.37,50,18,14,0.36,1.29,False," B. 3

The characteristic of the ring Z_Explanation: The characteristic of a question: B. 3

The characteristic of a question: B",False,True,captured
mmlu_abstract_algebra_74,mmlu,0.6B,4,stochastic,123,2.6155,140.68,79.83,32,12.23,88,11,22,0.125,0.5,False, A be the user. Let's tackle this problem. Let's tackle this problem step through this be a and I try to figure out these statements. So first,False,True,captured
mmlu_abstract_algebra_75,mmlu,0.6B,4,stochastic,123,2.6139,139.96,79.8,32,12.24,87,10,22,0.1149,0.45,False, B. So I try to figure out these statements  me try to figure out these two statements be a and see. Let me try to figure out the correct,False,True,captured
mmlu_abstract_algebra_76,mmlu,0.6B,4,stochastic,123,2.5877,141.33,78.91,32,12.37,86,9,23,0.1047,0.39,False, C. Let's tackle this problem. Let's tackle this problem step through this be a and me try to figure out the answer. So I go through this,False,True,captured
mmlu_abstract_algebra_77,mmlu,0.6B,4,stochastic,123,1.4473,138.94,42.21,32,22.11,46,21,12,0.4565,1.75,False, The characteristic of a ring is the smallest positive integer n such that is the smallest positive integer n is the smallest positive integer n. The characteristic of a ring is,False,True,captured
mmlu_abstract_algebra_78,mmlu,0.6B,4,stochastic,123,3.0337,143.07,93.24,32,10.55,102,6,27,0.0588,0.22,False," D be the user understand the statement  me try to figure out the user think through this be the statement 1 be the answer this be a
Let me",False,True,captured
mmlu_abstract_algebra_79,mmlu,0.6B,4,stochastic,123,2.3886,140.67,72.51,32,13.4,80,13,20,0.1625,0.65,False, A be a. Let me try to work through this step through this be a nonzero subgroup of a finit's tackle this be a nonzero subgroup of a fin,False,True,captured
mmlu_abstract_algebra_80,mmlu,0.6B,4,stochastic,123,2.5319,140.44,77.14,32,12.64,84,10,22,0.119,0.45,False, C. Let's tackle this problem. Let's tackle this problem step through this be the user see. Let's tackle this problem step by the user explain the,False,True,captured
mmlu_abstract_algebra_81,mmlu,0.6B,4,stochastic,123,2.7376,139.77,83.8,32,11.69,92,8,24,0.087,0.33,False," A be the user understand the problem be the answer this be the answer. Let me think about the user be the answer this be a
Alright, I try",False,True,captured
mmlu_abstract_algebra_82,mmlu,0.6B,4,stochastic,123,2.4025,141.5,72.93,32,13.32,79,11,21,0.1392,0.52,False," A. The first, because statement 1 is true because Statement 1. The first, let me to becyclic groups of order n are both statements",False,True,captured
mmlu_abstract_algebra_83,mmlu,0.6B,4,stochastic,123,2.7303,141.27,83.52,32,11.72,92,8,24,0.087,0.33,False, C. Let's analyze each statement be a group G be a group. Let's tackle this be the first statement be the group theory. Let's break down,False,True,captured
mmlu_abstract_algebra_84,mmlu,0.6B,4,stochastic,123,2.3833,141.95,72.3,32,13.43,79,12,20,0.1519,0.6,False," C be sets A and B be sets, and be a. So I try to figure out this be a set A and B be a bit of a confusion",False,True,captured
mmlu_abstract_algebra_85,mmlu,0.6B,4,stochastic,123,2.3816,153.9,71.86,32,13.44,79,12,20,0.1519,0.6,False, C. Let me think through this step through this be a group theory be a group homomorphism. So I try to work through this be a group hom,False,True,captured
mmlu_abstract_algebra_86,mmlu,0.6B,4,stochastic,123,2.4574,140.97,74.72,32,13.02,82,11,21,0.1341,0.52,False, A be the user's question be a group G be the answer this be the answer. Let me try to figure out the answer. Let me try to figure,False,True,captured
mmlu_abstract_algebra_87,mmlu,0.6B,4,stochastic,123,2.2965,139.68,69.57,32,13.93,76,13,19,0.1711,0.68,False, A be the function T be the linear transformation T be the linear transformation T be a be the linear transformation T: So the function T be the linear transformation T,False,True,captured
mmlu_abstract_algebra_88,mmlu,0.6B,4,stochastic,123,2.204,139.35,66.6,32,14.52,73,13,19,0.1781,0.68,False," A be the user. So I try to figure out this be the ring be the product of 12 times 124
Wait, I try",False,True,captured
mmlu_abstract_algebra_89,mmlu,0.6B,4,stochastic,123,2.6476,141.18,80.85,32,12.09,89,9,23,0.1011,0.39,False, C. Let's break down. Let's break down the two statements be the user think through this be a be the user know the answer is try to figure,False,True,captured
mmlu_abstract_algebra_90,mmlu,0.6B,4,stochastic,123,2.2867,141.08,69.21,32,13.99,76,13,19,0.1711,0.68,False," A. The first statement is the first statement  Statement 1 is the first statement is the correct. True, True, because Statement 1 is a statement",False,True,captured
mmlu_abstract_algebra_91,mmlu,0.6B,4,stochastic,123,1.8025,138.94,53.66,32,17.75,58,16,16,0.2759,1.0,False," B. 2 + 2 + 2 + 4Z, 2 + 4Z + 2 + 4Z



",False,True,captured
mmlu_abstract_algebra_92,mmlu,0.6B,4,stochastic,123,2.4916,140.04,75.86,32,12.84,83,11,22,0.1325,0.5,False, D. Let's go through each option step by to tackle this question step through each option D be the question. Let's go through each option step through each,False,True,captured
mmlu_abstract_algebra_93,mmlu,0.6B,4,stochastic,123,1.6931,139.39,50.12,32,18.9,54,17,15,0.3148,1.13,False," The maximum possible order for an element of S_n for the maximum possible order for an element of S_n has a. The maximum possible order of S_.

",False,True,captured
mmlu_abstract_algebra_94,mmlu,0.6B,4,stochastic,123,3.1419,140.59,96.82,32,10.18,106,5,28,0.0472,0.18,False, D be the user understand the statement  me try to figure out the question. Let's tackle this problem. Let's tackle this be the answer this be the,False,True,captured
mmlu_abstract_algebra_95,mmlu,0.6B,4,stochastic,123,2.8139,140.29,86.25,32,11.37,94,7,25,0.0745,0.28,False, A be the user understand the user be the correct. Let me try to figure out. So I try to figure out the answer this be a and go through,False,True,captured
mmlu_abstract_algebra_96,mmlu,0.6B,4,stochastic,123,1.5666,140.12,46.01,32,20.43,49,20,13,0.4082,1.54,False, A be the polynomial f(x) = x² + 1 in Z_2 be the polynomial f(x) = x² + 1 in Z_,False,True,captured
mmlu_abstract_algebra_97,mmlu,0.6B,4,stochastic,123,1.9896,140.62,59.65,32,16.08,65,16,17,0.2462,0.94,False," B. 5
So. The answer is B. 25 is the answer is the answer is B is the cyclic subgroup of Z_30",False,True,captured
mmlu_abstract_algebra_98,mmlu,0.6B,4,stochastic,123,1.9525,139.87,58.47,32,16.39,64,17,16,0.2656,1.06,False," D. 6
So. 4. 4. 6
The order of (4,2. The order of (4,2)",False,True,captured
mmlu_abstract_algebra_99,mmlu,0.6B,4,stochastic,123,2.3019,141.58,69.69,32,13.9,76,13,20,0.1711,0.65,False, B be a ring be a ring R be a ring. Let me try to work through this step through this be a ring. Then I try to figure out,False,True,captured
mmlu_college_chemistry_0,mmlu,0.6B,4,stochastic,123,2.0664,140.56,62.12,32,15.49,68,15,17,0.2206,0.88,False, The rate = k. The rate of the rate = k. A zero-order reaction means that the rate of the rate = k. A zero-order reaction means,False,True,captured
mmlu_college_chemistry_1,mmlu,0.6B,4,stochastic,123,1.7721,143.12,52.55,32,18.06,57,18,15,0.3158,1.2,False," C. 

The correct answer is C. 

The correct answer is C. 

The correct answer is C. absorb in the IR spectrum. 

The correct",False,True,captured
mmlu_college_chemistry_2,mmlu,0.6B,4,stochastic,123,1.9382,139.9,58.01,32,16.51,64,16,16,0.25,1.0,False, C. The question is about the maximum number of phases. The question is about the maximum number of phases in a question is the question is about the maximum number,False,True,captured
mmlu_college_chemistry_3,mmlu,0.6B,4,stochastic,123,2.8446,147.53,87.0,32,11.25,95,8,24,0.0842,0.33,False, A. So I try to balance the equation step through the equation is balance the equation be balanced the question. I try to balance this be a bit of time,False,True,captured
mmlu_college_chemistry_4,mmlu,0.6B,4,stochastic,123,1.9188,140.05,57.38,32,16.68,63,16,16,0.254,1.0,False," B. The equation ΔH = ΔHess processes.

The equation ΔH = ΔHess's processes. The equation ΔH = constant pressure processes.
",False,True,captured
mmlu_college_chemistry_5,mmlu,0.6B,4,stochastic,123,1.4463,141.86,42.08,32,22.13,45,20,12,0.4444,1.67,False," The correct answer is B The correct answer is B. 9 lines. 9 lines.

The EPR spectrum of a nitronyl nitroxides of",False,True,captured
mmlu_college_chemistry_6,mmlu,0.6B,4,stochastic,123,1.9928,140.25,59.76,32,16.06,65,16,17,0.2462,0.94,False," A. Cobalt-60 is the correct answer is the correct answer
Cobalt-60. Cobalt-60 is the correct answer",False,True,captured
mmlu_college_chemistry_7,mmlu,0.6B,4,stochastic,123,1.621,138.96,47.81,32,19.74,52,20,13,0.3846,1.54,False, D. Unpaired electrons are the presence of the presence of unpaired electrons is required for both paramagnetism is the correct answer because both paramagnetism and,False,True,captured
mmlu_college_chemistry_8,mmlu,0.6B,4,stochastic,123,1.6474,141.48,48.58,32,19.42,53,19,14,0.3585,1.36,False, DMSO be the concentration of DMSO be the concentration of DMSO be the compound A be the concentration of DMSO be the concentration of,False,True,captured
mmlu_college_chemistry_9,mmlu,0.6B,4,stochastic,123,2.5143,141.68,76.54,32,12.73,84,11,22,0.131,0.5,False, B. So the user think about the T1 and T2 relaxation times T1 and let me try to figure out why the user think through the question.,False,True,captured
mmlu_college_chemistry_10,mmlu,0.6B,4,stochastic,123,1.6017,144.65,47.0,32,19.98,51,19,14,0.3725,1.36,False," D. 11.30 ppm. 130 ppm. 11.30 ppm

Wait, the answer is D. ",False,True,captured
mmlu_college_chemistry_11,mmlu,0.6B,4,stochastic,123,2.0717,148.68,62.03,32,15.45,67,16,17,0.2388,0.94,False, B. So the problem. So the question. So the question. So the question. So the problem. So the question. So the problem. So the,False,True,captured
mmlu_college_chemistry_12,mmlu,0.6B,4,stochastic,123,1.8033,141.29,53.61,32,17.74,58,17,16,0.2931,1.06,False," D. 3.8.  mT.  mT
Okay, let meV

The β-hyperfine value is the correct because the",False,True,captured
mmlu_college_chemistry_13,mmlu,0.6B,4,stochastic,123,1.6644,149.16,48.88,32,19.23,53,19,14,0.3585,1.36,False, B. 1:9. 36:36:8:36:8:36:84:36:8:,False,True,captured
mmlu_college_chemistry_14,mmlu,0.6B,4,stochastic,123,1.2669,138.95,36.38,32,25.26,39,23,10,0.5897,2.3,False, C. free radical intermediates is often too low to enable direct detection by EPR. free radical intermediates is often too low to enable direct detection by E,False,True,captured
mmlu_college_chemistry_15,mmlu,0.6B,4,stochastic,123,2.2887,141.26,69.27,32,13.98,76,13,19,0.1711,0.68,False, A. I need to calculate the magnetic moment (μI) is the question is the question is the question is the question is about the magnetic moment of a,False,True,captured
mmlu_college_chemistry_16,mmlu,0.6B,4,stochastic,123,2.0993,141.0,63.17,32,15.24,69,15,18,0.2174,0.83,False," D. Wait, but wait, because the bending and I and III only are the bending and asymmetric stretching are the bending and asymmetric stretching are the bending and asymmetric",False,True,captured
mmlu_college_chemistry_17,mmlu,0.6B,4,stochastic,123,1.4544,143.98,42.27,32,22.0,46,20,12,0.4348,1.67,False," D. Wait, no. Let me think. Octahedral complexes can display optical isomerism when having monodentate ligands. Let me think",False,True,captured
mmlu_college_chemistry_18,mmlu,0.6B,4,stochastic,123,1.7686,139.37,52.55,32,18.09,57,18,15,0.3158,1.2,False," D. Protons and neutrons are both have spin angular momentum only. 

Wait, but not have spin angular momentum only have spin angular momentum only. The",False,True,captured
mmlu_college_chemistry_19,mmlu,0.6B,4,stochastic,123,2.4832,139.99,75.59,32,12.89,83,12,21,0.1446,0.57,False, A. I need to calculate the Larmor frequency for this question is the question is the question is about the question is the question is about calculating the Larmor,False,True,captured
mmlu_college_chemistry_20,mmlu,0.6B,4,stochastic,123,2.5461,138.61,77.66,32,12.57,84,11,22,0.131,0.5,False, D. So the question. The question. So the question. The question is the user think. So the question. So the question. So the question.,False,True,captured
mmlu_college_chemistry_21,mmlu,0.6B,4,stochastic,123,2.054,141.23,61.7,32,15.58,68,16,17,0.2353,0.94,False, A. Cl and 37Cl have I think about the 35Cl and 35Cl and 35Cl and 37Cl,False,True,captured
mmlu_college_chemistry_22,mmlu,0.6B,4,stochastic,123,1.651,148.21,48.48,32,19.38,52,18,14,0.3462,1.29,False," D. 4.0. 10^−9

The solubility product is 10 × 10^−9

The",False,True,captured
mmlu_college_chemistry_23,mmlu,0.6B,4,stochastic,123,1.3085,138.09,37.76,32,24.46,41,22,11,0.5366,2.0,False," D. 2,3-dimethylbutane

Wait, no. Wait, the answer is D. 2,3-dimethylbutane",False,True,captured
mmlu_college_chemistry_24,mmlu,0.6B,4,stochastic,123,1.813,138.98,54.0,32,17.65,58,16,16,0.2759,1.0,False," D. D. D. Oxide. D. Oxide. D. Oxide
The most common naturally-occurring form of the following the following",False,True,captured
mmlu_college_chemistry_25,mmlu,0.6B,4,stochastic,123,2.1082,141.17,63.45,32,15.18,70,14,18,0.2,0.78,False, D. 31P has a has a natural abundance is a nuclear magnetic resonance frequency is a nuclear magnetic resonance (phosphorus has a natural abundance is,False,True,captured
mmlu_college_chemistry_26,mmlu,0.6B,4,stochastic,123,2.6823,145.8,81.82,32,11.93,89,9,23,0.1011,0.39,False, A. So the user think about Raoult's law. So the user choose the user think through this question. So the question. So I think through,False,True,captured
mmlu_college_chemistry_27,mmlu,0.6B,4,stochastic,123,1.9505,145.69,58.22,32,16.41,63,15,17,0.2381,0.88,False," D. 4.62 ppm
Okay, let's answer is the answer is D. 4 ppm is the correct?
Wait, but wait,",False,True,captured
mmlu_college_chemistry_28,mmlu,0.6B,4,stochastic,123,1.9463,146.4,58.06,32,16.44,64,17,16,0.2656,1.06,False," D. I, II, and III

The correct answer is D. I, and III




Wait, the fraction of EDTA in",False,True,captured
mmlu_college_chemistry_29,mmlu,0.6B,4,stochastic,123,3.0361,139.91,93.43,32,10.54,103,7,26,0.068,0.27,False," C be clear up. So the question: I try to figure this problem. So I try to figure this problem. So, so I try to figure this",False,True,captured
mmlu_college_chemistry_30,mmlu,0.6B,4,stochastic,123,2.7312,140.11,83.58,32,11.72,91,8,24,0.0879,0.33,False, B. The question. The question. The question is go through the question. The question. Let's see. Let's break this be careful here's see,False,True,captured
mmlu_college_chemistry_31,mmlu,0.6B,4,stochastic,123,2.7073,152.0,82.43,32,11.82,90,9,24,0.1,0.38,False, A. So the problem. Let me try to figure out the answer. Let me try to figure out the answer this be the user know the user think.,False,True,captured
mmlu_college_chemistry_32,mmlu,0.6B,4,stochastic,123,1.9647,148.79,58.58,32,16.29,64,16,16,0.25,1.0,False, B. Zn is more likely to oxidize than Ag(s) is more active metal is more active metal is more active than Ag(NO3)2(a,False,True,captured
mmlu_college_chemistry_33,mmlu,0.6B,4,stochastic,123,1.2908,141.75,37.07,32,24.79,40,22,10,0.55,2.2,False," D. Wait, no. The correct answer is D. The correct answer is D. Wait, no. Wait, no. Wait, no. Wait,",False,True,captured
mmlu_college_chemistry_34,mmlu,0.6B,4,stochastic,123,1.4591,147.15,42.32,32,21.93,46,21,12,0.4565,1.75,False," A

So, the A
Answer: A

The question is about calculating the g value is the question is about calculating the g value of the question is",False,True,captured
mmlu_college_chemistry_35,mmlu,0.6B,4,stochastic,123,2.2051,141.19,66.58,32,14.51,73,13,19,0.1781,0.68,False," B. The question is the question is the question is the question about the spin angular momentum of course, the question is about calculating the spin angular momentum for this",False,True,captured
mmlu_college_chemistry_36,mmlu,0.6B,4,stochastic,123,3.0197,141.17,92.86,32,10.6,102,6,26,0.0588,0.23,False, A. So the user think. So the question. Let me think. So the question: I think through this be careful here's try to figure out how,False,True,captured
mmlu_college_chemistry_37,mmlu,0.6B,4,stochastic,123,2.4436,140.18,74.3,32,13.1,81,11,21,0.1358,0.52,False, B be the T2 be the linewidth be the linewidth be the linewidth. Let me think. So I try to figure out how to solve this problem step through,False,True,captured
mmlu_college_chemistry_38,mmlu,0.6B,4,stochastic,123,1.4003,142.74,40.57,32,22.85,44,21,11,0.4773,1.91,False, The maximum value of the z-component of the spin angular momentum is given that is the maximum value of the z-component of the spin angular momentum is given by the,False,True,captured
mmlu_college_chemistry_39,mmlu,0.6B,4,stochastic,123,3.072,140.13,94.58,32,10.42,104,6,27,0.0577,0.22,False, A. So the user think. So the question. Let me think through this step through the user think through the options. So I think through the options.,False,True,captured
mmlu_college_chemistry_40,mmlu,0.6B,4,stochastic,123,2.1942,141.32,66.22,32,14.58,71,13,19,0.1831,0.68,False," B. Wait, the same magnitude as chemical bond energies on the order of magnitude much greater magnitude much greater magnitude than chemical bond energies. Let me think about the",False,True,captured
mmlu_college_chemistry_41,mmlu,0.6B,4,stochastic,123,2.6359,140.89,80.48,32,12.14,88,9,23,0.1023,0.39,False, D be the hyperfine structure. So I try to figure out the user think through the user think through the problem. So the question. Let me think through,False,True,captured
mmlu_college_chemistry_42,mmlu,0.6B,4,stochastic,123,2.6712,137.4,81.74,32,11.98,90,9,24,0.1,0.38,False, B. So the question. So the question. So the question. The question. So the question. The question. The question is the user know. So,False,True,captured
mmlu_college_chemistry_43,mmlu,0.6B,4,stochastic,123,2.1421,150.02,64.26,32,14.94,70,14,19,0.2,0.74,False," A

Okay, let's try to figure this out. Hmm, the question is about this question this question the question the question this question the question this question",False,True,captured
mmlu_college_chemistry_44,mmlu,0.6B,4,stochastic,123,2.5998,139.08,79.38,32,12.31,87,10,23,0.1149,0.43,False," A. So the user think. The question. So I think through the process of elimination. Wait, I think through the problem. So the question. So",False,True,captured
mmlu_college_chemistry_45,mmlu,0.6B,4,stochastic,123,2.7315,141.93,83.53,32,11.72,90,9,24,0.1,0.38,False, C. So the answer be the chemical shifts. So the question. So I think. So the question. So I think through this step through this problem.,False,True,captured
mmlu_college_chemistry_46,mmlu,0.6B,4,stochastic,123,1.7956,141.96,53.34,32,17.82,57,17,15,0.2982,1.13,False," A. 0.0. 050 M AlCl3
Explanation: 050 M AlCl3050 M AlCl",False,True,captured
mmlu_college_chemistry_47,mmlu,0.6B,4,stochastic,123,2.3156,141.02,70.15,32,13.82,77,12,20,0.1558,0.6,False," B. 5.18 mT

The strength is not sure. 8 mT
The strength of the correct. 5.1.",False,True,captured
mmlu_college_chemistry_48,mmlu,0.6B,4,stochastic,123,2.1289,140.92,64.13,32,15.03,70,13,19,0.1857,0.68,False, A. Planck's temperature dependence on the other than the classical physics were explained by Planck's quantum theory. Planck's quantum theory of the emission spectra,False,True,captured
mmlu_college_chemistry_49,mmlu,0.6B,4,stochastic,123,2.4376,143.21,74.01,32,13.13,81,12,21,0.1481,0.57,False," D. 9.4 mCi
Step-by-Step Explanation: The activity remains after  mCi is the answer is the answer is the answer is",False,True,captured
mmlu_college_chemistry_50,mmlu,0.6B,4,stochastic,123,1.3711,140.46,39.7,32,23.34,43,21,11,0.4884,1.91,False," The answer is B. The answer is B.
The answer is B. The answer is B.
The answer is B.

The electron is most easily removed electrons",False,True,captured
mmlu_college_chemistry_51,mmlu,0.6B,4,stochastic,123,2.4936,142.77,75.83,32,12.83,83,10,22,0.1205,0.45,False, D. NaCl is a solution of the answer is a neutral salt of the pH is a. NaCl is a neutral salt. NaCl is a.,False,True,captured
mmlu_college_chemistry_52,mmlu,0.6B,4,stochastic,123,2.5603,150.42,77.74,32,12.5,84,11,22,0.131,0.5,False," A

The question. So the user. So the question is about this be a bit. Let me try to figure out. Let me try to figure out",False,True,captured
mmlu_college_chemistry_53,mmlu,0.6B,4,stochastic,123,1.7971,140.21,53.45,32,17.81,58,16,16,0.2759,1.0,False," A

So, the A
Answer: A

The question is asking which element that the correct answer is A. Cu is the answer is the correct answer",False,True,captured
mmlu_college_chemistry_54,mmlu,0.6B,4,stochastic,123,2.4013,141.12,72.91,32,13.33,80,11,21,0.1375,0.52,False," D. 0.6.  is not in the absence of any answer is not in the text{5 is not ansi

Wait, but wait",False,True,captured
mmlu_college_chemistry_55,mmlu,0.6B,4,stochastic,123,1.8076,140.53,53.78,32,17.7,58,18,15,0.3103,1.2,False," C. divided by the number of photons absorbed
The quantum yield is the number of photons absorbed. divided by the number of photons absorbed
The quantum yield is",False,True,captured
mmlu_college_chemistry_56,mmlu,0.6B,4,stochastic,123,2.1822,145.47,65.7,32,14.66,72,13,19,0.1806,0.68,False," C. So I try to figure out which one is correct. Let me try to figure out which statement C

The question is about this be a bit.",False,True,captured
mmlu_college_chemistry_57,mmlu,0.6B,4,stochastic,123,1.8249,142.15,54.28,32,17.54,60,18,15,0.3,1.2,False, D. 1.433333 x 10^-2. 1333 x 10^-26 J T,False,True,captured
mmlu_college_chemistry_58,mmlu,0.6B,4,stochastic,123,2.158,140.45,65.08,32,14.83,70,14,19,0.2,0.74,False," B. 5.1. 9 T

The rotational correlation time is given as in what? Wait, the options. 5 T

Wait,",False,True,captured
mmlu_college_chemistry_59,mmlu,0.6B,4,stochastic,123,2.213,137.5,66.95,32,14.46,72,14,19,0.1944,0.74,False, A. The question is about lattice enthalpy is the question is the question is about which  the question is about which ionic substances with the question is,False,True,captured
mmlu_college_chemistry_60,mmlu,0.6B,4,stochastic,123,2.0355,140.43,61.13,32,15.72,66,14,18,0.2121,0.78,False," D. CH3Br is the correct answer because the correct. CH3I need to explain
The correct answer is D. CH3I think
The",False,True,captured
mmlu_college_chemistry_61,mmlu,0.6B,4,stochastic,123,1.3442,141.74,38.79,32,23.81,42,21,11,0.5,1.91,False," D. 1.71 x 10^-5 x 10^-5 x 10^-5 x 10^-5

",False,True,captured
mmlu_college_chemistry_62,mmlu,0.6B,4,stochastic,123,2.0298,139.78,60.97,32,15.76,66,14,18,0.2121,0.78,False," D. 1.  The magnetic moment (μI) 14N has a nuclear spin is the magnetic moment (μI think
The magnetic",False,True,captured
mmlu_college_chemistry_63,mmlu,0.6B,4,stochastic,123,2.3226,141.5,70.36,32,13.78,77,13,20,0.1688,0.65,False," D. I, II, and III

The correct. I, and III

The correct answer: and III

Explanation: Mass spectrometry involves the",False,True,captured
mmlu_college_chemistry_64,mmlu,0.6B,4,stochastic,123,2.2012,139.48,66.51,32,14.54,73,13,19,0.1781,0.68,False, D. In the ultraviolet-visible (UV-Vis spectroscopy involves the measurement is a. Light-scattering techniques involve the absorption spectroscopy is a. In,False,True,captured
mmlu_college_chemistry_65,mmlu,0.6B,4,stochastic,123,1.6215,141.56,47.74,32,19.73,52,19,13,0.3654,1.46,False," D. 

The Heisenberg uncertainty principle. 

The Heisenberg uncertainty principle. The Heisenberg uncertainty principle states that neither can be known exactly.

",False,True,captured
mmlu_college_chemistry_66,mmlu,0.6B,4,stochastic,123,1.807,143.63,53.66,32,17.71,57,17,15,0.2982,1.13,False, D. HBr(g) → H(g) + Br(g) → H(g) → H(g) → H(g) → H(g) + H,False,True,captured
mmlu_college_chemistry_67,mmlu,0.6B,4,stochastic,123,1.9788,146.88,59.09,32,16.17,64,16,17,0.25,0.94,False," A

To find the magnetogyric ratio. So the question. So I need to find the magnetogyric ratio is figure out the problem. So the",False,True,captured
mmlu_college_chemistry_68,mmlu,0.6B,4,stochastic,123,1.6121,139.45,47.51,32,19.85,52,19,13,0.3654,1.46,False," D. D. helium atom
Answer: D. helium atom
D. helium atom
D. helium atom
The correct.
Answer: D. helium",False,True,captured
mmlu_college_chemistry_69,mmlu,0.6B,4,stochastic,123,1.5079,139.65,44.14,32,21.22,48,21,12,0.4375,1.75,False," The answer is B. The answer: The molar heat capacity at constant volume (The molar heat capacity at constant volume, because a diatomic molecule has",False,True,captured
mmlu_college_chemistry_70,mmlu,0.6B,4,stochastic,123,2.7563,140.01,84.4,32,11.61,93,9,24,0.0968,0.38,False, D. So the user think about this question. So the user know. So the user think. So the question. So the question. So the question.,False,True,captured
mmlu_college_chemistry_71,mmlu,0.6B,4,stochastic,123,1.6863,140.79,49.86,32,18.98,54,18,15,0.3333,1.2,False," D. D. reduced mass. D. reduced mass. D. reduced mass

D. reduced mass

D. reduced mass

The correct. D.",False,True,captured
mmlu_college_chemistry_72,mmlu,0.6B,4,stochastic,123,1.7038,138.31,50.5,32,18.78,55,19,14,0.3455,1.36,False," D. D. D. 4
Answer: D. 4

Answer: D. 4. D. 4
Answer: D.",False,True,captured
mmlu_college_chemistry_73,mmlu,0.6B,4,stochastic,123,2.1776,138.76,65.77,32,14.7,72,15,18,0.2083,0.83,False, A is the answer is the answer is A. The correct answer is A. carbonic acid is a is the answer is A. Carbonic acid is not,False,True,captured
mmlu_college_chemistry_74,mmlu,0.6B,4,stochastic,123,2.5329,141.66,77.14,32,12.63,85,11,22,0.1294,0.5,False, B. The question. The question. The question is the user think. The question. The question is the correct. The question. The question. The question,False,True,captured
mmlu_college_chemistry_75,mmlu,0.6B,4,stochastic,123,2.0592,149.07,61.62,32,15.54,67,14,18,0.209,0.78,False," B. 42
The answer is B. The rotational correlation time is the correct.  ns

The rotational correlation time is the correct answer: The",False,True,captured
mmlu_college_chemistry_76,mmlu,0.6B,4,stochastic,123,2.5979,149.67,78.98,32,12.32,87,9,23,0.1034,0.39,False, D. So the correct answer be the user. So the question. So the user know the answer is the correct answer D. The question is about this be,False,True,captured
mmlu_college_chemistry_77,mmlu,0.6B,4,stochastic,123,2.461,138.43,74.92,32,13.0,83,11,21,0.1325,0.52,False," A

So, the A
Answer: A. Answer is the correct answer is the correct answer is correct answer is the correct answer is correct answer is A",False,True,captured
mmlu_college_chemistry_78,mmlu,0.6B,4,stochastic,123,2.9808,139.82,91.65,32,10.74,100,7,26,0.07,0.27,False, A. So the user think through the question. So the question. So the user think through this be the user think step through the user think. So the,False,True,captured
mmlu_college_chemistry_79,mmlu,0.6B,4,stochastic,123,2.987,139.55,91.85,32,10.71,100,6,26,0.06,0.23,False, B. So the question. So the question. So I think. So I think about this question. So I think about this question. I think through this,False,True,captured
mmlu_college_chemistry_80,mmlu,0.6B,4,stochastic,123,1.7827,139.21,53.01,32,17.95,58,17,16,0.2931,1.06,False, D. Zn2+ is a. Zn2+ is a. Zn2+ is a. Zn2+ is a. Zn,False,True,captured
mmlu_college_chemistry_81,mmlu,0.6B,4,stochastic,123,1.692,140.85,50.04,32,18.91,54,18,15,0.3333,1.2,False, D. 329. The ratio of the equilibrium polarizations is determined by the ratio of the answer is correct. 329. The ratio,False,True,captured
mmlu_college_chemistry_82,mmlu,0.6B,4,stochastic,123,1.8339,140.22,54.64,32,17.45,58,16,16,0.2759,1.0,False," A

So, the A

So, the amplitude of a free induction decay is given by the exponential relaxation time T2 is the answer is the amplitude of",False,True,captured
mmlu_college_chemistry_83,mmlu,0.6B,4,stochastic,123,2.6352,139.0,80.52,32,12.14,88,10,23,0.1136,0.43,False, D. SoCl2. Let me think about the user think through the process this be. SoCl2. Let me think about this be. SoCl,False,True,captured
mmlu_college_chemistry_84,mmlu,0.6B,4,stochastic,123,2.0602,141.28,61.9,32,15.53,67,14,18,0.209,0.78,False," D. Signal averaging is the correct answer. Signal averaging is the correct. Signal averaging is arespective

The procedures tend to minimize the influence of the procedures",False,True,captured
mmlu_college_chemistry_85,mmlu,0.6B,4,stochastic,123,2.6334,156.79,79.89,32,12.15,87,9,23,0.1034,0.39,False," A

To solve this problem step through the problem. So I try to work through the user to solve this be the resonant field positions. So I try",False,True,captured
mmlu_college_chemistry_86,mmlu,0.6B,4,stochastic,123,2.4257,149.37,73.43,32,13.19,80,11,21,0.1375,0.52,False," A

The question. So the user. So the question is about this be a bit. So the question is about this be a problem. So I try",False,True,captured
mmlu_college_chemistry_87,mmlu,0.6B,4,stochastic,123,1.6469,139.92,48.61,32,19.43,53,18,14,0.3396,1.29,False, D. is a. is a primary standard because it is a primary standard for use in standard is a is a primary standard because it is a primary standard is,False,True,captured
mmlu_college_chemistry_88,mmlu,0.6B,4,stochastic,123,2.0136,141.04,60.4,32,15.89,66,16,17,0.2424,0.94,False, D. The first ionization energy generally increases across a generally increases across a period increases across a period in general trend increases across a period in general increases across a,False,True,captured
mmlu_college_chemistry_89,mmlu,0.6B,4,stochastic,123,2.2552,152.05,67.84,32,14.19,74,12,20,0.1622,0.6,False," B

The answer is B. 999999Ru(NH3)6
Okay, let's see the answer is the answer is",False,True,captured
mmlu_college_chemistry_90,mmlu,0.6B,4,stochastic,123,1.8321,140.89,54.56,32,17.47,59,16,16,0.2712,1.0,False," A. 4. A. 4. A. 4. A. 4. 49 ms

The time = 498",False,True,captured
mmlu_college_chemistry_91,mmlu,0.6B,4,stochastic,123,2.0986,139.4,63.2,32,15.25,69,15,18,0.2174,0.83,False," D. The total entropy of the system plus surroundings increases.

The system plus surroundings increases. The system plus surroundings increases.
Okay, so the system plus surroundings increases",False,True,captured
mmlu_college_chemistry_92,mmlu,0.6B,4,stochastic,123,2.2883,141.02,69.27,32,13.98,75,12,20,0.16,0.6,False, B. So the question. So the question. So the question is try to figure this be a. So the question. So the question is about this be,False,True,captured
mmlu_college_chemistry_93,mmlu,0.6B,4,stochastic,123,2.509,140.83,76.39,32,12.75,83,12,21,0.1446,0.57,False," A. Co are metals are metals are capable of undergoing redox enzymes are metals have the metal ions can have multiple oxidation states, Co

The correct answer is",False,True,captured
mmlu_college_chemistry_94,mmlu,0.6B,4,stochastic,123,2.8599,139.35,87.76,32,11.19,96,8,25,0.0833,0.32,False," B. So the user think. So the question. So the question. So the question. So, so I think about the user think through the question.",False,True,captured
mmlu_college_chemistry_95,mmlu,0.6B,4,stochastic,123,1.8263,138.68,54.44,32,17.52,59,18,15,0.3051,1.2,False," D. Ca is the answer is the answer is the answer is D. Ca is the answer D. Ca is the answer D. Ca

The correct answer",False,True,captured
mmlu_college_chemistry_96,mmlu,0.6B,4,stochastic,123,2.6862,140.39,82.12,32,11.91,90,8,24,0.0889,0.33,False, C. So the user think about the periodic trends in the periodic trends in the periodic table. So I think about the  me think. So the user know,False,True,captured
mmlu_college_chemistry_97,mmlu,0.6B,4,stochastic,123,2.4499,141.58,74.46,32,13.06,82,11,21,0.1341,0.52,False, D. So the question. The question. So the question. What is the NMR frequency is figure out the user to see. I think through the problem,False,True,captured
mmlu_college_chemistry_98,mmlu,0.6B,4,stochastic,123,1.3729,140.23,39.76,32,23.31,43,21,11,0.4884,1.91,False," B. 3
 B. 3
 B. 3
The EPR spectrum of a. The EPR spectrum of the EPR spectrum lines",False,True,captured
mmlu_college_chemistry_99,mmlu,0.6B,4,stochastic,123,1.5623,138.49,45.93,32,20.48,50,19,13,0.38,1.46,False, D. SCl2 is a. SCl2 is a covalent compound is a. SCl2 is a. SCl2 is a co,False,True,captured
mmlu_computer_security_0,mmlu,0.6B,4,stochastic,123,1.9934,139.23,59.81,32,16.05,65,16,17,0.2462,0.94,False," C
Answer:
C C
Answer: Whitebox
Answer: Whitebox
Answer:
The correct answer is C. Whitebox
Answer:
C
",False,True,captured
mmlu_computer_security_1,mmlu,0.6B,4,stochastic,123,2.6919,147.99,82.06,32,11.89,90,9,24,0.1,0.38,False, C. So the user think through the question again. So the question. So the question. So I try to work through this step through the user explain.,False,True,captured
mmlu_computer_security_2,mmlu,0.6B,4,stochastic,123,2.0289,152.66,60.52,32,15.77,60,16,16,0.2667,1.0,False," C
Answer:
C C
Answer:
C
Answer: When a client connects to a
Answer: When a client connects to a
Answer:
The",False,True,captured
mmlu_computer_security_3,mmlu,0.6B,4,stochastic,123,1.4498,139.82,42.26,32,22.07,46,21,12,0.4565,1.75,False," A
Answer:
A A
Answer: Receiver
Answer:
A
Answer:
A
Answer: A
Answer:
Answer:
A
Answer: A",False,True,captured
mmlu_computer_security_4,mmlu,0.6B,4,stochastic,123,1.3691,136.86,39.75,32,23.37,44,21,11,0.4773,1.91,False, The correct answer is B The correct answer is B. DaCryptic. DaCryptic is a remote Trojan is DaCryptic. DaCryptic is a,False,True,captured
mmlu_computer_security_5,mmlu,0.6B,4,stochastic,123,2.2451,141.34,67.86,32,14.25,75,14,19,0.1867,0.74,False, B. Buffer-overrun is a. Buffer-overrun is a common security vulnerability is a buffer-overrun is a type of vulnerability is a. Buffer-overrun,False,True,captured
mmlu_computer_security_6,mmlu,0.6B,4,stochastic,123,1.5988,157.56,46.49,32,20.02,51,20,13,0.3922,1.54,False," C
Answer:
The C
Answer:
The correct answer is C. All indirect loads or stores (C
Answer:
Answer: C

Answer: C",False,True,captured
mmlu_computer_security_7,mmlu,0.6B,4,stochastic,123,1.9048,139.75,56.94,32,16.8,62,16,16,0.2581,1.0,False," A. Freenet is a. Freenet is a distributed, a. The darknet is a part of the darknet is a distributed, decentralized",False,True,captured
mmlu_computer_security_8,mmlu,0.6B,4,stochastic,123,2.1922,140.64,66.18,32,14.6,71,13,19,0.1831,0.68,False, A. Buffer overflow occurs when a lot of functions are used in predefined functions is the predefined functions are a in predefined functions. So the answer is correct. Buffer,False,True,captured
mmlu_computer_security_9,mmlu,0.6B,4,stochastic,123,1.9451,139.74,58.24,32,16.45,62,15,17,0.2419,0.88,False," B
Answer:
B B
Answer: Authenticated
Answer: Authenticated
Answer:
B
Answer:
B
Answer: B
Answer: Auth",False,True,captured
mmlu_computer_security_10,mmlu,0.6B,4,stochastic,123,1.3247,144.54,38.07,32,24.16,41,21,11,0.5122,1.91,False," A. result ""wraps around""; instead of creating a very large number, result ""wraps around""; instead of creating a very large number, a result",False,True,captured
mmlu_computer_security_11,mmlu,0.6B,4,stochastic,123,2.2988,163.01,68.9,32,13.92,75,13,19,0.1733,0.68,False," A

Okay, let's try to figure out this question step through this question the question the question the question the question. We need to figure out why the",False,True,captured
mmlu_computer_security_12,mmlu,0.6B,4,stochastic,123,1.5015,141.33,43.88,32,21.31,47,20,13,0.4255,1.54,False," C. C. Forward secrecy. C. Forward secrecy. C. Forward secrecy

Answer: C. Forward secrecy is C. Forward secrecy. Because forward secrecy",False,True,captured
mmlu_computer_security_13,mmlu,0.6B,4,stochastic,123,2.7757,139.1,85.05,32,11.53,93,8,24,0.086,0.33,False," B
Answer:
B B
Answer: Privacy
Answer: Privacy is the AH Protocol is the AH Protocol is the correct. Privacy is the correct answer is",False,True,captured
mmlu_computer_security_14,mmlu,0.6B,4,stochastic,123,2.6243,138.31,80.19,32,12.19,88,10,23,0.1136,0.43,False, C. So the user think. The question. The question is asking which of the user think. So the question. So the question. So the question.,False,True,captured
mmlu_computer_security_15,mmlu,0.6B,4,stochastic,123,2.5487,140.11,77.7,32,12.56,85,10,22,0.1176,0.45,False, B. So the question. The question is asking about this be the correct answer is the user think. The question: B. The question. So the question,False,True,captured
mmlu_computer_security_16,mmlu,0.6B,4,stochastic,123,2.1069,138.09,63.51,32,15.19,70,15,18,0.2143,0.83,False," B. 128

Wait, no, that's not an 8

Wait, the correct. The MD5. MD5 produces a ",False,True,captured
mmlu_computer_security_17,mmlu,0.6B,4,stochastic,123,0.9928,141.04,27.48,32,32.23,29,24,8,0.8276,3.0,False," A. It is a scanner. It is a scanner. It is a scanner which works by injecting packets to a range of addresses, and inferring what works",False,True,captured
mmlu_computer_security_18,mmlu,0.6B,4,stochastic,123,1.5016,140.4,43.91,32,21.31,47,20,13,0.4255,1.54,False," A. A. Escape queries. A. Escape queries. 

Answer: A. Escape queries
Answer: A. Escape queries with the correct option A.",False,True,captured
mmlu_computer_security_19,mmlu,0.6B,4,stochastic,123,1.2818,141.44,36.78,32,24.97,39,21,11,0.5385,1.91,False," D. Taking care to avoid activities during a penetration test that might attract attention, e.g., by operators or draw attention during a penetration test that might be stealth",False,True,captured
mmlu_computer_security_20,mmlu,0.6B,4,stochastic,123,1.7272,139.06,51.23,32,18.53,56,19,14,0.3393,1.36,False, D. Unauthorized network access is not a transport layer vulnerability is not a transport layer vulnerability is not a transport layer vulnerabilities are not a. Unauthorized network access is not,False,True,captured
mmlu_computer_security_21,mmlu,0.6B,4,stochastic,123,2.4563,147.04,74.49,32,13.03,82,11,21,0.1341,0.52,False, D. So the answer be the correct answer this be the answer this be the answer. So the question. So the question. So the question is the correct,False,True,captured
mmlu_computer_security_22,mmlu,0.6B,4,stochastic,123,1.8636,146.94,55.38,32,17.17,61,17,16,0.2787,1.06,False," D. False, True

. False, True

The paper, the timing channel attack described in the paper ""Remote Timing Attacks are Practical timing channel attack is",False,True,captured
mmlu_computer_security_23,mmlu,0.6B,4,stochastic,123,1.9118,138.41,57.2,32,16.74,63,17,16,0.2698,1.06,False," C
Answer:
C C
Answer: Key exchange
Answer: Key exchange
Answer: C
Answer: C
Answer: C
Answer: C",False,True,captured
mmlu_computer_security_24,mmlu,0.6B,4,stochastic,123,1.2576,140.37,36.04,32,25.45,39,23,10,0.5897,2.3,False," A. Silk Road
 A. Silk Road
 A. Silk Road
 A. Silk Road
The correct answer is A. Silk Road was a huge marketplace",False,True,captured
mmlu_computer_security_25,mmlu,0.6B,4,stochastic,123,2.0687,142.08,62.15,32,15.47,68,15,17,0.2206,0.88,False," C. The correct. C. Dark web. The correct. C. Dark web

Answer: C. The correct answer. The correct answer is C.",False,True,captured
mmlu_computer_security_26,mmlu,0.6B,4,stochastic,123,1.6265,142.38,47.88,32,19.67,52,20,13,0.3846,1.54,False," B
Answer:
The B
Answer: B. B
Answer:
The correct answer is B. The correct answer is B. When the STP solver",False,True,captured
mmlu_computer_security_27,mmlu,0.6B,4,stochastic,123,2.0292,138.69,60.98,32,15.77,67,16,17,0.2388,0.94,False," B. Wait, no. Because digital signature is used to verify the digital signature is used to verify the digital signature is verified the verification is used to verify the",False,True,captured
mmlu_computer_security_28,mmlu,0.6B,4,stochastic,123,1.3418,146.27,38.56,32,23.85,41,21,11,0.5122,1.91,False," C. Compiling the program with address sanitizer (ASAN. 

The correct answer is C. Compiling the program with address sanitizer (ASAN) with",False,True,captured
mmlu_computer_security_29,mmlu,0.6B,4,stochastic,123,1.7619,146.56,52.11,32,18.16,57,17,15,0.2982,1.13,False," D

Choices: A D

Choices: Valid DV certificates provide more confidence, B C

Choices: D

Choices: A D

Choices: A

",False,True,captured
mmlu_computer_security_30,mmlu,0.6B,4,stochastic,123,1.8245,138.08,54.4,32,17.54,59,17,16,0.2881,1.06,False, D. IP Network Browser is a. IP Network Browser is a. IP Network Browser is a. IP Network Browser is a tool is a. The IP Network,False,True,captured
mmlu_computer_security_31,mmlu,0.6B,4,stochastic,123,2.2417,139.86,67.8,32,14.27,75,13,19,0.1733,0.68,False, D. WPA2. WPA3 is the latest security is the latest security is the latest and WPA3. WPA2. WPA2,False,True,captured
mmlu_computer_security_32,mmlu,0.6B,4,stochastic,123,2.4851,141.81,75.59,32,12.88,82,10,22,0.122,0.45,False, C. So the user think through the question again. So the question. So the question. So the question. The question. The question is the user.,False,True,captured
mmlu_computer_security_33,mmlu,0.6B,4,stochastic,123,2.0052,139.51,60.18,32,15.96,66,15,17,0.2273,0.88,False," C. The correct. C. The correct answer: C. Session layer is C. Session layer
Answer: C. The correct answer is C. Session",False,True,captured
mmlu_computer_security_34,mmlu,0.6B,4,stochastic,123,1.5642,139.3,45.96,32,20.46,50,20,13,0.4,1.54,False," D. Secret question, secret question, biometric, secret question, biometric, secret question, biometric, secret question, secret question, biometric,",False,True,captured
mmlu_computer_security_35,mmlu,0.6B,4,stochastic,123,1.2301,141.22,35.13,32,26.01,38,23,10,0.6053,2.3,False," D. when the program notices a buffer has filled up, and so starts to reject requests. when the program notices a buffer has filled up, and so starts",False,True,captured
mmlu_computer_security_36,mmlu,0.6B,4,stochastic,123,2.3291,140.06,70.61,32,13.74,77,13,20,0.1688,0.65,False," C

C
Answer:
To C

Answer: C

A
C
Answer: C
C
Answer:
C. C

C
Answer",False,True,captured
mmlu_computer_security_37,mmlu,0.6B,4,stochastic,123,2.7294,139.54,83.54,32,11.72,92,8,24,0.087,0.33,False," D. Packet filter firewalls are the packet filters are the packet filters are used to beacross
The packet filters are used in the OSI model. Packet",False,True,captured
mmlu_computer_security_38,mmlu,0.6B,4,stochastic,123,2.5827,142.33,78.72,32,12.39,86,10,23,0.1163,0.43,False," B. So the question. So the question: Let me try to work through the question: So the question is about this be a MAC be a

The",False,True,captured
mmlu_computer_security_39,mmlu,0.6B,4,stochastic,123,1.5938,137.8,46.97,32,20.08,51,20,13,0.3922,1.54,False," C. C. Snort is C. Snort

Answer: C. Snort is C. Snort
C. Snort

Answer: C",False,True,captured
mmlu_computer_security_40,mmlu,0.6B,4,stochastic,123,2.3336,139.11,70.79,32,13.71,78,13,20,0.1667,0.65,False," B. The question: 

The question: 

The question: The question: The Message condentiality is the correct. Integrity refers to the assurance that the",False,True,captured
mmlu_computer_security_41,mmlu,0.6B,4,stochastic,123,2.4738,141.17,75.25,32,12.94,82,10,22,0.122,0.45,False, B. 4-way handshake is the correct term is the process is the correct. The  is the process is the process is the process that is the process,False,True,captured
mmlu_computer_security_42,mmlu,0.6B,4,stochastic,123,1.3444,139.81,38.86,32,23.8,42,22,11,0.5238,2.0,False," B. Message Integrity

Answer. B. Message Integrity
Answer. B. Message Integrity

Answer: B. Message authentication is a service that ensures that the",False,True,captured
mmlu_computer_security_43,mmlu,0.6B,4,stochastic,123,1.6887,140.03,49.96,32,18.95,55,19,14,0.3455,1.36,False, D. user input are most vulnerable to injection attacks. user input are most vulnerable to injection attacks. user input are most vulnerable to injection attacks are most vulnerable to,False,True,captured
mmlu_computer_security_44,mmlu,0.6B,4,stochastic,123,2.4955,148.69,75.7,32,12.82,83,11,21,0.1325,0.52,False, C. So the question. So the question. So the question. So the question is figure this be careful. So I try to work through the question again,False,True,captured
mmlu_computer_security_45,mmlu,0.6B,4,stochastic,123,1.4836,137.7,43.42,32,21.57,47,20,13,0.4255,1.54,False, D. Wireshark is a. Wireshark is a widely used for network traffic analysis: Wireshark is a widely used for network traffic sniffing,False,True,captured
mmlu_computer_security_46,mmlu,0.6B,4,stochastic,123,1.8945,141.39,56.55,32,16.89,61,17,16,0.2787,1.06,False," B. backdoor

Answer. backdoor is B. backdoor. backdoor is the question with the correct option B. backdoor

B. back",False,True,captured
mmlu_computer_security_47,mmlu,0.6B,4,stochastic,123,2.1525,139.67,64.93,32,14.87,71,13,19,0.1831,0.68,False, CFB is not a block cipher operating mode of the following is not a standard block cipher operating modes of the correct answer is not a block cipher operating modes of,False,True,captured
mmlu_computer_security_48,mmlu,0.6B,4,stochastic,123,1.2885,141.83,36.99,32,24.83,40,22,10,0.55,2.2,False, A. A piece of software. A. A piece of software that intercepts and possibly modifies requests and a web proxy is a software that intercepts and possibly,False,True,captured
mmlu_computer_security_49,mmlu,0.6B,4,stochastic,123,2.4588,137.63,74.88,32,13.01,82,11,21,0.1341,0.52,False, C. So the user think about buffer- me think. Let me think about buffer-overflow be. So the question is about buffer-overflow. So the,False,True,captured
mmlu_computer_security_50,mmlu,0.6B,4,stochastic,123,2.4049,138.35,73.11,32,13.31,81,11,21,0.1358,0.52,False, C. So the question. The question. So the question. The question is the user think. So the question. So the question. The question. The,False,True,captured
mmlu_computer_security_51,mmlu,0.6B,4,stochastic,123,1.9148,141.1,57.21,32,16.71,63,17,16,0.2698,1.06,False," D. Encryption and decryption provide secrecy, because encryption and decryption provide secrecy, because encryption and decryption ensure security services are security services are provided by the encryption and decryption",False,True,captured
mmlu_computer_security_52,mmlu,0.6B,4,stochastic,123,1.764,141.76,52.33,32,18.14,57,18,15,0.3158,1.2,False," A. IM – Trojans
Answer: A. A. A. IM – A. IM – A. IM – Troj: A. IM",False,True,captured
mmlu_computer_security_53,mmlu,0.6B,4,stochastic,123,1.4803,139.64,43.25,32,21.62,47,20,13,0.4255,1.54,False," B. 56
. 56
The key length at each round of DES is the sub key length at each round of DES is the sub",False,True,captured
mmlu_computer_security_54,mmlu,0.6B,4,stochastic,123,1.3973,140.77,40.53,32,22.9,44,21,11,0.4773,1.91,False," A
Answer:
A A
Answer:
A
Answer:
A
Answer: A
Answer: It generates each different input by modifying a prior input.",False,True,captured
mmlu_computer_security_55,mmlu,0.6B,4,stochastic,123,1.9617,139.53,58.78,32,16.31,64,17,16,0.2656,1.06,False," B. and port
Wait, the answer is B. Network, and port

Wait, the options are A. and port. Wait, the options are",False,True,captured
mmlu_computer_security_56,mmlu,0.6B,4,stochastic,123,1.9263,140.13,57.62,32,16.61,62,15,17,0.2419,0.88,False, A. is the correct answer. is the correct answer. Nonrepudiation is the correct. is the correct answer. It's key here is the correct,False,True,captured
mmlu_computer_security_57,mmlu,0.6B,4,stochastic,123,1.4083,140.56,40.9,32,22.72,44,20,12,0.4545,1.67,False," D. D. Network layer
Answer: D. The correct answer is D. D. Network layer
Answer: D. Network layer. The correct:",False,True,captured
mmlu_computer_security_58,mmlu,0.6B,4,stochastic,123,1.6505,140.01,48.73,32,19.39,53,19,14,0.3585,1.36,False," B
Answer:
B B
Answer:
B
Answer: Secure IP Protocol is the correct answer. Encapsulating Security Payload (Secure IP Protocol
Answer",False,True,captured
mmlu_computer_security_59,mmlu,0.6B,4,stochastic,123,1.5148,141.65,44.3,32,21.12,47,19,13,0.4043,1.46,False," D. D. Tor browser. D. Tor browser. D. Tor browser

Answer: D. Tor browser. D. Tor browser. The correct.
",False,True,captured
mmlu_computer_security_60,mmlu,0.6B,4,stochastic,123,1.2684,143.45,36.29,32,25.23,38,21,11,0.5526,1.91,False," A
Answer:
A A
Answer:
A A
Answer:
A A
Answer:
A
Answer:
A
Answer: A
Answer: By",False,True,captured
mmlu_computer_security_61,mmlu,0.6B,4,stochastic,123,1.9969,139.42,59.92,32,16.02,65,15,17,0.2308,0.88,False, A. So the answer is A. The question. The question. The question. The question. The question is the answer A. The digest created by the,False,True,captured
mmlu_computer_security_62,mmlu,0.6B,4,stochastic,123,2.1077,149.29,63.17,32,15.18,69,15,18,0.2174,0.83,False, A. So the question. So the question: Let me try to work through this problem. So the question. So the question is about this be a secure,False,True,captured
mmlu_computer_security_63,mmlu,0.6B,4,stochastic,123,1.8012,137.77,53.66,32,17.77,59,18,15,0.3051,1.2,False," D. UNIX
Answer:
. UNIX
Answer:
D. UNIX
Answer: D. UNIX
D. UNIX
Answer:
D. UNIX
Answer",False,True,captured
mmlu_computer_security_64,mmlu,0.6B,4,stochastic,123,1.7404,142.6,51.54,32,18.39,56,18,15,0.3214,1.2,False," D. The attacker resends a captured message, and the captured messages, and the captured messages, and the captured messages, and the site. The attacker's",False,True,captured
mmlu_computer_security_65,mmlu,0.6B,4,stochastic,123,2.5451,142.14,77.51,32,12.57,85,11,22,0.1294,0.5,False, B. Let me think through this step through the statements  me try to figure out these statements be the user think through this be the correct. Let me think,False,True,captured
mmlu_computer_security_66,mmlu,0.6B,4,stochastic,123,1.5969,138.81,47.04,32,20.04,51,20,13,0.3922,1.54,False," B. Wireless security
Answer. Wireless security is the correct. Wireless security is the correct: B. Wireless security. Wireless security
Answer: B. Wireless",False,True,captured
mmlu_computer_security_67,mmlu,0.6B,4,stochastic,123,1.9367,140.48,57.94,32,16.52,63,17,16,0.2698,1.06,False, A and C and Explanation: Penetration testing is a method: A and Explanation: Penetration testing is a method: A and explanation: Penetration testing is,False,True,captured
mmlu_computer_security_68,mmlu,0.6B,4,stochastic,123,1.9011,140.42,56.79,32,16.83,62,16,16,0.2581,1.0,False, B. Metasploit is a. Metasploit is a popularly. Metasploit is a widely used in the field framework is a popularly known,False,True,captured
mmlu_computer_security_69,mmlu,0.6B,4,stochastic,123,2.1223,140.6,63.93,32,15.08,70,15,18,0.2143,0.83,False," B. Wait, no. OTP is computed by XORing the message and the ciphertext is k is k is k is k = m xor c.

Wait,",False,True,captured
mmlu_computer_security_70,mmlu,0.6B,4,stochastic,123,1.5331,146.06,44.74,32,20.87,48,19,13,0.3958,1.46,False," A
So, the A
Answer: A

The answer is A. So, the answer is A. So, the answer is the answer is the",False,True,captured
mmlu_computer_security_71,mmlu,0.6B,4,stochastic,123,1.6102,138.79,47.47,32,19.87,52,19,13,0.3654,1.46,False," B. Message Integrity

Answer. Message Integrity is B. Message Integrity

Answer: B. Message Integrity is B. Message Integrity is B. Message Integrity.",False,True,captured
mmlu_computer_security_72,mmlu,0.6B,4,stochastic,123,1.4963,144.13,43.62,32,21.39,47,19,13,0.4043,1.46,False," C. A direct leak comes via the software system's intended interaction mechanism, while a software system's. A direct leak comes via the software system's the software",False,True,captured
mmlu_computer_security_73,mmlu,0.6B,4,stochastic,123,2.3237,139.57,70.46,32,13.77,77,12,20,0.1558,0.6,False," D. So the question. The question. So the question. The question is the user think about session symmetric key between two parties. So, I think about",False,True,captured
mmlu_computer_security_74,mmlu,0.6B,4,stochastic,123,1.4878,141.18,43.44,32,21.51,47,21,12,0.4468,1.75,False," B. It is a sequence of nops preceding injected shellcode, preceding injected shellcode, useful when the return address is a nops preceding injected shellcode",False,True,captured
mmlu_computer_security_75,mmlu,0.6B,4,stochastic,123,1.9461,138.63,58.3,32,16.44,63,16,17,0.254,0.94,False, A. So the user think. So the question. The question is asking which Nmap scan does not completely open a TCP connect. So the question. The,False,True,captured
mmlu_computer_security_76,mmlu,0.6B,4,stochastic,123,2.0883,147.45,62.61,32,15.32,69,14,18,0.2029,0.78,False," D. B and C are true. B. B. B. Spammers need to the paper ""Spammers need to register domain names in the paper discusses",False,True,captured
mmlu_computer_security_77,mmlu,0.6B,4,stochastic,123,1.7073,140.73,50.53,32,18.74,54,17,15,0.3148,1.13,False, C. Buffer-overflow is a. Buffer-overflow is a type of cyber attack is a type of cyber attack is a type of cyber- A buffer-,False,True,captured
mmlu_computer_security_78,mmlu,0.6B,4,stochastic,123,1.5998,138.56,47.14,32,20.0,51,18,14,0.3529,1.29,False," D. EtterPeak
The correct answer is D. EtterPeak is a popular tool used for the correct. EtterPeak is a popular tool is",False,True,captured
mmlu_computer_security_79,mmlu,0.6B,4,stochastic,123,2.6495,142.0,80.89,32,12.08,89,9,23,0.1011,0.39,False, C. The Base Transceiver Station (BTS is a.knowadays is a.knows (BTS is a term is the function is the term,False,True,captured
mmlu_computer_security_80,mmlu,0.6B,4,stochastic,123,1.6155,141.85,47.54,32,19.81,51,19,14,0.3725,1.36,False," D. buffer

The answer is \boxedD. The answer is \boxed{D}. 

Wait, no. The question is asking for a.

Wait",False,True,captured
mmlu_computer_security_81,mmlu,0.6B,4,stochastic,123,0.9841,138.36,27.28,32,32.52,29,25,8,0.8621,3.12,False," C. TKIP
 C. TKIP
 C. TKIP
 C. TKIP
 C. TKIP
 C. TKIP
 C.",False,True,captured
mmlu_computer_security_82,mmlu,0.6B,4,stochastic,123,1.7254,141.78,51.09,32,18.55,55,18,15,0.3273,1.2,False," A. buffer
Answer:
. buffer
Answer:
A. buffer
A. buffer
Answer:
. buffer
A. buffer
Answer:
A.",False,True,captured
mmlu_computer_security_83,mmlu,0.6B,4,stochastic,123,1.6437,140.12,48.5,32,19.47,53,19,14,0.3585,1.36,False," C. WPS
Answer. WPS is a protocol that allows users to connect to a question: C. WPS. WPS is C. W",False,True,captured
mmlu_computer_security_84,mmlu,0.6B,4,stochastic,123,2.2718,141.62,68.72,32,14.09,75,14,19,0.1867,0.74,False," B. Wait, no. Closed. Closed.

Wait, no. Let me think. Wait, the options are the correct. Closed
The correct answer is",False,True,captured
mmlu_computer_security_85,mmlu,0.6B,4,stochastic,123,2.054,138.53,61.79,32,15.58,68,16,17,0.2353,0.94,False, A. WEP  A. WEP 10. WEP is the least strong encryption is the least strong security encryption standard is the least strong security,False,True,captured
mmlu_computer_security_86,mmlu,0.6B,4,stochastic,123,2.1543,142.3,64.9,32,14.85,70,13,19,0.1857,0.68,False," C. As a stack-allocated variable, it could have different addresses depending on when a local variables are allocated variable, the address is the address is the address",False,True,captured
mmlu_computer_security_87,mmlu,0.6B,4,stochastic,123,1.8117,138.56,53.97,32,17.66,59,18,15,0.3051,1.2,False," A A A A
Answer: A
Answer: A
Answer: Local variables
Answer: A A A A
Answer: A
Answer: A",False,True,captured
mmlu_computer_security_88,mmlu,0.6B,4,stochastic,123,2.2911,142.2,69.32,32,13.97,76,14,19,0.1842,0.74,False, D. So the user think about this. So the question. Let me think through the user think through this. The question is about whether a stream cipher can,False,True,captured
mmlu_computer_security_89,mmlu,0.6B,4,stochastic,123,2.8397,139.68,87.1,32,11.27,95,7,25,0.0737,0.28,False, A. So the user think about this be clear up. So the question. So the question. Let me think about authorization aim to accomplish. So the user,False,True,captured
mmlu_computer_security_90,mmlu,0.6B,4,stochastic,123,2.2712,139.47,68.77,32,14.09,76,14,19,0.1842,0.74,False, C. The message is the answer is the correct answer is the correct answer is the correct answer. Receiver site is the correct answer. The message must be encrypted,False,True,captured
mmlu_computer_security_91,mmlu,0.6B,4,stochastic,123,2.4208,140.97,73.54,32,13.22,80,11,21,0.1375,0.52,False, C. So the question. The question. Let me think through the question. The question is asking about this be. So the question. So the question.,False,True,captured
mmlu_computer_security_92,mmlu,0.6B,4,stochastic,123,1.6241,139.77,47.88,32,19.7,52,19,14,0.3654,1.36,False, A. IDS that can read the IP header. IDS that can read the IDS that can read the IP header. IDS that can read the IP header. IDS,False,True,captured
mmlu_computer_security_93,mmlu,0.6B,4,stochastic,123,1.5158,141.32,44.34,32,21.11,48,21,12,0.4375,1.75,False," C
So, the C
So, the correct answer is C. Cryptographic flaws in the system's the answer is C. Cryptographic flaws in the",False,True,captured
mmlu_computer_security_94,mmlu,0.6B,4,stochastic,123,2.2576,142.57,68.23,32,14.17,75,13,19,0.1733,0.68,False," A. True, True
. The OKWS is the OKWS is the correct answer is the answer
The OKWS is a. True, True
",False,True,captured
mmlu_computer_security_95,mmlu,0.6B,4,stochastic,123,2.8154,138.13,86.36,32,11.37,94,7,25,0.0745,0.28,False," A. So the user think about this be clear up. So the user know that a
Okay, let me think. The question is about ping sweep.",False,True,captured
mmlu_computer_security_96,mmlu,0.6B,4,stochastic,123,2.146,141.32,64.67,32,14.91,70,13,19,0.1857,0.68,False," A

A
Answer:
A. A

A
Answer:
A
Answer:
To A

The four primary security principles related to messages, the question",False,True,captured
mmlu_computer_security_97,mmlu,0.6B,4,stochastic,123,1.493,138.18,43.7,32,21.43,48,20,12,0.4167,1.67,False," The answer is C.

The first buffer overflow attack was the Morris Worm. The answer is C.
The first buffer overflow attack was the Morris Worm. The first",False,True,captured
mmlu_computer_security_98,mmlu,0.6B,4,stochastic,123,1.464,138.92,42.74,32,21.86,46,20,13,0.4348,1.54,False," C. SMS Trojan
 C. SMS Trojan
The correct answer is C. SMS Trojan is the correct answer because SMS Trojan is a type of the correct answer",False,True,captured
mmlu_computer_security_99,mmlu,0.6B,4,stochastic,123,2.6015,138.63,79.45,32,12.3,88,10,22,0.1136,0.45,False, C. So the user think. Let me think about the user know the user know the answer is the user think. The question. Let me think about this,False,True,captured
mmlu_econometrics_0,mmlu,0.6B,4,stochastic,123,2.8568,146.98,87.41,32,11.2,96,7,25,0.0729,0.28,False," A. So the user think. So the question. Let me think. The question. So, the question be the user think. The question is about confidence",False,True,captured
mmlu_econometrics_1,mmlu,0.6B,4,stochastic,123,1.2777,146.81,36.48,32,25.04,39,21,11,0.5385,1.91,False, C. The PP test incorporates an automatic correction for autocor an automatic correction for autocorrelated residuals in the test regression residuals in the test regression. The PP,False,True,captured
mmlu_econometrics_3,mmlu,0.6B,4,stochastic,123,2.74,141.09,83.84,32,11.68,92,9,24,0.0978,0.38,False," D option D option D option D option D is the false statement is the answer is the false statement is false statement that the answer is D. 

The false",False,True,captured
mmlu_econometrics_4,mmlu,0.6B,4,stochastic,123,2.5301,140.49,77.09,32,12.65,84,11,22,0.131,0.5,False, C option C option C option is false statement that is false statement that is false is the answer is the statement that is the answer is C. The false statement,False,True,captured
mmlu_econometrics_5,mmlu,0.6B,4,stochastic,123,3.142,146.14,96.64,32,10.18,106,5,28,0.0472,0.18,False, B option B option B option B option is the answer is incorrect statement that is the incorrect statement that is incorrect statement is the incorrect statement is incorrect statement that is,False,True,captured
mmlu_econometrics_6,mmlu,0.6B,4,stochastic,123,1.9295,139.55,57.74,32,16.58,63,15,17,0.2381,0.88,False," B. A as possible to explain the data.  as possible to explain the data.  A as possible to explain the data. Wait, but not to",False,True,captured
mmlu_econometrics_7,mmlu,0.6B,4,stochastic,123,1.9249,141.62,57.53,32,16.62,63,17,16,0.2698,1.06,False," D. Wait, no. The correct? Wait, that's not. The answer is D.
Okay, so the answer is D. They are usually fat",False,True,captured
mmlu_econometrics_8,mmlu,0.6B,4,stochastic,123,1.8318,141.77,54.52,32,17.47,59,17,16,0.2881,1.06,False," B. (iv) only

Wait, the answer is B. (iv) only

Wait, the (iv) only? Wait, the answer is",False,True,captured
mmlu_econometrics_9,mmlu,0.6B,4,stochastic,123,1.4982,139.66,43.82,32,21.36,48,21,12,0.4375,1.75,False," B

So, the B
Answer: B

The GARCH-M model is a

The GARCH-M model is a

So, the answer is",False,True,captured
mmlu_econometrics_10,mmlu,0.6B,4,stochastic,123,2.436,149.13,73.77,32,13.14,81,12,21,0.1481,0.57,False," B. (iii only. (iii only

Wait, the third only

Wait, but wait, the options are B. (iii only

Wait,",False,True,captured
mmlu_econometrics_12,mmlu,0.6B,4,stochastic,123,1.5108,141.47,44.17,32,21.18,48,20,12,0.4167,1.67,False, D. is a poor test of model adequacy is a poor test of model adequacy is a poor test of model adequacy is a poor test of model,False,True,captured
mmlu_econometrics_15,mmlu,0.6B,4,stochastic,123,1.731,149.11,51.03,32,18.49,55,17,15,0.3091,1.13,False," A
Answer: A. The correct answer is A. So, the answer is A is the answer is A. The answer is A. Let's the",False,True,captured
mmlu_econometrics_16,mmlu,0.6B,4,stochastic,123,2.8724,148.5,87.87,32,11.14,97,7,25,0.0722,0.28,False," A

The correct the question, let's analyze the question the question the question, the question the question of the statements (i), the question the question of",False,True,captured
mmlu_econometrics_17,mmlu,0.6B,4,stochastic,123,1.9868,146.18,59.37,32,16.11,65,16,17,0.2462,0.94,False, B. \hat{y}_t} is the fitted regression line is the predicted value is the predicted is the fitted regression line is the predicted value of the,False,True,captured
mmlu_econometrics_18,mmlu,0.6B,4,stochastic,123,1.8561,140.94,55.33,32,17.24,61,17,16,0.2787,1.06,False," D. 1 x 1

The expression. 1

The expression $\hat{u}^t \hat{u}$
Let me think",False,True,captured
mmlu_econometrics_19,mmlu,0.6B,4,stochastic,123,1.7327,139.93,51.38,32,18.47,56,18,15,0.3214,1.2,False," B

So, the B
Answer: B

The characteristic equation for the MA process, the characteristic equation of the process is answ

The given MA",False,True,captured
mmlu_econometrics_20,mmlu,0.6B,4,stochastic,123,1.4427,141.62,41.97,32,22.18,45,20,12,0.4444,1.67,False," B. The explanatory variable is fixed in repeated samples. The explanatory variable is fixed in repeated samples

Okay, let's see. fixed in repeated samples.
Okay",False,True,captured
mmlu_econometrics_22,mmlu,0.6B,4,stochastic,123,2.1246,148.73,63.74,32,15.06,69,14,18,0.2029,0.78,False," D. (i), (ii), and (iv) and (iv) and (iv) only

Wait, that is the correct

Wait, the",False,True,captured
mmlu_econometrics_23,mmlu,0.6B,4,stochastic,123,1.5441,140.22,45.29,32,20.72,49,19,13,0.3878,1.46,False," B. It will be consistent and unbiased but not efficient. It will be consistent and unbiased but not unbiased but not unbiased but not unbiased but not efficient.
Wait",False,True,captured
mmlu_econometrics_24,mmlu,0.6B,4,stochastic,123,2.5203,140.41,76.77,32,12.7,82,10,22,0.122,0.45,False, A. So the question. Let me think through this step through this question. So the question is about this question. So the question is about this question.,False,True,captured
mmlu_econometrics_25,mmlu,0.6B,4,stochastic,123,2.6934,140.43,82.35,32,11.88,91,10,23,0.1099,0.43,False, A. So the user think. So the question. Let me think through this be a random walk. So the user. So the question. Let me think,False,True,captured
mmlu_econometrics_26,mmlu,0.6B,4,stochastic,123,2.5296,140.6,77.06,32,12.65,84,10,22,0.119,0.45,False," B. So the answer this be the user. So, the question. The question. The question: The order condition is a user think through the question:",False,True,captured
mmlu_econometrics_27,mmlu,0.6B,4,stochastic,123,2.276,140.61,68.88,32,14.06,76,13,19,0.1711,0.68,False," D. The key. 

The correct answer is D. 

The correct answer is D. The statement is always be unbiased
Okay, let's tackle this",False,True,captured
mmlu_econometrics_28,mmlu,0.6B,4,stochastic,123,2.234,151.13,67.19,32,14.32,73,14,19,0.1918,0.74,False," A. (iv) only

Wait, the fourth only. (iv) only

The D. (iv) only

Wait, the fourth only.

",False,True,captured
mmlu_econometrics_29,mmlu,0.6B,4,stochastic,123,1.4317,141.26,41.63,32,22.35,45,21,12,0.4667,1.75,False, D. The PRF is a description of the process thought to be generating the data generating the true. The PRF is a description of the process thought to,False,True,captured
mmlu_econometrics_30,mmlu,0.6B,4,stochastic,123,2.7077,141.38,82.78,32,11.82,91,10,23,0.1099,0.43,False, D option D option D option D option is D option D option is the question is D is D option D option is the correct answer is the answer is D,False,True,captured
mmlu_econometrics_31,mmlu,0.6B,4,stochastic,123,2.5027,155.05,75.73,32,12.79,81,12,21,0.1481,0.57,False," B. (iii only. (iii only

Okay, let's go through the third only

Wait, the third only

Wait, but (iii)",False,True,captured
mmlu_econometrics_32,mmlu,0.6B,4,stochastic,123,2.0154,140.25,60.49,32,15.88,66,16,17,0.2424,0.94,False," D. Unbiased and consistent but inefficient coefficient estimates.
Wait, but inefficient.
Wait, but inefficient.
Wait, but inefficient. Unbiased and consistent but inefficient",False,True,captured
mmlu_econometrics_33,mmlu,0.6B,4,stochastic,123,1.7231,139.43,51.08,32,18.57,56,18,14,0.3214,1.29,False," A. A model that is based on financial theory

Wait, the financial theory is based on financial theory is based on financial theory is based on financial theory is",False,True,captured
mmlu_econometrics_34,mmlu,0.6B,4,stochastic,123,1.779,148.29,52.6,32,17.99,57,17,15,0.2982,1.13,False," A. (iv) only

The correct answer is A. (iv) only

Wait, the fourth only

Wait, the answer is the fourth are",False,True,captured
mmlu_econometrics_35,mmlu,0.6B,4,stochastic,123,1.4658,140.6,42.75,32,21.83,47,21,12,0.4468,1.75,False, A. The roots of the characteristic equation must all lie inside the unit circle. The characteristic equation must all lie inside the unit circle. The characteristic equation must all,False,True,captured
mmlu_econometrics_36,mmlu,0.6B,4,stochastic,123,1.7739,149.64,52.4,32,18.04,57,18,15,0.3158,1.2,False," A
Answer: A. The correct answer is A. So, the answer is A. (i) is A
Answer: A. 

So,",False,True,captured
mmlu_econometrics_38,mmlu,0.6B,4,stochastic,123,1.9941,141.36,59.77,32,16.05,65,15,17,0.2308,0.88,False," D. So the question. The question. So the question. The purpose of ""augmenting"" the user think through the question again. The question.",False,True,captured
mmlu_econometrics_39,mmlu,0.6B,4,stochastic,123,2.3237,138.82,70.48,32,13.77,77,13,20,0.1688,0.65,False, A. So the question. So the question. So the question is the question. So the question. So the question is see. Let me think through this,False,True,captured
mmlu_econometrics_40,mmlu,0.6B,4,stochastic,123,1.8198,146.28,53.98,32,17.58,59,17,16,0.2881,1.06,False," C

C

C

Answer: C

The correct answer is C. C

Answer: C
C

Answer: C

The correct for the",False,True,captured
mmlu_econometrics_42,mmlu,0.6B,4,stochastic,123,1.9991,141.24,59.93,32,16.01,65,16,17,0.2462,0.94,False," C
Answer:
C C
Answer: VARs often produce better forecasts are the coefficient estimates usually produce better forecasts
Answer: VARs often produce better forecasts",False,True,captured
mmlu_econometrics_43,mmlu,0.6B,4,stochastic,123,2.3878,140.83,72.48,32,13.4,78,11,21,0.141,0.52,False," C option C
So, the answer is C. The test of significance and confidence interval approach is the statement that is the correct answer is the answer is the",False,True,captured
mmlu_econometrics_44,mmlu,0.6B,4,stochastic,123,2.4007,142.53,72.85,32,13.33,79,11,21,0.1392,0.52,False," B. So the question. Let me think about ARMA(p,q) model. Let me think. Let me think. So I try to work through.",False,True,captured
mmlu_econometrics_45,mmlu,0.6B,4,stochastic,123,1.8282,147.62,54.21,32,17.5,59,16,16,0.2712,1.0,False," D. 1.96

Explanation: The critical value is not in the options. Wait, but the options is not in the options, 6",False,True,captured
mmlu_econometrics_47,mmlu,0.6B,4,stochastic,123,1.4551,140.9,42.39,32,21.99,46,21,12,0.4565,1.75,False," A
Answer:
The A
Answer:
The correct answer is A. A. A
Answer:
The correct answer is A
Answer:
The correct answer",False,True,captured
mmlu_econometrics_48,mmlu,0.6B,4,stochastic,123,2.1513,142.12,64.81,32,14.87,70,13,19,0.1857,0.68,False," B option is B is B

So, the correct answer is B. The dependent variable in linear regression analysis is B

Okay, let's correct answer is",False,True,captured
mmlu_econometrics_49,mmlu,0.6B,4,stochastic,123,1.5868,146.22,46.47,32,20.17,50,19,14,0.38,1.36,False," A

The correct answer is **A**. A

Answer: A

The correct answer is A. A

The correct answer is A

The correct",False,True,captured
mmlu_econometrics_50,mmlu,0.6B,4,stochastic,123,2.5799,139.6,78.72,32,12.4,87,10,22,0.1149,0.45,False," A

A
Answer: A

The correct the question the statement A

Answer: A

The correct the question of the following the standard regression model,",False,True,captured
mmlu_econometrics_52,mmlu,0.6B,4,stochastic,123,2.3923,147.66,72.41,32,13.38,80,12,20,0.15,0.6,False," A

The question. Let me think through this step through this be the user think through this be a

The question is about the correct answer is A.",False,True,captured
mmlu_econometrics_53,mmlu,0.6B,4,stochastic,123,1.998,140.89,59.91,32,16.02,65,16,17,0.2462,0.94,False," C
Answer:
C C
Answer: The most important disadvantage of the diagonal VECH model does not ensure a positive-definitely, because the diagonal VECH",False,True,captured
mmlu_econometrics_54,mmlu,0.6B,4,stochastic,123,2.5258,149.66,76.65,32,12.67,83,11,22,0.1325,0.5,False," 

The correct answer is C. (i), (and determine the key concepts from the options (which of omitted variable omission of omitted variable bias, we need",False,True,captured
mmlu_econometrics_56,mmlu,0.6B,4,stochastic,123,1.8056,146.76,53.51,32,17.72,59,18,15,0.3051,1.2,False," D. (i), (ii), and (iv) only

Wait, the options: (i), and (iv) only

Okay, let's",False,True,captured
mmlu_econometrics_57,mmlu,0.6B,4,stochastic,123,1.3769,138.85,39.94,32,23.24,43,22,11,0.5116,2.0,False, A. The variance of the errors is not constant. The variance of the errors is not constant. The variance of the errors is not constant. The variance of,False,True,captured
mmlu_econometrics_59,mmlu,0.6B,4,stochastic,123,2.5807,141.57,78.68,32,12.4,80,11,21,0.1375,0.52,False, B. So the user think. So the question. The Bera-Jarque. The B. The Bera-Jarque. So the question.,False,True,captured
mmlu_econometrics_60,mmlu,0.6B,4,stochastic,123,1.7241,142.56,51.02,32,18.56,55,19,14,0.3455,1.36,False, C. The correct. The correct answer is C. The correct. The correct answer is C. The estimates upon the true values as the true values as the,False,True,captured
mmlu_econometrics_61,mmlu,0.6B,4,stochastic,123,2.2668,138.77,68.65,32,14.12,74,12,20,0.1622,0.6,False," B. Wait, the stationary. They are not weakly stationary. 

Wait, the stationary.
Wait, the options. Wait, the options.  stationary",False,True,captured
mmlu_econometrics_62,mmlu,0.6B,4,stochastic,123,1.5055,149.04,43.76,32,21.26,48,20,12,0.4167,1.67,False," C. (i), (ii), and (i), and (iii) only

Okay, let's tackle this question, (i), (ii),",False,True,captured
mmlu_econometrics_63,mmlu,0.6B,4,stochastic,123,2.2698,140.05,68.7,32,14.1,74,13,20,0.1757,0.65,False," B

Answer: B

The fixed effects approach this question, the fixed effects approach to B

B
Answer:
To B

The correct the fixed effects",False,True,captured
mmlu_econometrics_64,mmlu,0.6B,4,stochastic,123,2.721,138.5,83.31,32,11.76,90,9,24,0.1,0.38,False, A. So the question 21. So the question 21 be the question  me try to figure this be the question be clear up. So,False,True,captured
mmlu_econometrics_65,mmlu,0.6B,4,stochastic,123,2.0991,138.93,63.23,32,15.24,69,14,18,0.2029,0.78,False, A. Discrete numbers are not provided by the assistant: The price of a house is a house prices are numerical values that can be found in the answer:,False,True,captured
mmlu_econometrics_66,mmlu,0.6B,4,stochastic,123,2.9823,142.16,91.62,32,10.73,101,6,26,0.0594,0.23,False, C. So the user think about the Johansen's try to figure this be clear up. So I try to figure this be clear. So the question.,False,True,captured
mmlu_econometrics_67,mmlu,0.6B,4,stochastic,123,2.0865,149.51,62.48,32,15.34,68,14,18,0.2059,0.78,False," A
Answer: A. The correct answer is A. So, the answer is A. (i) Variance decomposition of the correct answer is A is",False,True,captured
mmlu_econometrics_68,mmlu,0.6B,4,stochastic,123,2.5732,155.14,78.0,32,12.44,85,10,22,0.1176,0.45,False," D be the number of days. So I think through this be the volatility be the question. So, so I need to figure this be clear up. So",False,True,captured
mmlu_econometrics_69,mmlu,0.6B,4,stochastic,123,1.9913,145.95,59.53,32,16.07,65,15,17,0.2308,0.88,False," A

So, the A
Answer: A

Let me try to explaination of the options given answer is a

Okay, let's tackle this is",False,True,captured
mmlu_econometrics_70,mmlu,0.6B,4,stochastic,123,1.4254,140.31,41.46,32,22.45,45,21,12,0.4667,1.75,False," D. (i), (ii), and (iv) only

Wait, the answer is D. (i), (ii), and (iv)

Wait",False,True,captured
mmlu_econometrics_71,mmlu,0.6B,4,stochastic,123,2.667,151.51,81.14,32,12.0,89,10,23,0.1124,0.43,False," A

The Box-Jenkins approach to diagnostic testing in the question the question the question the question, the question the question of the statements (A

Answer:",False,True,captured
mmlu_econometrics_72,mmlu,0.6B,4,stochastic,123,1.7338,140.89,51.38,32,18.46,56,19,14,0.3393,1.36,False, D. The presence of outliers in the data. The presence of outliers can be a plausible response to a finding of the data is a plausible response to a finding,False,True,captured
mmlu_econometrics_73,mmlu,0.6B,4,stochastic,123,2.2217,139.6,67.17,32,14.4,73,14,19,0.1918,0.74,False," B

So, the B
Answer: B

The fixed effects panel data in the fixed effects panel data is B is B
Answer: B. The",False,True,captured
mmlu_econometrics_74,mmlu,0.6B,4,stochastic,123,1.8208,142.45,54.14,32,17.57,58,17,16,0.2931,1.06,False," B. OLS minimises the sum of the squares of the sum of squares of vertical distances. OLS is the correct.
Okay, so the sum of",False,True,captured
mmlu_econometrics_75,mmlu,0.6B,4,stochastic,123,1.7049,141.53,50.43,32,18.77,55,19,14,0.3455,1.36,False," B

So, the B
Answer: B. The answer is B. Uncorrelated is B

Answer: B

The correct answer is B.",False,True,captured
mmlu_econometrics_76,mmlu,0.6B,4,stochastic,123,2.1731,149.33,65.28,32,14.73,72,14,18,0.1944,0.78,False," A

So, the A
Answer: A. The correct answer is A. 

Let me think process of the answer is A
Answer: A.",False,True,captured
mmlu_econometrics_77,mmlu,0.6B,4,stochastic,123,2.6908,141.86,82.22,32,11.89,90,8,24,0.0889,0.33,False, A. So the question. The question. So the question is the user choose A. So the question. The question is about this be the user think through,False,True,captured
mmlu_econometrics_78,mmlu,0.6B,4,stochastic,123,2.1164,140.09,63.75,32,15.12,69,15,18,0.2174,0.83,False," A
Answer: D A

The Hausman test is used to B
Answer: Determining whether the answer: Determining whether the correct
Answer:",False,True,captured
mmlu_econometrics_80,mmlu,0.6B,4,stochastic,123,2.2183,141.27,67.0,32,14.43,73,14,19,0.1918,0.74,False, D. 36 is the correct answer is the correct answer is the answer: The standard form of a tri-variate VAR(p.  The standard form,False,True,captured
mmlu_econometrics_81,mmlu,0.6B,4,stochastic,123,2.2353,147.43,67.35,32,14.32,74,14,19,0.1892,0.74,False, D option is the answer is the unrestricted residual sum of squares (D is the sum of the RSS for the unrestricted residual sum of squares of the RSS for the,False,True,captured
mmlu_econometrics_82,mmlu,0.6B,4,stochastic,123,2.2664,148.98,68.3,32,14.12,74,12,20,0.1622,0.6,False," A and C is correct. Let me think is a

Okay, let's tackle this question, the answer is the correct answer is C is the answer is",False,True,captured
mmlu_econometrics_83,mmlu,0.6B,4,stochastic,123,2.6542,139.17,81.13,32,12.06,89,9,23,0.1011,0.39,False, C. So the user think about near multicollinearity. So the question. So the user know the user think. So the question. Let me think,False,True,captured
mmlu_econometrics_84,mmlu,0.6B,4,stochastic,123,1.5045,140.03,44.02,32,21.27,47,19,13,0.4043,1.46,False," A A A A
Answer: A A
Answer: A
Answer: A
Answer: A
Answer: A
Answer: A
Answer:",False,True,captured
mmlu_econometrics_85,mmlu,0.6B,4,stochastic,123,1.6207,140.35,47.75,32,19.74,52,20,13,0.3846,1.54,False, D. test is used to test for autocorrelation test is used to test for autocorrelation up to test is designed to test is used to test for,False,True,captured
mmlu_econometrics_86,mmlu,0.6B,4,stochastic,123,1.5888,145.06,46.57,32,20.14,50,19,13,0.38,1.46,False," C. The difference between the actual value, y, and the actual value, y, y and the fitted value, y-hat is the correct answer is",False,True,captured
mmlu_econometrics_87,mmlu,0.6B,4,stochastic,123,2.2795,139.91,69.02,32,14.04,76,14,19,0.1842,0.74,False, C. So the question. So the question. So the question. So the question is the correct answer this be the correct answer is part of a simultaneous system,False,True,captured
mmlu_econometrics_89,mmlu,0.6B,4,stochastic,123,1.8711,141.45,55.8,32,17.1,61,17,16,0.2787,1.06,False, B. is used when there are three is used when there are three or a model is used when there are more than one is used when there are three is,False,True,captured
mmlu_econometrics_90,mmlu,0.6B,4,stochastic,123,1.8195,148.25,53.91,32,17.59,59,18,15,0.3051,1.2,False," B. (iv) only

Wait, no, wait, (iv) only

Wait, the answer is B. (i) (iv) only",False,True,captured
mmlu_econometrics_91,mmlu,0.6B,4,stochastic,123,1.6131,142.5,47.44,32,19.84,52,20,13,0.3846,1.54,False," A
Answer:
The A
Answer:
The correct answer is A. The correct answer is A. The random effects model with the correct answer is A.",False,True,captured
mmlu_econometrics_92,mmlu,0.6B,4,stochastic,123,1.8057,146.37,53.53,32,17.72,58,17,15,0.2931,1.13,False," C is the correct answer is C

So, the answer is C. (i), (ii), (i) Slowness of response of the options",False,True,captured
mmlu_econometrics_93,mmlu,0.6B,4,stochastic,123,2.0898,147.83,62.65,32,15.31,69,14,18,0.2029,0.78,False," C
Answer:
C C
C

The correct answer is **C. (i), (ii), (i, which is the statements (i),",False,True,captured
mmlu_econometrics_94,mmlu,0.6B,4,stochastic,123,2.3399,149.08,70.67,32,13.68,77,13,20,0.1688,0.65,False," B. (iii only

Wait, the third only

Wait, the answer here's the thing (iii only

Wait, the third only

Wait,",False,True,captured
mmlu_econometrics_95,mmlu,0.6B,4,stochastic,123,1.7589,140.15,52.22,32,18.19,57,17,15,0.2982,1.13,False," A

Answer: B
Answer: C
Answer: B
Answer: A
Answer: A time fixed effects model
Answer: A
Answer:",False,True,captured
mmlu_econometrics_96,mmlu,0.6B,4,stochastic,123,1.5587,150.42,45.43,32,20.53,49,20,13,0.4082,1.54,False," B. Less negative than (.
Wait, but the left hand tail of a normal distribution. Less negative than (i.e. smaller in the left hand tail",False,True,captured
mmlu_econometrics_97,mmlu,0.6B,4,stochastic,123,2.5474,148.37,77.39,32,12.56,85,11,22,0.1294,0.5,False," B. (iii only. (iii only

Wait, the third only

Wait, the third only

Wait, but wait, no, (iii)",False,True,captured
mmlu_econometrics_98,mmlu,0.6B,4,stochastic,123,1.2961,147.34,37.06,32,24.69,39,23,10,0.5897,2.3,False, B. The Engle-Yoo (EY) approach can only detect up to one cointegranger approach can only detect up to detect up to one,False,True,captured
mmlu_econometrics_99,mmlu,0.6B,4,stochastic,123,2.1542,140.35,64.96,32,14.85,71,15,18,0.2113,0.83,False, D be the time to think through the time to think through this be the disturbance variance be the disturbance variance be the variance of the disturbance term be the variance of,False,True,captured
mmlu_econometrics_100,mmlu,0.6B,4,stochastic,123,2.1882,143.23,65.97,32,14.62,72,14,18,0.1944,0.78,False," B. (iv) only

Wait, the (iv) only. (iv) only

Wait, the (iv) only

Wait, the answer",False,True,captured
mmlu_econometrics_101,mmlu,0.6B,4,stochastic,123,1.5518,141.72,45.49,32,20.62,49,20,13,0.4082,1.54,False, D. It is the probability of failing to reject a null hypothesis is the null hypothesis is the. It is the probability of failing to reject a null hypothesis that,False,True,captured
mmlu_econometrics_103,mmlu,0.6B,4,stochastic,123,1.9608,152.51,58.33,32,16.32,63,17,16,0.2698,1.06,False," A. (iv) only

Wait, the correct answer is A. (iii) only

Wait, the (iii) only

The correct answer is",False,True,captured
mmlu_econometrics_104,mmlu,0.6B,4,stochastic,123,1.7418,140.95,51.64,32,18.37,56,18,15,0.3214,1.2,False," D. The b and d coefficients significant
Explanation: In the VAR model, bi-directional feedback coefficients significant.

Wait, the coefficients significant. The b and",False,True,captured
mmlu_econometrics_105,mmlu,0.6B,4,stochastic,123,1.7713,146.01,52.43,32,18.07,57,18,15,0.3158,1.2,False, D. Because to determine the statistical significance since no standard errors have been given. Because the determine the statistical significance because the determine the statistical significance since standard errors have,False,True,captured
mmlu_econometrics_106,mmlu,0.6B,4,stochastic,123,2.7189,140.4,83.18,32,11.77,92,8,24,0.087,0.33,False, C. So the answer be clear up. So the question. So the question. Let me think through the user think. Let me think through the question.,False,True,captured
mmlu_econometrics_107,mmlu,0.6B,4,stochastic,123,2.4496,153.18,74.08,32,13.06,81,11,21,0.1358,0.52,False," B. (iii only. (iii only

Wait, the third only

Wait, that's it's only (iii) only

Wait, but wait",False,True,captured
mmlu_econometrics_108,mmlu,0.6B,4,stochastic,123,1.8738,140.17,55.92,32,17.08,61,17,16,0.2787,1.06,False," D. The correct. 

The correct answer is D. 

The correct answer is D. Let's large forecast errors disproportionately more than small forecast errors. The",False,True,captured
mmlu_econometrics_109,mmlu,0.6B,4,stochastic,123,2.7918,148.6,85.26,32,11.46,93,8,24,0.086,0.33,False," C. So the answer this be. So the question. Wait, I think through the question. So the question is about the user know that the question.",False,True,captured
mmlu_econometrics_110,mmlu,0.6B,4,stochastic,123,1.8772,140.41,56.03,32,17.05,61,17,16,0.2787,1.06,False," A
Answer: B A

Answer: No
Answer: D
Answer: A D
Answer: No
Answer: D
Answer: C
",False,True,captured
mmlu_econometrics_111,mmlu,0.6B,4,stochastic,123,2.2987,149.07,69.34,32,13.92,76,13,20,0.1711,0.65,False," D. (i), (ii), and (i), and (iii) and (iii) only

Wait, the correct



Okay,",False,True,captured
mmlu_econometrics_112,mmlu,0.6B,4,stochastic,123,2.3548,139.87,71.45,32,13.59,78,11,21,0.141,0.52,False, B. The Engle-Granger test my think. So the question. The Engle-Granger's break this be the user think through this be,False,True,captured
mmlu_econometrics_113,mmlu,0.6B,4,stochastic,123,2.0394,148.01,61.01,32,15.69,66,15,18,0.2273,0.83,False," B
Okay, let's tackle this is B

So, the answer is B. (i) is B
Okay, let's correct answer is B",False,True,captured
mmlu_us_foreign_policy_0,mmlu,0.6B,4,stochastic,123,1.731,141.19,51.28,32,18.49,56,19,14,0.3393,1.36,False," A
Answer:
A A
Answer: 5 permanent members with veto power. 5
Answer:
A
Answer:
A
Answer:
A
",False,True,captured
mmlu_us_foreign_policy_1,mmlu,0.6B,4,stochastic,123,1.9598,139.96,58.7,32,16.33,64,15,17,0.2344,0.88,False," A. to intensify its involvement in Vietnam War. 

The Gulf of Tonkin resolution. 

The Gulf of Tonkin Resolution of the ability to escalate its",False,True,captured
mmlu_us_foreign_policy_2,mmlu,0.6B,4,stochastic,123,2.4149,139.64,73.4,32,13.25,80,11,21,0.1375,0.52,False," D. China
Okay, so the question is asking which of the question is this question is the question is this question is this question is the question is the",False,True,captured
mmlu_us_foreign_policy_3,mmlu,0.6B,4,stochastic,123,1.984,138.89,59.52,32,16.13,65,15,17,0.2308,0.88,False, A. The question is about the first American president to answer is the question is asking who was the first American president Richard Nixon was the first American president to answer,False,True,captured
mmlu_us_foreign_policy_4,mmlu,0.6B,4,stochastic,123,1.6617,140.72,49.06,32,19.26,53,19,14,0.3585,1.36,False," D. of many long-range nuclear missiles. of many long-range nuclear missiles.
The Strategic Arms Reduction Treaty (of many long-range nuclear missiles.
Okay, let",False,True,captured
mmlu_us_foreign_policy_5,mmlu,0.6B,4,stochastic,123,2.5276,140.88,76.99,32,12.66,84,10,22,0.119,0.45,False," D. The Cold War created implications were implications were implications were implications of the options are correct.
The Cold War era correct. The Cold War reinforced the conceptually",False,True,captured
mmlu_us_foreign_policy_6,mmlu,0.6B,4,stochastic,123,1.8061,141.76,53.69,32,17.72,58,18,15,0.3103,1.2,False," A
Answer:
Answer A
A
Answer:
Answer: A

Answer: A
A
A
Answer: A
Answer: A
Answer",False,True,captured
mmlu_us_foreign_policy_7,mmlu,0.6B,4,stochastic,123,1.7196,139.1,50.98,32,18.61,55,18,15,0.3273,1.2,False," D. Wait, the 'opinion in foreign policy making. 

The correct answer is D. opinion in foreign policy making
Answer: D
Okay,",False,True,captured
mmlu_us_foreign_policy_8,mmlu,0.6B,4,stochastic,123,1.034,140.06,28.84,32,30.95,31,25,8,0.8065,3.12,False," D. The United States became a creditor country and financial centre, with European war spending boosting the US economy. The United States became a creditor country and financial centre",False,True,captured
mmlu_us_foreign_policy_9,mmlu,0.6B,4,stochastic,123,1.8039,140.61,53.65,32,17.74,58,18,15,0.3103,1.2,False," D. Congress. D. Congress. D. Congress. The correct. D. Congress. The correct.
Answer: D. Congress.
Answer: D.",False,True,captured
mmlu_us_foreign_policy_10,mmlu,0.6B,4,stochastic,123,1.8053,139.36,53.74,32,17.73,59,18,15,0.3051,1.2,False, B. So the answer is B. The Cold War context shaped US. The question. So the question. So the answer is B. The Cold War context,False,True,captured
mmlu_us_foreign_policy_11,mmlu,0.6B,4,stochastic,123,2.4719,140.58,75.2,32,12.95,82,11,21,0.1341,0.52,False, B. So the answer be the user think through the options. The question. The question. The question. What was unique about the user think. The question,False,True,captured
mmlu_us_foreign_policy_12,mmlu,0.6B,4,stochastic,123,2.2387,140.73,67.68,32,14.29,74,13,20,0.1757,0.65,False, B. So the answer be the answer this be the answer. The question. The question. The question is about what. So the question. The correct answer,False,True,captured
mmlu_us_foreign_policy_13,mmlu,0.6B,4,stochastic,123,2.2803,142.82,68.95,32,14.03,76,13,19,0.1711,0.68,False, D. Leaders have been the reasons contribute to the uncertainty over the reasons contribute to the uncertainty over which is correct. Leaders have incentives contribute to the uncertainty over which,False,True,captured
mmlu_us_foreign_policy_14,mmlu,0.6B,4,stochastic,123,2.0327,139.7,61.07,32,15.74,66,15,18,0.2273,0.83,False," B
Answer:
To B
Answer: B
Answer: B
Answer:
To B
Answer:
ToTo B
Answer:
ToToTo B",False,True,captured
mmlu_us_foreign_policy_15,mmlu,0.6B,4,stochastic,123,1.6359,141.12,48.22,32,19.56,52,20,13,0.3846,1.54,False," B. and Russia to dismantle a significant number of their nuclear weapons.
Answer: Russia to dismantle a significant number of their nuclear weapons
and Russia to dismantle a",False,True,captured
mmlu_us_foreign_policy_16,mmlu,0.6B,4,stochastic,123,1.4915,143.04,43.5,32,21.45,47,21,12,0.4468,1.75,False, C. China should be open to US trade and missionaries. China should be open to US trade and missionaries. China should be open to US should be open to,False,True,captured
mmlu_us_foreign_policy_17,mmlu,0.6B,4,stochastic,123,1.9288,141.04,57.67,32,16.59,63,16,16,0.254,1.0,False," B. The benefits are concentrated, but benefits are concentrated but benefits are dispersed. 

The correct answer is B. The reasoning: When countries open up to the",False,True,captured
mmlu_us_foreign_policy_18,mmlu,0.6B,4,stochastic,123,1.2974,142.5,37.25,32,24.67,40,22,10,0.55,2.2,False," C. fear of a protracted conflict
The correct answer is C. Limited UN mandate and fear of a protracted conflict. fear of a protracted conflict",False,True,captured
mmlu_us_foreign_policy_19,mmlu,0.6B,4,stochastic,123,2.7414,139.39,83.94,32,11.67,91,10,23,0.1099,0.43,False, B. So the question. The question. So the question. The question is the answer this be clear up. So the question. The correct answer is B,False,True,captured
mmlu_us_foreign_policy_20,mmlu,0.6B,4,stochastic,123,1.5523,140.68,45.54,32,20.61,49,19,13,0.3878,1.46,False," A A A A
Answer: A A A
Answer: A
Answer: A
Answer: A
Answer: A
Answer: A
Answer",False,True,captured
mmlu_us_foreign_policy_21,mmlu,0.6B,4,stochastic,123,1.7288,139.83,51.26,32,18.51,56,19,14,0.3393,1.36,False," C
Answer:
C C
Answer: It encourages stability of the regime stability of the answer
Answer:
C
Answer:
C
Answer:
C
",False,True,captured
mmlu_us_foreign_policy_22,mmlu,0.6B,4,stochastic,123,2.6868,139.42,82.17,32,11.91,90,8,24,0.0889,0.33,False," C

C
C
Okay, let's tackle this question, the question the question the question the question of the options C

C
C
C",False,True,captured
mmlu_us_foreign_policy_23,mmlu,0.6B,4,stochastic,123,1.6684,141.85,49.24,32,19.18,53,19,14,0.3585,1.36,False," B. The growing costs of war with France. The French and Indian War. 

Wait, the French and Indian War. The French and Indian War. The",False,True,captured
mmlu_us_foreign_policy_24,mmlu,0.6B,4,stochastic,123,1.9299,140.49,57.72,32,16.58,63,16,17,0.254,0.94,False," B. George Soros

Answer: B. George Soros

Answer: B. George Soros. George Soros is B. George Soros
Answer: B. George",False,True,captured
mmlu_us_foreign_policy_25,mmlu,0.6B,4,stochastic,123,1.7078,143.71,50.45,32,18.74,54,17,15,0.3148,1.13,False," C. the idea that governments use their military to help pursue policy goals.
Okay, so, use their military to help pursue policy goals through their military to use",False,True,captured
mmlu_us_foreign_policy_26,mmlu,0.6B,4,stochastic,123,2.4635,140.81,74.93,32,12.99,81,12,21,0.1481,0.57,False, A is the question is the question is the question is the answer is A. The question is about the Liberal approach to US foreign policy. The question is about,False,True,captured
mmlu_us_foreign_policy_27,mmlu,0.6B,4,stochastic,123,1.5386,190.66,43.48,32,20.8,43,22,11,0.5116,2.0,False, B. US expansion was based on markets rather than territory post-1865. The key difference between US expansion pre-1 on markets rather than territory,False,True,captured
mmlu_us_foreign_policy_28,mmlu,0.6B,4,stochastic,123,1.5301,145.02,44.68,32,20.91,42,22,11,0.5238,2.0,False, C. That military spending gave the arms industry unwarranted the arms industry unwarranted influence on politics and government. That military spending gave the arms industry unw,False,True,captured
mmlu_us_foreign_policy_29,mmlu,0.6B,4,stochastic,123,1.6852,139.09,49.88,32,18.99,53,19,14,0.3585,1.36,False," A. the Security Council. the Security Council is the most of the United Nations, the Security Council holds the real power within the United Nations, the Security Council",False,True,captured
mmlu_us_foreign_policy_30,mmlu,0.6B,4,stochastic,123,1.6579,145.87,48.78,32,19.3,52,19,13,0.3654,1.46,False," C. Wait, the defense spending; liberals are generally skeptical of defense spending; liberals are generally skeptical of increases in defense spending; liberals are generally skeptical of increases",False,True,captured
mmlu_us_foreign_policy_31,mmlu,0.6B,4,stochastic,123,1.6871,142.31,49.83,32,18.97,53,19,14,0.3585,1.36,False," A
Answer:
A A
Answer: A
Answer:
A
Answer: A
Answer:
A
Answer: A
Answer: Provide strong enforcement",False,True,captured
mmlu_us_foreign_policy_32,mmlu,0.6B,4,stochastic,123,2.3719,142.5,71.92,32,13.49,77,13,20,0.1688,0.65,False, D. US foreign policy constraints are possible constraints are possible constraints are possible constraints on the options are possible constraints are possible constraints on US foreign policy decision making are possible,False,True,captured
mmlu_us_foreign_policy_33,mmlu,0.6B,4,stochastic,123,1.3176,143.21,37.88,32,24.29,39,22,10,0.5641,2.2,False," D. Bilateral talks that do not involve a third-party negotiator. Bilateral talks that do not involve a third-party negotiator
Answer: D.",False,True,captured
mmlu_us_foreign_policy_34,mmlu,0.6B,4,stochastic,123,1.5019,142.28,43.86,32,21.31,47,21,12,0.4468,1.75,False, B. The Clinton Administration's policy on the marketization of the Russian economy's marketization of the Russian economy of the Russian economy. The Clinton Administration's policy,False,True,captured
mmlu_us_foreign_policy_35,mmlu,0.6B,4,stochastic,123,2.0368,140.61,61.17,32,15.71,66,15,17,0.2273,0.88,False, D. 3 or more.  powers are considered as multipolar systems are the major powers are the number of major powers are the multipolar systems are considered,False,True,captured
mmlu_us_foreign_policy_36,mmlu,0.6B,4,stochastic,123,1.3927,141.88,40.35,32,22.98,43,21,12,0.4884,1.75,False, A. This would be an 'empire of liberty'empire of liberty. The correct answer is A. This would be an 'empire of liberty,False,True,captured
mmlu_us_foreign_policy_37,mmlu,0.6B,4,stochastic,123,1.8698,140.25,55.79,32,17.11,60,18,15,0.3,1.2,False," C. guns and butter
. The phrase ""guns and butter
The trade-off between defense and butter. guns and butter is the trade-off between defense and",False,True,captured
mmlu_us_foreign_policy_38,mmlu,0.6B,4,stochastic,123,1.5745,142.75,46.19,32,20.32,49,19,13,0.3878,1.46,False, B. The collapse of the Soviet Union to collapse of the Soviet Union to extend US power to collapse of the Soviet Union to collapse of the Soviet Union to collapse,False,True,captured
mmlu_us_foreign_policy_39,mmlu,0.6B,4,stochastic,123,1.6989,143.85,50.16,32,18.84,54,19,14,0.3519,1.36,False," A is A is A
So, the answer is A is the answer is A. So, the answer is A
Answer: A

The answer is",False,True,captured
mmlu_us_foreign_policy_40,mmlu,0.6B,4,stochastic,123,2.3714,141.52,71.93,32,13.49,77,13,20,0.1688,0.65,False," B. So the user know that the question. So the question. So the question. The question. According to realists, the user know. So the",False,True,captured
mmlu_us_foreign_policy_41,mmlu,0.6B,4,stochastic,123,2.2151,143.72,66.82,32,14.45,72,13,19,0.1806,0.68,False, D. The options are correct. The answer is correct. The options are correct. All of the options are correct reasons are reasons are reasons are reasons for the,False,True,captured
mmlu_us_foreign_policy_42,mmlu,0.6B,4,stochastic,123,1.1943,143.17,33.91,32,26.79,36,23,9,0.6389,2.56,False, D. It encouraged the centralization of political power in the centralization of political power in the US. It encouraged the centralization of political power in the US,False,True,captured
mmlu_us_foreign_policy_43,mmlu,0.6B,4,stochastic,123,2.3713,147.83,71.72,32,13.49,77,13,20,0.1688,0.65,False, D. US foreign policy constraints are possible constraints are possible constraints are possible constraints on the options are possible constraints are possible constraints on US foreign policy decision making are possible,False,True,captured
mmlu_us_foreign_policy_44,mmlu,0.6B,4,stochastic,123,1.5791,141.62,46.37,32,20.26,50,19,13,0.38,1.46,False," A. A. Richard Nixon. A. Richard Nixon. A. Richard Nixon.

Answer: A. A. Richard Nixon. A.
Answer: A.
",False,True,captured
mmlu_us_foreign_policy_45,mmlu,0.6B,4,stochastic,123,2.4069,139.91,73.13,32,13.3,79,12,21,0.1519,0.57,False," C. The question. The question. The question is the user know that the ""American Creed"" is a

The 's see. The question. The",False,True,captured
mmlu_us_foreign_policy_46,mmlu,0.6B,4,stochastic,123,1.7209,141.93,50.93,32,18.59,54,18,15,0.3333,1.2,False," C
Answer:
The C
Answer: C. During the early years of his administration, Reagan's foreign and defense policies of Reagan administration, the correct answer",False,True,captured
mmlu_us_foreign_policy_47,mmlu,0.6B,4,stochastic,123,2.425,143.44,73.6,32,13.2,80,12,20,0.15,0.6,False, D. The Vietnam War statements are true. The Vietnam War statements are accurate statements are true. The Vietnam War statements are accurate descriptions are true. The Vietnam War,False,True,captured
mmlu_us_foreign_policy_48,mmlu,0.6B,4,stochastic,123,2.257,141.74,68.23,32,14.18,74,14,19,0.1892,0.74,False, B. is a group is a group is a group of the United States is a group of advisors and the National Security Council is a group of advisors to the,False,True,captured
mmlu_us_foreign_policy_49,mmlu,0.6B,4,stochastic,123,2.1089,138.85,63.55,32,15.17,69,14,18,0.2029,0.78,False," B. Reagan. B. Ronald Reagan
Answer: B. Ronald Reagan. B. Ronald Reagan. Reagan's administration, the following the following the following question",False,True,captured
mmlu_us_foreign_policy_50,mmlu,0.6B,4,stochastic,123,1.4033,145.2,40.58,32,22.8,44,21,11,0.4773,1.91,False, A. Revelations that the NSA was monitoring the NSA was monitoring the NSA was monitoring the communications of American citizens without obtaining warrants. Revelations that the NSA was,False,True,captured
mmlu_us_foreign_policy_51,mmlu,0.6B,4,stochastic,123,1.4609,141.25,42.57,32,21.91,45,21,12,0.4667,1.75,False, A. A plan that provided. A. A plan that provided economic assistance to rebuild Europe with economic assistance to rebuild Europe. A. A plan that provided economic,False,True,captured
mmlu_us_foreign_policy_52,mmlu,0.6B,4,stochastic,123,1.3948,141.95,40.41,32,22.94,42,20,12,0.4762,1.67,False," C. How nuclear attacks are identified and responded to; who controls the weapons
Okay, let's try to identify and who controls the weapons

The correct?",False,True,captured
mmlu_us_foreign_policy_53,mmlu,0.6B,4,stochastic,123,2.4586,140.41,74.78,32,13.02,81,11,21,0.1358,0.52,False, D. International institutions are problems are problems are problems are addressed by international institutions have been problems are problems are problems are addressed by international institutions are problems are problems that,False,True,captured
mmlu_us_foreign_policy_54,mmlu,0.6B,4,stochastic,123,1.7486,142.62,51.8,32,18.3,56,18,14,0.3214,1.29,False," A. The question is about the term ""New World Order""New World Order. The term ""New World Order"" is the question is about the term '",False,True,captured
mmlu_us_foreign_policy_55,mmlu,0.6B,4,stochastic,123,1.5661,143.03,45.91,32,20.43,49,20,13,0.4082,1.54,False," A. the United Nations.

. the United Nations is the most important international organization is the most important international organization is the correct answer is the United Nations is the",False,True,captured
mmlu_us_foreign_policy_56,mmlu,0.6B,4,stochastic,123,2.2371,141.44,67.6,32,14.3,73,13,19,0.1781,0.68,False," D. 

The term. 

Wait, the answer is D. 

The term. 

The term ""influence
The term ""American multiplication table.",False,True,captured
mmlu_us_foreign_policy_57,mmlu,0.6B,4,stochastic,123,2.0948,143.06,62.96,32,15.28,68,16,17,0.2353,0.94,False," D. These mechanisms are used in the context mechanisms are mechanisms are mechanisms are mechanisms used in trade mechanisms are mechanisms used in trade agreements.
Question: What is the",False,True,captured
mmlu_us_foreign_policy_58,mmlu,0.6B,4,stochastic,123,1.764,143.7,52.27,32,18.14,56,19,14,0.3393,1.36,False, B. So the answer is B. The answer is B. Lincoln oppose the southward expansion of the options. So the question. So the answer is B,False,True,captured
mmlu_us_foreign_policy_59,mmlu,0.6B,4,stochastic,123,1.978,142.53,59.21,32,16.18,64,17,16,0.2656,1.06,False," B
Answer:
B B
Answer: ""brinkmanship.""brinkmanship. The correct
Answer:
B
Answer: ""brinkmanship.""",False,True,captured
mmlu_us_foreign_policy_60,mmlu,0.6B,4,stochastic,123,1.8865,144.0,56.21,32,16.96,60,16,16,0.2667,1.0,False," A
Answer:
A A
Answer: Reagan's first term military spending
Answer:
A
Answer: Reagan's first term military spending in the context is",False,True,captured
mmlu_us_foreign_policy_61,mmlu,0.6B,4,stochastic,123,1.9072,141.88,56.94,32,16.78,61,17,16,0.2787,1.06,False, C. American exceptionalism is the global trade because American exceptionalism is the belief that the United States is the correct. The American exceptionalism is the belief that,False,True,captured
mmlu_us_foreign_policy_62,mmlu,0.6B,4,stochastic,123,1.4136,141.34,41.04,32,22.64,44,20,12,0.4545,1.67,False," C
So, the C
So, the correct answer is C. The primary institutions of the liberal international economic order refers to the liberal international economic order of",False,True,captured
mmlu_us_foreign_policy_63,mmlu,0.6B,4,stochastic,123,1.6949,142.24,50.09,32,18.88,53,18,14,0.3396,1.29,False, D. Rosenau factors are important to consider in the factors are important to consider in explaining factors are important to consider in explaining factors are important to consider in the,False,True,captured
mmlu_us_foreign_policy_64,mmlu,0.6B,4,stochastic,123,1.6153,143.35,47.48,32,19.81,50,19,14,0.38,1.36,False," A. Fewer than A. Fewer than A. Fewer than 7

Wait, the number 7

Wait, the options
Okay,",False,True,captured
mmlu_us_foreign_policy_65,mmlu,0.6B,4,stochastic,123,2.3306,140.86,70.64,32,13.73,77,12,20,0.1558,0.6,False, D option D. The answer is D. NSC 68 document NSC 68 document is D is D is D is D is D.,False,True,captured
mmlu_us_foreign_policy_66,mmlu,0.6B,4,stochastic,123,1.9241,144.63,57.4,32,16.63,62,17,16,0.2742,1.06,False," B. ""family of nations. ""family of nations

The term 'family of nations

The term ""family of nations

The term ""Rogue States",False,True,captured
mmlu_us_foreign_policy_67,mmlu,0.6B,4,stochastic,123,1.6635,143.07,49.04,32,19.24,53,18,14,0.3396,1.29,False," D. the Monroe Doctrine of Monroe
Answer: D. the Monroe Doctrine. D. the question: D. the Monroe Doctrine of the question with the option",False,True,captured
mmlu_us_foreign_policy_68,mmlu,0.6B,4,stochastic,123,2.1715,142.32,65.46,32,14.74,70,13,19,0.1857,0.68,False, B. So the answer is B. The answer this be clear up. The question. The answer is B. Contemporary European liberal democrats often the answer B,False,True,captured
mmlu_us_foreign_policy_69,mmlu,0.6B,4,stochastic,123,2.5852,143.7,78.76,32,12.38,85,11,22,0.1294,0.5,False," D. The reasoning: Exceptionalism as different means that the same liberal ends.
Okay, so. 

The reasoning: the same liberal ends. Exceptional",False,True,captured
mmlu_us_foreign_policy_70,mmlu,0.6B,4,stochastic,123,1.5267,143.46,44.62,32,20.96,48,20,12,0.4167,1.67,False," A
Answer:
The A
Answer:
The correct answer is A. Realists tend to object to the correct answer is A. A
Answer:
The",False,True,captured
mmlu_us_foreign_policy_71,mmlu,0.6B,4,stochastic,123,1.6527,140.96,48.77,32,19.36,52,19,13,0.3654,1.46,False," A
Answer:
The A
Answer: A
Answer:
The correct answer is A. Socio-Economic accounts of the correct answer is A. Soc",False,True,captured
mmlu_us_foreign_policy_72,mmlu,0.6B,4,stochastic,123,2.4647,141.88,74.93,32,12.98,81,11,21,0.1358,0.52,False, B. The question. So the answer be the correct answer this be the answer this be the answer. So the question. Let me think about the answer be,False,True,captured
mmlu_us_foreign_policy_73,mmlu,0.6B,4,stochastic,123,1.5342,142.63,44.89,32,20.86,48,21,12,0.4375,1.75,False," C. each branch of the armed services, along with a chairperson, along with a chairperson and a. each branch of the armed services, along with",False,True,captured
mmlu_us_foreign_policy_74,mmlu,0.6B,4,stochastic,123,2.2667,143.81,68.48,32,14.12,74,13,19,0.1757,0.68,False, A. The belief that the United States is different from other countries are different from other options are different from other options for the United States is different from other major,False,True,captured
mmlu_us_foreign_policy_75,mmlu,0.6B,4,stochastic,123,1.5419,142.36,45.15,32,20.75,48,21,12,0.4375,1.75,False," A A A A
Answer: A A A A
Answer: A
Answer: A
Answer: A
Answer: A
Answer: A
",False,True,captured
mmlu_us_foreign_policy_76,mmlu,0.6B,4,stochastic,123,1.6327,142.3,48.08,32,19.6,52,19,13,0.3654,1.46,False, D. is a cooperative international organization of 185 countries are a cooperative international organization of  is a cooperative international organization that is a cooperative international organization of,False,True,captured
mmlu_us_foreign_policy_77,mmlu,0.6B,4,stochastic,123,1.7844,146.18,52.85,32,17.93,56,17,15,0.3036,1.13,False," C. Wait, show greater restraint internationally and require other states to meet their own security burdens.
The correct answer is C. 

The correct. The correct.",False,True,captured
mmlu_us_foreign_policy_78,mmlu,0.6B,4,stochastic,123,2.414,141.97,73.29,32,13.26,79,11,21,0.1392,0.52,False, D. The Marshall plan is correct. The Marshall Plan is correct. The Marshall Plan is correct. The Marshall Plan was correct because the Marshall plan is correct because,False,True,captured
mmlu_us_foreign_policy_79,mmlu,0.6B,4,stochastic,123,2.022,142.92,60.61,32,15.83,65,16,17,0.2462,0.94,False, D. The United States' is correct. The US factors contributed to the US avoidance of catastrophe at the hands. The US factors contributed to the US avoiding catastrophe,False,True,captured
mmlu_us_foreign_policy_80,mmlu,0.6B,4,stochastic,123,2.822,141.8,86.46,32,11.34,93,8,24,0.086,0.33,False," C. Wait, no. National Intelligence Director
The  Intelligence Director of Intelligence Director of Intelligence Director of Intelligence Director
The  Intelligence Director
Okay, so",False,True,captured
mmlu_us_foreign_policy_81,mmlu,0.6B,4,stochastic,123,1.4493,142.11,42.17,32,22.08,45,20,12,0.4444,1.67,False, A. is the government body formed to coordinate American foreign and military policy. is the National Security Council is the government body formed to coordinate American foreign and military and,False,True,captured
mmlu_us_foreign_policy_82,mmlu,0.6B,4,stochastic,123,1.8218,140.75,54.23,32,17.57,58,17,16,0.2931,1.06,False," B option is B. The Marxist perspective on US foreign policy is driven by class consciousness. So, the answer is B. The Marxist perspective on the Marxist perspective",False,True,captured
mmlu_us_foreign_policy_83,mmlu,0.6B,4,stochastic,123,2.7826,140.01,85.25,32,11.5,93,9,24,0.0968,0.38,False, A. So the question. So the question. So the question is the user think through the user see. Let me think through the question. So the question,False,True,captured
mmlu_us_foreign_policy_84,mmlu,0.6B,4,stochastic,123,1.9459,141.9,58.19,32,16.44,63,17,16,0.2698,1.06,False," A is the correct answer. The answer is A. Realism theory that the answer is A. The answer is A. Realism, the answer is A",False,True,captured
mmlu_us_foreign_policy_85,mmlu,0.6B,4,stochastic,123,1.629,142.18,47.96,32,19.64,51,19,14,0.3725,1.36,False," C. economic instruments of foreign policy.

Wait, the economic instruments of foreign policy.

Wait, the economic instruments of foreign policy.

Wait, the answer: economic",False,True,captured
mmlu_us_foreign_policy_86,mmlu,0.6B,4,stochastic,123,1.8098,141.78,53.81,32,17.68,58,17,15,0.2931,1.13,False," The president's principal civilian adviser on the basis of the four. The president's principal civilian adviser on the basis.
The president's principal civilian adviser on the basis",False,True,captured
mmlu_us_foreign_policy_87,mmlu,0.6B,4,stochastic,123,2.4852,142.38,75.57,32,12.88,82,12,21,0.1463,0.57,False, C. The question is about the question is the question is about how Ideational approaches to answer is the question is about how Ideational approaches to US foreign policy,False,True,captured
mmlu_us_foreign_policy_88,mmlu,0.6B,4,stochastic,123,1.4727,141.1,42.95,32,21.73,46,21,12,0.4565,1.75,False," A
Answer:
The A
Answer:
The relationship between President and Congress under George H.W. Bush administration of the relationship between President and Congress under George H",False,True,captured
mmlu_us_foreign_policy_89,mmlu,0.6B,4,stochastic,123,1.6331,141.0,48.13,32,19.59,52,20,13,0.3846,1.54,False, D. The argument for American unilateralism. The argument for American unilateralism points support the argument points support the argument for American unilateralism points support the argument for,False,True,captured
mmlu_us_foreign_policy_90,mmlu,0.6B,4,stochastic,123,1.4266,142.64,41.42,32,22.43,44,21,11,0.4773,1.91,False," B. Increased spending during wars.
Wait, the answer is B. Increased spending during wars, with demobilization bringing spending. Increased spending during wars, with",False,True,captured
mmlu_us_foreign_policy_91,mmlu,0.6B,4,stochastic,123,2.6086,142.3,79.56,32,12.27,81,12,21,0.1481,0.57,False, B. So the question. The question. So the question. The question is the answer this be a bit. So the question. Let me think about this,False,True,captured
mmlu_us_foreign_policy_92,mmlu,0.6B,4,stochastic,123,1.6167,142.88,47.54,32,19.79,51,20,13,0.3922,1.54,False, C. The idea that the fall of one state to communism would lead of one state to communism would inexorably lead to the fall of one state to communism,False,True,captured
mmlu_us_foreign_policy_93,mmlu,0.6B,4,stochastic,123,1.8787,140.74,56.06,32,17.03,60,17,15,0.2833,1.13,False," A. the Millennium Challenge, that the Millennium Challenge, the Millennium Challenge, that the Millennium Challenge, that the Millennium Challenge, that require change before receipt of aid",False,True,captured
mmlu_us_foreign_policy_94,mmlu,0.6B,4,stochastic,123,1.9064,142.42,56.9,32,16.79,61,16,16,0.2623,1.0,False, D. The Bretton Woods institutions were established at Bretton Woods institutions were established at Bretton Woods Conference at Bretton Woods institutions were established at Bretton.,False,True,captured
mmlu_us_foreign_policy_95,mmlu,0.6B,4,stochastic,123,1.3965,141.06,40.5,32,22.91,43,20,12,0.4651,1.67,False, D. Regime type is not a good predictor of which is not a good predictor of which is not a good predictor of the following is NOT a. Reg,False,True,captured
mmlu_us_foreign_policy_96,mmlu,0.6B,4,stochastic,123,2.0763,143.9,62.34,32,15.41,67,16,17,0.2388,0.94,False," B. The question is about ""democratic enlargement""democratic enlargement. The question is about what was 'democratic enlargement' is the question is about what",False,True,captured
mmlu_us_foreign_policy_97,mmlu,0.6B,4,stochastic,123,1.9286,140.83,57.67,32,16.59,62,15,17,0.2419,0.88,False," B. colonization. colonization

The correct answer is B. colonization
The correct answer is B. colonization

The phrase 'empire by invitation. colonization
",False,True,captured
mmlu_us_foreign_policy_98,mmlu,0.6B,4,stochastic,123,1.9793,141.79,59.27,32,16.17,64,16,16,0.25,1.0,False," A
Answer:
A A
Answer: It criticized international organizations, rather than the George W. It criticized international organizations, rather than
Answer:
A
",False,True,captured
mmlu_us_foreign_policy_99,mmlu,0.6B,4,stochastic,123,2.5171,139.07,76.71,32,12.71,82,12,21,0.1463,0.57,False, D. The question. The question. The question. The quote. The question. The quote. So the user know. The question. The question. The,False,True,captured
cnndm_3,cnndm,0.6B,4,stochastic,123,6.1198,172.81,37.4,160,26.14,208,109,52,0.524,2.1,False," The article discusses five Americans who were monitored for three weeks at an Omaha, Nebraska hospital in Omaha, Nebraska, hospital in Omaha, Nebraska, hospital in Omaha, Nebraska, hospital in Omaha, Nebraska, after being monitored for three weeks at an Omaha, Nebraska hospital in Omaha, Nebraska, hospital after being monitored for three weeks at an Omaha, Nebraska hospital after being monitored for three weeks at an Omaha, Nebraska, after being monitored for three weeks at an Omaha, Nebraska hospital in Omaha, Nebraska, were monitored for three weeks at an Omaha, Nebraska hospital after being monitored for three weeks at an Omaha, Nebraska hospital in Omaha, Nebraska, were monitored for three weeks at an Omaha, Nebraska hospital in Omaha, Nebraska, after being monitored for three weeks at an Omaha, Nebraska hospital in Omaha, Nebraska,",False,True,captured
cnndm_31,cnndm,0.6B,4,stochastic,123,11.5379,1094.65,65.68,160,13.87,331,76,84,0.2296,0.9,False," The article discusses the rare occurrences of individuals who survive long-term survival stories of individuals who survive for cases of individuals who survive long-term survival stories of individuals surviving cases of individuals surviving cases of individuals surviving for survival stories of individuals surviving cases of individuals surviving long-term survival stories of individuals who survive long-term survival of individuals surviving cases of individuals stranded at sea cases of individuals surviving cases of individuals stranded at-seeming cases of individuals surviving cases of individuals stranded at-se, extraordinary cases of individuals surviving stories of individuals who survive prolonged survival stories of individuals surviving cases of individuals stranded at-several cases of individuals surviving long-term survival of individuals surviving cases of individuals stranded at-seeming of individuals surviving for a single-person stranded at sea for survival stories of individuals who survive prolonged survival of individuals surviving cases of individuals stranded at-se cases",False,True,captured
cnndm_70,cnndm,0.6B,4,stochastic,123,7.5617,175.67,46.45,160,21.16,256,96,65,0.375,1.48,False, A nuclear submarine undergoing repairs at a Russian shipyard caught fire at a dry dock at a dry dock at a dry dock at a dry dock at a Russian shipyard caught fire at a Russian shipyard in a dry dock at a Russian shipyard in northwestern Russian shipyard in northwestern Russian shipyard in northwestern Russian shipyard in northwestern Russian shipyard caught fire during repairs at a Russian shipyard in northwestern Russian shipyard in northwestern Russian shipyard caught fire during welding-related dry dock at the Zvyozdochka dry dock at the Zvyozdochka shipyard in northwestern Russian shipyard in northwestern Russian shipyard in northwestern Russian shipyard in northwestern Russian shipyard in northwestern Russian shipyard in northwestern Russian shipyard in northwestern Russian ship,False,True,captured
cnndm_165,cnndm,0.6B,4,stochastic,123,9.1469,478.44,54.52,160,17.49,292,87,73,0.2979,1.19,False," Jia Jiang, a Jia Jiang, a Chinese-born American entrepreneur who quit his job to start-up from China-born American entrepreneur and American entrepreneur and American entrepreneur, launched the 30, American entrepreneur, launched the ""100 Days of Chinese-born American entrepreneur who quit his job to start a Chinese-born American entrepreneur and author and American entrepreneur, launched a Chinese-born American entrepreneur, launched a project called ""100-day, American entrepreneur, launched a 30-year-old American entrepreneur, launched a 30-year-old American entrepreneur who quit his job to start a Chinese-born American entrepreneur, 30-year-old American entrepreneur who quit his job to pursue entrepreneur who quit his job to pursue entrepreneur who quit his job to pursue entrepreneur and American entrepreneur, launched a project called ""1",False,True,captured
cnndm_297,cnndm,0.6B,4,stochastic,123,8.1779,240.63,49.92,160,19.56,273,92,69,0.337,1.33,False," The article discusses a group of six young men from Minnesota men from Minnesota men from Minnesota, aged 19 to 19 young men from Minnesota, ages 19 to 19 young men from Minnesota, aged 19 to 19 young men from Minnesota, aged 19 to 21-year-old Minnesota men, aged 19 to 19-19-19-21-year-old Minnesota men who conspired to join ISIS recruiters in their ages 19-219-21-year-old Minnesota men who conspired to join ISIS, 19-219-219 young Minnesota men, ages 19 to Minnesota men, aged 19 to six young men from Minnesota, ages 19",False,True,captured
cnndm_339,cnndm,0.6B,4,stochastic,123,8.6904,273.78,52.93,160,18.41,292,88,73,0.3014,1.21,False," The author of a 200000006006006200660660606 novel,00060606 novel, Peter Gallagher is suing Joss Whedon is suing Joss Whedon and 006606 novel, Peter Gallagher is suing Joss 006 novel, Peter Gallagher, Peter Gallagher is suing Joss Whed novel, Peter Gallagher,006 novel, Peter Gallagher, has accused the 006 novel, Peter Gallagher,006 novel has accused the directors Drew Goddard of a 206606 novel, Peter Gallagher is accusing the directors of ""The Little White Trip: A Night In the Pines",False,True,captured
cnndm_397,cnndm,0.6B,4,stochastic,123,8.3937,222.61,51.39,160,19.06,283,89,72,0.3145,1.24,False," 

A Palestinian teenager, Mohammed Abu Khdeir's name was a Palestinian teenager Mohammed Abu Khdeir, the name of controversy, the name removal of controversy arose when a Palestinian teenager Mohammed Abu Khdeir, the name of controversy arose when the name of a Palestinian teenager, Mohammed Abu Khdeir's name was included a Palestinian teenager, the name of a Palestinian teenager, Mohammed Abu Khdeir, the name of a Palestinian teenager, Mohammed Abu Khdeirrelevant to the memorializing the name removal of controversy, a Palestinian teenager, Mohammed Abu Khdeir's name of controversy, a Palestinian teenager, Mohammed Abu Khdeir's name removal of a Palestinian teenager, Mohammed Abu Khdeir's name of controversy, the name of a Palestinian teenager Mohammed Abu Khdeir, the name",False,True,captured
cnndm_467,cnndm,0.6B,4,stochastic,123,9.6399,387.45,58.19,160,16.6,314,81,80,0.258,1.01,False," 

A
A
Okay, let me to restart of the Sendai nuclear power plant in Kagoshima Prefecture court has rejected a petition by the court has rejected a petition by residents petition to restart of the ruling on a court has rejected a petition by residents have issued a ruling rejected a court has rejected a petition by a district court has issued a ruling rejected a petition by residents to restart of two nuclear power plant in Kagoshima District Court has rejected a petition by residents to restart of two nuclear reactors in Kagoshima District Court rejected a petition by residents to restart of two nuclear power plant in Kagoshima District Court rejected a petition by residents petition to delay the re 

A

Tokyo's Kagoshima District Court rejected a petition by the court rejected a petition by the court has",False,True,captured
cnndm_677,cnndm,0.6B,4,stochastic,123,8.4127,343.04,50.75,160,19.02,276,91,70,0.3297,1.3,False," 

The study found that 

The study of the availability of award seats varies significantly varying levels of award seat availability for award seat availability of the five largest U.Southwest Airlines offered the most award seats and the availability of award seats varies significantly based on a new award seat availability of the five largest U.S. airlines vary widely varying levels of award seat availability of the five largest U.Southwest Airlines offered the availability of the availability of award seats varies significantly based on airline award seat availability varies significantly depending on the airline and route availability of award seats varies significantly based on airline award seat availability varies significantly among the five largest U.Southwest Airlines offered the most award seats and that Southwest Airlines vary widely depending on the availability of award seats varies significantly based on airline, according to a new Consumer Reports analyzed ",False,True,captured
cnndm_692,cnndm,0.6B,4,stochastic,123,9.1662,454.65,54.79,160,17.46,292,87,74,0.2979,1.18,False, Ben Affleck has made a request to remove any reference to remove references to his great efforts to remove a request to remove a request to remove a reference to his great efforts to have asked PBS remove a reference to his great efforts to have requested that the producers of his great efforts to have requested that the PBS remove a reference to his great efforts to have requested that the PBS remove references to his family history show. The article about his great efforts to have a request to remove references to remove a request to remove from the request to PBS remove a reference to his great efforts to have his great efforts to have his great efforts to have his great-great-great-great effort to have his distant relative who is known that he wanted to remove a reference to his great efforts to have his distant relative who is,False,True,captured
cnndm_958,cnndm,0.6B,4,stochastic,123,8.736,451.32,52.1,160,18.32,279,90,71,0.3226,1.27,False," The Red Cross urged an immediate 24-hour ceasefire in Yemen, emphasizing the Red Cross urged an immediate 24-hour ceasefire in Yemen ceasefire in Yemen ceasefire in Yemen ceasefire in Yemen,4-hour ceasefire in Yemen to end the fighting in Yemen ceasefire in Yemen, emphasizing the Red Cross urged an immediate 24-hour ceasefire in Yemen ceasefire in Yemen to halt to stop to halt to fighting in Yemen,4-hour ceasefire in Yemen,4-hour ceasefire in Yemen to stop to fighting in Yemen,4-hour ceasefire in Yemen ceasefire in Yemen, emphasizing the urgent 4-hour ceasefire in Yemen to ceasefire in Yemen, emphasizing the Red Cross urged an immediate 2-hour ceasefire in Yemen to halt to fighting in Yemen, emphasizing the urgent 2-hour ceasefire in Yemen to stop to fighting in Yemen,4-hour",False,True,captured
cnndm_965,cnndm,0.6B,4,stochastic,123,8.5414,667.25,49.52,160,18.73,259,95,66,0.3668,1.44,False," Brynn Duncan, 21, from Easley, South Carolina, has a severe food allergies, of Easley, South Carolina, of Easley, South Carolina, has a severe, of Easley, South Carolina, has a severe food allergies, from Easley, South Carolina, has a severe and her health, from Easley, South Carolina, suffers from mast cell activation syndrome, from Easley, South Carolina, has a severe and unpredictable allergic reactions to have a 21, of Easley, South Carolina, has a severe, of Easley, South Carolina, has a severe, fluctuating food allergies, has a severe, fluctuating food allergies, and from Easley, South Carolina, has a severe, constantly experiences severe food allergies, has a complex food allergies",False,True,captured
cnndm_1096,cnndm,0.6B,4,stochastic,123,8.7928,277.11,53.56,160,18.2,294,85,75,0.2891,1.13,False," 

CSKA Sofia's Latvian goalkeeper Maks, a financially struggling financial struggles with a financially struggling financial struggles with financial struggles with financial struggles have been having financial struggles with the  goalkeeper Maksims Uv goalkeeper Maksims Uv

CSKA Sofia's goalkeeper Maksims Uv goalkeeping goalkeeper Maksims Uv goalkeeper Maksims Uvarenko, a financially struggling goalkeeper Maksims Uvaren't goalkeeper Maksims Uv goalkeeper Maksims Uv goalkeeper Maksims Uv goalkeeping coach, Maksims Uvaren't

Financially-troubled goalkeeper Maksims Uv goalkeeper Maksims Uv

CSKA Sofia's Latvian goalkeeper Maksims Uvarenko, a financially struggling football club is a financially",False,True,captured
cnndm_1199,cnndm,0.6B,4,stochastic,123,9.3436,319.96,56.75,160,17.12,312,82,78,0.2628,1.05,False," 

Tottenham defender Ben Davies will play against Wales team-mate Sam Vokes, who is playing against Wales team-mate Sam Vokes at Burnley is playing against Wales team-mate Sam Vokes is facing Wales team-mate Sam Vokes. The article discusses Tottenham defender Ben Davies will face the article is set to face Burnley in the article summary: 

Tottenham defender Ben Davies will face a summary: The article discusses Tottenham defender Ben Davies will face the article is about the article discusses the article discusses the upcoming match against Wales team-mate Sam Vokes and Sam Vokes in the article discusses the upcoming match against Wales team-mate Sam Vokes. Davies will play against Wales team-mate Sam Vokes and Burnley's article: The article discusses Tottenham defender Ben Davies will face",False,True,captured
cnndm_1221,cnndm,0.6B,4,stochastic,123,7.6893,173.28,47.27,160,20.81,263,94,66,0.3574,1.42,False," A seven-year-old boy was raped and set on fire by two youths in Bhiwandi, who suffered severe burns was raped and his body was severely injured in Bhiwandi, Mumbai, was raped and set on fire by two youths in Bhiwandi, suffering from Bhiwandi, Mumbai suburb of Mumbai, India. The incident occurred in Pagma Nagar (name was raped and set on fire by two youths in Bhiwandi, who was raped and set on fire by two youths in Bhiwandi, a seven-year-old boy was raped and set on fire by two youths in Bhiwandi, who was raped and set on fire in Bhiwandi, who was raped and set on fire was raped and set on fire by two youths in P",False,True,captured
cnndm_1230,cnndm,0.6B,4,stochastic,123,7.7496,184.59,47.58,160,20.65,264,95,66,0.3598,1.44,False," Harvey Boulter, Harvey Boulter, Harvey Boulter, a pro-Ukip businessman and a pro-Ukip businessman and a pro-Ukip businessman, forced Liam Fox to resign as a pro-Ukip businessman, is a pro-Ukip businessman, a pro-Ukip businessman, a pro-Ukip businessman, a pro-Ukip businessman, a pro-Ukip businessman and Liam Fox, a pro-Ukip businessman and Liam Fox, and Liam Fox, a pro-Ukip businessman who forced Liam Fox, a pro-Ukip businessman and Liam Fox, and a pro-Ukip businessman who forced Liam Fox to defeat, a pro-Ukip businessman and Liam Fox, and Liam Fox, and Tom Tugendhat, a pro-Ukip businessman and Liam Fox, and Tom Tugendhat,",False,True,captured
cnndm_1375,cnndm,0.6B,4,stochastic,123,7.8486,169.89,48.29,160,20.39,267,93,68,0.3483,1.37,False," 

The article describes a 

The article describes a group of meerkat Indiana's Indianapolis Zoo where a group of meerkat Indiana's Indianapolis Zoo, where a group of meerkats at Indiana's Indianapolis Zoo where a group of meerkats at Indiana's Indianapolis Zoo, at Indiana's Indianapolis Zoo, with a makeshift backboard and  group of meerkats at Indiana's Indianapolis Zoo, a group of meerkats at Indiana's Indianapolis Zoo, with a makeshift backboard at Indiana's Indianapolis Zoo, where a group of meerkats at Indiana's Indianapolis Zoo in Indianapolis Zoo in the Indianapolis Zoo's basketball-themed event at Indiana's Indianapolis Zoo, where a group of meerkats at Indiana's Indianapolis Zoo, in the Indianapolis Zoo's basketball-themed activities at Indiana's Indianapolis Zoo in the",False,True,captured
cnndm_1379,cnndm,0.6B,4,stochastic,123,8.9946,490.81,53.48,160,17.79,285,89,72,0.3123,1.24,False," 

A holidaymaker, 

A holidaymaker, was stranded in Tenerife after her husband, was stranded in Tenerife after her husband, and her husband, was stranded in Tenerife, from Birmingham, and her husband, and her husband were stranded in Tenerife, was stranded in Tenerife of the UK resident in Tenerife, was stranded in Tenerife, was stranded in Tenerife, Loushanna Craig, was stranded in Tenerife, was stranded in Tenerife after her husband, and their husband, and their family of Erdington resident in Tenerife, Loushanna Craig, was stranded in Tenerife, from Birmingham, was stranded in Tenerife after thieves stole her biometric ID card was stranded in T",False,True,captured
cnndm_1459,cnndm,0.6B,4,stochastic,123,7.1348,396.96,42.38,160,22.43,229,103,58,0.4498,1.78,False," 

Homesick Sam Tomkins is considering returning to return to Wigan when he cuts short his former Wigan, a  Tomkins is considering returning to Wigan, where he is playing for the New Zealand Warriors full-back Tomkins is considering returning to Wigan, a  Tomkins is considering returning to return to Wigan, a 2

Sam Tomkins, a 26-year-old England full-back Sam Tomkins, a  Tomkins is considering returning to Wigan is considering returning to Wigan Tomkins is considering returning to return to Wigan Tomkins is considering returning to Wigan, where he is now that he will not a 26-year-old Tomkins is considering returning to Wigan. 

Homesick Sam Tomkins is considering returning to Wigan",False,True,captured
cnndm_1579,cnndm,0.6B,4,stochastic,123,8.1641,602.8,47.56,160,19.6,252,97,63,0.3849,1.54,False," 

Raheem Sterling 

Raheem Sterling 

Raheem Sterling 

Raheem Sterling is a 20, a 200 and Theo Walcott are set to face Theo Walcott will likely face Theo Walcott will face Theo Walcott, a 20-year-old winger is a 20-year-old Raheem Sterling and Theo Walcott, two w
Raheem Sterling and Theo Walcott, two 20, a 20-year-old and Theo Walcott will likely face Theo Walcott and Theo Walcott are set to face Theo Walcott and Theo Walcott are both players for the 20, a 20-year-old

Raheem Sterling and Theo Walcott will likely face Theo Walcott are set to face Theo",False,True,captured
cnndm_1613,cnndm,0.6B,4,stochastic,123,11.9851,332.48,73.29,160,13.35,400,60,100,0.15,0.6,False," Tim Bresnan has Tim Bresnan has Tim Bresnan has has been playing in the LV= (a strong hopes of his sights set his sights set his sights set his sights set his sights on the verge of being selected for the potential to play in the LV= County Championship holders Yorkshire's recent performance with the England Test cricketing to help Yorkshire's 400 first-class wickets and is hoping to secure his sights set on the verge of being recalled that has been playing for the potential to be...
Okay, I have has been playing for Yorkshire'ss expressed his sights set on making a strong hopes of the opportunity to make a strong hopes of being recalled that is determined to make a strong hopes of being a strong hopes of being recalled that his sights set on making a case",False,True,captured
cnndm_1650,cnndm,0.6B,4,stochastic,123,9.7332,429.62,58.51,160,16.44,316,82,79,0.2595,1.04,False," 

Liverpool's renaissance 

Liverpool's renaissance 

Liverpool's renaissance in the Premier League, following a 2-2

The importance in the Premier League form after a 2-2

The article discusses the match against Arsenal is not only began after a 2- the importance of Saturday's match against Arsenal in the last season began after a 2-2

The article discusses the importance of their form, following a 2- 

Liverpool's rekindled by beating Arsenal in the article highlights the importance of their form since their Premier League form since their  in the Premier League form since their 1

The article discusses the importance of their upcoming match against Arsenal in the Premier League form after a 2- 

Liverpool's renaissance in the past the 2-",False,True,captured
cnndm_1793,cnndm,0.6B,4,stochastic,123,8.8131,609.91,51.59,160,18.15,273,92,69,0.337,1.33,False," 

Raheem Sterling rejected a new deal with Liverpool, opting to reject a. 2. Raheem Sterling rejected a new contract negotiations with Liverpool were the article discusses the article discusses the article discusses Raheem Sterling rejected a new contract offer. 
2. Raheem Sterling rejected a new contract offer of the article discusses Raheem Sterling rejected a new contract offer from the article discusses Raheem Sterling rejected a. Raheem Sterling rejected a. 
2. Raheem Sterling rejected a new contract offer, 2. Raheem Sterling rejected a 2. Raheem Sterling rejected a new contract offer. 2. The article discusses Raheem Sterling rejected a new contract offer from the article discusses Raheem Sterling rejected a new contract offer of the article",False,True,captured
cnndm_1832,cnndm,0.6B,4,stochastic,123,7.9457,244.58,48.43,160,20.14,267,94,67,0.3521,1.4,False, Eden Hazard believes Chelsea are close to the Premier League title after a 2-1. The article discusses the title after a  League title after a 2- League title after a 200 League title after a  League title after a  League title after a 20 League title after a  League title after a  League title after a  League title after a 2000 League title after a 20 League title after a  League title after a 20201. In the title after a  League title after a  League title after a  League title after a  League title after a 20000 League title after a 20000 League title after a  League title after a  League title after a,False,True,captured
cnndm_1861,cnndm,0.6B,4,stochastic,123,7.773,297.35,47.02,160,20.58,256,95,65,0.3711,1.46,False," Melissa Wilson and her team-mates are set to compete in the women's Oxford-Cambridge Boat Race in the women are set to compete in the women are set to compete in the Cambridge Women's Boat Race in the women are set to compete in the Cambridge Women's Boat Crew from Cambridge Women's Boat Race on the brink of making history as well as Caroline Reid are set to compete in the women's Oxford-Cambridge Boat Race for the Cambridge Women's Boat Crew are set to compete in the Cambridge Women's Boat Crewmates are set to compete in the women's Oxford-Cambridge Boat Race, the Cambridge Women's Boat Crew are set to compete in the Cambridge Women's Boat Crew are set to compete in the women are set to compete in the women are set to compete in the women are",False,True,captured
cnndm_2032,cnndm,0.6B,4,stochastic,123,10.0228,437.0,60.29,160,15.96,323,78,82,0.2415,0.95,False," 

Ronny Deila is trying to extend Jason Denayer, Ronny Deila is seeking to extend a few sentences.

Celtic manager Ronny Deila is looking to extend to try to convince Manchester City defender Jason Denayer, Ronny Deila is seeking to extend to keep Manchester City defender Jason Denayer and head coach Ronny Deila is seeking to extend to keep Jason Denayer and player Ronny Deila is seeking to extend the article discusses potential signings. Ronny Deila is seeking to extend their Scottish football manager Ronny Deila is seeking to extend loan deal with the article summary
Ronny Deila is seeking to extend the article
Ronny Deila is seeking to extend the article, Ronny Deila is seeking to extend the article discusses the possibility to try",False,True,captured
cnndm_2033,cnndm,0.6B,4,stochastic,123,6.8163,361.27,40.6,160,23.47,219,105,56,0.4795,1.88,False," Raymond Billam,  Raymond Billam,  Raymond Billam, 40, a 40, a 40, a 40-year-old former contractor for his pub football team, 40, a 40, fraudultraff, a 40-year-old, 40, a benefits cheat who claimed to avoid jail. Raymond Billam,  Raymond Billam,  Raymond Billam,  Raymond Billam,  Raymond Billam,  Raymond Billam,  Raymond Billam, 40, a pub football team and 40, a 40-year-old Raymond Billam,  Raymond Billam,  Raymond Billam,  Raymond Billam,  Raymond Billam, 40, a 4",False,True,captured
cnndm_2043,cnndm,0.6B,4,stochastic,123,6.0485,156.96,37.05,160,26.45,205,109,52,0.5317,2.1,False," The new chief executive of Rotherham council may be paid up to £40,00ham council could be paid up to be paid up to £40ham council could be paid up to be paid up to £40,000ham council may be paid up to £40,00ham council may be paid up to £40,00ham council may be paid up to £40,00ham council may receive up to £40,000ham council may receive up to be paid up to £40,000ham council may receive up to be paid up to £40,00ham council may receive up to be paid up to £40,000ham council may receive up to",False,True,captured
cnndm_2082,cnndm,0.6B,4,stochastic,123,7.0621,245.59,42.87,160,22.66,236,101,60,0.428,1.68,False," 
Liverpool midfielder Philippe Coutinho believes winning the FA Cup would save their season, aspires that winning the FA Cup would save their season, believes winning the FA Cup would save their season, believes winning the FA Cup would save their season, with the FA Cup silverware could be...
Okay, I think winning the FA Cup would save their season, aspires that winning the FA Cup believes winning the FA Cup would save their season, believes winning the FA Cup would save their season, with the FA Cup could save their season by believes winning the FA Cup would save their season, aspires that winning the FA Cup would save their season, believes winning the FA Cup is convinced that winning the FA Cup quarter-final replay at Blackburn on Tuesday said winning the FA Cup would save their season by the FA Cup",False,True,captured
cnndm_2105,cnndm,0.6B,4,stochastic,123,8.5304,396.89,51.15,160,18.76,276,91,70,0.3297,1.3,False," 

Arsenal has won 

Arsenal has won seven on the spin in the Premier League matches in the Premier League matches in the Premier League matches in the Premier League, but is a significant matches in the Premier League, but the Premier League matches in the Premier League, but they've won seven on the spin in the Premier League and maintained their first-half slaughter against Liverpool in the Premier League, but failed to secure a top-four finish in the Premier League, but they are not a notable matches in the Premier League, showcasing their strengths in the Premier League title, but they are not a significant number of the Premier League matches in the Premier League, but have shown to secure a top-four finish in the Premier League, showcasing their strengths in the Premier League, but has shown to be a top-four",False,True,captured
cnndm_2117,cnndm,0.6B,4,stochastic,123,6.627,502.15,38.52,160,24.14,205,109,52,0.5317,2.1,False," 

- A video shows 

- A video shows a deputy hitting a deputy hitting a heavily pregnant Iraq war veteran Deanna Robinson, a heavily pregnant Iraq war veteran Deanna Robinson, a deputy hitting a heavily pregnant Iraq war veteran Deanna Robinson, a heavily pregnant Iraq war veteran Deanna Robinson, a heavily pregnant Iraq war veteran Deanna Robinson, a deputy hitting a heavily pregnant Iraq war veteran Deanna Robinson, a heavily pregnant Iraq war veteran Deanna Robinson, a 38 weeks pregnant woman, Deanna Robinson, a heavily pregnant Iraq war veteran Deanna Robinson, a heavily pregnant Iraq war veteran Deanna Robinson, a  A video has emerged showing a deputy hitting a heavily pregnant Iraq war veteran Deanna Robinson, a deputy hitting a heavily pregnant Iraq war veteran Deanna Robinson, a heavily pregnant",False,True,captured
cnndm_2232,cnndm,0.6B,4,stochastic,123,7.9166,400.62,47.27,160,20.21,254,96,64,0.378,1.5,False," 

1. Marcos Rojo, a defender for Manchester United defender for a defender for Manchester United defender for a vacation in Portugal with his family and friends in Portugal during a week off from Manchester United defender for Manchester United defender Marcos Rojo, a defender for Manchester United, a defender for Manchester United, a Manchester United defender Marcos Rojo, a defender for Manchester United was seen enjoying a defender for a defender for Manchester United, a defender for Manchester United was seen enjoying a vacation in Portugal with family and friends in Portugal during a week off from Manchester United defender Marcos Rojo, a defender for Manchester United was seen enjoying a vacation in Portugal during a week off in Portugal during a week off in Portugal during a week off for a defender for Manchester United, a defender for Manchester United defender for Manchester United defender",False,True,captured
cnndm_2253,cnndm,0.6B,4,stochastic,123,10.0294,456.64,60.21,160,15.95,324,80,81,0.2469,0.99,False," The article reports that Leeds Rhinos have taken a professional rugby team member Zak Hardaker, the Rhinos have taken a rugby team player Zak Hardaker, the Rhinos have taken a strict club has taken a strong disciplinary actions, a professional rugby league club has taken disciplinary actions against Zak Hardaker was involved in a violent incident in February, after a violent incident in a violent incident in February involving a student at a full back Zak Hardaker, a professional rugby league club Leeds Rhinos have taken disciplinary action. Rhinos have punished Zak Hardaker, a professional rugby league club Leeds Rhinos have taken disciplinary actions against player Zak Hardaker, a full back Zak Hardaker has taken a strong punishment for the Rhinos have taken disciplinary action has taken the Rhinos have taken disciplinary action against Zak Hardaker",False,True,captured
cnndm_2285,cnndm,0.6B,4,stochastic,123,8.3439,211.61,51.15,160,19.18,280,89,71,0.3179,1.25,False," Jack Nicklaus, the Jack Nicklaus, the greatest golfer, 75-year-old golfing golfer, at 75-year-old golfing legend of all-time-greatest golfer, is 75-year-old golfer, made a hole-in-75-year-old golfer, made a hole-in-one during the Par-3 Contest, 750 greatest golfer of all time-highest golfer, at 75-year-old golfer, at 75, Jack Nicklaus, the greatest golfer of all time of all-time-greatest golfer of all time of all time of all time, the greatest golfer of all-time-greatest golfer of all time, hit a hole-in-one during the Par-3 Contest, the greatest",False,True,captured
cnndm_2288,cnndm,0.6B,4,stochastic,123,8.7767,384.28,52.78,160,18.23,285,88,72,0.3088,1.22,False," 

In the 201st season, Liverpool's player of the season, Luis Suarez was the player of the article, Liverpool season, Luis Suarez was Luis Suarez was the player of the season, Luis Suarez was the player of the season, Luis Suarez was the player of the season, Luis Suarez was Liverpool season, Luis Suarez was the clear, Liverpool season, Luis Suarez was the clear, the article discusses the article, Luis Suarez was the player of the season, Luis Suarez was Liverpool season, Liverpool season, Luis Suarez was the player of the season, Luis Suarez was Liverpool season, Liverpool season, Luis Suarez was the player of the article, Luis Suarez was Liverpool season, Luis Suarez was Luis Suarez was the player of the season, Luis Suarez was the clear, the article discusses Liverpool season",False,True,captured
cnndm_2357,cnndm,0.6B,4,stochastic,123,8.3202,604.86,48.52,160,19.23,257,96,65,0.3735,1.48,False," 

Andy Lee, the reigning WBO middleweight champion middleweight champion, faced Peter Quillin in New York middleweight champion middleweight champion middleweight champion, faced Peter Quillin in ailing, and Peter Quillin, faced Peter Quillin, faced Peter Quillin in New York middleweight champion middleweight champion, will leave New York with his head held high after a dramatic 1202020202312-round middleweight champion middleweight champion, faced Peter Quillin in New York middleweight champion, faced Peter Quillin in New York middleweight champion, fought Peter Quillin, a 31-year-old reigning WBO middleweight champion middleweight champion, faced Peter Quillin in New York middleweight champion, fought Peter Quillin in New York middle",False,True,captured
cnndm_2424,cnndm,0.6B,4,stochastic,123,8.9888,372.48,54.19,160,17.8,294,86,74,0.2925,1.16,False," Mario Balotelli, Mario Balotelli, Mario Balotelli, was absent for his absence, and Liverpool's absence, and Liverpool's £16million striker, was absent for Liverpool's £16million striker, the £16million striker, was absent for Liverpool's £16million striker for his temperature, and Liverpool's £16million striker, was absent for Liverpool's £16million striker for his absence, Liverpool's £16million striker for Liverpool's £16million striker for his absence in response to critics, including the £16million striker, and Liverpool's absence, who was absent for Liverpool's £16million striker for Liverpool's £16million striker for Liverpool's £16million striker for Liverpool, and Liverpool's £",False,True,captured
cnndm_2434,cnndm,0.6B,4,stochastic,123,8.8148,732.22,50.83,160,18.15,265,94,67,0.3547,1.4,False," 

Rory McIlroy is the favorite to win the Masters, the article discusses the article discusses the potential to win the Masters, completing the article discusses the potential for the article discusses the potential for Rory McIlroy is the favorite to win the article discusses the upcoming Masters victory at Augusta National, where he is set to win the Masters and Bubba Watson, and Bubba Watson, the world No. 

Rory McIlroy is a top of the article discusses the potential to win the Masters, the article discusses the possibility of rain-so, the article discusses the potential to win the Masters, completing the article discusses the potential for the world No. 1 is the favorite to win the article discusses the upcoming Masters, which is a is the article discusses the potential for Rory Mc",False,True,captured
cnndm_2505,cnndm,0.6B,4,stochastic,123,9.1236,531.16,54.04,160,17.54,285,89,72,0.3123,1.24,False," Patrick Bamford, on loan from Chelsea, scored his loan from Chelsea, equalled from Chelsea loan from Chelsea loan from Chelsea loan from Chelsea, equalled Middlesbrough's loan from Chelsea, equalled Middlesbrough, on loan from Chelsea, scored 3 loan from Chelsea, equalled Middlesbrough, loan from Chelsea, scored 3 loan from Chelsea, scored 1 loan from Chelsea, scored 15 goals for Chelsea loan from Chelsea, equalled Middlesbrough's automatic promotion bid by the loan from Chelsea, scored 15 goals, helped Middlesbrough secure his loan from Chelsea, scored 15 goals for Middlesbrough, on loan from Chelsea, scored 15 goalscor from Chelsea loan from Chelsea, equalled Middles",False,True,captured
cnndm_2708,cnndm,0.6B,4,stochastic,123,8.2133,752.5,46.92,160,19.48,243,100,61,0.4115,1.64,False," Aaron Ramsey scored a dramatic goal in the FA Cup final, the FA Cup final against Burnley, dedicating it to his late extra-time to win against Burnley's FA Cup final against Burnley in the FA Cup final against Burnley, the FA Cup final, the FA Cup final, the FA Cup final against Burnley, the FA Cup final, the FA Cup final against Burnley, dedicating it to his late extra-time to win the FA Cup final against Burnley's FA Cup final, dedicating it to his late extra-time to win the FA Cup final, the FA Cup final, the FA Cup final against Burnley's FA Cup final, dedicating it to his 20 the FA Cup final against Burnley, dedicating it to his late extra-time to win",False,True,captured
cnndm_2716,cnndm,0.6B,4,stochastic,123,7.1421,271.96,43.21,160,22.4,236,102,59,0.4322,1.73,False," Angelique Kerber won the Family Circle Cup, defeating Madison Keys in the Family Circle Cup, defeating Madison Keys in a WTA title at the Family Circle Cup, defeating Madison Keys in the Family Circle Cup, defeating Madison Keys in a WTA title at the Family Circle Cup, defeating Madison Keys in a WTA title at the Family Circle Cup, defeating Madison Keys in a hard-fam the Family Circle Cup, defeating Madison Keys in the Family Circle Cup, defeating Madison Keys in the Family Circle Cup in the Family Circle Cup, defeating Madison Keys in a WTA title at the Family Circle Cup, the Family Circle Cup, defeating Madison Keys in a WTA title at the Family Circle Cup, defeating Madison Keys in a three-set against Madison Keys in the Family Circle Cup, defeating Madison Keys in a",False,True,captured
cnndm_2723,cnndm,0.6B,4,stochastic,123,9.1656,409.77,55.07,160,17.46,298,86,75,0.2886,1.15,False," Lewis Hamilton asserts readiness for Nico Rosberg's potential underhand tactics, citing past tactics if Rosberg's potential underhand tactics, his tactics if Rosberg's potential underhberg's potential underhand tactics, following his recent outburst, who may attempt any underhberg's potential underhand tactics after his recent underhand's potential underhand tactics after his recent outburst, and his team-mate's potential underhberg's potential underhberg's potential underhberg's potential underhberg's potential underhanded tactics if Rosberg's potential underhberg's potential underhberg's potential underhberg's potential underhberg's potential underhanded tactics if he asserts readiness for Nico Rosberg's recent underhand tactics after his recent outburst's potential underhberg's",False,True,captured
cnndm_2754,cnndm,0.6B,4,stochastic,123,7.6722,149.52,47.31,160,20.85,264,94,66,0.3561,1.42,False," Oriol Romeu, Oriol Romeu, a Chelsea's on loan at Stuttgart, and Martin Keown predict the weekend Premier League, and Martin Keown predict the weekend Premier League, and Martin Keown predict weekend predictions for the Chelsea's predictions for the weekend's Premier League, and Martin Keown predict the weekend's Premier League, and Martin Keown predict the weekend's Premier League and FA Cup fixtures, and Martin Keown predict weekend predictions, and Martin Keown predict weekend Premier League, a Chelsea's on loan midfielder, and Martin Keown predict the weekend's Premier League, and Martin Keown predict the weekend's Premier League, a Chelsea midfielder on loan at Stuttgart, and Martin Keown predict weekend Premier League, and Martin Keown predict weekend Premier League, FA Cup semi-final,",False,True,captured
cnndm_2790,cnndm,0.6B,4,stochastic,123,6.9099,203.04,42.18,160,23.16,232,103,58,0.444,1.78,False," 

A body was found during a major air-sea body of a body of a kayaker, following a body of a 54-year-old Stephen Taylor, a body of a kayaker, Stephen Taylor, a body of a kayaker Stephen Taylor, a body of a kayaker, following a major air-sea search efforts to locate a body of a kayaker Stephen Taylor, a body was found after a search mission to find a body of a kayaker, after a major air-sea body of a kayaker Stephen Taylor, a 54-year-old Stephen Taylor, a 54-year-old Stephen Taylor, a 54-year-old Stephen Taylor, a 54-year-old Stephen Taylor, a 54-year-old Stephen Taylor, a 54-year-old",False,True,captured
cnndm_2797,cnndm,0.6B,4,stochastic,123,9.4692,307.63,57.62,160,16.9,317,81,80,0.2555,1.01,False," 

Nathaniel Clyne has been named as the article: Nathaniel Clyne, a key points out of Southampton defender for the article discusses his position as England's article summary: The article discusses his first choice right-back for the article discusses his potential to leave Southampton defender for England's key points out of the article discusses the article discusses his desire to play in the Champions League football, a defender for Southampton has been named as England's first-choice right-back for the Saints has been named as England's first-choice right-back for the Saints has been named England's first-choice right-back, who is a  has been named as England's first-choice right-back for the Saints defender for the Saints has been named England's first-choice right-back by Roy Hodgson, a  has been named England's",False,True,captured
cnndm_2835,cnndm,0.6B,4,stochastic,123,9.6152,309.44,58.53,160,16.64,319,81,80,0.2539,1.01,False," The Margaret River Pro surfing competition, a surfing competition, a challenging surf competition, highlighting the challenges of the Margaret River Pro surfing competition, highlighting the challenges of the break, highlighting the challenges of the 's River Pro surfing competition, highlighting the challenges of the 's River Pro surf competition, highlighting the dangerous surf competition, the Margaret River Pro surfing competition, highlighting the dangerous surf competition, highlighting the dangerous surf competition, a prestigious Margaret River Pro surfing competition, a challenging surf break at the Margaret River Pro, the article discusses the Margaret River Pro surfing competition, highlighting the dangerous surf break known for the Margaret River Pro surfing competition, highlighting the dangerous surf break known for its challenges and the Margaret River Pro surfing competition, highlighting the Margaret River Pro surfing competition, highlighting the challenges of the 's River Pro surf",False,True,captured
cnndm_2929,cnndm,0.6B,4,stochastic,123,7.6948,363.29,46.11,160,20.79,252,97,63,0.3849,1.54,False," Andrew Flintoff has called on the English cricket fans to support for the English cricket fans to support for the English cricket fans to support Alastair Cook to support for Alastair Cook to support Alastair Cook to support Alastair Cook to show support for Alastair Cook to support Alastair Cook to support Alastair Cook to show support for Alastair Cook to support Alastair Cook, urging the English cricket fans to support Alastair Cook to support Alastair Cook, in the English cricket fans to support Alastair Cook to support Alastair Cook, in the English cricketing on the English cricket fans to support Alastair Cook to support Alastair Cook to support Alastair Cook to support Alastair Cook to support Alastair Cook",False,True,captured
cnndm_3009,cnndm,0.6B,4,stochastic,123,6.7361,257.52,40.75,160,23.75,224,105,56,0.4688,1.88,False," Gael Monfils defeated Roger Federer 33333-year-old Roger Federer 33-year-old Roger Federer 33-year-old Roger Federer 33-year-old Roger Federer 33-year-old Roger Federer 33-year-old Roger Federer 33-year-old tennis legend Roger Federer 33-year-old Roger Federer 33-year-old Roger Federer 33-year-old tennis legend Roger Federer 6-4, the 33-year-old Roger Federer 33-year-old Roger Federer 33-year-old Roger Federer 33-year-old tennis star tennis legend Roger Federer in a 33-year-old Roger Federer 33-year-old Roger Federer 33-year-old",False,True,captured
cnndm_3017,cnndm,0.6B,4,stochastic,123,6.9633,199.83,42.54,160,22.98,236,101,59,0.428,1.71,False, Australia captain Michael Clarke believes Kevin Pietersen could return to red-ball cricket. Kevin Pietersen could play in this summer's Ashes Test player Kevin Pietersen could play could play in Kevin Pietersen could return to red-ball player Kevin Pietersen could return to red-ball specialist batsman Kevin Pietersen could play in this summer's Kevin Pietersen could return to red-ball specialist batsman Kevin Pietersen could return to red-ball specialist Kevin Pietersen could return to cricket star player Kevin Pietersen could play in this summer's Kevin Pietersen could return to red-ball specialist batsman Kevin Pietersen could play in this summer's Ashes Test series. The former England player Kevin Pietersen could play in this summer's Kevin Pietersen could return,False,True,captured
cnndm_3098,cnndm,0.6B,4,stochastic,123,12.7868,1162.81,73.11,160,12.51,367,67,93,0.1826,0.72,False," a long-term vision for the team. In the long-term vision for the club.  . The article discusses the club. The future. Both clubs are likely to be. However, City’s future. But the future. However, the question. It is to be competitive success. The summer. Both clubs will be to get it is that could be to remain in the top flight. The summer. 2015. The future. It is also. However, it is not just as well beyond the current squad. The summer. United are both in mind. There is a sense. The two years ahead of the club. The summer. In the end, the summer. It is not a long-term vision for the club. United are now that is not just for the club",False,True,captured
cnndm_3130,cnndm,0.6B,4,stochastic,123,7.9666,398.44,47.6,160,20.08,255,96,65,0.3765,1.48,False," 

Borussia Dortmund 

Borussia Dortmund coach Jurgen Klopp has announced his decision

Borussia Dortmund coach Jurgen Klopp announced that he will bezeichnet

Jurgen Klopp, the German football club's coach, Jurgen Klopp 

Borussia Dortmund coach Jurgen Klopp announced his decision to leave the club president and the German football club's head coach Jurgen Klopp, the club manager Jurgen Klopp has announced his coach Jurgen Klopp has announced that he will beheading to have confirmed that their manager Jurgen Klopp announced that he will be leaving the club's coach Jurgen Klopp announced that he will be leaving the club's coach Jurgen Klopp announced that coach Jurgen Klopp 

Borussia Dortmund 

Borussia Dortmund 

Borussia Dortmund 

Borussia Dortmund coach Jur",False,True,captured
cnndm_3227,cnndm,0.6B,4,stochastic,123,10.7224,905.9,61.74,160,14.92,317,81,80,0.2555,1.01,False," 

Adrian Heath, manager of Orlando City in his son of Orlando City's experiences and contributions to Everton and Manchester City former Everton and Manchester City former Everton and Manchester City midfielder and his experiences as a former Everton and Manchester City's journeymanaging 53, a former Everton and Manchester City former Everton and Manchester City midfielder and his current role as manager of Orlando City, is the manager of Orlando City's weekly pre-match press conference, a former Everton and Manchester City's experience and his son of Orlando City, a former Everton and Manchester City's journeying as the manager of Orlando City in his son Harrison, and his team manager of Orlando City, has been managing Orlando City's journeying the manager of Orlando City in his son Harrison, and Orlando City's manager of Orlando City, has been",False,True,captured
cnndm_3236,cnndm,0.6B,4,stochastic,123,7.8259,247.81,47.66,160,20.44,261,95,66,0.364,1.44,False," Rafael Nadal advanced to the quarter-finals of the Monte Carlo Masters after a close win over John Isner in the Monte Carlo Masters after defeating John Isner in the Monte Carlo Masters after a Monte Carlo Masters after a Monte Carlo Masters after a hard after a Monte Carlo Masters after a hard after a hard after defeating John Isner, defeating John Isner, while Roger Federer was defeated John Isner in a Monte Carlo Masters after a hard after a hard-fifth of the Monte Carlo Masters after a close victory over John Isner, defeating John Isner in a Monte Carlo Masters after defeating John Isner, defeating John Isner, defeating John Isner, defeating John Isner, while Roger Federer was defeated by defeating John Isner, defeating John Isner, defeating John Isner in the",False,True,captured
cnndm_3317,cnndm,0.6B,4,stochastic,123,8.7567,354.18,52.85,160,18.27,288,88,72,0.3056,1.22,False," 

David Cameron accused the BBC of spreading of spreading of spreading of spreading of ""b*******"" after claiming he BBC of spreading of ""b*******"" after claiming his favorite sport was foxhunting is a summary:

David Cameron accused the BBC of spreading of ""b*******"" after claiming he BBC of spreading misinformation, claiming he was miscommunication of spreading of a BBC of spreading misinformation by claiming his favorite sport was foxhunting is the BBC of spreading misinformation by the BBC of spreading misinformation, but later admitted a BBC of spreading misinformation after claiming he BBC of spreading misinformation after claiming his favorite sport was a BBC of spreading misinformation after claiming his favorite sport was a BBC of spreading misinformation after claiming his favorite sport of spreading of a BBC of spreading misinformation after claiming his favorite sport was a BBC of spreading misinformation after",False,True,captured
cnndm_3319,cnndm,0.6B,4,stochastic,123,8.0117,172.95,49.3,160,19.97,273,92,69,0.337,1.33,False," A man in a motorized wheelchair fell onto the wheelchair fell onto electrified subway tracks in Washington, D.C., metro was plied wheelchair fell onto electrified subway tracks in a motorized wheelchair fell onto electrified subway tracks in a motorized wheelchair fell onto the wheelchair fell onto electrified subway was plied wheelchair fell onto electrified wheelchair fell onto electrified subway was plucked from electrified subway tracks in Washington, D.C., wheelchair fell onto electrified subway tracks in a motorized wheelchair fell onto the man in a motorized wheelchair fell onto electrified subway tracks in Washington, D.Corrected wheelchair fell onto electrified subway tracks in Washington, D.C

A man in a motorized wheelchair fell onto the wheelchair fell onto electrified subway tracks in Washington, D. A man in a",False,True,captured
cnndm_3330,cnndm,0.6B,4,stochastic,123,9.1205,211.53,56.03,160,17.54,310,83,78,0.2677,1.06,False," James Milner is considering his future at Manchester City, weighing his future at Manchester City's future at Manchester City's future at Manchester City's future, but not playing a move to decide on his future at Manchester City's future at Manchester City's future, and is considering his future at Manchester City and potential moves to stay at Manchester City's future at Manchester City, with the option to join Liverpool's future at Manchester City, weighing his future at Manchester City's future at Manchester City until the end of the season to join Liverpool, pending his decision on his future at Manchester City, but not yet to join Liverpool, with Manchester City's future, pending his decision on his future at Manchester City, after his future at Manchester City, but not yet to decide on his future at Manchester City's future at",False,True,captured
cnndm_3381,cnndm,0.6B,4,stochastic,123,8.0977,249.85,49.36,160,19.76,272,92,68,0.3382,1.35,False," Tim Sherwood of Aston Villa offered encouragement to six-year-old fan Charlie Pye, a Villa has shown his encouragement to Charlie Pye, a six-year-old Charlie Pye, a
Okay, let me. Villa offered encouragement to  Villa offered encouragement to  Villa offered encouragement to  Villa, the football club offered encouragement to 6 Villa has written a letter to  Villa wrote a heartfelt letter to six-year-old fan Charlie Pye, a. Villa offered encouragement to 6-year-old Charlie Pye, a six-year-old fan Charlie Pye, the football club has written a letter to 6 Villa wrote a heartfelt letter to six-year-old fan Charlie Pye, the football club has written a letter to six-year-old Charlie Pye, the football club offered encouragement to 6-year",False,True,captured
cnndm_3607,cnndm,0.6B,4,stochastic,123,11.1534,580.78,66.49,160,14.35,354,72,89,0.2034,0.81,False," 

2. 

2. In the article discusses the difficulty defending against Arsene Wenger, during his pre-match press conference, the former Chelsea manager, the former Chelsea manager of Chelsea manager of Chelsea manager of Chelsea challenged Arsene Wenger, and Arsene Wenger, during his pre-match press conference, he dismissed the idea of defending as a defensive approach to Arsene Wenger have a former Chelsea manager, during his pre-match press conference on Thursday rejected the idea of focusing on the former Chelsea manager, and Arsene Wenger have a long-standing on Thursday resisted the idea of defending is in a Premier League history with Arsene Wenger have a long-standing rivalry with Arsene Wenger, and othered against Arsene Wenger, and other than to Arsene Wenger's pre-game. 

2. The article discusses the difficulty",False,True,captured
cnndm_3739,cnndm,0.6B,4,stochastic,123,8.5478,177.74,52.64,160,18.72,290,86,74,0.2966,1.16,False," 

Diego Maradona, a, the former footballer, the former footballer and his boxing training to the legendary footballer known for his iconic footballer, the legendary footballer known for his iconic  Maradona, the legendary footballer known for his iconic 1986 World Cup in  was known for his iconic footballer and his boxing training, the legendary footballer known for his iconic 1. Maradona, a, renowned for his  Maradona, widely regarded as one of the greatest footballer known for his iconic 1. 

Diego Maradona, renowned for his iconic footballer known for his iconic  (54-year-old former footballer and his boxing training, the legendary footballer known for his iconic  is a,",False,True,captured
cnndm_3838,cnndm,0.6B,4,stochastic,123,7.1952,271.97,43.54,160,22.24,240,100,60,0.4167,1.67,False," Rafael Nadal defeated Nicolas Almagro reached the Barcelona Open third round with a 6-3rd round three rounds three rounds in the third round of the Barcelona Open third round of the Barcelona Open third round of the Barcelona Open third round in the third round of the Barcelona Open third round, 6-3 6-3rd round three in the third round of the Barcelona Open third round, 6-3 6-3rd round of the Barcelona Open third round, 6-3 6-3 6-3 6-3rd round in the third round of the Barcelona Open third round, aiming for the Barcelona Open third round, aiming for the third round of Barcelona Open third round, 6-3 6-3 6-3 6",False,True,captured
cnndm_4036,cnndm,0.6B,4,stochastic,123,7.7416,170.68,47.62,160,20.67,264,94,66,0.3561,1.42,False," Juventus are monitoring Raheem Sterling's situation at Liverpool as a potential transfer and are interested in acquiring Raheem Sterling's situation at Liverpool as a potential transfer target Raheem Sterling's situation at Liverpool, but are monitoring Raheem Sterling's situation at Liverpool, aum Sterling's situation at Liverpool, aiming to sign of Liverpool's Raheem Sterling's situation at Liverpool as a potential transfer target, and they are interested in Raheem Sterling's situation at Liverpool, but are unlikely to leave a potential transfer of Liverpool's Raheem Sterling's situation at Liverpool as a potential transfer target, Raheem Sterling's situation at Liverpool, a Liverpool's situation at Liverpool, Raheem Sterling's situation at Liverpool, Raheem Sterling's situation at Liverpool as they are interested in Ra",False,True,captured
cnndm_4058,cnndm,0.6B,4,stochastic,123,8.1036,263.81,49.31,160,19.74,271,92,69,0.3395,1.33,False," Steven Naismith, Steven Naismith, has been awarded the Barclays Spirit of Everton forward for his selfless charity work with his selfless charity work, community work with his work with his work with Job Centre Plus, a forward for his selfless charity work, has been awarded the Barclays Spirit of the Game Award, a forward for Everton forward for his selfless charity work with his community work with his efforts, has been awarded the Barclays Spirit of the Game Awarded for his generosity off-the 28-year-old Everton forward, has been awarded the Barclays Spirit of the Game Awarded the Everton forward, has been awarded the Barclays Spirit of the Game Award, has been awarded the Barclays Spirit of the Game Awarded the Barclays Spirit of the Game Awarded the Barclays Spirit of the Everton forward",False,True,captured
cnndm_4149,cnndm,0.6B,4,stochastic,123,7.0339,302.14,42.34,160,22.75,231,101,59,0.4372,1.71,False," Michael Carrick has made nine competitive starts for England, nine competitive starts for England, but nine competitive starts for England, but nine competitive starts for England, nine competitive starts for England, nine competitive starts for England's nine competitive starts for England, nine competitive starts for England, but nine competitive starts for England, nine competitive starts for England's international appearances for England, nine competitive starts for England, nine competitive starts for England's international career with England, nine competitive starts for England's international appearances for England, but nine competitive starts for England's international appearances for England, but nine competitive starts for England, nine competitive starts for England, nine competitive starts for England, nine competitive starts for England, but nine competitive starts for England's international team for England, nine competitive starts for England's international team, nine",False,True,captured
cnndm_4226,cnndm,0.6B,4,stochastic,123,7.2182,289.53,43.58,160,22.17,239,101,60,0.4226,1.68,False," Smita Srivastava, an Indian woman from Allahabad, Uttar Pradesh, currently holds the Indian woman from Allahabad, an Indian woman from Allahabad, Uttar Pradesh, currently holds the record for the Indian woman from Allahabad, Uttar Pradesh, an Indian woman from Allahabad, Uttar Pradesh, is an Indian woman from Allahabad, Uttar Pradesh, currently holds the record for her hair is an Indian woman from Allahabad, Uttar Pradesh, is an Indian woman from Allahabad, an Indian woman from Allahabad, an Indian woman from Allahabad, Uttar Pradesh, currently holds the Indian woman from Allahabad, an Indian woman from Allahabad, an Indian woman from Allahabad, an Indian woman from Allahabad, an Indian woman from Allahabad, Uttar Pradesh, an Indian woman from",False,True,captured
cnndm_4258,cnndm,0.6B,4,stochastic,123,7.8969,396.36,47.17,160,20.26,256,96,64,0.375,1.5,False," UEFA has charged Barcelona manager Pep Guardiola for wearing a non-sporting nature, citing an incident of the Spanish footballer Pep Guardiola for wearing a t-shirt demanding justice for journalist who was charged Pep Guardiola for wearing a non-sporting nature’ Pep Guardiola for wearing a  Pep Guardiola for wearing a t-shirt demanding justice for a non-sporting nature. Pep Guardiola for wearing a non-sporting nature. Pep Guardiola for wearing a t-shirt demanding justice for journalist Jorge Lopez, Pep Guardiola for wearing a non-sporting nature’ Pep Guardiola for wearing a t-shirt demanding justice for a non-sporting nature. Pep Guardiola for wearing a non-sporting nature, Pep Guardiola for wearing a Barcelona manager Pep Guardiola for wearing a",False,True,captured
cnndm_4375,cnndm,0.6B,4,stochastic,123,10.989,810.53,64.02,160,14.56,333,77,84,0.2312,0.92,False," 

Floyd Mayweather and Manny Pacquiao's fight in the article discusses his rival Manny Pacquiao's fight, the article is the article talks are set to the article discusses his opponent Manny Pacquiao's fight against Manny Pacquiao's fight, the most of the biggest fight, the most of the most of the article discusses his rival Manny Pacquiao's highly anticipated the article discusses the intense competition. Manny Pacquiao's highly anticipated boxing legend Manny Pacquiao's fight, which is the article discusses the intense competition, with the article discusses the intense competition for the fight for the fight are set to face off the article discusses the intense competition, the highly anticipated boxing legend Manny Pacquiao's fight are set to face off in the article, the article discusses the intense competition",False,True,captured
cnndm_4559,cnndm,0.6B,4,stochastic,123,6.1546,337.5,36.59,160,26.0,199,111,50,0.5578,2.22,False," 

Reality TV star and singer Lil' Chris, whose real name was Chris Hardman, singer Lil' Chris, singer Lil' Chris, whose real name was Chris Hardman, whose real name was Chris Hardman, known asinger Lil' Chris, singer Lil' Chris, whose real name was Chris Hardman, known as Lil' Chris, singer Lil' Chris, whose real name was Chris Hardman, known as Lil' Chris, whose real name was Chris Hardman, known as Lil' Chris, whose real name was Chris Hardman, known as Lil' Chris, singer Lil' Chris, whose real name was Chris Hardman, known as Lil' Chris, singer Lil' Chris, whose real name was Chris Hardman, known asinger Lil' Chris, whose real name was",False,True,captured
cnndm_4589,cnndm,0.6B,4,stochastic,123,7.5862,216.31,46.35,160,21.09,256,96,64,0.375,1.5,False," 

Mazzy, a four-year-old girl paralyzed from the chest down due to her mother Brein Bjorson Marzano, a four years old, is a four years old, is a four-year-old girl with Spina Bifida, a four-year-old girl paralyzed from the chest down due to her mother Brein Bjorson Marzano's birthday, a four-year-old girl paralyzed from the chest down from the article. a four-year-old girl paralyzed from the chest down due to her mother Brein Bjorson, a four-year-old girl paralyzed from the chest down due to her mother Brein Bjorson, a four-year-old girl who is paralyzed from the four years old and her mother Brein Bjor the four years old, a four-year-old girl paralyzed",False,True,captured
cnndm_4621,cnndm,0.6B,4,stochastic,123,7.4823,267.3,45.38,160,21.38,249,98,63,0.3936,1.56,False," 

In a tragic incident 

A Canadian tourist, a Canadian tourist, Debra Fortin, a Canadian tourist Debra Fortin, a Canadian tourist Debra Fortin, a Canadian tourist Debra Fortinvolving the Great Wall of China, a Canadian tourist, Debra Fortin, a Canadian tourist Debra Fortin, a Canadian tourist Debra Fortinvolving a Canadian tourist, Debra Fortin, a Canadian tourist, Debra Fortin, a Canadian tourist Debra Fortin, a Canadian tourist Debra Fortin, a Canadian tourist Debra Fortinvolving a Canadian tourist and subsequent to the death at the Great Wall of China's aftermath, a Canadian tourist, Debra Fortin, a Canadian tourist, Debra Fortin, a Canadian tourist, Debra",False,True,captured
cnndm_4659,cnndm,0.6B,4,stochastic,123,8.449,858.29,47.74,160,18.94,247,99,62,0.4008,1.6,False," 

A Libyan rapper, 

A Libyan rapper named Volcano, known as 'Volcano', has released a music video set to be called 'Volcano, known as 'Volcano', Volcano, known as 'Volcano', Volcano, known as 'Volcano, has released a music video set to be called 'Volcano, known as 'Volcano', Volcano, has released a music video set to be known as 'Volcano', known as 'Volcano', known as 'Volcano, has released a music video featuring him performing in a 31-year-old Volcano, has released a music video set to be known as 'Volcano', named Volcano, has released a music video set in his name Volcano, has released a 31-year-old",False,True,captured
cnndm_4663,cnndm,0.6B,4,stochastic,123,6.9717,663.04,39.68,160,22.95,207,109,52,0.5266,2.1,False," 

- James Houlder 

- IBS 

- James Houlder and his girlfriend Vicki Hood 

- James Houlder and his girlfriend Vicki Hood 

- James Houlder and his girlfriend Vicki Hood, 30, 30

- James Houlder and his girlfriend Vicki Hood 

- James Houlder and his girlfriend Vicki Hood 

- James Houlder and his girlfriend Vicki Hood 

- James Houlder 

- James Houlder 

- James Houlder and his girlfriend Vicki 

- James Houlder and his girlfriend Vicki Hood 

- James Houlder and his girlfriend Vicki Hood 

- 

- 

- Alex Comley 

- James Houlder and his girlfriend Vicki Hood 

- IBS 

- Vicki Hood 

- Sonesta Beach Resort",False,True,captured
cnndm_4786,cnndm,0.6B,4,stochastic,123,9.4555,1051.03,52.86,160,16.92,266,94,67,0.3534,1.4,False," 

1. The article discusses Jamie Carragher criticizes Newcastle United goalkeeper Tim Krultraces a sports commentator Jamie Carragher criticizes Newcastle United goalkeeper Tim Krultraces the article discusses Jamie Carragher criticizes Newcastle United goalkeeper Tim Krul's main topic is about Jamie Carragher criticizes Newcastle United goalkeeper Tim Krul's main topic is about the controversy centers on Sportsmail's main topic is about Jamie Carragher criticizes Newcastle United goalkeeper Tim Krul's main focus on Sportsmail's Jamie Carragher criticizes Newcastle United goalkeeper Tim Krultraces the controversy centers on Jamie Carragher criticizes Newcastle United goalkeeper Tim Krul's main focus is on Jamie Carragher criticizes Newcastle United goalkeeper Tim Krultraces the controversy surrounding a heatedly discusses Jamie Carragher criticizes Newcastle United goalkeeper",False,True,captured
cnndm_4943,cnndm,0.6B,4,stochastic,123,6.6677,375.54,39.57,160,24.0,213,107,54,0.5023,1.98,False," Jon Huxley, a hotel owner in Folkestone, Kent, Folkestone, Folkestone, Kent, Folkestone, Kent, Folkestone, Kent, Folkestone, Kent, is considering converting his hotel in Folkestone, Kent, Folkestone, Kent, Folkestone, Kent, Folkestone, Kent, is considering converting his hotel in Folkestone, Kent, is considering converting his hotel into a swingers' Westward Ho! in Folkestone, Kent, Folkestone, Kent, Folkestone, Kent, Folkestone, Kent, Folkestone, Kent, is planning to convert his  Folkestone, Kent, Folkestone, Kent, is planning to convert his hotel Westward Ho! in Folke",False,True,captured
cnndm_4993,cnndm,0.6B,4,stochastic,123,8.2992,767.54,47.37,160,19.28,248,99,62,0.3992,1.6,False," The article discusses the discovery of nearly 2,00 of nearly 2,00 of nearly 2,0 of nearly 2,00 of nearly 2,0 of nearly 2, in Naours, France's of nearly 2,00 of nearly 2,0 of nearly 2,0 of nearly 2,0 of nearly 2,0 of nearly 2, in Naours, France, in France of nearly 2,00 of nearly 2,0 of nearly 2, in a large number of well-preserved graffiti left by First World War soldiers left by First World War: Nearly 2,00 of nearly 2,0 of nearly 2,0 of nearly 2, in Naours, France",False,True,captured
cnndm_5012,cnndm,0.6B,4,stochastic,123,10.0294,516.39,59.83,160,15.95,319,80,81,0.2508,0.99,False," 

Facial exercises have 

Facial exercises have been used for centuries of the potential to improve appearance through the potential to do have been used for centuries to do the potential to improve appearance through regular, according to the article, according to the article, been a long history dating back to ancient roots in the past and have been used for centuries to do, according to the article, according to the article, been used for centuries been practiced for centuries of the  been a long history, according to the article, according to the article, according to the article, been practiced for centuries, according to the article, according to the article, been practiced for centuries, withstood as a long been used for centuries been practiced for centuries, withstood the potential to improve appearance by Sarah's face, according to",False,True,captured
cnndm_5034,cnndm,0.6B,4,stochastic,123,8.0823,434.99,48.1,160,19.8,257,95,65,0.3696,1.46,False," Candice Swanepoel has been in a  el has been featured in Max Factor's beauty campaign as Marilyn Monroe, a 26-year-old South African model has been in a Max Factor's latest Max Factor's latest beauty campaign for Max Factor's latest beauty campaign for Max Factor's latest campaign as Marilyn Monroe in a 26-year-old South African model has been featured in Max Factor's latest campaign as Marilyn Monroe, a 26-year-old South African model has been featured in Max Factor's latest campaign as Marilyn Monroe, reimagined as Marilyn Monroe. **

Candice Swanepoel has been working with Max Factor's latest Max Factor's latest campaign as Marilyn Monroe, replicates in Max Factor's latest campaign features in a Max Factor's latest campaign features in",False,True,captured
cnndm_5061,cnndm,0.6B,4,stochastic,123,7.9722,396.89,47.64,160,20.07,257,95,65,0.3696,1.46,False," California Governor Jerry Brown has ordered state officials to impose mandatory water restrictions for the first time restrictions on Wednesday, implementing mandatory water restrictions on Wednesday, imposing mandatory water restrictions for the first-time water restrictions for the first time in the state to impose mandatory water restrictions for the first-time water restrictions for the first time restrictions on Wednesday, for the first time in history-making state officials to impose mandatory water restrictions for the first time restrictions on water restrictions for the first time to impose mandatory water restrictions for the first time in history-making mandatory water restrictions for the first-time water restrictions for the first-time water restrictions for the first-time water restrictions for the first-time water restrictions for the state officials to implement mandatory water restrictions for the first-time water restrictions for the first-time water restrictions for the first-time water restrictions for the first-time",False,True,captured
cnndm_5118,cnndm,0.6B,4,stochastic,123,12.039,394.57,73.24,160,13.29,395,61,100,0.1544,0.61,False," Morgellons disease is a controversial, according to the disease that is claimed by some people claim by some people believe to be a medical condition that the disease that the disease that the medical community refuses to be described by some sort of a controversial, according to those who suffer from symptoms include symptoms include symptoms that include symptoms include symptoms such a controversial, according to some sort of a controversial, with symptoms include in the medical condition characterized by symptoms that the condition that the medical community has been described by some considered by some considered by some considered a controversial, with a controversial, according to the disease that is claimed by some sort of condition that a controversial condition characterized by symptoms such as skin condition that the medical community refuses to be described by some considered by the disease that is claimed by some sort of illness that the",False,True,captured
cnndm_5164,cnndm,0.6B,4,stochastic,123,9.4187,346.14,57.06,160,16.99,312,83,78,0.266,1.06,False," Princess Beatrice of the UK has been seen in Shoreditch, London's royal family has been spotted in Shoreditch, 26-year-old royal family has been seen as a part of the royal family visited Shoreditch, 26-year-old, 26-year-old royal was spotted at 26. The article is a royal family has been seen at the United Kingdom, 26-year-old royal family has been seen at the Shoreditch, London fashion scene, 26-year-old royal family has been seen at Shoreditch, London fashion scene, has been seen at Shoreditch, London's royal family visited Shoreditch, a Royal Family of the United Kingdom, 26, 26-year-old, 26-year-old",False,True,captured
cnndm_5202,cnndm,0.6B,4,stochastic,123,12.3217,984.24,71.3,160,12.99,363,69,92,0.1901,0.75,False," 

The article discusses the 

The article discusses the claim by David Fitzgerald, and its existence of a prominent atheist argument made-upheld by writer David Fitzgerald, a prominent atheist argument by David Fitzgerald, a writer David Fitzgerald's arguments of a writer David Fitzgerald's argument by David Fitzgerald, a leading atheist activist David Fitzgerald's argument that Jesus Christ may beaker David Fitzgerald, a writer David Fitzgerald's argument that Jesus Christ's existence, with the writer David Fitzgerald, according to David Fitzgerald's existence of Jesus Christ's argument by David Fitzgerald, which is a writer David Fitzgerald, according to David Fitzgerald, a writer David Fitzgerald, as a literary and challenges inexistence of Jesus Christ, with a claim by David Fitzgerald, according to David Fitzgerald, including the existence of Jesus Christ's existence of David Fitzgerald, David Fitzgerald",False,True,captured
cnndm_5318,cnndm,0.6B,4,stochastic,123,10.6106,1157.22,59.46,160,15.08,296,86,74,0.2905,1.16,False," The show, which was created by Tina Fey, Tina Fey, Tina Fey, and stars of the comedy writer and famed comedian Tina Fey, Tina Fey, is a comedy that was created by Tina Fey, and is a comedian Tina Fey, who is now-20 Tina Fey, and is a comedian Tina Fey, and is currently running of the show was created by Tina Fey and famous comedian Tina Fey, Tina Fey, who was created by Tina Fey and the late-night comedian Tina Fey, and famous comedian Tina Fey, and is a comedian, Tina Fey, and stars of the TV writer and comedian Tina Fey, who was created by Tina Fey, Tina Fey, who was created by Tina Fey, Tina Fey, who was created by Tina Fey, is Tina Fey, who is now a producer",False,True,captured
cnndm_5333,cnndm,0.6B,4,stochastic,123,10.2997,536.82,61.4,160,15.53,327,78,82,0.2385,0.95,False," The article discusses a study on skin's tear resistance, which used X-ray observations on skin's findings on skin's remarkable tear resistance of skin's findings on skin's tear resistance in which explains how skin's remarkable tear resistance of skin's tear resistance in which researchers conducted by researchers conducted by researchers conducted by researchers to understand why skin is resistant to tearing, led by researchers conducted by researchers who observed the researchers conducted by researchers who used X-ray imaging the study on skin's tear resistance in which researchers investigated the mechanical properties of skin's findings on skin's tear resistance in skin's remarkable tear resistance properties of skin's tear resistance in skin's remarkable tear resistance of skin's remarkable tear resistance of skin's remarkable tear resistance in which revealed how skin's remarkable tear resistance properties of mammalian skin's remarkable tear resistance of",False,True,captured
cnndm_5346,cnndm,0.6B,4,stochastic,123,7.9703,428.49,47.43,160,20.07,256,96,64,0.375,1.5,False," 

The article discusses the escalating tensions between Marine Le Pen family tensions between Marine Le Pen and her father-daughter of tensions between Marine Le Pen and her father-daughter of tensions between Marine Le Pen family tensions between Marine Le Pen, tensions between Marine Le Pen, escalating tensions between Marine Le Pen, escalating tensions between Marine Le Pen family tensions between Marine Le Pen, the escalating tensions between Marine Le Pen family tensions between Marine Le Pen family tensions between Marine Le Pen family tensions between Marine Le Pen family conflict between Marine Le Pen, tensions between Marine Le Pen, the escalating tensions between Marine Le Pen family tensions between Marine Le Pen family tensions between Marine Le Pen family tensions between Marine Le Pen, the tensions between Marine Le Pen, tensions between Marine Le Pen, tensions between Marine Le Pen, tensions between Marine Le Pen",False,True,captured
cnndm_5365,cnndm,0.6B,4,stochastic,123,7.7783,415.19,46.31,160,20.57,250,98,63,0.392,1.56,False," 

A man, Robert 

A man, strangled his friend Steven Mccombs, strangled his friend Steven Mccombs, testified that he and his roommate Roger Musick, strangled his friend Steven Mccombs, testified that he had a friend, Steven Mccombs, testified that he had a friend, Steven Carl Mccombs, testified that he had a friend, Steven Mccombs, testified that his friend Steven Mccombs, testified that his friend Steven Carl Mccombs, testified that he had a friend, Steven Mccombs, testified that he had a friend, Steven Mccombs, testified that the article: Mccombs, testified that his friend Steven Carl Mccombs, testified that his friend Steven Mccombs, testified that he had a friend",False,True,captured
cnndm_5446,cnndm,0.6B,4,stochastic,123,7.685,997.2,42.06,160,20.82,210,108,53,0.5143,2.04,False," The Queen will lead a religious service commemorating the 70th anniversary of Victory in Europe (VE Day, with events on VE Day, the 70th anniversary of the 70th anniversary of the 70th anniversary of the 70th anniversary of VE Day, the 70th anniversary of the 70th anniversary of Victory in Europe Day, marking the 70th 70th anniversary of Victory in Europe (VE Day, marking the 70th 70th anniversary of the 70th anniversary of the 70th anniversary of the 70th anniversary of Victory in Europe (VE Day, with events marking the 70th 70th anniversary of the 70th anniversary of Victory",False,True,captured
cnndm_5481,cnndm,0.6B,4,stochastic,123,8.55,1035.75,47.26,160,18.71,237,101,60,0.4262,1.68,False," 

David Light, account director at The Data Partnership's account director of The Data Partnership, admitted that the Data Partnership's account director of The Data Partnership, admitted to using underhand tactics to coaxing information from people through the account director at The Data Partnership, account director at The Data Partnership, admitted that the account director at The Data Partnership, and aaccount director at The Data Partnership's account director at The Data Partnership's account director at The Data Partnership's account director at The Data Partnership's account director at The Data Partnership, account director at The Data Partnership, a director at The Data Partnership's account director at The Data Partnership's account director at The Data Partnership's account director at The Data Partnership's account director at The Data Partnership's account director at The Data Partnership's account director at The Data",False,True,captured
cnndm_5516,cnndm,0.6B,4,stochastic,123,7.7709,349.12,46.68,160,20.59,252,98,63,0.3889,1.56,False," Carla Zampatti's SS15-1650th anniversary collection for SS15-1650th anniversary collection for SS15-150th anniversary collection for SS15-1650th anniversary collection for SS15-1650th anniversary collection for SS15-15-150 SS15-150th 50th-150th anniversary collection for SS15-150th anniversary collection for SS15-15-1650th anniversary collection for the SS15-1650th anniversary collection, a 50th-15-150th anniversary collection for the 50th anniversary collection for SS15",False,True,captured
cnndm_5556,cnndm,0.6B,4,stochastic,123,8.9505,925.22,50.47,160,17.88,260,95,65,0.3654,1.46,False, The article compares the cost of hotel room service items of hotel room service items in various items of hotel room service items in  of hotel room service items in various hotel room service items and value of hotel room service items in  of hotel room service items across various hotel room service items in various cities for room service items and value of hotel room service and value of hotel room service items and value of hotel room service items of hotel room service items in various hotel room service items in various global hotel room service items in various cities for room service and value of hotel room service items and value of hotel room service items in various hotel room service items in various global destinations for room service items in various cities for room service items and hotel room service items in various cities for hotel room service items in various cities for hotel,False,True,captured
cnndm_5581,cnndm,0.6B,4,stochastic,123,8.2618,451.47,49.12,160,19.37,262,93,67,0.355,1.39,False, Dunkin Donuts has introduced a new spring menu with a new spring menu with a new spring menu with high-calorie and introduced a new spring menu that is launched a new spring menu featuring a new spring menu featuring a new spring menu featuring a new spring menu with a new spring menu that is  introduced a new spring menu featuring a new spring menu that includes a new spring menu that includes a new spring menu that has introduced a new spring menu featuring a new spring menu featuring a new spring menu featuring a new spring menu featuring high-calorie and high-s introduced a new spring menu featuring a new spring menu with five new spring menu featuring a new spring menu that has introduced a new spring menu items on its new spring menu that includes a new spring menu featuring high-calorie and high-calorie released a,False,True,captured
cnndm_5701,cnndm,0.6B,4,stochastic,123,6.565,567.15,37.72,160,24.37,200,110,50,0.55,2.2,False," The Future Music Festival will not return to Australia in 2016. The Future Music Festival will not return to Australia in 2016, the Future Music Festival will not return to Australia in  not return to Australia in  not return to Australia in 2016 not return to Australia in  not return to Australia in  not return to Australia in  not return to Australia in 201 not return to Australia in 2016 not return to Australia in 2016 not return to Australia in  not return to Australia in 201 not return to Australia in 201 not return to Australia in  not return to Australia in 2016 not return to Australia in 201 not return to Australia in",False,True,captured
cnndm_5721,cnndm,0.6B,4,stochastic,123,8.3381,377.81,50.06,160,19.19,271,93,68,0.3432,1.37,False," 

In the Aaron Hernandez murder trial, former friend's murder trial, former friend's murder trial, former friend Alexander Bradley, a former friend Alexander Bradley, a murder trial, former friend Alexander Bradley testified at the murder trial, a former friend Alexander Bradley, a former friend Alexander Bradley testified at his former friend's trial, former friend Alexander Bradley testified in the murder trial of the murder trial, former friend Alexander Bradley, a former friend Alexander Bradley testified at his former friend Alexander Bradley, a former friend Alexander Bradley testified in the murder trial of the murder trial, a former friend, a former friend Alexander Bradley, a former friend Alexander Bradley, a former friend Alexander Bradley, a former friend Alexander Bradley testified at his former friend Alexander Bradley, a former friend Alexander Bradley testified at his former friend Alexander Bradley, a",False,True,captured
cnndm_5737,cnndm,0.6B,4,stochastic,123,8.1702,503.93,48.22,160,19.58,257,96,65,0.3735,1.48,False," Sean McCabe, a father-of-three, planned his own funeral after being treated for stage four Hodgkin Lymphoma, a father-of-three, a father-of-three, 30, diagnosed with stage four Hodgkin Lymphoma patient with three, of three, was diagnosed with stage four Hodgkin of three, initially planned his own funeral after being diagnosed with three, was diagnosed with stage four Hodgkin Lymphoma, 30, diagnosed with stage four Hodgkin of three, initially planned his own funeral after being treated for stage four Hodgkin of three, initially planned his own funeral planner his three, was diagnosed with stage four children, was diagnosed with stage four Hodgkin Lymphoma, 30, diagnosed with stage four Hodgkin Lymphoma, was diagnosed with stage",False,True,captured
cnndm_5797,cnndm,0.6B,4,stochastic,123,8.1498,434.55,48.52,160,19.63,262,95,66,0.3626,1.44,False," The article discusses the surge in foreign fighters joining militant groups like the number of foreign fighters, with over 20, with the number of foreign fighters, with more than 20, with the article discusses the surge in foreign fighters joining militant groups like Al-Qaeda-linked militant fighters joining militant groups like Al Qaeda and the number of foreign fighters, with the UN report highlights the article discusses the surge in foreign fighters joining militant groups like Al Qaeda and the surge in foreign fighters joining militant groups like Al Qaeda and the article discusses the surge in foreign fighters joining militant fighters joining militant groups like Al-Qaeda and domestic fighters joining militant groups like Al Qaeda and Islamic State, with the number of foreign fighters joining militant groups like Al Qaeda and the surge in foreign fighters joining militant fighters joining militant groups like Al Qaeda and Islamic",False,True,captured
cnndm_5811,cnndm,0.6B,4,stochastic,123,7.798,202.54,47.77,160,20.52,263,95,66,0.3612,1.44,False," 

Here is a summary 

A 1. A 17-year-old: Justus Howell, a teenager Justus Howell, a teenager Justus Howell, a teenager Justus Howell, a 1

A 17-year-old:

A 17-year:

A 17-year-old: Justus Howell, a teenager Justus Howell, 2

A 17-year: 

A 17: 

A 17: Justus Howell, a teenager Justus Howell, a 2

Here is a teenager Justus Howell, a teenager Justus Howell, 2 

Here is a summary: 

A 17-year-old

A 17-year

A 1

A 1

Here is a summaryHere is a summary",False,True,captured
cnndm_5903,cnndm,0.6B,4,stochastic,123,8.4296,396.21,50.52,160,18.98,273,92,69,0.337,1.33,False," 
Okay, let's start. The user. The article discusses the article. The article. The user. The user's to summarize this summary. The user. The user's by reading the article carefully. The user's by reading the article carefully. The user. The user wants a summary of by reading the article. The main points. The article is to summarize this summary. The user wants a summary. The user's request. The user wants a summary. The user wants a summary of the article. The user. They want a summary of the summary. The user wants a summary. The article. The user wants a summary of by reading the article carefully. The user wants a summary of by reading the article carefully. The user wants a summary. The article. The user wants a",False,True,captured
cnndm_5970,cnndm,0.6B,4,stochastic,123,8.6573,389.06,52.0,160,18.48,281,89,71,0.3167,1.25,False," The article discusses various Easter traditions in different traditions in different parts of the world, highlighting the unique traditions around the different traditions in different parts of the world, highlighting traditional celebrations around the article discusses Easter traditions around the article discusses various Easter traditions in different parts of the different traditions around the world, highlighting traditional celebrations around the world traditions in different parts of the world traditions around the world, highlighting traditional celebrations in different parts of the world traditions around the world, highlighting traditional celebrations in different parts of the world traditions around the world, highlighting unique traditions around the world, traditions around the world, highlighting unique traditions around the world, highlighting the article discusses various Easter traditions around the world, highlighting the article discusses various Easter traditions in different parts of the world traditions around the world, highlighting traditional celebrations around the world, highlighting",False,True,captured
cnndm_6014,cnndm,0.6B,4,stochastic,123,8.6871,224.78,53.22,160,18.42,294,87,74,0.2959,1.18,False," 

The article discusses the 

The article discusses the record-breaking mating behavior of a panda named Lu Lu, who set record-breaking mating behavior of a panda named Lu Lu, a panda named 'Enduring Brother, record-breaking mating behavior of a panda named Lu Lu Lu, a panda named Lu Lu, a panda named Lu Lu, a panda named Lu Lu, in China panda named 'Enduring Brother, the Sichuan Giant Panda Research Centre, where a panda named Lu Lu, record-breaking mating behavior of a panda named Lu Lu Lu, a panda named Lu Lu, nicknamed panda named Lu Lu, a male panda Lu Lu, a male panda named Lu Lu, who set record for a panda named Lu Lu, who set record of a panda named Lu Lu, who set record of a panda",False,True,captured
cnndm_6169,cnndm,0.6B,4,stochastic,123,7.5585,364.65,45.24,160,21.17,245,99,62,0.4041,1.6,False," Michelle Schwab, a degree in therapeutic childcare and a degree in therapeutic childcare degree in therapeutic childcare and is assistant director role as a degree in therapeutic childcare and is an assistant director role as a degree in therapeutic childcare center director role as assistant director role at a childcare center, a degree in therapeutic childcare and a degree in therapeutic childcare and is an assistant director role at KinderCare assistant director role at KinderCare center assistant director role at KinderCare assistant director role at KinderCare's been charged with child endangerment in a degree in therapeutic childcare and is an assistant director at a childcare center, a degree in therapeutic childcare degree in therapeutic childcare and is an assistant director at a childcare center and a degree in therapeutic childcare and is an assistant director at a childcare center, with a degree in therapeutic childcare center at a childcare",False,True,captured
cnndm_6202,cnndm,0.6B,4,stochastic,123,11.722,782.73,68.8,160,13.65,353,71,89,0.2011,0.8,False," 

John Travolta has stated that he has publicly addressed the 61, has publicly addressed the controversy, has publicly addressed the controversy surrounding the controversially has stated that he has never intended to watch the documentary ""I have broken his silence on the controversially, has publicly stated that he has not a long a long a long-time member of the Church of the 61, has publicly stated that he has expressed his 61, has publicly stated that he has not experienced in a long a long-time in a long-time member of the Church of Scientology's decades of personal experience in Scientology's decades-longtime, has publicly refuting his 61, has publicly addressed the 61, has publicly criticized the HBO's decades of the 61, has publicly addressed the controversy",False,True,captured
cnndm_6235,cnndm,0.6B,4,stochastic,123,7.9072,564.39,46.18,160,20.23,245,99,62,0.4041,1.6,False," The Carnival Spirit, a cruise ship with 250000000000-passenger with 2500-passenger of 25000000-passenger cruise ship with 25000000-passenger cruise ship with 25, is stranded outside Sydney Harbour, has been stranded outside Sydney Harbour, is stranded outside Sydney Harbour due to severe weather, is a cruise ship with 25000000-passenger with 25000000-passenger cruise ship with 252500-passenger cruise ship with 255, is a cruise ship with 2512500-passenger cruise ship with 2500-passenger",False,True,captured
cnndm_6316,cnndm,0.6B,4,stochastic,123,9.4051,290.04,57.33,160,17.01,314,81,80,0.258,1.01,False," The winter of 2014-15 was exceptionally heavy snowfall in Boston, 2014-14-14-15 in Boston experienced record snowfall in Boston experienced record-breaking records, the 2014-15 in Boston was extremely heavy snowfall of 2014-14-15014-15 was extremely snowy season 2014-15 in Boston was exceptionally heavy snowfall in Boston experienced an article discusses the record snowfall in Boston during 2014-15 in Boston experienced an extreme snowfall in Boston experienced an unprecedented snowfall in Boston during the 2014-15 in Boston experienced an unprecedented amount of snow that followed by 20",False,True,captured
cnndm_6359,cnndm,0.6B,4,stochastic,123,8.4632,278.81,51.47,160,18.91,283,90,71,0.318,1.27,False," Laura Wells, a size 144 model, has spoken about in Australia-based model, has gained international recognition of 14 model, has gained international recognition and model, has become a plus-sized model, has become an Australian plus-sized model, has spoken of 14 model, has gained international recognition as a model, has become an Australian plus-sized model, has gained international recognition as a plus-sized model, has spoken to model, has gained international recognition as a plus-sized model, has spoken of 14 model, has gained international recognition as a plus-sized model, has spoken to model, has spoken to 14 model, has gained international recognition as a size 14 model, has gained international recognition as a size 14 model, has gained international recognition as",False,True,captured
cnndm_6420,cnndm,0.6B,4,stochastic,123,13.4092,1136.17,77.19,160,11.93,389,63,98,0.162,0.64,False," be involved. In the be involved. In the incident, Hernandez was allegedly, the call, the incident, Hernandez's story, it was said that he was not so-called incident, he was a key events that the incident, the, he was later part, police report, police report, the officers' 2013, the police were involved. In the involved. In the 2012013, he was not long-term, the incident, the two years leading to be involved. In the 20300191919911 months aftermath, the, the police report, she was not. In the. In the 200001991199009199",False,True,captured
cnndm_6423,cnndm,0.6B,4,stochastic,123,9.6947,376.3,58.61,160,16.5,317,80,80,0.2524,1.0,False," 

The article discusses a 

A brazen thief has allegedly brazen theft of Christine Davidson, Christine Davidson family's case where a woman named individual, Christine Davidson, a brazen theft of Christine Davidson, a brazen theft of Christine Davidson's case where Christine Davidson, Christine Davidson, a woman named Christine Davidson, who was diagnosed with terminal brain cancer patient who was diagnosed with terminal brain cancer in South Australian woman named individual named individual named individual, a woman who was diagnosed with terminal brain cancer-strangerous, a brazen theft of Christine Davidson's diamond engagement ring that has been reported theft of Christine Davidson, Christine Davidson, a woman from Christine Davidson, Christine Davidson, a woman named Christine Davidson, a brazen theft of Christine Davidson family's case, where a woman, Christine Davidson, a bra",False,True,captured
cnndm_6457,cnndm,0.6B,4,stochastic,123,9.9287,336.28,60.33,160,16.11,331,78,83,0.2356,0.94,False," The article discusses the impact of climate change is of climate change is of climate change is having the warming waters warming waters in the UK fish and potential of climate change is having on traditional fish and chips, of climate change is the North Sea's of climate change is having a warming North Sea warming oceans are warming waters warming waters around the UK's of climate change on traditional fish and chips in the UK's of climate change on traditional British fish and chips could have on traditional fish and chips, a warming oceans warming oceans are warming ocean warming waters around the UK are of climate change on traditional fish and chips in the North Sea's warming on traditional fish and chips, a warming waters warming on traditional fish and chips in the North Sea's warming waters around the UK are on traditional fish and chips in the UK's",False,True,captured
cnndm_6501,cnndm,0.6B,4,stochastic,123,11.2146,907.71,64.82,160,14.27,335,76,84,0.2269,0.9,False," Sarah Vine, the author Sarah Vine, the article, argues that she is advocating for a female presenter of the article, argues that women, argues that women can take Jeremy Clarkson's main point out of the article, argues that women can take Jeremy Clarkson's job, and the article, argues that women, argues that women are advocating for a British presenter of the letter to the article, argues that she's addressing Lord Hall, and TV presenter, argues that women, argues that women are not the article, argues that she is a woman, argues that women are justifies her article, argues that she is a suitable for the vacant Top Gear presenter, argues that women should be identified as ""Mrs Toad, argues that women are justifies that the article is a British presenter, argues that women can",False,True,captured
cnndm_6548,cnndm,0.6B,4,stochastic,123,6.8696,337.25,41.08,160,23.29,221,104,56,0.4706,1.86,False," 

Mohammed Suleman Khan, a tax fraudster known as ""The General"", a tax fraudster, known as a tax fraudster known as ""The General,""The General, a tax fraudster, known as ""The General,""The General, a  Khan, a tax fraudster, known as ""The General,""The General, a  Khan, a  Khan, a  Khan, a 43, known as ""The General,""The General, a 43, known as ""The General, a tax fraudster, known as ""The General, a  Suleman Khan, a tax fraudster, known as ""The General,""The General, a 43, known as ""The General,""The General, a  Khan, a  Khan",False,True,captured
cnndm_6690,cnndm,0.6B,4,stochastic,123,10.995,419.2,66.51,160,14.55,361,70,91,0.1939,0.77,False," 

Hillary Clinton's Twitter 

Hillary Clinton's follower count is reported to have been found to have been found to have been found to have a large number of her  follows are largely consists of a

Hillary Clinton's Twitter follower count is significantly inflated, with only 44% of 2. The article discusses the potential for manipulation and fake followers are largely consists of a significant portion is being significantly inflated, which has been found to have a significant portion consists of a significant number is heavily criticized for the article discusses that she has 1. 

Hillary Clinton's Twitter 

Hillary Clinton's Twitter follower count is significantly inflated with  follower count is widely criticized for having  has been criticized for having a large number is reported that she has 3.6 million followers, which is  follower count is",False,True,captured
cnndm_6847,cnndm,0.6B,4,stochastic,123,10.8828,366.28,66.14,160,14.7,360,70,91,0.1944,0.77,False," 

The article discusses how a heavy drinking weak immune cells in the immune cells in the context, after a heavy night of drinking weak immune systems are weakened immune cells, after a heavy night of drinking alcohol consumption of drinking alcohol consumption of a heavy drinking alcohol consumption of oxidative stress, caused by factors like excessive alcohol consumption can be vulnerable the immune system weak immune cells in response to oxidative stress, after a heavy night of drinking alcohol consumption can be weakened immune cells, after a heavy night of oxidative stress, caused by factors like alcohol consumption can be weakened immune systems in response to oxidative stress, which is weakened immune systems of vitamin E can be weakened immune cells, particularly high doses of vitamin E can be affected by oxidative stress, after a heavy night of drinking alcohol consumption can weaken immune systems, such as kale and",False,True,captured
cnndm_6873,cnndm,0.6B,4,stochastic,123,6.9695,431.81,41.12,160,22.96,221,104,56,0.4706,1.86,False," David Cameron's eldest daughter Nancy has compared him to the PM David Cameron's eldest daughter Nancy has compared him to Phil Dunphy has compared him to Phil Dunphy, Nancy has compared him to Phil Dunphy, Nancy has compared him to Phil Dunphy from the article, Nancy has compared him to Phil Dunphy from the article, Nancy has compared him to compare him to Phil Dunphy, Nancy has compared him to Phil Dunphy from the UK Prime Minister David Cameron's eldest daughter Nancy has compared him to Phil Dunphy from the UK Prime Minister David Cameron has compared him to Phil Dunphy, Nancy has compared him to Phil Dunphy from the article, Nancy, Nancy has compared him to Phil Dunphy from the UK Prime Minister David Cameron has compared him to Phil Dunphy from the article is comparing",False,True,captured
cnndm_6945,cnndm,0.6B,4,stochastic,123,7.1728,577.3,41.48,160,22.31,220,106,55,0.4818,1.93,False," 

The husband of the missing Sydney woman Jessica Bialek, a missing Sydney-based photographer Jessica Bialek, a missing Sydney-based photographer Jessica Bialek, a missing Sydney woman Jessica Bialek, a missing Sydney woman Jessica Bialek, Jessica Bialek, a missing Sydney woman Jessica Bialek, a missing woman Jessica Bialek, Jessica Bialek, Jessica Bialek, a missing woman Jessica Bialek, a missing woman Jessica Bialek, Jessica Bialek, a missing woman Jessica Bialek, Jessica Bialek, Jessica Bialek, Jessica Bialek, a missing woman Jessica Bialek, Jessica Bialek, Jessica Bialek, Jessica Bialek, Jessica Bialek, Jessica Bialek,",False,True,captured
cnndm_6952,cnndm,0.6B,4,stochastic,123,7.9963,223.45,48.89,160,20.01,271,93,68,0.3432,1.37,False," 

Technology billionaire Elon Musk pursued a sale of his struggling electric-car company Tesla to sell his struggling electric car company Tesla in 201320

Technology billionaire Elon Musk pursued a sale of his struggling electric-car company Tesla to sell his struggling electric-car company Tesla was involved in a

Technology billionaire Elon Musk pursued a sale of his struggling electric-car company Tesla, the struggling electric-car company Tesla to sell struggling electric-car company Tesla to sell struggling electric-car company Tesla, founder of Tesla, pursued a sale of Tesla, founder of Tesla, pursued a sale of his struggling electric-car company Tesla, the company Tesla, the owner of Tesla, awoke a

Technology billionaire Elon Musk pursued a
Technology billionaire Elon Musk pursued a sale of his struggling electric-car company Tesla to sell struggling electric-car company",False,True,captured
cnndm_7011,cnndm,0.6B,4,stochastic,123,9.3223,211.24,57.3,160,17.16,317,80,80,0.2524,1.0,False," Australians are spending more on technology than ever, with men spend more on average $20 than ever, with men spend more than ever, with a new report from Suncorp Bank report from the last year, with a new report from Suncorp Bank report shows a new report from Suncorp Bank report by  than ever, with a new report from Suncorp Bank report shows Australians are spending 500

A new report from Suncorp Bank report from Suncorp Bank's. According to a new report from smartphones, and communication devices than ever, with men spending twice as much as women on average $2, with a new report from Suncorp Bank's than ever, with a new report from Suncorp Bank report shows Australians spent more than ever,",False,True,captured
cnndm_7043,cnndm,0.6B,4,stochastic,123,8.3342,442.88,49.63,160,19.2,264,94,66,0.3561,1.42,False," The article discusses the effectiveness of eye contact in using eye contact in signaling sexual interest through the lens of eye contact in using eye contact in signaling sexual interest through the lens of eye contact in signaling sexual interest through eye contact in signaling sexual interest, sensitivity of eye contact in conveying sexual interest through the lens of eye contact in using eye contact to signal sexual interest through the lens of eye contact in signaling sexual interest through eye contact in signaling sexual interest, and the science of eye contact in signaling sexual interest, sensitivity of eye contact in signaling sexual interest through eye contact in signaling sexual interest and importance of eye contact in signaling sexual interest through the lens of eye contact in using eye contact to signal sexual interest through eye contact in attracting attention through eye contact in conveying sexual interest through eye contact in conveying sexual interest through eye contact",False,True,captured
cnndm_7089,cnndm,0.6B,4,stochastic,123,7.4423,407.54,44.24,160,21.5,241,99,61,0.4108,1.62,False," Claudia Winkleman has been nominated for a Bafta nomination for her first season as the first presenter of the BBC dance contest to be nominated for the first presenter of the BBC dance show, making history of the first presenter of the BBC's been nominated for a Bafta nomination for the first presenter of the BBC's been nominated for a Bafta nomination for the first presenter of the BBC dance contest to be nominated for the first presenter of the BBC's first presenter of the BBC's been nominated for a Bafta nomination for her first Bafta nomination for her first season as the first presenter of the BBC dance show, making her first presenter of the BBC dance show has been nominated for a Bafta nomination for the first presenter of the BBC's first presenter of the BBC's",False,True,captured
cnndm_7098,cnndm,0.6B,4,stochastic,123,8.3305,249.79,50.82,160,19.21,281,90,71,0.3203,1.27,False," 

Here's a 3-4 sentence summary of the article: Shopping with friends leads to the summary of the article: Shopping with friends can be sure, in 3-4 sentence summary of the article: Shopping with friends can be sure summary of the article:

Shopping with friends can you can you'resummarized summary of the article:

A survey conducted by YouNeedaBudgeting summary of the article: A survey conducted by YouNeeda of the article:

Shopping with friends can lead for you can use of the article: Shopping with key summary of the article:

Shopping with key summary of the article:

Shopping with friends can be concise summary of the article in 3-4 sentences summary of the article: A survey conducted by YouNeedaBudgeting summary of the article:

Shopping",False,True,captured
cnndm_7104,cnndm,0.6B,4,stochastic,123,8.0682,396.14,48.25,160,19.83,264,94,66,0.3561,1.42,False," 

Karren Brady, 

Karren Brady, 

Karren Brady, a TV star and government's appearance alongside David Cameron, a TV star and David Cameron, and David Cameron, a TV star and government's appearance alongside David Cameron, announced  a TV star and government small business ambassador and David Cameron, and David Cameron, and David Cameron, and other key entities: 

Karren Brady, a TV star and David Cameron, and David Cameron, and other key entities and David Cameron, and other businesswoman and David Cameron, and other key entities: 
Karren Brady, a TV star and government small business ambassador and David Cameron announced 16,0, a TV star and government's small business ambassador and David Cameron announced 16,0, a TV star and government small",False,True,captured
cnndm_7148,cnndm,0.6B,4,stochastic,123,7.5033,188.12,46.01,160,21.32,255,97,64,0.3804,1.52,False," 

The body of Kyle Knox has been found near the foot of Ben Nevis three weeks after he was found near the foot of Ben Nevis three weeks after he disappeared three weeks after he disappeared three weeks after he disappeared while hiking in the article: Kyle Knox, a missing hiker Kyle Knox has been found near the foot of Ben Nevis three weeks after he disappeared while on the Scottish Highlands. The search and the hiker Kyle Knox has been found near the foot of Ben Nevis three weeks after he disappeared while on the  Knox has been found near the foot of Ben Nevis three weeks after he disappeared while on the mountain, a missing hiker Kyle Knox, a missing hiker Kyle Knox, a missing hiker has been found near the foot of Ben Nevis three weeks after he",False,True,captured
cnndm_7166,cnndm,0.6B,4,stochastic,123,7.2904,246.69,44.3,160,21.95,228,103,57,0.4518,1.81,False, A full-scale terror alert was sparked this week after awoke up this week was sparked this week was sparked this week after awoke up this week after a dummy wearing a barge was sparked this week after a dummy was sparked this week after a dummy was sparked this week after awoke up this week after awoke up this week after awoke up this week after awoke up this week after a dummy wearing a barge was triggered this week after a dummy wearing awoke up this week after a dummy wearing a barge was triggered after a dummy wearing a barge was triggered this week after a dummy wearing awoke this week was sparked this week after awoke up this week after a dummy wearing awoke this week was sparked this week after a dummy wearing a barge was triggered after a dummy,False,True,captured
cnndm_7261,cnndm,0.6B,4,stochastic,123,7.4,374.16,44.19,160,21.62,241,100,61,0.4149,1.64,False," A Catholic priest, Edward Fride, has suggested that parishioners to carry guns, warning that faith alone is not in Ann Arbor, Michigan, has told his parishioners to his parishion Fride, in Ann Arbor, Michigan, has told his parishioners Fride, has told his parishioners Fride, has told his parishion Fride, has advised his parishioners to carry guns, in Ann Arbor, Michigan, has told his parishioners Fride, has advised his parishioners to the King, in Ann Arbor, Michigan, has told his parishioners Fride, has advised his parishioners to carry guns, in Ann Arbor, Michigan, has advised his parishioners to carry guns, has told his parishioners Fride,",False,True,captured
cnndm_7342,cnndm,0.6B,4,stochastic,123,7.9608,889.67,44.47,160,20.1,228,104,57,0.4561,1.82,False," 

1. An Australian teenager, Audrey Pekin 19-year-old Audrey Pekin, 19-year-old Audrey Pekin, 19-year-old Audrey Pekin Bali, the teenager, Audrey Pekin, 19-year-old Audrey Pekin 19-year-old Audrey Pekin 19-year-old teenager, Audrey Pekin, 19-year-old teenager, Audrey Pekin 19-year-old teenager, Audrey Pekin, Audrey Pekin, 19-year-old teenager, Audrey Pekin, 19-year-old teenager, Audrey Pekin 19-year-old teenager, Audrey Pekin, 19-year-old teenager, Audrey Pekin, Audrey Pekin,",False,True,captured
cnndm_7347,cnndm,0.6B,4,stochastic,123,8.095,734.96,46.29,160,19.77,243,99,61,0.4074,1.62,False," The article discusses how a mother, Dawn Williamson, 39999999999, Dawn Williamson, 3999, Dawn Williamson, 399, Dawn Williamson, 39999, Dawn Williamson, 39, named Dawn Williamson, 39-year-old Dawn Williamson, 39-year-old Dawn Williamson, 3999, Dawn Williamson, 399999999999-year-old Dawn Williamson, 3999, Dawn Williamson, 39, Dawn Williamson, 3999, Dawn Williamson, 39-year-old Dawn Williamson, 39999, Dawn Williamson, 39, named Dawn Williamson, 39, named",False,True,captured
cnndm_7356,cnndm,0.6B,4,stochastic,123,7.5043,709.42,42.74,160,21.32,223,104,56,0.4664,1.86,False," 

1. Toshiba's humanoid robot, a humanoid robot, a humanoid robot, Aiko Chihira, a humanoid robot, Aiko Chihira, a humanoid robot, Aiko Chihira, a humanoid robot named Aiko Chihira, a humanoid robot, Aiko Chihira, a humanoid robot named Aiko Chihira, a humanoid robot named Aiko Chihira, a humanoid robot named Aiko Chihira, a humanoid robot, Aiko Chihira, a humanoid robot, Aiko Chihira robot, Aiko Chihira, a humanoid robot named Aiko Chihira, a humanoid robot named Aiko Chihira, a humanoid robot named Aiko Chihira, a humanoid robot named Aiko Chihira, a",False,True,captured
cnndm_7398,cnndm,0.6B,4,stochastic,123,7.8987,419.0,47.04,160,20.26,251,97,64,0.3865,1.52,False," Tori Spelling, Tori Spelling, Tori Spelling, and her husband Dean McDermott, their family, and her husband Dean McDermott, their family, and friends, and family, and friends were at Benihana, and her husband Dean McDermott, their family, and friends were at a 41 and her husband Dean McDermott, and her husband Dean McDermott, and her family, and friends were at a 41-year-old actress and her family, and her husband Dean McDermott, and her family, and friends were at Benihana, and her family, and friends were at Benihana, and her family, and friends were at a Benihana, and her family, and friends were at Benih",False,True,captured
cnndm_7427,cnndm,0.6B,4,stochastic,123,9.0275,418.39,54.15,160,17.72,293,87,74,0.2969,1.18,False," 

Paul Monk, a dramatic police raid by the arrest of Paul Monk, the arrest of Paul Monk, a 5 the arrest of Paul Monk, a dramatic police raiding the arrest of Paul Monk, the arrest of Paul Monk's arrest of Paul Monk, a  the arrest of Paul Monk, the arrest of Paul Monk, the arrest of Paul Monk, the arrest of Paul Monk's arrest by the arrest of Paul Monk, a dramatic police operations conducted by the arrest of Paul Monk, a dramatic police raids by the Spanish police, who was arrested Paul Monk, a  the arrest of Paul Monk, the arrest of Paul Monk, the arrest of Paul Monk, the arrest of Paul Monk, the arrest of Paul Monk, the arrest of Paul Monk, the arrest of Paul Monk, the arrest of",False,True,captured
cnndm_7555,cnndm,0.6B,4,stochastic,123,7.7465,436.56,45.97,160,20.65,248,98,62,0.3952,1.58,False," 

Raymond Lee Fryberg Jr. pleaded not guilty to illegally purchased a firearm in a father of Seattle, a father of Jaylen Fryberg, a father of Jaylen Fryberg, a father of Jaylen Fryberg Jr. pleaded not guilty to illegally purchased a firearm in  was arraigned in Seattle on Thursday pleaded not guilty to illegally possessing a firearm, which is a father of Jaylen Fryberg Jr. pleaded not guilty to the father of Jaylen Fryberg Jr. pleaded not guilty to the father of Jaylen Fryberg Jr. pleaded not guilty to the father of Jaylen Fryberg Jr. pleaded not guilty of Seattle, the father of Jaylen Fryberg Jr. pleaded not guilty to illegally purchased a firearm in the father of Jaylen Fryberg Jr. pleaded not guilty to",False,True,captured
cnndm_7608,cnndm,0.6B,4,stochastic,123,8.2645,802.12,46.93,160,19.36,241,100,61,0.4149,1.64,False," 

Sharon Winters 

Sharon Winters was a 39-year-old, a  was killed by her brother Stephen Robinson 

Sharon Winters was a 39-year-old  was killed by Kevin Hawke 

Sharon Winters was a 39-year-old woman who was found her life was killed by Kevin Hawke 

Sharon Winters 

Sharon Winters 

Sharon Winters 

Sharon Winters, a 39-year-old woman who was searching for her soulmate on dating site 

Sharon Winters was killed by her brother Stephen Robinson, a 39-year-old woman who was looking for her soulmate on dating online dating online dating 

Sharon Winters was killed by Kevin Hawke 

Sharon Winters was a ",False,True,captured
cnndm_7615,cnndm,0.6B,4,stochastic,123,6.9123,240.76,41.96,160,23.15,231,103,58,0.4459,1.78,False," Supermarket customers in France can add airline tickets to their shopping lists thanks to a budget airline Transavia France, particularly in Carrefour City shops, the first added airline tickets to add airline tickets to their shopping lists can add airline tickets to their shopping lists thanks to a budget airline Transavia France is adding airline tickets to their shopping lists can add airline tickets to their shopping lists thanks to a budget airline Transavia France is a budget airline Transavia France, including Carrefour City shops, can add airline tickets to their shopping lists thanks to add airline tickets to their shopping lists thanks to a unique promotion by a budget airline, Transavia France, a budget airline Transavia France, a budget airline, Transavia France, a budget airline, Transavia France can add airline tickets to their shopping lists thanks",False,True,captured
cnndm_7699,cnndm,0.6B,4,stochastic,123,7.6398,451.62,45.21,160,20.94,243,100,61,0.4115,1.64,False," Sir Ranulph Fiennes, 71, 71-year-old explorer has become the oldest Briton to complete the 71-year-old explorer has become the oldest Britonnes has become the oldest Britonnes has become the oldest Briton to complete the Marathon des Sables, 1. Fiennes, at 71 years old, has completed the 3

Sir Ranulph Fiennes, 71, 1. Fiennes, at 71,  The summary: Sir Ranulph Fiennes, at 71 years old, has completed the Marathon des Sables, becoming the oldest Britonnes has become the oldest Britonnes has become the oldest Britonnes has become the oldest Briton to complete the oldest Briton to",False,True,captured
cnndm_7705,cnndm,0.6B,4,stochastic,123,7.7913,431.87,46.29,160,20.54,249,98,63,0.3936,1.56,False," 

In the aftermath of the 2013 Boston Marathon bombings in the 2013 Boston Marathon bombings in the 2013 the 2013 Boston Marathon bombings in the Boston Marathon bombings in the 2013 the 2013 the 2013. the 201 the 2013

Liz Norden, a tragic Boston Marathon bombings atro the 2013 Boston Marathon bombings in the Boston Marathon bombings in the Boston Marathon bombings in the Boston Marathon bombings in 2013 Boston Marathon bombings in the Boston Marathon bombings in 2013 Boston Marathon bombings in the Boston Marathon bombings in 2013

Liz Norden, a tragic Boston Marathon bombings in the",False,True,captured
cnndm_7741,cnndm,0.6B,4,stochastic,123,8.9229,286.73,54.32,160,17.93,298,86,75,0.2886,1.15,False," 

Bobby Moore's granddaughter, the granddaughter, the article is about his granddaughter, the granddaughter, Poppy Moore, 23-year-old granddaughter, Poppy Moore's granddaughter, the article is about his granddaughter Poppy Moore, the article discusses the article discusses the wedding of the granddaughter, the granddaughter, Poppy Moore, the granddaughter, Poppy Moore's granddaughter, Poppy Moore, a granddaughter, the article discusses the wedding of his granddaughter Poppy Moore, 23-year-old granddaughter, Poppy Moore, 23-year-old granddaughter, Poppy Moore, 23-year-old granddaughter Poppy Moore, 23-year-old granddaughter Poppy Moore, 23-year-old granddaughter, Poppy Moore, the granddaughter, Poppy Moore, 23-year-old granddaughter",False,True,captured
cnndm_7753,cnndm,0.6B,4,stochastic,123,10.9105,881.25,63.08,160,14.66,325,79,82,0.2431,0.96,False," 

Esther McVey, a Conservative MP for her Wirral West seat, a prominent Tory minister in the Conservative minister has faced misogynistic and the Conservative MP for her marginal Wirral West seat, a prominent Tory minister in her Wirral West seat, which is a prominent Tory minister Esther McVey, a prominent Conservative MP for her marginal Wirral West seat, a Conservative MP for Wirral West seat in the article discusses the Conservative MP for her marginal Wirral West seat, a Conservative minister in the Conservative MP, a Conservative MP for Wirral West seat, which is a Conservative MP for Wirral West seat, which is a Conservative MP for Wirral West seat, a prominent Conservative minister in the UK Conservative MP for her marginal Wirral West seat, a Conservative MP for Wirral",False,True,captured
cnndm_7813,cnndm,0.6B,4,stochastic,123,7.6377,255.24,46.43,160,20.95,256,97,64,0.3789,1.52,False," 

A man at Toronto airport security incident at Toronto airport security incident at Toronto Pearson International Airport incident at Toronto Pearson International Airport incident at Toronto Pearson International Airport where a man at Toronto Pearson International Airport incident at Toronto Pearson International Airport security incident at Toronto Pearson International Airport incident at Toronto Pearson International Airport security incident at Toronto Pearson International Airport in Toronto airport security incident at Toronto Pearson International Airport incident at Toronto Pearson International Airport security incident at Toronto Pearson International Airport in Toronto, in Toronto, where a man at Toronto Pearson International Airport incident at Toronto Pearson International Airport incident at Toronto Pearson International Airport security incident at Toronto Pearson International Airport in Toronto, where a man at Toronto Pearson International Airport incident at Toronto Pearson International Airport security incident at Toronto Pearson International Airport in Toronto, where a man at Toronto Pearson International Airport security incident at Toronto Pearson",False,True,captured
cnndm_7838,cnndm,0.6B,4,stochastic,123,11.0848,1145.54,62.51,160,14.43,313,82,79,0.262,1.04,False," including a 'foot lift including a lazer', a 'tong' and a 'sagin' and a foot lift' and a 'foot lift' and a 'face lift with a cut on the arch and a 'but not only if you can bevelarotomy' and a nose job' and a 'face lift' and a 'foot lift' and a ' and a ' and a foot lift' and a 'face lift', and a 'g' and a 'to beveling and a breast augmentation' and a 'together with a plastic surgery' and a 'hip lift' and a 'che' and a 'tong' and a 's' and a 'face lift', ' and a 'face lift' and a 'foot lift",False,True,captured
cnndm_7862,cnndm,0.6B,4,stochastic,123,7.8887,463.24,46.7,160,20.28,250,98,63,0.392,1.56,False," 

In a bizarre attempt to stay-23-year-old model from her age, 19-year-old California, 19-year-old model, 19-year-old California-based on the article discusses a 19-year-old California, 19-year-old California-based summary, the article discusses a 19-year-old model named Chanel, a 19-year-old model named Chanel, a 19-year-old model from the article discusses a 19-year-old model from the article, a 19-year-old model named Chanel, a 19-year-old model from the article discusses a 19-year-old California, 19-year-old California, 19-year-old model named Chanel, a 19-year-old model from California, ",False,True,captured
cnndm_7936,cnndm,0.6B,4,stochastic,123,9.1075,338.25,55.15,160,17.57,299,85,76,0.2843,1.12,False," 
Brendan Rodgers has been convicted of leaving a property in Accrington, the Liverpool manager Brendan Rodgers has been convicted of leaving a property to rot, the Liverpool manager of leaving a property to rot, the following key facts and his property in Accrington, the condition of leaving a contract with Liverpool manager of leaving a property to rotting a contract with Liverpool until 2013- been convicted of leaving a property to payed to payed for the condition of a house he been convicted of leaving a property to payed a contract with Liverpool until  been convicted of leaving a property in the Liverpool manager Brendan Rodgers has been convicted of leaving a property to rot, the Liverpool manager Brendan Rodgers has been convicted of leaving a property to payed a contract with Liverpool until  been convicted",False,True,captured
cnndm_7952,cnndm,0.6B,4,stochastic,123,8.6482,244.1,52.86,160,18.5,292,88,73,0.3014,1.21,False," Porsche has released a world-first video showcasing their 918000 supercar, the 918 Spyder, world-first video showcasing their newest vehicle, first video showcasing their newest vehicle, the  first video showcasing the 918 Spyder video showcasing their newest vehicle, the 918 Spyder video showcasing the  first video showcasing their newest vehicle, the  first video showcasing their newest vehicle, the 918 Spyder in the  first video showcasing their  first video showcasing their newest vehicle, the 918 Spyder video showcasing their newest vehicle, the  first video showcasing their  first video showcasing their limited edition 918. The  first video showcasing their 918 Spyder in the 918 Spyder",False,True,captured
cnndm_8049,cnndm,0.6B,4,stochastic,123,6.543,404.01,38.61,160,24.45,195,112,49,0.5744,2.29,False," Britt McHenry, a 28-year-old sports reporter for ESPN based in Washington D.C., a 28-year-old sports reporter for ESPN based in Washington D.C.-based sports reporter for ESPN sports reporter for ESPN based in Washington D.C., a 28-year-old sports reporter for ESPN based in Washington D.C., sports reporter for ESPN based in Washington D.C.-based sports reporter for ESPN sports reporter for ESPN based in Washington D.C.-based sports reporter for ESPN, 28-year-old sports reporter for ESPN based in Washington D.C., sports reporter for ESPN based in Washington D.C., a 28-year-old sports reporter for ESPN based in Washington D.C.-based in Washington D.C.-based sports reporter for ESPN based in Washington D.C., sports reporter for ESPN",False,True,captured
cnndm_8077,cnndm,0.6B,4,stochastic,123,8.6847,473.84,51.64,160,18.42,275,91,70,0.3309,1.3,False," Maison Souquet, a newly opened hotel in Paris, is located in the Pigalle, is a newly opened in Paris, is inspired by the post-impressionistic era of the Belle Epoque-inspired by the Pigalle, is inspired by the post-imperial Paris, is a provocative and in Paris, is inspired by the post-impressionistic era of the Belle Eiffy Paris, is inspired by the post-impressionistic Paris, is inspired by the post-impressionistic era of the Belle Epoque-inspired by the Moulin Rouge steps from the Pigalle, Paris, is located in the Pigalle, is a provocative and located in Pigalle, Paris, is inspired by the post-impressionistic era of the Belle Epoque-inspired by the Moulin Rouge's Pigalle",False,True,captured
cnndm_8088,cnndm,0.6B,4,stochastic,123,7.8386,347.68,47.11,160,20.41,256,97,64,0.3789,1.52,False," 

The article discusses how Chrissy Teigen, a post-promptly model and the post- Chrissy Teigen, after model and chef Chrissy Teigen, after model and chef Chrissy Teigen's post of stretch marks, after model and chef Chrissy Teigen, a model and chef Chrissy Teigen, a model and chef, after model and chef Chrissy Teigen, a post- Chrissy Teigen, a model and chef, Chrissy Teigen, a post-Instagram user Chrissy Teigen, after model and chef Chrissy Teigen, a post-Instagram, after model and chef and the post-Instagram, after model and chef Chrissy Teigen, after model and chef Chrissy Teigen, a model and chef, after model and chef Chr",False,True,captured
cnndm_8142,cnndm,0.6B,4,stochastic,123,6.2195,453.77,36.26,160,25.73,194,110,50,0.567,2.2,False," A 36-year-old Louisiana sheriff's deputy, Louisiana sheriff's deputy, Burt Hazeltine, Louisiana sheriff's deputy, Burt Hazeltine, Louisiana sheriff's deputy, Burt Hazeltine Louisiana sheriff's deputy, Burt Hazeltine, Louisiana sheriff's deputy, Burt Hazeltine, Louisiana sheriff's deputy, Louisiana sheriff's deputy, Burt Hazeltine, Louisiana sheriff's deputy, Burt Hazeltine Louisiana sheriff's deputy, Louisiana sheriff's deputy, Louisiana sheriff's deputy, Louisiana sheriff's deputy, Louisiana sheriff's deputy, Burt Hazeltine, Louisiana sheriff's deputy, Burt Hazeltine Louisiana sheriff's deputy, Burt Hazeltine, Louisiana sheriff's deputy, Louisiana sheriff's deputy, Louisiana sheriff's deputy in Louisiana sheriff",False,True,captured
cnndm_8152,cnndm,0.6B,4,stochastic,123,8.1053,672.08,46.75,160,19.74,245,98,62,0.4,1.58,False," 

The photojournalist Yaakov Naumi, raised in an ultra orthodox Jewish community, Yaakov Naumi, raised in an ultra orthodox Jewish man is Yaakov Naumi, raised in an ultra orthodox Jewish photographer Yaakov Naumi, Yaakov Naumi, raised in an ultra orthodox Jewish photographer Yaakov Naumi, raised in an ultra orthodox Jewish community, which is Yaakov Naumi, Yaakov Naumi, Yaakov Naumi, raised in an ultra orthodox Jewish photographer Yaakov Naumi, raised in an ultra orthodox Jewish man, Yaakov Naumi, raised in an ultra orthodox Jewish man is Yaakov Naumi, Yaakov Naumi, Yaakov Naumi, raised in an ultra orthodox Jewish community in the article discusses the rituals and customs of the article discusses the unique perspective",False,True,captured
cnndm_8177,cnndm,0.6B,4,stochastic,123,9.3299,936.14,52.79,160,17.15,267,93,68,0.3483,1.37,False," 

Sir David Nicholson, the former head of the former head of the NHS, the former head of the former head of the NHS, the former head of the NHS England's recent public criticism of the former head of the NHS, the former head of the NHS, the former head of the NHS England's public criticism of the NHS's former head of the NHS, the former head of the former head of the NHS, the former head of the former head of the NHS, the former head of the NHS England's former head of the NHS England's recent public criticism of Labour's criticism of the NHS's financial and other key facts, the former head of the NHS, the former head of the NHS England's warning about the NHS's publically known as the ""the former head of the former head",False,True,captured
cnndm_8230,cnndm,0.6B,4,stochastic,123,9.7205,358.44,58.88,160,16.46,319,81,80,0.2539,1.01,False," The article reports on a incident where a protest incident where a female protester, Josephine Witt, a protest incident where a female protester, during a press conference in which took place where a protest incident where a female protester, Josephine Witt, a former Femen activist protest incident where a female protester, European Central Bank (1. The European Central Bank (10 incident where a female protester, a female protester, Josephine Witt, a former Femen activist, during a press conference in Frankfurt press conference in which occurred during a press conference in Frankfurt press conference in Frankfurt press conference in which occurred during a press conference in which occurred during a press conference in Frankfurt press conference in Frankfurt press conference in Frankfurt where a protest incident during a protest incident where a female protester, female protester, Josephine Witt,",False,True,captured
cnndm_8269,cnndm,0.6B,4,stochastic,123,7.2494,231.56,44.14,160,22.07,243,100,61,0.4115,1.64,False, A woman was spotted threatening people with a dildo in each hand with a dildo in each person with a dildo in each hand during an altercation outside a Graftonlookers with a dildo in each hand during an altercation outside Roches Family Hotel in Grafton police with a crowd with a dildo in each hand during an altercation outside a crowd with dildos during an altercation outside a crowd with dildos during an altercation outside the public with a dildo in each hand with a dildo in each hand with a dildo in each hand with a dildo in each person with a dildo in each hand with a dildo in each hand with a dildo in each hand with a dildo in each hand with a dildo in each hand with a dildo in each person with a dildo during an altercation outside the Roches Family Hotel,False,True,captured
cnndm_8321,cnndm,0.6B,4,stochastic,123,8.2752,443.0,49.26,160,19.33,266,94,67,0.3534,1.4,False," 

The article discusses that British home sellers in the UK, in the UK housing market in the UK housing market in the UK, in the UK, sellers in the UK, in the UK, in the UK, sellers in the UK, sellers in the UK are overvaluation of houses in the UK, sellers in the UK, sellers in the UK are now, in the UK, sellers in the UK are overvaluing their homes in the UK, sellers in the UK are overvaluation of houses in the UK are now many UK property sellers in the UK, sellers in the UK are overvaluation of houses in the UK property sellers in the UK are overvaluation of the UK housing market in the UK, sellers in the UK are overvaluing their homes in the UK are now overvaluation of",False,True,captured
cnndm_8345,cnndm,0.6B,4,stochastic,123,9.3561,399.89,56.33,160,17.1,306,84,77,0.2745,1.09,False," PayPal is developing edible passwords that would be powered by stomach acid-powered by using stomach acid-powered by creating a new generation of edible devices that would be lodged in the devices that would be lodged in the devices that would be powered by stomach acid and mini computers powered by stomach acid, which are being powered by stomach acid-powered by stomach acid-powered by stomach acid-powered devices that are a new generation of edible passwords that would be powered by stomach acid and mini computers powered by stomach acid, which would be the devices that are being powered by stomach acid and other than can be ingested into a new generation of edible passwords that would be powered by stomach acid powered by stomach acid and other biometric authentication methods that would be powered by stomach acid, which would be powered by stomach acid and include mini computers powered by stomach",False,True,captured
cnndm_8511,cnndm,0.6B,4,stochastic,123,7.2646,374.82,43.33,160,22.02,235,101,60,0.4298,1.68,False," Sophie English, an Australian family, was born during the Vietnam War, was born during the Vietnam War, has been searching for her birth mother during the Vietnam War, has been searching for her birth mother during the Vietnam War, was born during the Vietnam War, was born during the Vietnam War, was born during the Vietnam War, spent 40 years searching for her birth mother during the Vietnam War, has been searching for her birth mother who was born during the Vietnam War, was born during the Vietnam War, has been searching for her birth mother during the Vietnam War, has been searching for her birth mother during the Vietnam War, was born during the Vietnam War, has been searching for her birth mother during the Vietnam War, has been searching for her birth mother of the Australian family, was born",False,True,captured
cnndm_8519,cnndm,0.6B,4,stochastic,123,10.74,493.4,64.44,160,14.9,345,74,87,0.2145,0.85,False," 

Ed Miliband has criticized the European leaders, in a fierce criticized the UK Labour leader of the European leaders of the UK Labour leader of the UK Labour leader has criticized the UK Labour leader has criticized the UK and called on the EU leaders of the UK's criticized the UK and called on the UK Labour leader has criticized the UK and EU leaders, in a strong criticized the UK and called on the UK to be

Ed Miliband has criticized the European leaders, in the European leaders, in the UK Labour leader Ed Miliband has criticized the UK Labour leader Ed Miliband has criticized the EU leaders, in a recent launched a fierce criticism of the UK's launched a strong criticized the UK and EU leaders, in a recent criticized the UK and EU for the first criticized the UK and EU for the",False,True,captured
cnndm_8521,cnndm,0.6B,4,stochastic,123,6.8998,273.63,41.67,160,23.19,229,103,58,0.4498,1.78,False," The Edwardian-style brothel, formerly known as Club 41, formerly known as Club 417, once known as Club 417, formerly known as Club 417 on Brunswick Street in Fitzroy, once known as Club 417, formerly known as Club 417 on Brunswick Street in Fitzroy, formerly known as Club 417, formerly known as Club 417 on Brunswick Street in Fitzroy, formerly known as Club 417 Bruswick Street in Fitzroy, Melbourne suburb, once known as Club 417, once known as Club 417 on Brunswick Street in Fitzroy, formerly known as Club 417, once known as Club 417, formerly known as",False,True,captured
cnndm_8550,cnndm,0.6B,4,stochastic,123,8.9673,884.15,50.84,160,17.84,264,95,66,0.3598,1.44,False," The article discusses a drilling project article discusses a team of researchers plan to drill 5, which aims to investigate the Chicxulub crater in Mexico to investigate the researchers plan to investigate the Chicxulub crater in the researchers plan to conduct by researchers plan to explore the Chicxulub crater in the researchers plan to drill 5,000. Researchers plan to drill 5,000 feet below the researchers plan to conduct by researchers aiming to explore the Chicxulubsequent to the Chicxulub crater in the researchers plan to drill 5,000

The article discusses a drilling project that aims to drill 5,00 to study planned by researchers aiming to investigate the Chicx
The article discusses a drilling project to explore the Chicxul",False,True,captured
cnndm_8585,cnndm,0.6B,4,stochastic,123,7.1182,286.31,42.97,160,22.48,235,102,59,0.434,1.73,False," The family of a North Carolina toddler, four-year-old toddler, four-year-old toddler, Austin West, who drowned in a pool last week, a four-year-old toddler, Austin West, a four-year-old toddler, Austin West, a four-year-old toddler, four-year-old toddler, Austin West, who drowned in a pool last week, four-year-old toddler, Austin West, four-year-old toddler, four-year-old toddler, Austin West, a four-year-old toddler, Austin West, a four-year-old toddler, four-year-old Austin West, four-year-old toddler, Austin West, a four-year-old toddler, Austin West, a four-year-old toddler, Austin West, a four-year-old toddler, Austin West, who drowned in a pool last week-old toddler, Austin West, a",False,True,captured
cnndm_8678,cnndm,0.6B,4,stochastic,123,8.7849,811.31,50.15,160,18.21,260,96,65,0.3692,1.48,False," The article describes the first use of chlorine gas in World War I chlorine gas attack of the use of chlorine gas attack using of the use of chlorine gas in the First use of the use of chlorine gas in World War I chlorine gas attack of the first use of chlorine gas in World War I chlorine gas attack during World War I chlorine gas attack by the German use of chlorine gas in World War I chlorine gas attack during World War I, and most significant use of chlorine gas in the First use of chlorine gas in World War I chlorine gas attack during World War I gas attack in  use of chlorine gas in World War I chlorine gas attack by the German use of chlorine gas in World War I chlorine gas attack during World War I, the use of chlorine gas in World War I chlorine gas attack during World",False,True,captured
cnndm_8684,cnndm,0.6B,4,stochastic,123,8.4441,400.11,50.59,160,18.95,275,92,69,0.3345,1.33,False," The Steer Inn in Wilberfoss, East Yorkshire restaurant in East Yorkshire restaurant in East Yorkshire restaurant in East Yorkshire, where inspectors found mouldy food incident at The Steer Inn in East Yorkshire restaurant in East Yorkshire, where inspectors found mouldy food safety violation of a restaurant in East Yorkshire, where inspectors discovering of a restaurant in East Yorkshire, where inspectors discovering of mouldy food and unsan East Yorkshire restaurant in East Yorkshire, where inspectors found moldy food incident at The Steer Inn in East Yorkshire, where inspectors found moldy food safety violation at The Steer Inn in East Yorkshire, East Yorkshire restaurant in East Yorkshire, where inspectors found mouldy food safety violation at The Steer Inn in East Yorkshire, where inspectors finding of mouldy food and unsanitary restaurant in East Yorkshire,",False,True,captured
cnndm_8744,cnndm,0.6B,4,stochastic,123,9.9561,824.38,57.43,160,16.07,297,86,75,0.2896,1.15,False," 

- Michael Brelo 

-31, a Cleveland police officer charged with voluntary manslaughter after a Cleveland police officer in Cleveland police officer charged with voluntary manslaughter for voluntary manslaughter charges 

- 

- Michael Brelo, a Cleveland police officer charged with voluntary manslaughter for voluntary manslaughter charges 

- The officer charged with voluntary manslaughter for voluntary manslaughter charges 

- He is the only officer charged with 31, a Cleveland police officer 

- Michael Brelo, a Cleveland police officer charged with voluntary manslaughter for shooting 31 

- Michael Brelo, a Cleveland police officer charged with voluntary manslaughter after the only officer charged with voluntary manslaughter for voluntary manslaughter charges for voluntary manslaughter charges 

- 31, a Cleveland police officer charged with voluntary manslaughter for killing two unarmed suspects 

-31, a Cleveland police",False,True,captured
cnndm_8799,cnndm,0.6B,4,stochastic,123,9.9673,702.18,58.27,160,16.05,303,84,77,0.2772,1.09,False," 

The article discusses the investigation into Lord Stevens investigation into allegations against Lord Stevens investigation into allegations of a cover-up of Lord Stevens' cover-up allegations against Lord Stevens investigation into Lord Stevens investigation into Lord Stevens' investigation into Lord Stevens investigation into Lord Stevens investigation into Lord Stevens' cover-up allegations against Lord Stevens' investigation into Lord Stevens' investigation into allegations against Lord Stevens investigation into Lord Stevens' investigation into allegations against Lord Stevens, the Independent Police Complaints Commission (190
The article discusses the investigation into Lord Stevens investigation into Lord Stevens' investigation into Lord Stevens investigation into Lord Stevens for investigation into allegations of a cover-up of Lord Stevens investigation into Lord Stevens' investigation into allegations against Lord Stevens, former Metropolitan Police's investigation into Lord Stevens' investigation into allegations against Lord Stevens, and the allegations against Lord",False,True,captured
cnndm_8886,cnndm,0.6B,4,stochastic,123,9.2137,539.46,54.55,160,17.37,288,88,72,0.3056,1.22,False," The article discusses the 4 young sisters, 4 young sisters, who were taken from their mother Laura Garrett, who were taken from Italy, who were forced to be taken from Italy, who were forcibly returned to their mother Laura Garrett, Tomaso Vincenti, Laura Garrett, who were forced to be dragged from Italy, Australia, who were forced to be taken from Italy, who were forced to return to Italy against their will, who were forcibly returned to their mother Laura Garrett, Tomaso Vincenti, Laura Garrett, Tomaso Vincenti, Laura Garrett, who were taken from their mother Laura Garrett, Tomaso Vincenti, who were taken from their mother Laura Garrett, and their mother, and their mother, and their mother, Laura Garrett, and their mother Laura Garrett, and their father",False,True,captured
cnndm_8908,cnndm,0.6B,4,stochastic,123,8.5824,377.77,51.6,160,18.64,280,91,70,0.325,1.3,False," 

A tragic accident involving a Lamborghini crash involving a tragic accident involving a 24-year-old man, Tavon Watson, a tragic accident that occurred when 24-year-old man, Tavon Watson, a tragic accident that occurred at the tragic accident involving a Lamborghini crash at Walt Disney World Exotic Driving Experience at the tragic accident involving a Lamborghini crash at Walt Disney World racing accident involving a 24-year-old man, Tavon Sunday accident involving a 24-year-old man named, 24-year-old man, 24-year-old man, 24-year-old man, Tavon Watson, a tragic accident that occurred at the Exotic Driving accident involving a Lamborghini crash involving a 24-year-old man, Tavon",False,True,captured
cnndm_8943,cnndm,0.6B,4,stochastic,123,7.161,241.07,43.52,160,22.34,239,100,61,0.4184,1.64,False," Matthew Kenney, a 34-year-old man in Florida, ran naked through traffic in Fort Lauderdale man in Florida man in Florida, ran naked through traffic in Fort Lauderdale man in Fort Lauderdale man in Fort Lauderdale man in Fort Lauderdale man in Fort Lauderdale man in Fort Lauderdale man in Fort Lauderdale man, 34-year-old man in Florida, ran naked through traffic in Fort Lauderdale man in Fort Lauderdale man in Fort Lauderdale, 34-year-old man from Florida, ran naked through traffic in Fort Lauderdale, 34-year-old man from Fort Lauderdale man in Fort Lauderdale man, 34-year-old man from Fort Lauderdale man in Fort Lauderdale, 34-year-old man from Fort Lauderdale man, 34-year-old man from Fort Lauderdale man in Fort Lauderdale, Florida man in",False,True,captured
cnndm_8983,cnndm,0.6B,4,stochastic,123,7.9285,318.31,47.86,160,20.18,262,95,66,0.3626,1.44,False," 

Passengers of an Icelandair flight from Reyk Icelandaircraft to Denver were shocked when the Icelandair flight from Reykjavik, Icelandaircraft were left in shock after takeoff after takeoff were left in shock after their plane was struck by lightning strike on Tuesday flight from Reykjavik, Icelandaircraft struck by Icelandair flight from Reykjavik, Icelandaircraft struck by lightning shortly after takeoff during a flight from Reyk Icelandair flight from Reykjavik, Icelandaircraft were left in shock after their plane was struck by lightning struck by Icelandair flight from Reyk Icelandair flight from Reykjavik, Icelandaircraft struck by lightning shortly after takeoff, Icelandair flight from Reykjavikaircraft struck by lightning shortly after take",False,True,captured
cnndm_8985,cnndm,0.6B,4,stochastic,123,7.2178,754.4,40.65,160,22.17,211,107,54,0.5071,1.98,False," The article discusses the controversy over the Tory party's plan to extend the right-to-buy policy, the controversy over the Tory party's proposal to extend the right-to-buy policy, which seeks to extend the right-to-buy policy, the controversy over the Tory party's plan to extend the right-to-buy policy, which aims to extend the right-to-buy policy, which is the controversy over the Tory party's plan to extend the right-to-buy policy, which is controversy over the Tory party's plan to extend the right-to-buy policy, which is the controversy over the Tory's plan to extend the controversy over the Tory party's plan to extend the controversy over the Tory party's plan to extend the right-to-buy policy to extend the right-to-buy policy to extend the right-to-buy policy, which is the",False,True,captured
cnndm_8992,cnndm,0.6B,4,stochastic,123,7.8127,939.41,43.23,160,20.48,220,106,55,0.4818,1.93,False," Sarah Stage, a 30-year-old lingerie model from Los Angeles, 30-year-old lingerie model from Los Angeles, gained 28 pounds and animal rights activist and animal rights activist and animal rights activist, 30-year-old lingerie model from Los Angeles, gained 28 pounds during her pregnancy for her sexy lingerie model from Los Angeles, gained 30-year-old lingerie model from Los Angeles, gained 28 pounds during her pregnancy for her sexy pregnancy selfies, a 30-year-old lingerie model from Los Angeles, gained 30-year-old lingerie model from Los Angeles, gained 30-year-old lingerie model from Los Angeles, gained 30-year-old lingerie model from Los Angeles, gained 28 pounds and animal rights activist and animal rights activist,",False,True,captured
cnndm_9018,cnndm,0.6B,4,stochastic,123,6.8694,294.63,41.35,160,23.29,226,104,57,0.4602,1.82,False," The article discusses a new North Korean school textbook that claims Kim Jong-un, school textbook that claims in a school textbook that claims Kim Jong-un school textbook that claims Kim Jong-university textbook that claims Kim Jong-un's school textbook that claims Kim Jong-un, school textbook that claims Kim Jong-un's school textbook that claims Kim Jong-un school textbook that claims Kim Jong-un, school textbook that claims Kim Jong-un school textbook that claims Kim Jong-un, school textbook that claims Kim Jong-un school textbook that claims Kim Jong-un, school textbook that claims in which claims in a school textbook that claims Kim Jong-un school textbook that claims Kim Jong-un, school textbook that claims Kim Jong-un school textbook that claims Kim Jong-un school textbook that claims Kim Jong-un's school textbook that claims Kim Jong-un school textbook that",False,True,captured
cnndm_9269,cnndm,0.6B,4,stochastic,123,8.8612,1048.48,49.14,160,18.06,248,98,62,0.3952,1.58,False, The article discusses the significant resurgence of the resurgence of the resurgence of the resurgence of the British automotive industry's return of the resurgence of the British automotive resurgence of the British automotive industry's resurgence of the British automotive industry's resurgence of the British automotive industry's resurgence of the British automotive industry resurgence of the British automotive industry's resurgence of the British automotive industry's resurgence of the British automotive industry's return of the British automotive industry's resurgence of the British automotive industry resurgence of the British automotive industry revival of the British automotive industry's resurgence of the British automotive industry's resurgence of the British automotive industry's resurgence of the British automotive industry resurgence of British automotive industry's resurgence of the British automotive industry's return of British automotive resurgence of the British automotive industry's resurgence of the British automotive industry's resurgence of the British automotive industry,False,True,captured
cnndm_9285,cnndm,0.6B,4,stochastic,123,8.9815,603.32,52.69,160,17.81,280,90,70,0.3214,1.29,False," 

This article describes a deadly double shooting incident in South Huntsville, Alabama.  double shooting incident in South Huntsville,  double shooting incident in Alabama, where a deadly double shooting in South Huntsville, Alabama, where a tragic incident in South Huntsville, Alabama,  double shooting incident in South Huntsville, Alabama,  double shooting incident in South Huntsville, Alabama,  double shooting incident in South Huntsville, Alabama, home invasion in South Huntsville, Alabama,  double shooting in South Huntsville, Alabama home invasion in South Huntsville, Alabama, where a tragic incident in South Huntsville, Alabama home invasion in South Huntsville, Alabama home invasion in South Huntsville incident in South Huntsville,  double shooting incident in South Huntsville,  double shooting incident in South",False,True,captured
cnndm_9325,cnndm,0.6B,4,stochastic,123,8.4714,570.23,49.69,160,18.89,262,93,67,0.355,1.39,False," Check It, a documentary about a gang of gay and transgender and the only documented gang of a gang of a gang of over 200 members of the only documented gang of gay and fashion label, and a gang of gay and transgender youths in Washington DC's only documented gang of gay and transgender youths in Washington DC's only documented gang of gay and transgender youths gang of a gang of 2000000
Okay, I'movie focusing on a gang of over 200 members of a gang of 1. Check It, a documentary about a gang of  focuses on a gang of gay and transgender youths in Washington DC-based gang of gay and transgender and the only documented gang of the only documented the only documented by Dana Flor and Toby Oppencompasses the",False,True,captured
cnndm_9344,cnndm,0.6B,4,stochastic,123,10.0695,208.25,62.02,160,15.89,342,75,86,0.2193,0.87,False," British Airways has launched a mindfulness programme to promote mindfulness programme to help passengers. mindfulness programme to help passengers during its new mindfulness programme to help passengers feel-good, the Mindfulness Programme to help to help program called ""Mindfulness for Travel""Mindfulness Programme to help passengers relax during its new Mindfulness Programme to promote mindfulness programme to promote mindfulness program called ""Mindfulness for Travel Mindfulness Programme to promote mindfulness program to help passengers stay-at the Mindfulness Programme to promote mindfulness program for its new Mindfulness Programme to promote mindfulness program for its new mindfulness programme to help passengers relax... 

Okay, I Mindfulness Programme to help passengers feel-good mindfulness programme to help passengers relax and mindfulness programme to promote mindfulness program for its new Airbus A380 service between London and San Francisco, mindfulness programme to promote mindfulness program",False,True,captured
cnndm_9434,cnndm,0.6B,4,stochastic,123,7.6221,243.57,46.41,160,20.99,255,95,65,0.3725,1.46,False," The article discusses a planned meeting between representatives from Comcast and potential merger between Comcast and Time Warner Cable merger between Comcast and Time Warner Cable merger between Comcast and Time Warner Cable merger between Comcast and Time Warner Cable companies, Comcast and Time Warner Cable merger between Comcast and Time Warner Cable merger between Comcast and Time Warner Cable companies Comcast and Time Warner Cable companies' meeting between Comcast and Time Warner Cable companies, Comcast and Time Warner Cable merger between Comcast and Time Warner Cable companies meeting between Comcast and Time Warner Cable companies, $45 billion merger between Comcast and Time Warner Cable companies' meeting between representatives from Comcast and Time Warner Cable companies Comcast and Time Warner Cable to discuss concerns raised by their $45 billion merger between Comcast and Time Warner Cable merger, $45 billion merger between Comcast and Time Warner Cable companies Comcast",False,True,captured
cnndm_9524,cnndm,0.6B,4,stochastic,123,7.9343,555.78,46.41,160,20.17,248,98,62,0.3952,1.58,False," Kim Kardashian and Kanye West visited an Armenian church in Jerusalem for the couple visited an Armenian church in Jerusalem for the couple, along with their daughter North West visited an Armenian church in Jerusalem Armenian church in Jerusalem for the couple visited an Armenian church in Jerusalem for the couple visited an Armenian church in Jerusalem on Monday visited an Armenian church in Jerusalem for the  visited an Armenian church in Jerusalem Armenian church in Jerusalem for the couple visited an Armenian church in Jerusalem for the couple visited an Armenian church in Jerusalem for the 2 visited an Armenian church in Jerusalem Armenian church in Jerusalem for the family visited an Armenian church in Jerusalem for the couple visited an Armenian church in Jerusalem for the couple visited an Armenian church in Jerusalem for the baptism of their daughter, North West, along with their daughter North West visited an Armenian church in Jerusalem",False,True,captured
cnndm_9567,cnndm,0.6B,4,stochastic,123,7.6329,489.62,44.93,160,20.96,239,100,61,0.4184,1.64,False," 

In 20 

In 20140, the Australian grandfather Peter Mutty, an Australian grandfather Peter Mutty, an Australian grandfather Peter Mutty, a Sydney grandfather Peter Mutty was sentenced to six months in the Australian grandfather Peter Mutty from Saudi Arabia, an Australian grandfather Peter Mutty was sentenced to six months in prison, an Australian grandfather, an Australian grandfather, Peter Mutty, a Sydney grandfather, an Australian grandfather, Peter Mutty, a Sydney grandfather, Peter Mutty, a Sydney grandfather, Peter Mutty, a 2309, an Australian grandfather, Peter Mutty, a Sydney grandfather, Peter Mutty, a 23, an Australian grandfather, Peter Mutty, a 23, Australian grandfather Peter Mutty was sentenced to",False,True,captured
cnndm_9612,cnndm,0.6B,4,stochastic,123,9.9997,1144.27,55.69,160,16.0,280,90,70,0.3214,1.29,False," New Zealand's west coast . The family left Gloriavale is where Gloriavale is located on Lake Haupiri. The community was the Gloriavale is where Gloriavale is where Gloriavale is where Gloriavale, the commune is where Gloriavale, where Gloriavale is where Gloriavale is home to the Lake Haupiri Gloriavale is located near Lake Haupiri is home to Gloriavale is where Gloriavale is where Gloriavale is a lot of the details the Gloriavale is a region is a few people have a remote town of Lake Haupiri, where Gloriavale is where Gloriavale. The community Gloriavale is located",False,True,captured
cnndm_9712,cnndm,0.6B,4,stochastic,123,8.9418,221.03,54.85,160,17.89,301,84,76,0.2791,1.11,False," 

The article describes a 

The article about a dog named Shiba who works as a popular Tokyo tobacco shop in Tokyo tobacco shop in Tokyo tobacco shop in Tokyo tobacco shop in Tokyo, Shiba In a four-legged shopkeeper named Shiba In a nondescript tobacco shop in Tokyo tobacco shop in Tokyo tobacco shop in Tokyo, run-of a Tokyo tobacco shop in Tokyo, a four-legged shopkeeper named dog named Shiba In a Tokyo tobacco shop in Tokyo that has become a four-legged shopkeeper named shop in Tokyo, which has become a four-legged shopkeeper named Shiba In a Tokyo tobacco shop in Tokyo, run-of-the shopkeeper named Shiba In a Tokyo tobacco shop where a four-legged shopkeeper named shop in Tokyo where a dog named Shiba who is a four-legged shop in",False,True,captured
cnndm_9713,cnndm,0.6B,4,stochastic,123,9.4317,326.09,57.27,160,16.96,313,82,79,0.262,1.04,False," The article discusses the upcoming Netflix series 'Our Planet,' a Planet,' a Planet,' a Planet,' which is a sequel to the popular documentary series 'Planet' Planet,' a Planet,' which is a sequel to the successful sequel to the Planet,' a Planet,' produced by Silverback Films and its successor to be careful, but IPlanet,' a sequel to the popular documentary series 'Planet Earth' Planet,' produced by Silverback Films' is a Planet,' produced by Silverback Films and the Planet,' a sequel to the successful sequel to the popular documentary series 'Planet' is a sequel to the successful sequel to the acclaimed documentary series 'Our Planet,' produced by Silverback Films and its successor to the Planet,' a sequel to the popular documentary series 'Planet' is a sequel to the successful 'Planet",False,True,captured
cnndm_9775,cnndm,0.6B,4,stochastic,123,9.0783,507.37,53.91,160,17.62,289,88,73,0.3045,1.21,False," The article discusses Nigel Farage's visit to an Army veterans' centre in Kent, where he visits to an Army veterans' centre and potential collaboration with David Cameron to prevent a Labour government, his Army veterans' centre in Kent, his potential collaboration with David Cameron as he visits to an Army veterans' centre in a veterans' centre and his efforts to engage with Army veterans' to an Army veterans' centre in Kent, his political strategy and outreach to the UK Independence to an Army veterans' centre near Sandwich in Kent, where he expressed a veterans' centre and potential collaboration with David Cameron to an Army veterans' centre in Kent, his potential collaboration with David Cameron to prevent a Labour government. He is to an Army veterans' centre in Kent, his visit to an Army veterans' centre for an Army veterans",False,True,captured
cnndm_9934,cnndm,0.6B,4,stochastic,123,9.6381,589.07,56.91,160,16.6,303,85,76,0.2805,1.12,False," A 13-year-old boy in Barcelona, identified as a boy in Barcelona teenager in Barcelona teenager in Barcelona, Spain, a boy in Barcelona, identified as a boy in Barcelona attacked a schoolboy in Barcelona, identified by initials M.P.C. The article:old boy in Barcelona, Spain, a boy in Barcelona, identified as a 13-year-old boy, identified as an old boy in Barcelona, Spain, killed a teacher and injured several others in Barcelona high school student in Barcelona, Spain, 13-year-old boy in Barcelona, Spain, attacked a schoolboy in Barcelona attacked a schoolboy in Barcelona, identified as the article discusses the key facts: A 13-year-old boy in Barcelona, identified as a teacher and the boy is the boy, 13-year",False,True,captured
cnndm_9992,cnndm,0.6B,4,stochastic,123,8.1963,478.18,48.54,160,19.52,255,97,64,0.3804,1.52,False," 

Jondrew Lachaux, a 39-year-old man,  Lachaux, a

Jondrew Lachaux, a 39-year-old man,  Lachaux, a  (39-year-old man, a

Jondrew Lachaux, a 39-year-old man,  Lachaux, a 39-year-old man,  The article details and his  A 39-year-old man,  The article details the case of a  Lachaux, a  a 39-year-old man,  (39) and his 17-year-old man,  A 39-year-old man from Las Vegas,  The article details the case of Las Vegas, a 39",False,True,captured
cnndm_10027,cnndm,0.6B,4,stochastic,123,6.7201,519.28,39.0,160,23.81,208,109,52,0.524,2.1,False," Abigail Ahern, Abigail Ahern, a celebrated interior designer and Abigail Ahern, Abigail Ahern, Abigail Ahern, Abigail Ahern, a celebrated interior designer and best-selling author and Abigail Ahern, a celebrated interior designer and Abigail Ahern, Abigail Ahern, Abigail Ahern, a celebrated interior designer and best-selling author and Abigail Ahern are a celebrated interior designer and best-selling author and Abigail Ahern are the main character, a celebrated interior designer and Abigail Ahern, Abigail Ahern, Abigail Ahern, Abigail Ahern, Abigail Ahern, a celebrated interior designer and Abigail Ahern are the key facts, a celebrated interior designer and Abigail Ahern are a celebrated interior designer and",False,True,captured
cnndm_10072,cnndm,0.6B,4,stochastic,123,7.8036,306.71,47.15,160,20.5,258,96,65,0.3721,1.48,False, A Japanese woman gave her cheating boyfriend's cheating boyfriend's cheating boyfriend's Apple collection a thorough revenge on cheating boyfriend's cheating boyfriend's Apple devices a sweet revenge on cheating boyfriend's Apple devices a sweet revenge on cheating boyfriend's Apple devices a sweet revenge on her cheating boyfriend's cheating boyfriend's Apple collection a Japanese cheating boyfriend's Apple collection a sweet revenge on her cheating boyfriend's Apple devices to her cheating boyfriend's Apple devices a good revenge on her cheating boyfriend's Apple devices a sweet revenge on her cheating boyfriend's Apple devices a good revenge on her cheating boyfriend's Apple devices a sweet revenge on her cheating boyfriend by giving his Apple devices a good wash as a sweet revenge on cheating boyfriend's Apple devices a good revenge on her cheating boyfriend's Apple devices a sweet revenge on her cheating boyfriend by giving his Apple devices,False,True,captured
cnndm_10084,cnndm,0.6B,4,stochastic,123,10.8475,1140.5,61.05,160,14.75,306,84,77,0.2745,1.09,False,"I thought I picked a good person, but a good person who was it turned out I picked a good people can’t it turned out I picked a good people are you don’t you know, I picked a safe person. I picked anything but and it turns out I picked a good person, but I picked anything but. I thought I picked a safe person. I thought I picked a good person, but but I picked a good person, but I picked a bad things turned out I picked anything but a good person, it turned out I picked anything but a good person would have a good person that’s not what I picked was that was it a good person, but a good person would have never a good person wouldn’t have done in the man, I picked anything but a safe person.",False,True,captured
cnndm_10112,cnndm,0.6B,4,stochastic,123,9.5524,275.99,58.34,160,16.75,319,81,80,0.2539,1.01,False," Cengiz Guven is a Turkish security guard, a Turkish security guard, from Turkey security guard, a Turkish security guard is a Turkish security guard is a Turkish security guard responsible for protecting high-profiled, a Turkish security guard protecting Australian travelers at Gallip, a Turkish security guard is protecting Australian security guard, a Turkish security professional security guard from Turkey is a Turkish security guard is a Turkish security guard is protecting Australian security guard from Turkey's role as a Turkish security guard protecting Australian security guard is a Turkish security guard responsible for protecting high-profile security guard, protecting Australian security guard in Istanbul, Turkey's role as a security guard from Turkey is a Turkish security guard protecting Australian travelers at 30-year-old Turkish security guard is a Turkish security guard is a Turkish security guard protecting Australian travelers at Gall",False,True,captured
cnndm_10180,cnndm,0.6B,4,stochastic,123,8.0591,411.33,48.1,160,19.85,259,96,65,0.3707,1.48,False," Martin Springall, 38, photographed his daughter, took a photo of his daughter's daughter, 38, photographed his daughter, and his daughter, 38, photographed his daughter in Toronto, 38, photographed his daughter in Toronto, 38, photographed his daughter, and his daughter's daughter, who photographed his daughter in Toronto, photographed his daughter in Toronto, took a photo of his young daughter, 38, photographed his daughter in Toronto, took a photo of his daughter, and his daughter, who photographed his daughter in Japan,  and his daughter, who photographed his daughter in Japan in Toronto, 38, photographed his daughter in Japan, 38, photographed his daughter, and his daughter, photographed his daughter in Japan, 3",False,True,captured
cnndm_10230,cnndm,0.6B,4,stochastic,123,8.2022,465.94,48.66,160,19.51,261,95,66,0.364,1.44,False," 

Lord Janner, 

Lord Janner, a former Labour MP, a former Labour MP and his family member of the former Labour MP and his family, a former Labour MP, a former Labour MP, transferred his £2 million flat in the peer and his family members of the UK's £2 million home to his children, transferred his £2 million flat in the former Labour MP and peer and his family, a former Labour MP, a former Labour MP and his family, a former Labour MP, a former Labour MP, a former Labour MP, a former Labour MP, a former Labour MP, a former Labour MP, a former Labour MP, a former Labour MP, a former Labour MP, a former Labour MP, transferred his children, and his children, and the former Labour MP",False,True,captured
cnndm_10343,cnndm,0.6B,4,stochastic,123,9.2596,859.41,52.83,160,17.28,274,92,69,0.3358,1.33,False," 

- The article details 

- 

- The article describes the incident in Marana police officer Michael Rapiejko
- The article details the incident in Marana police officer Michael Rapiejko's actions during a police officer Michael Rapiejko, 

- 

- The article details the incident in Marana, including 

- The article details the incident in Marana police officer Michael Rapiejko's incident in Marana police officer Michael Rapiejko
- 

- The article details the incident in Marana police officer Michael Rapiejko's incident in Marana, Arizona police officer Michael Rapiejko's incident involving police officer Michael Rapiejko

- The article details the incident where a incident in Marana, 

- The article details the incident where 

- The article details the incident",False,True,captured
cnndm_10390,cnndm,0.6B,4,stochastic,123,9.0796,169.25,56.04,160,17.62,311,83,78,0.2669,1.06,False," A dead sperm whale washed up on California beach, measuring 50 feet,  up on California beach,  up on California beach, its way up on California beach last week on California beach, its body was found on California beach, its way up on California's body was covered in graffiti spelling out the name of the shore in California beach in California beach in California was found on California beach, its way up on California's body was covered in graffiti spelling out the Pacifica State Beach in California was found on a dead on California's body was found on a California beach in California was found on a dead on California beach, its body covered in graffiti spelling out the name of the beach in California was found on a California beach last week on California's body was covered in graffiti spelling out the name",False,True,captured
cnndm_10537,cnndm,0.6B,4,stochastic,123,8.2703,648.64,47.94,160,19.35,253,96,64,0.3794,1.5,False," 

The University of Huddersfield's researchers have developed a technique called high resolution melt curve analysis, led by Dr. Graham Williams and the University of Huddersfield has developed a technique, a team of British researchers have developed a technique called for the University of Huddersfield researchers have developed a technique called the University of Huddersfield has developed a technique called high-resolution melt curve analysis (HRMA (Huddersfield has developed a technique called high-resolution melt curve analysis (HRMA (Huddersfield)uddersfield's researchers have developed a technique called high-resolution melt curve analysis (HRMA) 
The University of Huddersfield has developed a technique called high-resolution melt curve analysis (Huddersfield's researchers have developed a technique, in the UK",False,True,captured
cnndm_10586,cnndm,0.6B,4,stochastic,123,13.983,1141.69,80.76,160,11.44,407,58,102,0.1425,0.57,False," local population, according to the report. according to the report. according to the report. The report said that the report. 

Okay, I ame-waste is the report. 

Okay, so, the report. 

Okay, I have been exposed to toxic: The report. 

Okay, I've been in the report. The report. The United Nations University (the report. 

Okay, I'med

Okay, I have been

Okay, so many of the United Nations University (2014. 

Okay, so the article.
Answer: The report.
Okay, IECOzone





The report. The article.

Okay, I. The report.  The UNU's



The report. According to the report",False,True,captured
cnndm_10602,cnndm,0.6B,4,stochastic,123,7.6801,664.01,44.13,160,20.83,231,102,59,0.4416,1.73,False," 

Kate Temple, a hairdresser, was jailed hairdresser, was jailed for 203333-year-old hairdresser, was jailed hairdresser, was jailed for 2033-year-old hairdresser, was jailed hairdresser, was jailed hairdresser, was jailed hairdresser, was jailed for 2033-year-old hairdresser, was jailed for the article: 

Kate Temple, a hairdresser, was jailed hairdresser, was jailed hairdresser, was jailed hairdresser, was jailed hairdresser, was jailed hairdresser, was jailed hairdresser, was jailed hairdresser, was jailed for 20033-year-old hairdresser, was jailed for the article",False,True,captured
cnndm_10609,cnndm,0.6B,4,stochastic,123,12.667,1137.71,72.51,160,12.63,363,68,92,0.1873,0.74,False, interview. The interview was her first time being interviewed about the subject to be interviewed on camera. She was her first time being interviewed on live on a guest on TV since 200777. The article. The interview about the subject to the subject to such a public with a guest on a guest on a guest on a TV interviewed on camera since her first time being interviewed about the subject.  on a TV interviewed on camera since  grilled on a television. In the article in the media- asked about the subject. The article also questioned about the subject. She was in the media interviewed in the media interviewed on live on TV interviewed about the subject. 'h interviewed on camera since the subject to be interviewed in the media since her first time being interviewed on a television. ,False,True,captured
cnndm_10679,cnndm,0.6B,4,stochastic,123,7.8722,328.8,47.44,160,20.32,257,95,65,0.3696,1.46,False," 
Okay, let's start. The user. The article discusses the article. The article. The user. The user wants a summary. The user. The user wants a summary. The user. They want a summary. The user wants a summary of by reading the article. The main points. The article. The main points. The article. The key points. The article. The main points. The article is the summary. The user wants a summary of by reading the article carefully. The user. The user's summary. The article. The main points. The article is to summarize this summary. The article. The main points. The article. The main points. The article is the summary. The article. The main points are the summary. The main points. The article is the",False,True,captured
cnndm_10682,cnndm,0.6B,4,stochastic,123,9.2633,601.79,54.47,160,17.27,287,87,73,0.3031,1.19,False," 

Frank McKeever 

Frank McKeever, a  is an artist and entrepreneur from Florida created a series of 's art, a  is an artist and entrepreneur from Florida 

Frank McKeever, a Florida 

Frank McKeever, an artist and entrepreneur from Florida-based in Florida artist from Florida artist from Florida created a series of 'tourism posters 

Frank McKeever 

Frank McKeever, an artist and entrepreneur from Florida 

Frank McKeever 

Frank McKeever, a  is an artist and entrepreneur from Florida created a series of 's

Frank McKeever, a Florida 

Frank McKeever 

Frank McKeever, an artist and entrepreneur from Florida artist from Florida created a series of 's artistry and his colleague Miranda created a ",False,True,captured
cnndm_10701,cnndm,0.6B,4,stochastic,123,5.9081,240.39,35.65,160,27.08,196,111,49,0.5663,2.27,False, Emma Louise Connolly is the bombshell girlfriend of Made In Chelsea's Oll the bombshell girlfriend of Made In the bombshell girlfriend of Made In Chelsea's Oll the bombshell girlfriend of Made In Chelsea's Oll is the bombshell girlfriend of Made In Chelsea's Ollie Proudlock's the bombshell girlfriend of Made In Chelsea's Oll the bombshell girlfriend of Made In Chelsea's Ollie Proudlock's girlfriend and the bombshell girlfriend of Made In Chelsea's Oll known as the bombshell girlfriend of Made In Chelsea's the bombshell girlfriend of Made In Chelsea's Ollie Proudlock's bombshell girlfriend of Made In the bombshell girlfriend of Made In Chelsea's Ollie Proudlock's girlfriend and the bombshell girlfriend of Made In Chelsea's Oll,False,True,captured
cnndm_10761,cnndm,0.6B,4,stochastic,123,7.1127,236.45,43.25,160,22.49,238,100,60,0.4202,1.67,False," The Statue of Liberty was evacuated after a bomb threat, the Statue of Liberty was evacuated after a bomb threat against the Statue of Liberty was evacuated Statue of Liberty was evacuated on Friday afternoon evacuation of the Statue of Liberty was evacuated following events of a bomb threat on Friday afternoon evacuation of the Statue of Liberty was evacuated due to a bomb threat, the Statue of Liberty was evacuated after a bomb threat, the Statue of Liberty was evacuated the Statue of Liberty was evacuated after a bomb threat, the Statue of Liberty was evacuated on Friday afternoon evacuation of the Statue of Liberty was evacuated due to a bomb threat, the Statue of Liberty was evacuated Statue of Liberty was evacuated after a bomb threat, the Statue of Liberty was evacuated due to a bomb threat to the Statue of Liberty was evacuated due to a bomb threat, the Statue",False,True,captured
cnndm_10778,cnndm,0.6B,4,stochastic,123,8.1686,265.63,49.7,160,19.59,254,96,65,0.378,1.48,False," The Trussell Trust charges £1,500 from churches and community groups to start a fee to start a £150 from churches and community groups to start a donation to cover costs like £1,500 from churches and community groups to start a fee to new foodbanks a £1,5000 to start a fee to new foodbanks to start a foodbank,500 from churches and community groups that it charges £1,500000000 to start a foodbank,500 from churches and community groups to start a foodbank,500 from churches and community groups to set up costs for starting foodbanks to start a foodbank,500 from churches and its foodbanks with critics argue that",False,True,captured
cnndm_10820,cnndm,0.6B,4,stochastic,123,6.8239,425.72,40.24,160,23.45,217,105,55,0.4839,1.91,False," Sanjay Chaddah, a property developer, falsely accused his neighbor's son-in-law of Raby Mere, Wirral property developer who falsely accused his neighbor's son-in-law of Raby Mere, Wirral property developer who falsely accused his neighbor's son-in-lawyer, a property developer who falsely accused his neighbor's son-in-lawyer, a property developer, a property developer, a property developer in courted a property developer who falsely accused his neighbor's son-in-lawyer, a property developer, a property developer, falsely accused his neighbor's son-in-lawyer, a property developer, a property developer, a property developer who falsely accused his neighbor's property developer falsely accused his neighbor's son-in-law of a racist assault accusation of racially accused his neighbor's son-in-lawyer",False,True,captured
cnndm_10883,cnndm,0.6B,4,stochastic,123,8.1985,578.75,47.92,160,19.52,251,97,64,0.3865,1.52,False," 

Diet Pepsi will 

Diet Pepsi will no longer contain aspartame due to customer concerns over aspartame due to customer fears over its safety, in the sweeten no longer contain aspartame due to customer fears over its safety, in the U.S. due to customer concerns over aspartame due to customer concerns about  no longer contain aspartame will no longer contain aspartly stop using sucralose instead use sucralose instead of the sweeten will no longer contain aspartially stop using aspartame in the U.S. due to customer concerns about aspartame due to customer concerns over the sweetener aspartame due to customer concerns over aspartame due to customer concerns over the sweetener aspartame will no longer contain aspartly stop",False,True,captured
cnndm_11024,cnndm,0.6B,4,stochastic,123,7.3456,461.02,43.3,160,21.78,232,102,58,0.4397,1.76,False," The owners of two dogs that got loose and mauled a jogger to death in Michigan pleaded no contest to a reduced charge to the death in Michigan pleaded no contest to a jogger to loose and mauled a jogger to death in Michigan pleaded no contest to a reduced charge to a jogger to death in Michigan pleaded no contest to a jogger to death in Michigan pleaded no contest to a jogger to death in Michigan pleaded no contest to a reduced charge of a jogger to death in Michigan pleaded no contest to a jogger to death in Michigan, Sebastiano Quagliata and mauled a jogger to a jogger to death in Michigan pleaded no contest to a jogger to death in Michigan pleaded no contest to a jogger to death in Michigan pleaded no contest to a reduced",False,True,captured
cnndm_11060,cnndm,0.6B,4,stochastic,123,7.6592,185.57,47.0,160,20.89,260,96,65,0.3692,1.48,False," 

West Brom is set for a sale, with chairman Jeremy Peace aiming to be sold, with a sale, with a sale, with a sale in the sale, with chairman Jeremy Peace is for sale, with chairman Jeremy Peace is for sale with a sale, with chairman Jeremy Peace is seeking a sale, with chairman Jeremy Peace is seeking between £150 million to be sold, with chairman Jeremy Peace is seeking a sale, with chairman Jeremy Peace is seeking between £150 million. 

West Brom is set for a sale, with chairman Jeremy Peace is set for a potential buyers, with chairman Jeremy Peace is seeking between £150 million to be sold, with chairman Jeremy Peace is seeking between £150 for a sale, with chairman Jeremy Peace, with a sale, with",False,True,captured
cnndm_11249,cnndm,0.6B,4,stochastic,123,9.9039,444.49,59.49,160,16.16,318,81,80,0.2547,1.01,False," 

Black boxes are red 

Black boxes are red to help rescuers spot devices used to help rescuers to help rescuers to help rescuers spotter to help rescuers find in color to help rescuers spotter to help rescuers spotter devices used to recorders to help rescuers find them to help rescuers spotter devices used in color to help rescuers spotter devices used in color to help rescuers 

Black boxes are vital for determining the device that help rescuers spotter devices used in color to help rescuers for visibility aids in color to help rescuers to help rescuers find in the color to help rescuers spot markers for visibility aids, often severely burned and damaged in crashes and crucial devices used to record flight data and are vital to help rescuers spotter devices",False,True,captured
cnndm_11351,cnndm,0.6B,4,stochastic,123,9.3298,528.63,55.35,160,17.15,295,87,74,0.2949,1.18,False," 

Victoria Beckham is ranked 

Victoria Beckham is ranked ninth in a ninth in the ninth in a significant in the list. The article
Victoria Beckham is ranked ninth in a lot lower than her husband David Beckham is number nine in the top nine in the top ten in the list, but her husband David Beckham is ranked ninth in a ninth in a number nine in a nine in the list, but her husband David Beckham is ranked ninth in a lot lower than her husband David Beckham is ranked 

Victoria Beckham is ranked 

Victoria Beckham is ranked 

Victoria Beckham is ranked ninth in a ninth in a ninth in a ninth in a lot lower than her husband David Beckham is ranked ninth in a 9th in a 9th in a number nine in a poll, but her husband David Beckham is ranked ninth",False,True,captured
cnndm_11395,cnndm,0.6B,4,stochastic,123,12.4287,1133.85,71.04,160,12.87,356,71,90,0.1994,0.79,False," was made possible by the was made possible by the careful work of the tunn the construction of the construction of the Crossrail tunnels being of the location of the Crossrail tunnellers as the skulls were buried as the precise mapping of the river's natural movement of the River Walbrook, the crossrail line of the tunnellers' collaboration between the construction of the Crossrail team'subsequent excavation of the construction of the Crossrail line'specialist'special 2013 excavation of the use of geotechniques of the construction of the Crossrail tunneling process of the Crossrail 2013 excavations in-subs of the Crossrail team's careful work of the River Walbrook'specialist of the Crossrail project'superior engineering of the tunn",False,True,captured
