baseline_condition,compare_condition,metric,median_delta_compare_minus_base,p90_delta_compare_minus_base,p10_delta_compare_minus_base,median_abs_delta,p90_abs_delta,n_pairs
gpu_opt_off,gpu_opt_on,draft_elapsed_s,0.007548999999999917,0.07225059999999987,-0.004387800000000097,0.011950000000000016,0.07225059999999987,12
gpu_opt_off,gpu_opt_on,verify_elapsed_s,0.003890500000000019,0.026785200000000002,0.0017646999999999997,0.0055044999999999955,0.026785200000000002,12
gpu_opt_off,gpu_opt_on,latency_s,0.011350000000000193,0.09415000000000026,-0.0008800000000001249,0.017100000000000226,0.09415000000000026,12
gpu_opt_off,gpu_opt_on,ttft_ms,2.2349999999999994,6.4230000000000045,1.4020000000000152,2.2349999999999994,6.4230000000000045,12
