metric,gpu_opt_off_mean,gpu_opt_on_mean,abs_delta_on_minus_off,pct_delta_on_minus_off,improvement_pct_lower_is_better,ratio_on_over_off
draft_elapsed_s,1.9421065833333333,1.9320260000000002,-0.01008058333333306,-0.5190540735427227,0.5190540735427227,0.9948094592645728
verify_elapsed_s,0.41944525000000005,0.4234905,0.004045249999999945,0.9644286113622563,-0.9644286113622563,1.0096442861136226
latency_s,2.3664666666666667,2.361216666666667,-0.005249999999999755,-0.2218497337803091,0.2218497337803091,0.9977815026621969
