baseline_condition,compare_condition,metric,baseline_mean,compare_mean,abs_delta_compare_minus_base,pct_delta_compare_minus_base,improvement_pct_lower_is_better,ratio_compare_over_base,n_pairs
gpu_opt_off,gpu_opt_on,draft_elapsed_s,1.8651710000000001,1.8890375,0.023866499999999985,1.2795877697004716,-1.2795877697004716,1.0127958776970045,12
gpu_opt_off,gpu_opt_on,verify_elapsed_s,0.4029331666666667,0.41352875,0.010595583333333346,2.6296130996083336,-2.6296130996083336,1.0262961309960832,12
gpu_opt_off,gpu_opt_on,latency_s,2.2726,2.3080583333333333,0.03545833333333335,1.5602540408929573,-1.5602540408929573,1.0156025404089295,12
gpu_opt_off,gpu_opt_on,ttft_ms,170.90416666666667,176.6675,5.763333333333331,3.372260282321963,-3.372260282321963,1.0337226028232196,12
