Mode,Target,Draft,Drafting (s),Verify (s),Other (s),Drafting %,Verify %,Other %
Deterministic,FP16,FP16,0.2505572,0.1066521,0.012400700000000014,67.78961608181596,28.85530694515841,3.3550769730256196
Deterministic,FP16,INT8,,,,,,
Deterministic,INT8,FP16,0.25022819999999996,0.8203792999999999,0.011442500000000133,23.125382376045465,75.81713414352386,1.0574834804306599
Deterministic,INT8,INT8,1.7955569,1.0022030999999998,0.05853000000000019,62.863256181970314,35.087582143269756,2.04916167475991
Stochastic,FP16,FP16,,,,,,
Stochastic,FP16,INT8,,,,,,
Stochastic,INT8,INT8,,,,,,
